source,dest,route_type,hour,median_delay_ratio,trip_count,pct_delayed,median_actual_time,median_osrm_time,median_distance,excess_ratio,weighted_breach
IND000000ACB,IND562132AAA,FTL,23,1.4999999250000036,156,0.8397435897435898,29.0,19.0,27.1197,0.49999992500000356,77.99998830000055
IND562132AAA,IND000000ACB,FTL,23,1.5217390642722146,105,0.8095238095238095,34.0,21.0,27.1073,0.5217390642722146,54.782601748582536
IND000000ACB,IND712311AAA,FTL,23,1.7058822525951616,75,0.9866666666666667,30.0,16.0,23.816,0.7058822525951616,52.94116894463712
IND000000ACB,IND421302AAG,FTL,23,1.5833332673611138,67,0.8208955223880597,36.0,22.0,29.938,0.5833332673611138,39.08332891319463
IND421302AAG,IND000000ACB,FTL,23,1.6969696455463745,53,0.9433962264150944,32.0,19.0,25.0528,0.6969696455463745,36.93939121395785
IND641062AAD,IND643231AAA,Carting,23,1.9444442145062002,38,1.0,16.0,9.0,10.0448,0.9444442145062002,35.88888015123561
IND635802AAB,IND635601AAB,Carting,4,2.761904335600973,18,1.0,17.0,6.0,9.786100000000001,1.7619043356009731,31.71427804081752
IND431136AAC,IND411033AAA,FTL,23,2.6969695609121587,18,0.9444444444444444,48.0,18.5,26.8044,1.6969695609121587,30.545452096418856
IND742149AAA,IND742148AAA,Carting,23,3.142856693877615,14,1.0,21.0,7.0,10.5399,2.142856693877615,29.99999371428661
IND530012AAA,IND532001AAB,Carting,23,1.799999640000072,35,1.0,13.0,8.0,10.8329,0.799999640000072,27.999987400002517
IND712310AAE,IND711303AAA,Carting,23,1.7777775802469358,35,0.9142857142857143,15.0,9.0,12.0049,0.7777775802469358,27.222215308642753
IND834002AAB,IND827013AAA,Carting,23,2.599999826666678,17,0.8823529411764706,35.0,15.0,17.0705,1.5999998266666782,27.19999705333353
IND577002AAA,IND581115AAC,Carting,23,1.9374997399553924,28,1.0,14.0,7.0,10.225100000000001,0.9374997399553924,26.24999271875099
IND131028AAB,IND136118AAA,FTL,23,1.8708332125173688,30,1.0,29.0,16.0,22.71945,0.8708332125173688,26.124996375521064
IND160002AAC,IND000000ACB,FTL,23,1.7333332177777856,35,0.9428571428571428,36.0,18.0,25.1284,0.7333332177777856,25.666662622222496
IND000000ACB,IND821115AAB,FTL,23,2.0526314679901567,24,1.0,35.0,17.0,24.00705,1.0526314679901567,25.26315523176376
IND110037AAM,IND110024AAA,Carting,5,2.5523807760997856,16,1.0,32.0,13.0,12.95685,1.5523807760997856,24.83809241759657
IND562132AAA,IND751002AAB,FTL,23,1.7999999100000044,31,0.9354838709677419,32.0,18.0,24.8837,0.7999999100000044,24.799997210000136
IND630561AAA,IND623407AAA,Carting,1,1.71428546938779,32,1.0,12.0,6.0,9.831150000000001,0.71428546938779,22.85713502040928
IND842001AAA,IND848114AAA,FTL,23,2.7499998281250106,13,1.0,44.0,16.0,23.1708,1.7499998281250106,22.74999776562514
IND000000ACB,IND501359AAE,FTL,23,1.6586537302838469,34,0.9411764705882353,32.5,20.0,28.0955,0.6586537302838469,22.394226829650794
IND431136AAC,IND431203AAA,Carting,23,1.6904759985827897,32,1.0,11.0,6.0,9.3355,0.6904759985827897,22.09523195464927
IND402107AAA,IND402109AAA,Carting,5,1.9999997777778027,21,1.0,19.0,9.0,11.8922,0.9999997777778027,20.999995333333857
IND781018AAB,IND110037AAM,FTL,23,1.6666665740740791,31,1.0,29.0,18.0,25.8042,0.6666665740740791,20.666663796296454
IND421302AAG,IND501359AAE,FTL,23,1.6842104376731348,30,0.9666666666666667,28.5,16.0,23.82425,0.6842104376731348,20.526313130194044
IND421302AAG,IND562132AAA,FTL,23,1.5999998933333406,33,0.8484848484848485,28.0,17.0,24.5454,0.5999998933333406,19.79999648000024
IND421302AAG,IND131028AAB,FTL,23,1.833333231481487,23,1.0,33.0,18.0,25.5408,0.833333231481487,19.1666643240742
IND121004AAB,IND000000ACB,Carting,23,1.99999980000002,19,1.0,24.0,11.0,12.3656,0.9999998000000201,18.999996200000382
IND431136AAC,IND431122AAA,FTL,23,2.4374998476562593,13,1.0,39.0,16.0,23.6087,1.4374998476562593,18.687498019531372
IND574104AAA,IND574216AAA,Carting,3,1.8749997656250295,21,1.0,20.0,10.0,12.1249,0.8749997656250295,18.374995078125618
IND421302AAG,IND421401AAC,Carting,2,2.1339282855548856,16,1.0,15.0,7.0,10.40155,1.1339282855548856,18.14285256887817
IND562132AAA,IND560300AAA,Carting,23,1.5454544049586905,33,0.7575757575757576,18.0,11.0,11.3688,0.5454544049586905,17.999995363636785
IND712311AAA,IND000000ACB,FTL,23,1.8518517832647488,21,0.8571428571428571,32.0,16.0,23.5126,0.8518517832647488,17.888887448559725
IND600056AAB,IND524003AAA,FTL,23,1.71428546938779,25,1.0,28.0,16.0,23.8889,0.71428546938779,17.857136734694752
IND421302AAG,IND110037AAM,FTL,23,1.6999999150000042,25,1.0,35.0,20.0,29.1181,0.6999999150000042,17.499997875000105
IND585104AAA,IND585330AAE,FTL,1,1.78759387409549,22,1.0,33.0,19.0,27.0073,0.78759387409549,17.32706523010078
IND842001AAA,IND843105AAB,FTL,23,3.093749806640637,8,1.0,49.5,16.0,23.18675,2.093749806640637,16.749998453125094
IND201007AAA,IND245304AAA,Carting,1,2.1111108765432363,15,0.9333333333333333,19.0,10.0,9.2362,1.1111108765432363,16.666663148148544
IND209304AAA,IND209801AAA,Carting,3,2.183332932777852,14,1.0,15.0,7.0,10.45805,1.183332932777852,16.566661058889927
IND382430AAB,IND000000ACB,FTL,23,2.031045635337911,16,1.0,35.0,17.5,24.4077,1.031045635337911,16.496730165406575
IND842001AAA,IND843109AAB,Carting,23,4.285713673469475,5,1.0,30.0,7.0,10.3782,3.285713673469475,16.428568367347374
IND273014AAB,IND277303AAC,FTL,23,2.235293986159177,13,1.0,38.0,17.0,24.1204,1.235293986159177,16.0588218200693
IND382430AAB,IND389001AAA,FTL,2,1.6157893907479266,26,0.9615384615384616,32.0,19.5,25.25385,0.6157893907479266,16.010524159446092
IND396191AAC,IND396232AAA,Carting,2,2.749999656250043,9,1.0,22.0,8.0,11.4611,1.749999656250043,15.749996906250388
IND742101AAC,IND731237AAB,Carting,22,2.1249996927083785,14,1.0,15.0,7.0,10.75065,1.1249996927083785,15.7499956979173
IND160002AAC,IND131028AAB,FTL,23,1.6249998984375063,25,0.88,30.0,18.0,24.4044,0.6249998984375063,15.624997460937657
IND382430AAB,IND313001AAB,FTL,23,1.7777776790123512,20,1.0,31.0,17.0,24.3471,0.7777776790123512,15.555553580247024
IND000000ACB,IND160002AAC,FTL,23,1.9705881115340331,16,1.0,32.0,17.0,24.42245,0.9705881115340331,15.52940978454453
IND444602AAA,IND444005AAB,FTL,6,2.190476086167805,13,1.0,44.0,19.0,25.4552,1.1904760861678052,15.476189120181468
IND834002AAB,IND000000ACB,FTL,23,2.0812498830468815,14,0.9285714285714286,33.5,17.0,24.3466,1.0812498830468815,15.137498362656341
IND485001AAC,IND471001AAA,FTL,23,2.0729165154079974,14,1.0,30.5,15.0,21.899900000000002,1.0729165154079974,15.020831215711963
IND306401AAB,IND305001AAC,Carting,17,1.9999998750000076,15,1.0,32.0,16.0,17.3408,0.9999998750000076,14.999998125000115
IND302014AAB,IND302006AAC,Carting,7,2.2202379242488797,12,1.0,25.5,12.5,13.5498,1.2202379242488797,14.642855090986556
IND160002AAC,IND160102AAC,Carting,20,1.6363634876033195,23,0.8695652173913043,14.0,11.0,10.4586,0.6363634876033195,14.63636021487635
IND000000ACB,IND411033AAA,FTL,23,1.5263157091412785,27,0.8888888888888888,28.0,20.0,24.2924,0.5263157091412785,14.210524146814517
IND580028AAA,IND590016AAA,FTL,23,2.4117645640138488,10,1.0,41.0,16.5,24.0579,1.4117645640138488,14.117645640138488
IND121002AAB,IND000000ACB,Carting,23,1.8697477774698195,16,0.875,29.0,15.5,14.21285,0.8697477774698195,13.915964439517111
IND382430AAB,IND380005AAA,Carting,23,1.8181816528925772,17,1.0,16.0,9.0,11.8138,0.8181816528925772,13.909088099173811
IND160002AAC,IND173212AAA,FTL,23,2.7179486482577273,8,1.0,99.5,38.0,46.74915,1.7179486482577273,13.743589186061818
IND000000ACB,IND600056AAB,FTL,23,1.5227272001033092,26,0.8461538461538461,32.5,18.0,25.72655,0.5227272001033092,13.59090720268604
IND473226AAA,IND474003AAA,FTL,15,3.641025547666012,5,0.6,139.0,30.0,24.8769,2.641025547666012,13.20512773833006
IND600056AAB,IND560099AAB,FTL,23,1.5941175603460254,22,0.8636363636363636,32.5,21.0,24.0584,0.5941175603460254,13.070586327612558
IND273014AAB,IND274001AAA,FTL,23,2.444444308641983,9,1.0,45.0,19.0,23.3219,1.444444308641983,12.999998777777847
IND560300AAB,IND563130AAA,Carting,23,1.999999714285755,13,1.0,19.0,10.0,13.9164,0.9999997142857551,12.999996285714817
IND421302AAG,IND400015AAA,Carting,21,1.8090906464463246,16,1.0,13.0,8.0,10.990649999999999,0.8090906464463246,12.945450343141193
IND625008AAA,IND626123AAA,FTL,23,1.6799999328000026,19,1.0,39.0,25.0,26.703,0.6799999328000026,12.919998723200049
IND000000ACB,IND751002AAB,FTL,23,1.5857142082993234,22,0.9090909090909091,32.5,22.5,29.45045,0.5857142082993234,12.885712582585114
IND712311AAA,IND700088AAA,Carting,23,3.122806834472156,6,1.0,42.0,16.5,15.4356,2.122806834472156,12.736841006832936
IND842001AAA,IND847212AAA,FTL,23,1.909722109616133,14,1.0,40.0,18.0,26.11755,0.909722109616133,12.73610953462586
IND382430AAB,IND380015AAB,Carting,23,2.399999760000024,9,1.0,24.0,9.0,11.6499,1.399999760000024,12.599997840000217
IND421302AAG,IND410401AAA,FTL,23,2.391304243856337,9,1.0,55.0,23.0,30.1187,1.3913042438563372,12.521738194707035
IND395023AAA,IND562132AAA,FTL,23,1.4999999250000036,25,0.76,30.0,20.0,27.6856,0.49999992500000356,12.49999812500009
IND712311AAA,IND700065AAA,Carting,23,2.5312498417968845,8,1.0,40.5,16.0,13.3641,1.5312498417968845,12.249998734375076
IND700053AAA,IND743513AAA,Carting,23,3.035713810374224,6,1.0,19.5,7.0,10.3896,2.035713810374224,12.214282862245344
IND395023AAD,IND395004AAB,Carting,1,2.3333331388889054,9,1.0,27.0,11.0,12.7708,1.3333331388889054,11.999998250000148
IND110037AAM,IND121004AAB,Carting,22,1.5909089462810049,20,0.95,17.5,11.0,13.499600000000001,0.5909089462810049,11.818178925620098
IND395023AAA,IND110037AAM,FTL,23,1.4127788387670832,28,0.8928571428571429,27.5,18.0,25.34935,0.4127788387670832,11.55780748547833
IND401501AAA,IND401602AAA,Carting,5,1.749999854166679,15,1.0,20.0,12.0,12.9742,0.749999854166679,11.249997812500185
IND421302AAG,IND411033AAA,FTL,23,1.700320412141484,16,0.875,41.5,24.0,26.65175,0.7003204121414841,11.205126594263746
IND421302AAN,IND400072AAB,Carting,8,2.399999760000024,8,1.0,23.5,10.0,11.67685,1.399999760000024,11.199998080000192
IND000000ACB,IND110024AAA,Carting,18,2.116666507500012,10,1.0,28.5,14.5,15.5461,1.1166665075000122,11.166665075000122
IND144001AAC,IND160002AAC,Carting,23,2.099999613333405,10,1.0,12.0,6.0,9.1064,1.099999613333405,10.999996133334049
IND562132AAA,IND302014AAA,FTL,23,1.6866028003136406,16,0.875,37.0,21.0,29.38045,0.6866028003136406,10.98564480501825
IND842001AAA,IND846004AAA,FTL,23,1.9023808595294829,12,1.0,39.0,20.0,27.17605,0.9023808595294829,10.828570314353794
IND614620AAA,IND630561AAA,Carting,5,1.71428546938779,15,0.9333333333333333,11.0,6.0,9.5923,0.71428546938779,10.714282040816851
IND501359AAE,IND501141AAA,Carting,23,1.428571224489825,25,0.68,16.0,11.0,10.588,0.428571224489825,10.714280612245625
IND523226AAA,IND523316AAB,FTL,23,2.5238094036281233,7,1.0,53.0,20.0,24.2312,1.5238094036281233,10.666665825396864
IND452001AAC,IND425201AAA,Carting,4,3.642856649234761,4,1.0,26.0,7.5,11.302900000000001,2.642856649234761,10.571426596939045
IND788026AAC,IND781018AAB,FTL,23,2.7540791573440195,6,1.0,61.5,22.5,32.525800000000004,1.7540791573440195,10.524474944064117
IND211002AAB,IND211011AAA,Carting,4,4.428570795918458,3,1.0,31.0,7.0,10.3266,3.428570795918458,10.285712387755375
IND000000ACB,IND302022AAD,FTL,23,1.3920453938748305,26,0.6923076923076923,32.0,22.0,28.7893,0.3920453938748305,10.193180240745594
IND302014AAB,IND302006AAA,Carting,7,1.916666506944458,11,1.0,23.0,12.0,11.8388,0.916666506944458,10.083331576389037
IND110037AAM,IND421302AAG,FTL,23,1.5882352006920468,17,0.7647058823529411,42.0,27.0,34.9703,0.5882352006920468,9.999998411764796
IND712311AAA,IND781018AAB,FTL,23,3.4818180142355453,4,1.0,72.5,21.0,28.6617,2.4818180142355453,9.927272056942181
IND421302AAR,IND421004AAA,Carting,6,3.472221889660527,4,1.0,33.5,9.0,12.0746,2.472221889660527,9.888887558642107
IND271001AAA,IND271201AAA,Carting,3,2.6428568129252117,6,1.0,21.5,8.0,10.9146,1.6428568129252117,9.85714087755127
IND600032AAB,IND600056AAB,Carting,23,1.6874997890625265,14,1.0,13.5,9.0,10.33935,0.6874997890625265,9.624997046875372
IND562132AAA,IND712311AAA,FTL,23,1.9614814059303183,10,1.0,41.5,19.5,27.43635,0.9614814059303183,9.614814059303182
IND302014AAB,IND302004AAA,Carting,7,1.958333176549158,10,1.0,24.0,11.5,12.7955,0.9583331765491581,9.58333176549158
IND000000ACK,IND501359AAF,Carting,17,1.7979796165697564,12,0.9166666666666666,19.0,10.5,11.754249999999999,0.7979796165697564,9.575755398837076
IND000000ACA,IND160002AAC,FTL,23,1.8666665422222306,11,1.0,29.0,16.0,23.0214,0.8666665422222306,9.533331964444537
IND842001AAA,IND845412AAB,FTL,23,2.058823408304505,9,1.0,35.0,17.0,24.5121,1.0588234083045052,9.529410674740546
IND000000ACB,IND842001AAA,FTL,23,1.4999999375000026,19,1.0,29.0,16.0,23.9675,0.4999999375000026,9.49999881250005
IND854326AAB,IND000000ACB,FTL,23,1.411764622837375,23,0.8260869565217391,28.0,18.0,26.396,0.411764622837375,9.470586325259626
IND712311AAA,IND721306AAA,FTL,23,1.7241378715814526,13,0.9230769230769231,31.0,17.0,23.7524,0.7241378715814526,9.413792330558884
IND560300AAB,IND563101AAB,Carting,23,2.166666546296303,8,1.0,39.5,18.0,25.983,1.166666546296303,9.333332370370425
IND000000ACB,IND000000AEL,Carting,23,1.3867520449174582,24,0.7083333333333334,18.5,13.0,12.57535,0.3867520449174582,9.282049078018996
IND712311AAA,IND700053AAA,Carting,19,2.3157893518005603,7,1.0,44.0,19.0,15.3737,1.3157893518005603,9.210525462603922
IND825409AAA,IND000000ACB,FTL,23,1.5687133653731107,16,0.9375,29.0,19.0,25.48075,0.5687133653731107,9.09941384596977
IND751002AAB,IND562132AAA,FTL,23,1.4543477586153148,20,0.6,27.5,22.5,30.3181,0.45434775861531485,9.086955172306297
IND842001AAA,IND843301AAA,FTL,22,3.267857026147963,4,1.0,91.5,28.0,34.143699999999995,2.267857026147963,9.071428104591853
IND395023AAA,IND390022AAA,FTL,21,1.4999999210526358,18,0.9444444444444444,31.0,19.0,27.47185,0.4999999210526358,8.999998578947444
IND421302AAR,IND421301AAA,Carting,6,3.999999500000063,3,1.0,32.0,8.0,11.5772,2.999999500000063,8.999998500000189
IND400072AAB,IND401104AAA,Carting,21,2.28571395918372,7,1.0,16.0,7.0,10.7248,1.28571395918372,8.999997714286039
IND421302AAG,IND444005AAB,FTL,23,1.6818181053719041,13,0.9230769230769231,37.0,22.0,31.5578,0.6818181053719041,8.863635369834753
IND518002AAA,IND518501AAA,FTL,23,1.5909090185950445,15,0.9333333333333333,32.0,21.0,28.8235,0.5909090185950445,8.863635278925667
IND000000ACB,IND110043AAC,Carting,23,1.384615278106517,23,1.0,19.0,14.0,14.6382,0.3846152781065171,8.846151396449892
IND000000ACB,IND382430AAB,FTL,23,1.3529410968858178,25,0.76,24.0,18.0,25.5864,0.35294109688581776,8.823527422145444
IND854326AAB,IND852131AAA,FTL,23,2.0971427667265345,8,1.0,45.0,21.0,30.12795,1.0971427667265345,8.777142133812276
IND641607AAA,IND641062AAD,FTL,14,1.727272648760334,12,1.0,38.0,22.0,27.02855,0.727272648760334,8.727271785124008
IND421302AAG,IND712311AAA,FTL,23,1.5394735957842847,16,0.75,29.5,19.5,25.0238,0.5394735957842847,8.631577532548555
IND250611AAA,IND247776AAA,FTL,2,2.0726189464824314,8,1.0,43.5,21.0,26.467750000000002,1.0726189464824314,8.580951571859451
IND160002AAC,IND144001AAB,FTL,20,1.8528707225653074,10,0.9,34.5,18.5,25.880650000000003,0.8528707225653074,8.528707225653074
IND580028AAA,IND581402AAA,FTL,23,1.5308332708152803,16,0.8125,38.0,25.0,27.3221,0.5308332708152803,8.493332333044485
IND442101AAB,IND445001AAB,FTL,6,2.2105261994459893,7,1.0,42.0,19.0,24.8776,1.2105261994459893,8.473683396121924
IND313001AAB,IND312001AAA,FTL,23,1.649999917500004,13,1.0,34.0,21.0,25.4853,0.649999917500004,8.44999892750005
IND382430AAB,IND364004AAB,FTL,20,1.9374998789062574,9,1.0,31.0,16.0,23.8113,0.9374998789062574,8.437498910156316
IND518102AAA,IND518002AAA,FTL,8,1.7647057785467188,11,0.9090909090909091,33.0,17.0,24.3668,0.7647057785467188,8.411763564013906
IND517501AAB,IND517644AAA,FTL,5,2.1999998900000053,7,1.0,44.0,20.0,25.712,1.1999998900000053,8.399999230000038
IND501359AAE,IND751002AAB,FTL,23,1.4666665688888956,18,1.0,24.0,16.0,23.9448,0.46666656888889557,8.39999824000012
IND302014AAB,IND302020AAA,Carting,7,2.045454373490161,8,1.0,22.5,10.5,13.0632,1.045454373490161,8.363634987921287
IND444005AAB,IND443301AAA,FTL,23,2.6666665858585885,5,1.0,88.0,32.0,45.7074,1.6666665858585885,8.333332929292943
IND362001AAA,IND360575AAA,Carting,3,1.3333331111111482,25,0.72,9.0,7.0,10.0647,0.33333311111114816,8.333327777778704
IND000000ACB,IND834002AAB,FTL,23,1.5937499003906312,14,0.8571428571428571,31.5,18.5,27.01035,0.5937499003906312,8.312498605468837
IND560300AAA,IND560085AAA,Carting,1,1.3194443175154447,26,0.5384615384615384,12.0,12.0,11.35935,0.31944431751544466,8.305552255401562
IND110037AAM,IND110020AAB,Carting,9,2.636363396694237,5,1.0,32.0,11.0,13.3821,1.6363633966942368,8.181816983471183
IND842001AAA,IND845438AAA,FTL,23,2.3529410380622915,6,1.0,41.0,17.0,24.7366,1.3529410380622915,8.117646228373749
IND302014AAA,IND305001AAC,FTL,16,2.1428570408163314,7,0.8571428571428571,45.0,21.0,24.8278,1.1428570408163314,7.9999992857143205
IND110037AAM,IND110085AAB,Carting,5,1.7272725702479483,11,1.0,21.0,12.0,12.2572,0.7272725702479483,7.9999982727274315
IND282001AAF,IND283122AAB,Carting,5,1.9999996666667221,8,0.625,12.0,8.5,11.0769,0.9999996666667221,7.999997333333777
IND413002AAA,IND413304AAA,Carting,2,1.9999996333334011,8,1.0,11.5,6.5,9.8858,0.9999996333334011,7.999997066667209
IND110037AAM,IND201301AAF,Carting,5,1.8666665422222306,9,1.0,26.0,14.0,12.4314,0.8666665422222306,7.799998880000075
IND821115AAB,IND000000ACB,FTL,23,1.7780747744788288,10,0.9,35.5,16.5,24.0133,0.7780747744788288,7.780747744788288
IND600056AAA,IND602105AAB,Carting,2,3.571428061224563,3,1.0,25.0,7.0,10.1567,2.571428061224563,7.714284183673689
IND742102AAB,IND713130AAA,Carting,23,1.8571425918367725,9,0.8888888888888888,18.0,8.0,12.3069,0.8571425918367725,7.714283326530953
IND472001AAA,IND485001AAC,FTL,11,2.9277775995679125,4,1.0,48.5,16.5,22.8863,1.9277775995679125,7.71111039827165
IND370110AAA,IND370001AAA,FTL,5,2.099999895000005,7,1.0,37.0,19.0,25.2222,1.0999998950000052,7.699999265000036
IND382430AAB,IND380054AAA,Carting,23,1.6378203817595436,12,1.0,20.0,13.0,12.887599999999999,0.6378203817595436,7.653844581114523
IND000000ACB,IND110037AAK,Carting,23,1.4444442839506353,17,0.7058823529411765,13.0,11.0,11.7057,0.4444442839506353,7.5555528271608
IND421302AAG,IND422011AAD,FTL,22,1.6290848741242736,12,0.9166666666666666,28.0,17.5,24.009700000000002,0.6290848741242736,7.549018489491283
IND332001AAB,IND334001AAB,FTL,23,1.4999999062500058,15,1.0,24.0,16.0,23.3905,0.4999999062500058,7.499998593750087
IND458990AAA,IND312605AAB,FTL,6,2.870454411229345,4,1.0,62.5,21.5,23.4684,1.8704544112293449,7.481817644917379
IND382430AAB,IND370201AAA,FTL,23,1.407936468282944,18,0.7777777777777778,39.5,23.5,26.85155,0.40793646828294405,7.342856429092993
IND785682AAA,IND785690AAB,Carting,3,3.42857093877558,3,1.0,21.0,6.0,9.7581,2.42857093877558,7.28571281632674
IND560067AAC,IND562114AAA,Carting,7,2.454545231404979,5,1.0,26.0,11.0,13.1409,1.4545452314049792,7.272726157024896
IND523002AAA,IND523230AAA,FTL,23,1.5499999225000038,13,1.0,30.0,20.0,26.402,0.5499999225000038,7.14999899250005
IND411033AAA,IND421302AAG,FTL,23,1.310344782401904,23,0.8695652173913043,38.0,29.0,31.7124,0.3103447824019041,7.137929995243795
IND301019AAA,IND301705AAA,FTL,23,2.411764564013849,5,1.0,41.0,17.0,23.9697,1.4117645640138492,7.0588228200692456
IND110037AAM,IND000000ACB,FTL,7,1.6399999344000025,11,0.9090909090909091,43.0,26.0,28.0399,0.6399999344000025,7.039999278400027
IND591102AAA,IND591307AAC,FTL,3,1.9999999259259287,7,1.0,53.0,26.0,28.7389,0.9999999259259287,6.999999481481501
IND700136AAG,IND712310AAA,Carting,18,3.3333329629630044,3,1.0,30.0,9.0,12.8036,2.3333329629630044,6.999998888889014
IND431203AAA,IND431112AAB,Carting,1,1.9999997500000315,7,1.0,16.0,8.0,11.377,0.9999997500000315,6.99999825000022
IND854105AAB,IND853204AAA,FTL,2,2.743463895355428,4,1.0,48.0,17.0,24.8221,1.7434638953554278,6.973855581421711
IND382430AAB,IND382345AAA,Carting,23,1.8674240799185176,8,1.0,22.0,12.0,13.24305,0.8674240799185176,6.93939263934814
IND854326AAB,IND852201AAA,FTL,23,2.7244580554783506,4,1.0,50.0,17.5,24.6729,1.7244580554783506,6.8978322219134025
IND756100AAC,IND758034AAA,FTL,23,1.861110985339518,8,0.875,51.5,25.5,35.4037,0.861110985339518,6.888887882716144
IND501359AAE,IND462022AAA,FTL,23,1.57072359383116,12,0.8333333333333334,27.5,19.0,27.72345,0.5707235938311599,6.848683125973919
IND600056AAB,IND562132AAA,FTL,23,1.485294027519469,14,0.9285714285714286,25.0,16.5,23.7536,0.48529402751946904,6.794116385272567
IND110037AAM,IND201301AAD,Carting,8,2.3571426887755225,5,1.0,33.0,12.0,12.2292,1.3571426887755225,6.785713443877612
IND530012AAA,IND531162AAA,Carting,1,2.124999768465935,6,1.0,21.5,10.5,13.84955,1.1249997684659352,6.749998610795611
IND110044AAB,IND131028AAB,Carting,23,1.4810604767849056,14,0.8571428571428571,15.0,11.0,11.07615,0.4810604767849056,6.734846674988678
IND530012AAA,IND530043AAA,Carting,3,4.357142234693966,2,1.0,30.5,7.0,11.23175,3.357142234693966,6.714284469387932
IND263153AAB,IND244715AAA,FTL,23,1.9512194646044034,7,1.0,80.0,41.0,43.5577,0.9512194646044034,6.6585362522308245
IND000000ACB,IND124103AAA,FTL,20,1.599999920000004,11,0.9090909090909091,34.0,21.0,24.5433,0.5999999200000039,6.599999120000043
IND530012AAA,IND501359AAE,FTL,23,1.599999920000004,11,0.9090909090909091,34.0,18.0,26.4093,0.5999999200000039,6.599999120000043
IND131028AAB,IND110037AAM,Carting,7,2.312499855468759,5,1.0,37.0,16.0,16.9723,1.3124998554687588,6.562499277343794
IND131028AAB,IND124507AAA,FTL,0,1.6551723567181946,10,1.0,48.0,29.0,26.7747,0.6551723567181946,6.551723567181947
IND492001AAB,IND492007AAA,Carting,2,3.18181789256201,3,1.0,33.0,10.0,11.1541,2.18181789256201,6.54545367768603
IND600056AAB,IND605010AAB,FTL,23,1.2608695103969778,25,0.68,33.0,25.0,26.7965,0.2608695103969778,6.521737759924445
IND606801AAB,IND632006AAA,FTL,5,3.1666665347222276,3,1.0,76.0,24.0,26.0258,2.1666665347222276,6.499999604166683
IND000000AEL,IND000000ACB,Carting,23,1.4999998125000236,13,0.6923076923076923,13.0,9.0,10.7162,0.49999981250002357,6.499997562500306
IND131021AAA,IND131028AAA,Carting,23,1.648809335388345,10,0.9,14.5,10.0,11.30175,0.6488093353883451,6.488093353883451
IND712311AAA,IND700026AAC,Carting,23,2.618589532277302,4,1.0,34.0,14.0,16.7363,1.6185895322773018,6.474358129109207
IND721212AAA,IND712310AAE,Carting,6,1.71428546938779,9,1.0,13.0,7.0,10.1762,0.71428546938779,6.4285692244901105
IND683511AAA,IND686028AAB,FTL,17,2.063003966764867,6,1.0,65.0,31.5,33.14615,1.063003966764867,6.378023800589202
IND781018AAB,IND793001AAA,FTL,17,2.269230681952666,5,1.0,59.0,26.0,36.7602,1.2692306819526662,6.346153409763331
IND000000ACB,IND201301AAM,Carting,23,1.368420980609422,17,0.7058823529411765,14.0,10.0,9.6497,0.3684209806094221,6.263156670360175
IND364004AAB,IND365560AAA,FTL,23,2.5652172616572217,4,1.0,50.5,17.0,24.11575,1.5652172616572217,6.260869046628887
IND000000ACB,IND521225AAB,FTL,23,1.390624935058597,16,0.8125,30.0,19.5,26.66275,0.3906249350585971,6.249998960937553
IND121004AAB,IND121004AAA,Carting,8,2.2499997187500353,5,1.0,18.0,8.0,10.9497,1.2499997187500353,6.249998593750177
IND712311AAA,IND700028AAB,Carting,20,3.071428352040832,3,1.0,42.0,13.0,11.8485,2.071428352040832,6.214285056122496
IND132103AAB,IND131028AAB,FTL,15,1.7678570353316394,8,1.0,29.0,16.5,23.110599999999998,0.7678570353316394,6.142856282653115
IND501359AAE,IND413002AAA,FTL,23,1.5517240844233073,11,0.8181818181818182,45.0,27.0,32.3207,0.5517240844233073,6.0689649286563805
IND600056AAB,IND600008AAC,Carting,22,1.7499997812500274,8,1.0,14.0,8.0,10.7603,0.7499997812500274,5.999998250000219
IND785001AAA,IND798601AAA,Carting,23,3.9705868987895574,2,1.0,30.0,9.5,14.17025,2.9705868987895574,5.941173797579115
IND160002AAC,IND174001AAA,FTL,23,1.5933332682111137,10,1.0,39.0,24.0,30.6441,0.5933332682111137,5.9333326821111365
IND501359AAE,IND411033AAA,FTL,23,1.7416665542013963,8,1.0,27.0,15.5,22.68755,0.7416665542013963,5.93333243361117
IND600044AAD,IND603203AAA,Carting,7,3.9047612913833167,2,1.0,25.0,6.5,9.91705,2.9047612913833167,5.8095225827666335
IND509358AAA,IND508248AAB,FTL,23,2.92857121938777,3,1.0,41.0,17.0,24.49,1.92857121938777,5.78571365816331
IND421302AAG,IND395023AAA,FTL,23,1.8260868771266574,7,1.0,42.0,22.0,29.5429,0.8260868771266574,5.782608139886602
IND560300AAA,IND560099AAB,Carting,23,1.4444442839506353,13,0.7692307692307693,17.0,12.0,11.7415,0.4444442839506353,5.777775691358259
IND686513AAA,IND686540AAA,Carting,3,2.1538459881656933,5,1.0,28.0,13.0,13.8927,1.1538459881656933,5.769229940828467
IND485001AAC,IND488001AAA,FTL,23,2.4374998434895936,4,1.0,38.0,15.5,23.27325,1.4374998434895936,5.749999373958374
IND560099AAB,IND560085AAA,Carting,5,2.9166664236111317,3,1.0,48.0,16.0,15.0294,1.9166664236111317,5.749999270833396
IND403726AAA,IND581303AAA,FTL,2,1.6363635867768611,9,1.0,54.0,33.0,35.7024,0.6363635867768611,5.72727228099175
IND121001AAA,IND121004AAB,Carting,10,2.1428568367347376,5,1.0,17.0,11.0,12.0389,1.1428568367347376,5.714284183673688
IND411033AAA,IND400072AAB,FTL,23,1.9499999025000048,6,0.6666666666666666,39.0,21.5,26.21515,0.9499999025000048,5.699999415000029
IND382430AAB,IND395023AAA,FTL,23,1.404807656743714,14,0.7857142857142857,51.5,39.0,45.3068,0.404807656743714,5.667307194411996
IND533003AAA,IND533401AAA,FTL,2,1.809523723356013,7,1.0,38.0,21.0,28.2034,0.8095237233560131,5.666666063492092
IND600044AAD,IND603001AAA,Carting,2,1.9444442283950858,6,1.0,17.5,9.0,11.42625,0.9444442283950858,5.666665370370515
IND000000ACA,IND142401AAA,FTL,1,1.9374998789062574,6,1.0,31.0,16.0,22.3236,0.9374998789062574,5.6249992734375445
IND600056AAB,IND600016AAC,Carting,22,1.702380687358318,8,0.875,13.5,8.5,10.0296,0.702380687358318,5.619045498866544
IND841424AAA,IND841428AAA,FTL,22,2.3962846957701194,4,1.0,43.0,17.0,25.2324,1.3962846957701194,5.5851387830804775
IND411033AAA,IND414001AAA,FTL,23,1.9301469422983417,6,1.0,32.0,16.0,23.5639,0.9301469422983417,5.58088165379005
IND131028AAB,IND244001AAA,FTL,14,1.619047541950117,9,1.0,32.0,21.0,24.3244,0.6190475419501169,5.571427877551052
IND272207AAB,IND272153AAC,Carting,2,2.85714244897965,3,1.0,20.0,7.0,10.9692,1.85714244897965,5.57142734693895
IND562132AAA,IND560058AAD,Carting,13,2.3833332081481546,4,1.0,46.0,18.5,14.85565,1.3833332081481546,5.5333328325926185
IND560300AAA,IND563101AAB,Carting,23,2.1052630470914186,5,1.0,44.0,18.0,26.677,1.1052630470914186,5.526315235457093
IND209304AAA,IND000000ACB,FTL,23,2.099999895000005,5,0.8,46.0,23.0,32.309,1.0999998950000052,5.499999475000026
IND562132AAA,IND462022AAA,FTL,23,1.4210525567867074,13,1.0,26.0,19.0,27.0037,0.4210525567867074,5.473683238227196
IND249407AAA,IND131028AAB,FTL,18,2.367241298658346,4,1.0,69.5,29.0,24.98615,1.367241298658346,5.468965194633384
IND641607AAA,IND641654AAA,Carting,0,1.7777775802469358,7,1.0,17.0,9.0,10.5179,0.7777775802469358,5.444443061728551
IND462022AAA,IND466001AAA,FTL,9,1.8928570752551042,6,1.0,47.5,27.0,29.530549999999998,0.8928570752551042,5.357142451530625
IND742102AAB,IND731237AAB,Carting,23,3.6666661957672573,2,1.0,29.0,8.0,11.6326,2.6666661957672573,5.3333323915345145
IND834002AAB,IND826004AAA,Carting,20,2.333333086805583,4,1.0,23.5,10.0,13.2182,1.3333330868055828,5.333332347222331
IND533106AAA,IND533242AAA,FTL,22,3.6591396653682544,2,1.0,112.0,30.5,37.9157,2.6591396653682544,5.318279330736509
IND301001AAB,IND321001AAB,FTL,23,1.409090845041325,13,1.0,31.0,21.0,23.9797,0.4090908450413251,5.318180985537226
IND390022AAA,IND395023AAA,FTL,23,1.6644735879717851,8,1.0,29.0,18.0,26.3659,0.6644735879717851,5.315788703774281
IND110044AAB,IND000000ACB,Carting,23,1.312499917968755,17,0.6470588235294118,21.0,15.0,17.1684,0.3124999179687551,5.312498605468837
IND507002AAA,IND507167AAA,FTL,23,2.7619046303854935,3,1.0,58.0,21.0,29.0954,1.7619046303854935,5.2857138911564805
IND786001AAB,IND786125AAA,Carting,4,2.3095234518141146,4,1.0,15.0,6.5,10.22145,1.3095234518141146,5.238093807256458
IND000000ACB,IND282002AAD,FTL,15,2.3022874507187483,4,1.0,40.5,17.0,24.57395,1.3022874507187483,5.209149802874993
IND000000AEM,IND110064AAB,Carting,8,1.4312498861718845,12,0.6666666666666666,15.0,10.5,10.707,0.43124988617188453,5.174998634062614
IND362560AAA,IND362150AAA,Carting,8,1.5163397423213412,10,0.8,12.5,8.5,9.862950000000001,0.5163397423213412,5.163397423213412
IND821115AAB,IND209304AAA,FTL,23,1.571428496598643,9,1.0,36.0,17.0,25.2028,0.5714284965986429,5.1428564693877865
IND211008AAA,IND211002AAB,Carting,9,3.571428061224563,2,1.0,25.0,7.0,10.0332,2.571428061224563,5.142856122449126
IND110085AAB,IND110083AAA,Carting,0,3.566666428888905,2,1.0,53.5,15.0,12.0707,2.566666428888905,5.13333285777781
IND125047AAB,IND125051AAA,FTL,23,2.709677331945892,3,1.0,84.0,31.0,40.7555,1.7096773319458922,5.129031995837677
IND125001AAA,IND335513AAA,FTL,23,1.727272648760334,7,0.8571428571428571,38.0,23.0,25.0165,0.727272648760334,5.090908541322339
IND691001AAB,IND691506AAA,Carting,23,1.7272725702479483,7,0.7142857142857143,17.0,10.0,9.7038,0.7272725702479483,5.090907991735638
IND781018AAB,IND712311AAA,FTL,23,3.5386994941387453,2,1.0,64.0,18.0,25.62585,2.5386994941387453,5.077398988277491
IND263153AAB,IND131028AAB,FTL,23,1.8445747223335445,6,1.0,59.0,32.5,34.046350000000004,0.8445747223335445,5.067448334001266
IND713148AAA,IND713128AAB,FTL,5,2.259999912562966,4,1.0,58.5,26.0,28.55355,1.2599999125629662,5.039999650251865
IND305001AAC,IND305802AAA,FTL,1,1.9999998947368476,5,1.0,38.0,19.0,23.2211,0.9999998947368476,4.9999994736842375
IND421302AAG,IND382430AAB,FTL,23,1.714285632653065,7,1.0,38.0,19.0,27.5952,0.7142856326530651,4.9999994285714555
IND683511AAA,IND680104AAA,FTL,23,1.3846153313609488,13,0.6923076923076923,36.0,26.0,24.6165,0.38461533136094883,4.999999307692335
IND712124AAA,IND712103AAA,Carting,2,2.6666663703704034,3,1.0,24.0,9.0,10.1004,1.6666663703704034,4.99999911111121
IND400701AAA,IND410206AAA,Carting,8,2.6666663703704034,3,1.0,24.0,9.0,12.3796,1.6666663703704034,4.99999911111121
IND362001AAA,IND362265AAA,Carting,12,1.999999500000125,5,0.8,11.0,6.0,8.8053,0.9999995000001249,4.9999975000006245
IND627005AAA,IND627117AAA,FTL,23,1.5499999225000038,9,1.0,31.0,20.0,27.1637,0.5499999225000038,4.949999302500035
IND313001AAB,IND327001AAB,FTL,23,2.2361110025077213,4,1.0,41.0,18.0,24.99725,1.2361110025077213,4.944444010030885
IND632006AAA,IND632301AAA,FTL,1,1.5454544752066146,9,1.0,35.0,23.0,26.5779,0.5454544752066146,4.909090276859532
IND500039AAC,IND500035AAD,Carting,1,2.636363396694237,3,1.0,29.0,11.0,11.8128,1.6363633966942368,4.90909019008271
IND209304AAA,IND208019AAA,Carting,2,3.428571183673487,2,1.0,48.0,14.0,13.0337,2.428571183673487,4.857142367346974
IND842003AAB,IND483501AAA,FTL,3,2.2113969247202174,4,1.0,36.5,17.0,22.8851,1.2113969247202174,4.84558769888087
IND845305AAA,IND842001AAA,FTL,14,2.208333180007321,4,0.75,33.5,15.0,22.035200000000003,1.2083331800073212,4.833332720029285
IND532001AAB,IND532421AAA,FTL,9,3.405555375246923,2,1.0,64.5,19.0,27.44305,2.405555375246923,4.811110750493846
IND122002AAD,IND122503AAA,Carting,9,2.1944441404321426,4,1.0,16.0,7.5,10.4009,1.1944441404321426,4.777776561728571
IND141003AAB,IND000000ACA,Carting,8,1.793706143014341,6,0.6666666666666666,20.0,11.0,15.26175,0.7937061430143411,4.762236858086046
IND518002AAA,IND584101AAA,FTL,23,1.6799999328000026,7,1.0,42.0,25.0,23.6428,0.6799999328000026,4.759999529600018
IND201301AAF,IND203205AAA,FTL,1,1.6756756303871452,7,0.8571428571428571,60.0,38.0,39.0006,0.6756756303871452,4.729729412710016
IND781003AAA,IND781018AAB,Carting,4,2.571428497959186,3,1.0,90.0,34.0,25.1636,1.571428497959186,4.714285493877558
IND781014AAA,IND781102AAA,Carting,9,2.571428204081685,3,1.0,18.0,7.0,10.672,1.571428204081685,4.714284612245055
IND732138AAA,IND733140AAA,Carting,3,3.3452376261338586,2,1.0,27.5,10.0,13.48025,2.3452376261338586,4.690475252267717
IND211011AAA,IND212501AAA,Carting,7,3.3388885395679377,2,1.0,32.0,9.5,13.0841,2.3388885395679377,4.6777770791358755
IND140901AAA,IND160002AAC,Carting,10,1.9333332044444531,5,1.0,29.0,15.0,14.4972,0.9333332044444531,4.666666022222266
IND577201AAA,IND562132AAA,FTL,9,1.5833332453703752,8,1.0,27.0,18.0,25.3465,0.5833332453703752,4.666665962963002
IND700065AAB,IND712310AAA,Carting,18,3.32222187641979,2,1.0,32.0,9.5,12.2652,2.32222187641979,4.64444375283958
IND403726AAB,IND403401AAA,Carting,1,1.9130433950850696,5,1.0,48.0,23.0,21.5125,0.9130433950850696,4.565216975425348
IND518422AAB,IND518102AAA,FTL,3,1.9062499404296895,5,1.0,60.0,32.0,44.2984,0.9062499404296895,4.531249702148448
IND302014AAA,IND313001AAB,FTL,9,1.6470587266436043,7,0.8571428571428571,30.0,17.0,24.1516,0.6470587266436043,4.52941108650523
IND413304AAA,IND413002AAA,Carting,9,2.1309521414399413,4,1.0,11.5,6.5,9.499600000000001,1.1309521414399413,4.523808565759765
IND000000AFT,IND400701AAA,Carting,11,3.2499995763889498,2,1.0,28.0,9.0,12.52195,2.2499995763889498,4.4999991527778995
IND441912AAA,IND441107AAB,Carting,9,2.4999995833334028,3,1.0,25.0,10.0,9.1644,1.4999995833334028,4.499998750000208
IND131028AAB,IND251001AAA,FTL,21,1.6399999344000025,7,0.8571428571428571,39.0,25.0,24.8001,0.6399999344000025,4.4799995408000175
IND600044AAD,IND600048AAA,Carting,7,3.237499640312541,2,1.0,29.5,9.0,10.34775,2.237499640312541,4.474999280625082
IND637408AAA,IND637001AAA,FTL,12,1.74315612937551,6,1.0,39.5,22.0,26.9102,0.74315612937551,4.45893677625306
IND683511AAA,IND68004AAA,FTL,23,1.2962962482853242,15,0.8666666666666667,35.0,27.0,28.6144,0.2962962482853242,4.4444437242798625
IND530012AAA,IND764001AAC,Carting,23,1.6249997968750256,7,1.0,15.0,9.0,11.7713,0.6249997968750256,4.3749985781251794
IND474003AAA,IND476111AAA,FTL,23,2.4499999591666675,3,1.0,88.0,34.0,35.1679,1.4499999591666675,4.349999877500002
IND132103AAA,IND131028AAB,FTL,15,1.7238094048072645,6,1.0,30.0,17.5,23.327199999999998,0.7238094048072645,4.342856428843588
IND400015AAA,IND400072AAB,Carting,21,2.083333159722237,4,1.0,25.5,12.5,12.924949999999999,1.0833331597222369,4.3333326388889475
IND441206AAB,IND442605AAA,Carting,12,2.0833330527778178,4,1.0,16.5,7.0,10.825,1.0833330527778178,4.333332211111271
IND110064AAA,IND000000ACB,Carting,23,1.3333332222222316,13,0.5384615384615384,16.0,11.0,13.7145,0.3333332222222316,4.333331888889011
IND411033AAA,IND521225AAB,FTL,23,1.3913042873345962,11,0.7272727272727273,36.0,23.0,28.6034,0.3913042873345962,4.304347160680559
IND148028AAA,IND147001AAB,FTL,6,1.715686176310399,6,1.0,30.0,18.0,23.3615,0.715686176310399,4.294117057862394
IND670645AAB,IND673592AAA,Carting,6,2.4285710816327026,3,1.0,17.0,7.0,7.8288,1.4285710816327026,4.285713244898108
IND209304AAA,IND208006AAA,Carting,2,1.8571425918367725,5,1.0,20.0,15.0,17.2045,0.8571425918367725,4.285712959183863
IND501359AAE,IND585104AAA,FTL,21,1.6111110216049431,7,1.0,28.0,18.0,24.9022,0.6111110216049431,4.277777151234602
IND416012AAA,IND395023AAA,FTL,23,3.122331572058158,2,1.0,83.5,25.0,31.717,2.122331572058158,4.244663144116316
IND160002AAC,IND140901AAA,Carting,3,2.0604394086161206,4,0.75,28.0,13.5,12.72955,1.0604394086161206,4.2417576344644825
IND400072AAC,IND400011AAA,Carting,5,2.399999760000024,3,1.0,23.0,10.0,12.0076,1.399999760000024,4.199999280000072
IND560099AAB,IND560058AAB,Carting,22,1.261363526429073,16,0.6875,16.0,13.0,11.3649,0.261363526429073,4.181816422865168
IND635001AAA,IND562132AAA,FTL,16,2.392857057397962,3,1.0,66.0,28.0,29.7414,1.3928570573979622,4.1785711721938865
IND411036AAA,IND411033AAA,Carting,23,1.8333331805555684,5,1.0,22.0,12.0,11.6339,0.8333331805555684,4.166665902777842
IND421302AAG,IND400072AAJ,Carting,21,1.8333331805555684,5,1.0,19.0,11.0,12.4415,0.8333331805555684,4.166665902777842
IND743513AAA,IND743347AAA,Carting,2,1.8333330277778286,5,1.0,11.0,6.0,9.447,0.8333330277778286,4.166665138889143
IND301019AAA,IND123001AAA,FTL,23,2.3749998515625093,3,1.0,38.0,16.0,23.9387,1.3749998515625093,4.124999554687528
IND813102AAA,IND812002AAA,FTL,5,2.021739042533085,4,1.0,46.5,23.0,25.1798,1.0217390425330848,4.086956170132339
IND500018AAA,IND500080AAB,Carting,9,3.0416664864004734,2,1.0,51.5,17.0,15.068999999999999,2.0416664864004734,4.083332972800947
IND160002AAC,IND110037AAM,FTL,21,1.5806451103017707,7,0.5714285714285714,49.0,31.0,32.6403,0.5806451103017707,4.064515772112395
IND815301AAA,IND814133AAB,FTL,5,2.352941038062292,3,1.0,42.0,20.0,28.2905,1.352941038062292,4.058823114186875
IND501359AAE,IND509001AAA,FTL,23,1.4499999275000035,9,0.8888888888888888,29.0,19.0,26.6365,0.4499999275000035,4.049999347500032
IND160002AAC,IND147001AAD,FTL,23,1.809523723356013,5,1.0,38.0,21.0,27.0334,0.8095237233560131,4.047618616780065
IND283203AAA,IND110037AAM,FTL,9,3.004166558020837,2,1.0,84.0,27.0,35.874849999999995,2.004166558020837,4.008333116041674
IND400016AAB,IND400072AAB,Carting,16,4.999999583333368,1,1.0,60.0,12.0,11.184,3.999999583333368,3.999999583333368
IND847226AAA,IND842001AAA,FTL,4,1.7999999100000044,5,1.0,36.0,20.0,28.3539,0.7999999100000044,3.999999550000022
IND431136AAC,IND431001AAA,Carting,2,2.333333074074103,3,1.0,22.0,9.0,12.2265,1.333333074074103,3.999999222222309
IND517583AAA,IND516101AAA,Carting,7,2.333333074074103,3,1.0,16.0,7.0,11.1007,1.333333074074103,3.999999222222309
IND211002AAB,IND211013AAA,Carting,6,4.9999991666668056,1,1.0,30.0,6.0,8.9004,3.9999991666668056,3.9999991666668056
IND581110AAE,IND581119AAB,Carting,2,1.4999998125000236,8,1.0,12.0,7.0,10.424,0.49999981250002357,3.9999985000001885
IND572101AAA,IND561203AAB,Carting,2,1.799999640000072,5,1.0,12.0,7.0,10.193,0.799999640000072,3.99999820000036
IND784001AAA,IND790114AAA,Carting,6,2.999998970588736,2,1.0,38.0,18.0,19.81965,1.9999989705887362,3.9999979411774724
IND683511AAA,IND680012AAA,Carting,23,1.2843135780469257,14,0.5714285714285714,16.5,8.5,10.773900000000001,0.2843135780469257,3.9803900926569598
IND160002AAC,IND143001AAA,FTL,21,1.6602869998283047,6,0.8333333333333334,33.0,21.0,27.001150000000003,0.6602869998283047,3.9617219989698285
IND570020AAA,IND571602AAA,FTL,3,1.791666592013892,5,1.0,43.0,24.0,32.7247,0.7916665920138919,3.9583329600694594
IND854326AAB,IND854105AAB,FTL,23,2.312499855468759,3,1.0,37.0,16.0,23.5476,1.3124998554687588,3.9374995664062764
IND562132AAA,IND416012AAA,FTL,14,1.4374999101562556,9,0.7777777777777778,32.0,19.0,25.9311,0.43749991015625556,3.9374991914063
IND201001AAA,IND201007AAA,Carting,5,2.9642855025510357,2,1.0,41.5,14.0,11.009,1.9642855025510357,3.9285710051020715
IND110052AAA,IND000000ACB,Carting,23,1.487980665137304,8,0.875,19.0,11.5,13.0539,0.487980665137304,3.903845321098432
IND700065AAA,IND712311AAA,Carting,22,4.8888883456790735,1,1.0,44.0,9.0,12.3127,3.8888883456790735,3.8888883456790735
IND560099AAB,IND635001AAA,FTL,9,4.869565005671086,1,1.0,112.0,23.0,23.8308,3.8695650056710864,3.8695650056710864
IND501401AAC,IND500010AAA,Carting,9,4.857142510204107,1,1.0,68.0,14.0,14.4387,3.857142510204107,3.857142510204107
IND000000AFT,IND410210AAA,Carting,23,4.857142510204107,1,1.0,68.0,14.0,16.7368,3.857142510204107,3.857142510204107
IND212402AAA,IND211002AAB,Carting,10,2.2857141224489914,3,1.0,26.0,11.0,13.0572,1.2857141224489914,3.8571423673469742
IND530012AAA,IND764020AAC,Carting,22,2.28571395918372,3,1.0,16.0,8.0,11.6892,1.28571395918372,3.8571418775511597
IND209304AAA,IND209206AAB,Carting,2,1.6428569081632989,6,1.0,11.0,6.5,10.19515,0.6428569081632989,3.8571414489797933
IND560099AAB,IND683511AAA,FTL,23,1.274436026372325,14,0.7142857142857143,26.5,20.0,26.768949999999997,0.2744360263723249,3.8421043692125485
IND742101AAC,IND742303AAB,Carting,22,4.833332527777912,1,1.0,29.0,6.0,9.7909,3.8333325277779116,3.8333325277779116
IND451666AAA,IND421302AAG,FTL,14,4.789473432132977,1,1.0,91.0,19.0,26.6312,3.7894734321329766,3.7894734321329766
IND462022AAA,IND462011AAA,Carting,13,4.777777512345693,1,1.0,86.0,18.0,18.1255,3.7777775123456934,3.7777775123456934
IND424006AAA,IND424304AAC,FTL,23,2.249999859375009,3,1.0,36.0,16.0,23.2959,1.2499998593750088,3.7499995781250264
IND125005AAA,IND000000ACB,FTL,23,1.4166666076388912,9,0.7777777777777778,34.0,26.0,23.8908,0.4166666076388912,3.749999468750021
IND501359AAE,IND500039AAD,Carting,19,2.2499998125000156,3,1.0,27.0,12.0,13.0088,1.2499998125000156,3.7499994375000467
IND160002AAC,IND160003AAA,Carting,8,2.8749996406250453,2,1.0,23.0,8.0,10.4088,1.8749996406250453,3.7499992812500906
IND535001AAA,IND530012AAA,Carting,7,1.749999854166679,5,1.0,21.0,12.0,11.9836,0.749999854166679,3.749999270833395
IND208019AAA,IND209304AAA,Carting,16,2.2499997187500353,3,0.6666666666666666,18.0,9.0,13.7602,1.2499997187500353,3.749999156250106
IND574227AAA,IND574104AAA,Carting,2,1.7499997812500274,5,1.0,14.0,8.0,10.2841,0.7499997812500274,3.749998906250137
IND422605AAA,IND413709AAA,Carting,4,1.9374993828127647,4,1.0,15.0,8.5,9.464099999999998,0.9374993828127647,3.7499975312510587
IND560077AAA,IND560099AAB,Carting,4,4.733333017777799,1,1.0,71.0,15.0,14.5867,3.733333017777799,3.733333017777799
IND382721AAA,IND382430AAB,Carting,9,2.849999908112248,2,1.0,89.5,31.5,34.522099999999995,1.849999908112248,3.699999816224496
IND273014AAB,IND209304AAA,FTL,23,1.7368420138504201,5,1.0,34.0,19.0,27.9397,0.7368420138504201,3.6842100692521007
IND501359AAE,IND500010AAA,Carting,23,1.6122993441476832,6,0.8333333333333334,18.5,14.0,14.701,0.6122993441476832,3.673796064886099
IND248197AAA,IND248122AAB,FTL,5,2.8353845597272205,2,1.0,144.5,51.0,50.008449999999996,1.8353845597272205,3.670769119454441
IND125001AAA,IND000000ACB,FTL,23,1.523809451247169,7,0.7142857142857143,35.0,24.0,23.871,0.5238094512471689,3.6666661587301825
IND421401AAC,IND421601AAB,Carting,3,2.2222219753086696,3,0.6666666666666666,17.0,9.0,13.1088,1.2222219753086696,3.666665925926009
IND360003AAA,IND360311AAA,Carting,2,1.9166663472222754,4,1.0,11.5,6.0,10.0266,0.9166663472222754,3.6666653888891014
IND125001AAA,IND335523AAB,FTL,20,2.824786218356592,2,1.0,75.0,26.5,33.6629,1.824786218356592,3.649572436713184
IND301001AAB,IND321606AAA,FTL,23,2.8225805541103046,2,1.0,87.5,31.0,34.210750000000004,1.8225805541103046,3.6451611082206092
IND732103AAB,IND733128AAA,Carting,1,1.607142687818898,6,1.0,11.0,7.0,10.03985,0.6071426878188979,3.6428561269133874
IND262122AAB,IND244901AAB,Carting,12,2.8142852208164153,2,1.0,16.5,6.0,9.2446,1.8142852208164153,3.6285704416328306
IND796321AAB,IND796009AAA,FTL,6,4.624999855468755,1,1.0,148.0,32.0,45.3932,3.6249998554687552,3.6249998554687552
IND160002AAC,IND184104AAA,FTL,22,1.9057970729371663,4,1.0,127.5,64.5,68.1206,0.9057970729371663,3.623188291748665
IND400015AAB,IND400072AAB,Carting,8,4.615384260355057,1,1.0,60.0,13.0,15.9367,3.6153842603550572,3.6153842603550572
IND501359AAE,IND533106AAA,FTL,16,2.807189381530617,2,1.0,49.0,17.5,25.43425,1.807189381530617,3.614378763061234
IND575004AAB,IND562132AAA,FTL,9,1.7222221265432152,5,1.0,48.0,23.0,30.9507,0.7222221265432152,3.611110632716076
IND518002AAA,IND518401AAA,FTL,23,1.6007904426174475,6,1.0,36.0,22.5,25.7143,0.6007904426174475,3.604742655704685
IND131028AAB,IND250611AAA,FTL,23,4.5999998160000075,1,1.0,115.0,25.0,27.1469,3.5999998160000075,3.5999998160000075
IND828401AAB,IND826004AAA,Carting,9,2.799999486666796,2,1.0,21.0,6.5,9.67015,1.7999994866667959,3.5999989733335918
IND585104AAA,IND585307AAB,Carting,3,1.399999860000014,9,1.0,14.0,9.0,10.2982,0.3999998600000141,3.5999987400001268
IND792001AAA,IND786001AAB,Carting,12,2.199999560000088,3,1.0,11.0,7.0,10.2044,1.1999995600000881,3.5999986800002644
IND444005AAB,IND000000AAZ,FTL,4,4.5882350242214684,1,1.0,78.0,17.0,24.4934,3.5882350242214684,3.5882350242214684
IND205001AAB,IND110037AAM,FTL,22,4.571428408163271,1,1.0,128.0,28.0,33.2607,3.5714284081632712,3.5714284081632712
IND743347AAA,IND700053AAA,Carting,6,4.562499714843767,1,1.0,73.0,16.0,12.9685,3.562499714843767,3.562499714843767
IND110044AAB,IND110037AAM,Carting,1,1.8888887561728493,4,1.0,28.0,14.5,16.1875,0.8888887561728493,3.5555550246913974
IND574117AAA,IND576201AAA,FTL,22,4.549999772500011,1,1.0,91.0,20.0,24.3781,3.549999772500011,3.549999772500011
IND521001AAA,IND521225AAB,FTL,2,2.7666664822222344,2,1.0,41.5,15.0,22.178600000000003,1.7666664822222344,3.533332964444469
IND842003AAB,IND483225AAA,FTL,2,2.74999982812501,2,1.0,44.0,16.0,23.583399999999997,1.7499998281250102,3.4999996562500204
IND742226AAA,IND742101AAC,Carting,5,2.74999968750004,2,1.0,27.0,9.0,12.8285,1.7499996875000399,3.4999993750000797
IND441904AAB,IND441912AAA,Carting,5,1.4374998390625184,8,0.75,14.0,9.5,10.73975,0.43749983906251844,3.4999987125001475
IND421302AAG,IND400102AAC,Carting,22,1.435897321170292,8,0.75,18.0,14.5,14.7454,0.4358973211702919,3.487178569362335
IND131028AAB,IND160002AAC,FTL,17,1.579166564774312,6,1.0,26.5,16.5,24.339599999999997,0.579166564774312,3.4749993886458723
IND245304AAA,IND245101AAA,Carting,2,1.6923075621301875,5,0.8,20.0,11.0,9.6127,0.6923075621301875,3.4615378106509374
IND521225AAB,IND521301AAA,FTL,23,1.4315384053715998,8,1.0,36.5,26.0,24.3052,0.4315384053715998,3.4523072429727986
IND842003AAB,IND480886AAA,FTL,23,2.1499998925000052,3,1.0,43.0,20.0,29.0509,1.1499998925000052,3.4499996775000157
IND201007AAA,IND201007AAB,Carting,8,4.428571112244921,1,1.0,62.0,14.0,11.1535,3.4285711122449207,3.4285711122449207
IND431603AAA,IND413517AAA,Carting,6,2.1428568367347376,3,1.0,16.0,8.0,8.7729,1.1428568367347376,3.4285705102042128
IND713205AAB,IND712311AAA,FTL,19,4.416666298611142,1,1.0,53.0,12.0,18.194,3.4166662986111422,3.4166662986111422
IND791102AAA,IND784168AAB,FTL,16,4.399999824000007,1,1.0,110.0,25.0,32.6632,3.399999824000007,3.399999824000007
IND712311AAA,IND834002AAB,FTL,15,2.694507879475209,2,1.0,56.5,21.0,30.43975,1.6945078794752089,3.3890157589504177
IND712311AAA,IND732103AAB,FTL,18,2.6874998320312606,2,1.0,43.0,16.0,23.89415,1.6874998320312606,3.3749996640625213
IND205001AAB,IND209721AAB,FTL,22,2.1249998671875083,3,1.0,34.0,16.0,23.7804,1.1249998671875083,3.374999601562525
IND425508AAB,IND450331AAA,Carting,9,4.374999453125069,1,1.0,35.0,8.0,12.0206,3.374999453125069,3.374999453125069
IND786181AAC,IND786001AAB,Carting,12,2.1249997343750335,3,1.0,17.0,8.0,9.0212,1.1249997343750335,3.3749992031251006
IND787001AAA,IND787057AAA,FTL,6,2.684210385041559,2,1.0,51.0,19.0,27.718049999999998,1.6842103850415588,3.3684207700831177
IND421302AAG,IND401104AAA,Carting,23,4.333333172839512,1,1.0,117.0,27.0,29.6568,3.333333172839512,3.333333172839512
IND462022AAA,IND462042AAA,Carting,2,4.333333126984137,1,1.0,91.0,21.0,20.8394,3.3333331269841366,3.3333331269841366
IND396445AAA,IND396321AAA,Carting,2,1.8333332111111194,4,1.0,27.5,15.0,21.686799999999998,0.8333332111111194,3.3333328444444774
IND586211AAA,IND585314AAA,Carting,6,1.8333331356209415,4,1.0,15.5,8.5,9.7812,0.8333331356209415,3.333332542483766
IND000000ADV,IND600044AAC,Carting,19,1.6666664814815022,5,1.0,17.0,11.0,12.4448,0.6666664814815022,3.333332407407511
IND591307AAC,IND580028AAA,FTL,7,2.660098428416733,2,1.0,75.5,28.5,31.385999999999996,1.6600984284167328,3.3201968568334657
IND110037AAM,IND209304AAA,FTL,23,1.5527777102211964,6,0.8333333333333334,37.0,20.5,27.995350000000002,0.5527777102211964,3.3166662613271782
IND110064AAA,IND110005AAA,Carting,0,2.6538459287251404,2,1.0,31.5,12.0,11.3041,1.6538459287251404,3.3076918574502807
IND174101AAB,IND160002AAC,FTL,9,4.304347638941406,1,1.0,99.0,23.0,33.3996,3.3043476389414064,3.3043476389414064
IND342902AAA,IND302014AAA,FTL,9,2.099999895000005,3,1.0,42.0,20.0,29.5334,1.0999998950000052,3.2999996850000155
IND515591AAA,IND516269AAA,FTL,3,2.0952379954648572,3,1.0,44.0,21.0,23.6813,1.0952379954648572,3.2857139863945717
IND786181AAC,IND792121AAB,Carting,11,2.6428567653061763,2,1.0,18.5,7.0,11.081,1.6428567653061763,3.2857135306123526
IND560300AAA,IND560002AAA,Carting,22,2.6401512786099848,2,0.5,29.5,11.5,10.99775,1.6401512786099848,3.2803025572199696
IND360575AAA,IND360510AAB,Carting,5,1.409937806932608,8,0.625,14.0,11.5,12.5947,0.40993780693260806,3.2795024554608645
IND400072AAB,IND421302AAR,Carting,23,4.2727268842975565,1,1.0,47.0,11.0,13.4716,3.2727268842975565,3.2727268842975565
IND431517AAB,IND411033AAA,FTL,16,1.8157893781163486,4,1.0,35.0,19.0,26.87845,0.8157893781163486,3.263157512465394
IND332001AAB,IND333031AAA,FTL,23,2.0869564310018944,3,1.0,48.0,23.0,24.9539,1.0869564310018944,3.2608692930056833
IND121004AAB,IND121102AAA,Carting,19,4.2222217530864725,1,1.0,38.0,9.0,10.9314,3.2222217530864725,3.2222217530864725
IND110044AAB,IND201007AAA,Carting,23,2.607142670918381,2,1.0,36.5,14.0,12.42985,1.607142670918381,3.214285341836762
IND742101AAC,IND741123AAB,Carting,22,2.0714284234693983,3,1.0,27.0,13.0,15.7864,1.0714284234693983,3.214285270408195
IND424006AAA,IND423105AAA,FTL,2,4.2058822292387585,1,1.0,143.0,34.0,47.7911,3.2058822292387585,3.2058822292387585
IND530012AAA,IND535001AAA,Carting,11,4.199999580000043,1,1.0,42.0,10.0,10.4696,3.1999995800000427,3.1999995800000427
IND421302AAG,IND400015AAB,Carting,23,2.599999610000065,2,1.0,19.5,7.5,10.78825,1.599999610000065,3.19999922000013
IND524101AAB,IND517501AAB,FTL,11,2.597368287375353,2,1.0,50.5,19.5,28.65515,1.5973682873753532,3.1947365747507064
IND683511AAA,IND562132AAA,FTL,23,1.2903225390218536,11,0.6363636363636364,38.0,30.0,28.5003,0.29032253902185357,3.193547929240389
IND462022AAA,IND465669AAB,FTL,10,1.7954544638429788,4,1.0,38.5,21.0,30.463,0.7954544638429788,3.181817855371915
IND233001AAA,IND275503AAA,FTL,2,4.176470342560568,1,1.0,71.0,17.0,24.5028,3.1764703425605676,3.1764703425605676
IND641008AAA,IND641001AAA,Carting,9,2.058823408304505,3,1.0,34.0,12.0,12.6194,1.0588234083045052,3.1764702249135155
IND501359AAE,IND509358AAA,FTL,22,1.3529410968858178,9,0.8888888888888888,23.0,17.0,24.1335,0.35294109688581776,3.17646987197236
IND000000ACB,IND474003AAA,FTL,18,2.585714172380958,2,0.5,61.5,28.0,29.5563,1.5857141723809578,3.1714283447619156
IND781018AAB,IND784125AAA,FTL,15,2.055555441358031,3,1.0,37.0,18.0,25.6427,1.055555441358031,3.166666324074093
IND742121AAA,IND742101AAC,Carting,5,4.1428568469387965,1,1.0,58.0,14.0,16.2769,3.1428568469387965,3.1428568469387965
IND201307AAA,IND201301AAL,Carting,9,1.7857141581632745,4,0.75,25.0,14.0,13.325,0.7857141581632745,3.142856632653098
IND400705AAA,IND421302AAH,Carting,19,2.566666490793663,2,1.0,37.5,14.5,15.51065,1.5666664907936632,3.1333329815873263
IND580028AAA,IND562132AAA,FTL,16,4.124999742187516,1,1.0,66.0,16.0,22.722,3.1249997421875157,3.1249997421875157
IND785690AAB,IND785682AAA,Carting,6,1.6249998984375063,5,1.0,26.0,15.0,11.2584,0.6249998984375063,3.1249994921875315
IND160002AAC,IND000000ACA,FTL,19,1.208333282986113,15,0.5333333333333333,29.0,25.0,36.2141,0.2083332829861131,3.124999244791696
IND627005AAA,IND628801AAA,Carting,23,1.2222220864197684,14,0.5714285714285714,12.0,10.0,11.6109,0.22222208641976837,3.111109209876757
IND415408AAC,IND416012AAA,FTL,9,2.542510055483619,2,1.0,98.0,38.5,34.64505,1.542510055483619,3.085020110967238
IND201301AAM,IND000000ACB,Carting,23,1.61538449112427,5,0.6,18.0,13.0,13.8828,0.6153844911242701,3.07692245562135
IND713130AAA,IND741123AAB,Carting,2,2.535713945790862,2,1.0,19.0,7.5,11.02905,1.535713945790862,3.071427891581724
IND416012AAA,IND415612AAA,FTL,23,4.062499873046879,1,1.0,130.0,32.0,44.2385,3.062499873046879,3.062499873046879
IND560099AAB,IND560060AAB,Carting,22,1.2352940449827032,13,0.6153846153846154,20.0,13.0,13.3774,0.23529404498270323,3.0588225847751422
IND383255AAB,IND384205AAA,FTL,8,2.5267856117665857,2,0.5,62.5,26.0,27.809800000000003,1.5267856117665857,3.0535712235331713
IND210431AAA,IND209304AAA,FTL,13,2.5267855455197816,2,1.0,38.0,15.0,21.679299999999998,1.5267855455197816,3.0535710910395633
IND786181AAC,IND792120AAB,Carting,9,4.037036887517152,1,1.0,109.0,27.0,38.3057,3.037036887517152,3.037036887517152
IND742102AAB,IND712311AAA,FTL,23,3.9999998095238185,1,1.0,84.0,21.0,29.5724,2.9999998095238185,2.9999998095238185
IND786190AAA,IND792103AAB,Carting,7,3.9999996363636696,1,1.0,44.0,11.0,16.9083,2.9999996363636696,2.9999996363636696
IND403401AAA,IND403726AAB,Carting,7,2.4999998076923227,2,1.0,32.5,13.0,10.94985,1.4999998076923227,2.9999996153846453
IND388320AAA,IND387001AAA,Carting,7,3.99999960000004,1,1.0,40.0,10.0,12.8004,2.99999960000004,2.99999960000004
IND571426AAA,IND571104AAA,FTL,3,1.3333332888888902,9,0.8888888888888888,40.0,31.0,35.7245,0.33333328888889024,2.999999600000012
IND141003AAB,IND142026AAA,FTL,3,1.7499998906250067,4,1.0,28.0,16.0,22.939500000000002,0.7499998906250067,2.999999562500027
IND742121AAB,IND742121AAA,Carting,3,3.9999995555556054,1,1.0,36.0,9.0,10.3719,2.9999995555556054,2.9999995555556054
IND811399AAA,IND209304AAA,FTL,23,1.3333332698412728,9,0.6666666666666666,28.0,21.0,28.0713,0.33333326984127276,2.9999994285714546
IND515201AAA,IND515301AAA,Carting,3,1.9999997500000315,3,1.0,16.0,8.0,11.7348,0.9999997500000315,2.9999992500000943
IND641607AAA,IND641664AAA,Carting,0,1.5999998400000162,5,1.0,16.0,10.0,10.814,0.5999998400000162,2.999999200000081
IND562132AAA,IND000000ACS,Carting,22,1.5999998400000162,5,0.8,16.0,12.0,14.0387,0.5999998400000162,2.999999200000081
IND401209AAA,IND401104AAA,Carting,9,1.999999714285755,3,1.0,14.0,7.0,10.9548,0.9999997142857551,2.9999991428572654
IND577002AAA,IND581110AAE,Carting,23,1.9999996666667221,3,1.0,12.0,6.0,9.4684,0.9999996666667221,2.9999990000001664
IND416606AAA,IND416510AAA,Carting,8,2.4999992000003775,2,1.0,23.0,11.0,10.3946,1.4999992000003775,2.999998400000755
IND722101AAA,IND722122AAA,Carting,6,1.9999980000020001,3,1.0,14.0,7.0,10.6652,0.9999980000020001,2.9999940000060006
IND521225AAB,IND521201AAA,FTL,23,1.4230768683431974,7,1.0,37.0,26.0,24.5512,0.42307686834319735,2.9615380784023815
IND713205AAB,IND722101AAC,Carting,9,3.9545452747933965,1,1.0,87.0,22.0,20.8963,2.9545452747933965,2.9545452747933965
IND533003AAA,IND533106AAA,FTL,2,2.4675323536712255,2,1.0,53.5,21.5,25.7964,1.4675323536712255,2.935064707342451
IND643212AAA,IND641062AAD,Carting,8,3.9333330711111287,1,1.0,59.0,15.0,21.5704,2.9333330711111287,2.9333330711111287
IND251309AAB,IND131028AAB,FTL,5,2.4629628687791527,2,1.0,64.5,26.0,24.07465,1.4629628687791527,2.9259257375583054
IND000000ACB,IND125005AAA,FTL,18,1.4852940403035586,6,1.0,27.0,20.0,23.06305,0.4852940403035586,2.9117642418213516
IND829121AAA,IND834002AAB,Carting,10,3.909090553719041,1,1.0,43.0,11.0,16.3875,2.909090553719041,2.909090553719041
IND331507AAA,IND302014AAA,FTL,13,2.448571315934699,2,0.5,53.5,23.0,31.871050000000004,1.4485713159346991,2.8971426318693982
IND370110AAA,IND370615AAB,FTL,3,2.4423075743343254,2,1.0,53.5,21.0,26.313299999999998,1.4423075743343254,2.884615148668651
IND122001AAA,IND110037AAM,Carting,19,3.8666664088889062,1,1.0,58.0,15.0,13.2356,2.8666664088889062,2.8666664088889062
IND786125AAA,IND786190AAA,Carting,5,2.433332778889048,2,1.0,15.0,6.5,10.3168,1.433332778889048,2.866665557778096
IND523002AAA,IND523316AAB,FTL,23,2.4285713129251754,2,1.0,51.0,21.0,23.7641,1.4285713129251754,2.8571426258503507
IND832109AAB,IND834002AAB,FTL,6,2.4249998787500058,2,1.0,48.5,20.0,28.888150000000003,1.4249998787500058,2.8499997575000116
IND401104AAA,IND401208AAA,Carting,23,3.846153550295881,1,1.0,50.0,13.0,18.0397,2.846153550295881,2.846153550295881
IND821115AAB,IND802101AAA,FTL,23,1.4736841717451534,6,1.0,54.0,36.5,39.939949999999996,0.4736841717451534,2.8421050304709206
IND401602AAA,IND401501AAA,Carting,6,2.411764289504153,2,1.0,27.0,10.0,11.245650000000001,1.411764289504153,2.823528579008306
IND160002AAC,IND562132AAA,FTL,23,1.4699999243250041,6,0.8333333333333334,24.0,20.0,25.56845,0.46999992432500415,2.819999545950025
IND362001AAA,IND360370AAA,FTL,2,1.562499902343756,5,1.0,25.0,16.0,23.3807,0.562499902343756,2.81249951171878
IND515004AAA,IND515401AAB,FTL,23,1.7017542939622496,4,1.0,31.5,17.0,24.0407,0.7017542939622496,2.8070171758489986
IND403507AAB,IND403726AAB,Carting,11,3.7999997466666837,1,1.0,57.0,15.0,11.7875,2.7999997466666837,2.7999997466666837
IND400102AAC,IND400052AAA,Carting,15,3.799999620000038,1,1.0,38.0,10.0,10.9598,2.799999620000038,2.799999620000038
IND401209AAB,IND421302AAG,Carting,18,2.3999998000000176,2,1.0,30.0,12.5,13.1508,1.3999998000000176,2.799999600000035
IND600032AAB,IND600076AAB,Carting,21,1.399999860000014,7,0.8571428571428571,15.0,11.0,11.9907,0.3999998600000141,2.7999990200000986
IND842001AAA,IND854326AAB,FTL,18,2.399305416401435,2,1.0,41.5,17.0,24.33255,1.3993054164014351,2.7986108328028703
IND802158AAB,IND821115AAB,FTL,6,1.9230767751479405,3,1.0,25.0,14.0,20.1688,0.9230767751479405,2.7692303254438215
IND411033AAA,IND431136AAC,FTL,18,3.7647056608996667,1,1.0,64.0,17.0,25.3048,2.7647056608996667,2.7647056608996667
IND495004AAA,IND495671AAA,FTL,3,2.3816423897407235,2,1.0,47.0,20.5,29.37255,1.3816423897407235,2.763284779481447
IND484661AAE,IND484551AAA,FTL,3,3.7499997656250144,1,1.0,60.0,16.0,23.9646,2.7499997656250144,2.7499997656250144
IND431603AAA,IND431401AAA,Carting,4,3.749999531250059,1,1.0,30.0,8.0,11.4043,2.749999531250059,2.749999531250059
IND400011AAA,IND400072AAB,Carting,19,1.916666506944458,3,1.0,20.0,10.0,10.1499,0.916666506944458,2.7499995208333736
IND520011AAA,IND521185AAA,Carting,3,1.6874997890625265,4,1.0,13.5,7.5,10.56085,0.6874997890625265,2.749999156250106
IND226004AAA,IND226016AAA,Carting,4,1.6874997890625265,4,0.75,13.5,9.0,12.881499999999999,0.6874997890625265,2.749999156250106
IND125001AAA,IND335524AAA,FTL,23,1.457729417867105,6,0.8333333333333334,50.0,35.5,28.79515,0.45772941786710497,2.74637650720263
IND403726AAA,IND416510AAA,FTL,5,2.3657288147742395,2,1.0,68.0,28.5,37.692,1.3657288147742395,2.731457629548479
IND302022AAD,IND000000ACB,Carting,10,1.5454544049586905,5,0.8,12.0,10.0,9.9517,0.5454544049586905,2.7272720247934523
IND110037AAM,IND282001AAC,FTL,12,2.361110979938279,2,1.0,42.5,18.0,26.21275,1.361110979938279,2.722221959876558
IND421302AAG,IND834002AAB,FTL,23,1.8999999050000047,3,1.0,38.0,20.0,28.3332,0.8999999050000047,2.699999715000014
IND854326AAB,IND854334AAA,FTL,23,3.692307550295863,1,1.0,96.0,26.0,37.7273,2.692307550295863,2.692307550295863
IND722154AAA,IND712311AAA,FTL,11,3.6923074082840457,1,1.0,48.0,13.0,14.6516,2.6923074082840457,2.6923074082840457
IND505209AAA,IND505001AAB,FTL,4,1.8947367423822765,3,1.0,36.0,19.0,27.5461,0.8947367423822765,2.6842102271468296
IND000000ACB,IND110043AAA,Carting,22,1.6687497994531566,4,0.75,21.5,12.5,12.3711,0.6687497994531566,2.6749991978126264
IND679303AAA,IND679531AAA,Carting,2,2.337121009441019,2,1.0,27.0,11.5,12.542850000000001,1.3371210094410189,2.6742420188820377
IND302014AAA,IND000000ACB,FTL,23,1.533333231111118,5,1.0,35.0,25.0,25.5869,0.5333332311111181,2.6666661555555904
IND224001AAA,IND224141AAB,Carting,12,3.666666055555657,1,1.0,22.0,6.0,9.5661,2.666666055555657,2.666666055555657
IND798601AAA,IND785001AAA,Carting,9,2.333332968254026,2,1.0,15.0,6.5,10.1409,1.3333329682540258,2.6666659365080516
IND403601AAA,IND403726AAB,Carting,4,2.328571222244917,2,1.0,27.0,12.0,12.09315,1.3285712222449169,2.6571424444898337
IND333042AAA,IND333031AAA,FTL,1,1.6624999462760435,4,1.0,51.5,31.0,32.543350000000004,0.6624999462760435,2.649999785104174
IND523002AAA,IND600056AAB,FTL,14,2.3235292750865133,2,1.0,39.5,17.0,25.2285,1.3235292750865133,2.6470585501730266
IND473443AAA,IND470113AAA,FTL,3,1.6612318132646795,4,1.0,39.0,23.0,25.6529,0.6612318132646795,2.644927253058718
IND814112AAA,IND814133AAA,FTL,4,2.3147057554584842,2,1.0,42.5,18.5,26.86455,1.3147057554584842,2.6294115109169685
IND142026AAA,IND000000ACA,FTL,4,3.624999773437514,1,1.0,58.0,16.0,22.735,2.624999773437514,2.624999773437514
IND143001AAA,IND144001AAB,FTL,23,1.8749998828125072,3,1.0,31.0,16.0,23.4627,0.8749998828125072,2.6249996484375213
IND411033AAA,IND562132AAA,FTL,23,1.8749998828125072,3,1.0,30.0,16.0,23.8406,0.8749998828125072,2.6249996484375213
IND271210AAA,IND271001AAA,Carting,9,3.624999546875057,1,1.0,29.0,8.0,10.8721,2.624999546875057,2.624999546875057
IND637211AAA,IND636402AAA,Carting,12,1.437499846354184,6,0.8333333333333334,15.5,10.0,9.771149999999999,0.43749984635418393,2.6249990781251036
IND712311AAA,IND712410AAC,FTL,5,2.3123542482599007,2,1.0,84.0,36.0,40.07495,1.3123542482599007,2.6247084965198013
IND411033AAA,IND580028AAA,FTL,12,2.311507819783012,2,0.5,47.5,23.0,26.57845,1.311507819783012,2.623015639566024
IND131028AAB,IND124001AAB,FTL,23,1.523809451247169,5,1.0,38.0,23.0,25.7289,0.5238094512471689,2.6190472562358447
IND400016AAB,IND400072AAD,Carting,18,2.3076921301775286,2,1.0,30.0,13.0,14.58135,1.3076921301775286,2.6153842603550572
IND785612AAB,IND781018AAB,FTL,12,2.3063723755647,2,1.0,31.5,14.5,21.38145,1.3063723755646999,2.6127447511293997
IND852111AAA,IND854326AAB,FTL,11,3.608695495274109,1,1.0,83.0,23.0,24.5902,2.608695495274109,2.608695495274109
IND733129AAA,IND732103AAB,Carting,9,2.303571124043408,2,1.0,17.5,7.5,10.961300000000001,1.3035711240434078,2.6071422480868156
IND305001AAC,IND306401AAB,FTL,20,1.8666665422222306,3,1.0,28.0,16.0,22.7737,0.8666665422222306,2.599999626666692
IND751002AAB,IND754103AAA,FTL,22,3.588235083044995,1,1.0,61.0,17.0,24.3542,2.588235083044995,2.588235083044995
IND424006AAA,IND452001AAC,Carting,10,1.8571425918367725,3,1.0,16.0,9.0,13.13,0.8571425918367725,2.5714277755103176
IND600056AAB,IND631501AAA,Carting,23,1.8571425918367725,3,1.0,13.0,6.0,9.4587,0.8571425918367725,2.5714277755103176
IND560099AAB,IND560078AAC,Carting,22,1.2857141938775576,9,0.7777777777777778,20.0,15.0,14.5007,0.2857141938775576,2.5714277448980183
IND000000ACA,IND140406AAA,FTL,1,1.6421051655032377,4,1.0,28.0,17.0,24.2956,0.6421051655032377,2.568420662012951
IND313001AAB,IND306401AAB,FTL,9,2.282142746267012,2,1.0,47.0,20.5,27.4291,1.282142746267012,2.564285492534024
IND262501AAA,IND263153AAB,FTL,14,1.8529411492214538,3,1.0,126.0,68.0,53.9601,0.8529411492214538,2.5588234476643614
IND401104AAB,IND421302AAG,Carting,20,1.8499999075000044,3,1.0,37.0,20.0,21.5707,0.8499999075000044,2.5499997225000133
IND585104AAA,IND586128AAA,Carting,3,1.3636362396694328,7,1.0,15.0,10.0,9.9678,0.3636362396694328,2.5454536776860297
IND843301AAA,IND843320AAA,FTL,1,2.269230681952666,2,1.0,59.0,26.0,29.0153,1.2692306819526662,2.5384613639053324
IND560043AAC,IND562132AAA,Carting,18,1.6333332244444518,4,1.0,25.5,16.0,12.362200000000001,0.6333332244444518,2.5333328977778073
IND131028AAB,IND249407AAA,FTL,22,2.2621847737250245,2,1.0,58.0,26.0,26.35615,1.2621847737250245,2.524369547450049
IND132103AAA,IND132001AAA,FTL,3,1.6266233103390144,4,0.75,40.5,25.5,29.138199999999998,0.6266233103390144,2.5064932413560577
IND209304AAA,IND221313AAA,FTL,5,2.2499998551587397,2,1.0,35.5,16.0,23.16825,1.2499998551587397,2.4999997103174794
IND232101AAB,IND232104AAB,Carting,2,3.499999562500055,1,1.0,28.0,8.0,9.8895,2.499999562500055,2.499999562500055
IND224141AAB,IND224122AAA,Carting,14,2.249999677083381,2,1.0,16.0,7.0,10.43345,1.2499996770833808,2.4999993541667616
IND600056AAB,IND605601AAA,FTL,23,1.2077921516557062,12,0.5,27.0,21.5,23.73375,0.2077921516557062,2.4935058198684743
IND211002AAB,IND485001AAC,FTL,11,2.2439654216305036,2,1.0,54.5,24.5,34.1053,1.2439654216305036,2.487930843261007
IND313001AAB,IND311001AAA,FTL,23,3.4782607183364904,1,1.0,80.0,23.0,29.426,2.4782607183364904,2.4782607183364904
IND591307AAC,IND580002AAA,FTL,6,2.237241295433059,2,1.0,60.0,27.0,28.368949999999998,1.237241295433059,2.474482590866118
IND627005AAA,IND629001AAA,FTL,23,2.236927977802348,2,1.0,39.5,17.5,24.361800000000002,1.236927977802348,2.473855955604696
IND683511AAA,IND000000ADM,Carting,1,1.411904664546492,6,0.6666666666666666,20.5,14.0,11.891449999999999,0.4119046645464921,2.4714279872789526
IND516269AAA,IND516390AAA,FTL,5,1.823529304498276,3,1.0,31.0,21.0,21.9573,0.8235293044982761,2.4705879134948283
IND110037AAM,IND811399AAA,FTL,21,1.4105041606514384,6,0.5,48.5,35.0,30.035600000000002,0.41050416065143835,2.46302496390863
IND210427AAA,IND209304AAA,FTL,13,2.231249855546884,2,1.0,34.5,15.5,22.40125,1.231249855546884,2.462499711093768
IND828111AAA,IND826004AAA,Carting,5,3.4545451404958967,1,1.0,38.0,11.0,13.187,2.4545451404958967,2.4545451404958967
IND803213AAA,IND811105AAA,FTL,22,1.8148147475994538,3,1.0,49.0,28.0,34.4935,0.8148147475994538,2.4444442427983617
IND332001AAB,IND333042AAA,FTL,23,1.3050419789513463,8,0.75,45.0,33.0,32.1877,0.3050419789513463,2.4403358316107706
IND788026AAC,IND799250AAA,FTL,11,3.4399998624000054,1,1.0,86.0,25.0,34.8611,2.4399998624000054,2.4399998624000054
IND152026AAA,IND000000ACA,FTL,23,1.812499886718757,3,1.0,30.0,16.0,22.8334,0.812499886718757,2.437499660156271
IND160002AAC,IND160055AAA,Carting,9,3.42857093877558,1,1.0,24.0,7.0,5.9824,2.42857093877558,2.42857093877558
IND413531AAA,IND413517AAA,Carting,9,2.2083330121528255,2,1.0,15.5,7.0,11.094899999999999,1.2083330121528255,2.416666024305651
IND470004AAA,IND470113AAA,FTL,23,2.2058822195069285,2,1.0,36.5,16.5,24.01595,1.2058822195069285,2.411764439013857
IND160002AAC,IND147101AAA,FTL,23,3.3999998300000085,1,1.0,68.0,20.0,25.4143,2.3999998300000085,2.3999998300000085
IND362265AAA,IND362720AAA,Carting,6,2.1999996830769772,2,1.0,19.0,9.0,10.57735,1.1999996830769772,2.3999993661539545
IND611001AAA,IND610001AAA,FTL,8,3.388888700617294,1,1.0,61.0,18.0,24.3363,2.388888700617294,2.388888700617294
IND110085AAB,IND110087AAA,Carting,7,3.384615124260375,1,1.0,44.0,13.0,11.7553,2.384615124260375,2.384615124260375
IND781335AAA,IND000000AET,FTL,13,2.18760055735905,2,1.0,55.5,25.0,35.715599999999995,1.1876005573590498,2.3752011147180996
IND742226AAA,IND742102AAB,Carting,5,2.1845235892148764,2,1.0,23.0,9.5,13.14995,1.1845235892148764,2.369047178429753
IND842001AAA,IND845401AAA,FTL,23,1.7894735900277057,3,0.6666666666666666,34.0,19.0,28.1432,0.7894735900277057,2.368420770083117
IND415409AAB,IND415124AAA,FTL,23,1.7894735900277057,3,0.6666666666666666,34.0,19.0,24.6011,0.7894735900277057,2.368420770083117
IND110037AAM,IND110035AAC,Carting,20,1.5909089462810049,4,1.0,19.0,12.0,12.3521,0.5909089462810049,2.3636357851240195
IND361001AAA,IND361305AAC,FTL,3,1.4705881487889323,5,1.0,25.0,17.0,24.5822,0.4705881487889323,2.3529407439446617
IND813102AAA,IND813203AAA,FTL,6,3.347825941398872,1,1.0,77.0,23.0,30.5124,2.347825941398872,2.347825941398872
IND680587AAA,IND68004AAA,Carting,5,2.1736108548418516,2,1.0,18.5,8.5,9.90625,1.1736108548418516,2.347221709683703
IND788026AAC,IND788151AAA,FTL,9,3.33333319444445,1,1.0,80.0,24.0,32.8231,2.33333319444445,2.33333319444445
IND673573AAA,IND673592AAA,FTL,2,1.7777777119341587,3,1.0,46.0,25.0,29.3683,0.7777777119341587,2.333333135802476
IND144001AAA,IND144040AAA,FTL,4,1.7777776790123512,3,1.0,31.0,17.0,22.8123,0.7777776790123512,2.3333330370370535
IND431001AAB,IND431136AAC,Carting,3,3.3333329629630044,1,1.0,30.0,9.0,13.351,2.3333329629630044,2.3333329629630044
IND421502AAA,IND421302AAR,Carting,4,3.3333329629630044,1,1.0,30.0,9.0,11.4637,2.3333329629630044,2.3333329629630044
IND209206AAB,IND210301AAA,Carting,9,3.33333277777787,1,1.0,20.0,6.0,9.0146,2.33333277777787,2.33333277777787
IND574216AAA,IND575004AAB,Carting,10,3.33333277777787,1,1.0,20.0,6.0,9.6814,2.33333277777787,2.33333277777787
IND563131AAB,IND563116AAA,Carting,3,1.7777775802469358,3,1.0,15.0,9.0,10.1958,0.7777775802469358,2.3333327407408073
IND785001AAA,IND785112AAC,Carting,3,2.1666663293651323,2,1.0,14.0,6.5,9.51325,1.1666663293651323,2.3333326587302645
IND683572AAA,IND680307AAA,Carting,1,1.3333331851852017,7,0.7142857142857143,12.0,9.0,11.5529,0.3333331851852017,2.333332296296412
IND560300AAA,IND563131AAB,Carting,23,2.161904547029503,2,1.0,25.0,11.0,15.36875,1.1619045470295029,2.3238090940590057
IND462022AAA,IND462001AAA,Carting,2,2.1611108826543455,2,1.0,20.5,9.5,10.2847,1.1611108826543455,2.322221765308691
IND575004AAB,IND574117AAA,FTL,1,2.1538460724304214,2,1.0,57.0,26.5,29.56745,1.1538460724304214,2.3076921448608427
IND695012AAB,IND695012AAA,Carting,7,3.299999835000008,1,1.0,66.0,20.0,16.0204,2.299999835000008,2.299999835000008
IND306401AAB,IND342005AAD,FTL,23,2.149999875312507,2,1.0,37.5,18.0,24.928150000000002,1.1499998753125071,2.2999997506250143
IND000000ACT,IND131028AAB,Carting,23,1.3833332161111214,6,0.8333333333333334,18.5,14.0,11.464749999999999,0.38333321611112137,2.299999296666728
IND201005AAA,IND201007AAA,Carting,5,3.2857140510204252,1,1.0,46.0,14.0,10.9884,2.2857140510204252,2.2857140510204252
IND303901AAA,IND304001AAA,Carting,1,1.3809521678004866,6,0.8333333333333334,9.5,7.0,10.08875,0.3809521678004866,2.2857130068029194
IND501359AAE,IND500080AAB,Carting,23,1.5692306300591843,4,1.0,18.0,12.5,12.67685,0.5692306300591843,2.276922520236737
IND140118AAA,IND160002AAC,FTL,10,2.138333246202781,2,1.0,52.5,24.5,22.6128,1.138333246202781,2.276666492405562
IND302014AAB,IND302023AAA,Carting,19,3.272726975206639,1,1.0,36.0,11.0,12.9085,2.272726975206639,2.272726975206639
IND282001AAA,IND110037AAM,Carting,23,1.4545453223140616,5,0.8,14.0,11.0,10.2864,0.45454532231406164,2.272726611570308
IND425412AAA,IND425409AAA,FTL,2,2.1333332381481527,2,1.0,51.0,24.0,32.79425,1.1333332381481527,2.2666664762963054
IND451666AAA,IND424006AAA,FTL,8,2.130952269557829,2,1.0,41.0,19.5,28.2682,1.1309522695578291,2.2619045391156583
IND854326AAB,IND852113AAA,FTL,23,2.127956887341895,2,1.0,50.5,23.0,33.21835,1.1279568873418948,2.2559137746837896
IND110092AAC,IND110093AAA,Carting,23,3.2499997968750125,1,1.0,52.0,16.0,12.8317,2.2499997968750125,2.2499997968750125
IND221010AAB,IND222001AAA,FTL,22,3.2499997968750125,1,1.0,52.0,16.0,23.8435,2.2499997968750125,2.2499997968750125
IND574216AAA,IND562132AAA,FTL,10,2.1249998952546347,2,1.0,44.0,21.0,30.14225,1.1249998952546347,2.2499997905092695
IND416510AAA,IND416606AAA,Carting,9,3.2499997291666896,1,1.0,39.0,12.0,11.7826,2.2499997291666896,2.2499997291666896
IND781014AAA,IND781124AAA,Carting,5,3.249999593750051,1,1.0,26.0,8.0,12.1729,2.249999593750051,2.249999593750051
IND732103AAB,IND732202AAA,Carting,1,3.249999593750051,1,1.0,26.0,8.0,10.4678,2.249999593750051,2.249999593750051
IND843126AAA,IND842001AAA,Carting,3,2.1249997343750335,2,1.0,17.0,8.0,12.32255,1.1249997343750335,2.249999468750067
IND210501AAB,IND209304AAA,Carting,9,2.1249997343750335,2,1.0,17.0,8.0,11.85365,1.1249997343750335,2.249999468750067
IND400072AAD,IND421302AAG,Carting,23,1.7499997812500274,3,1.0,18.0,9.0,10.849,0.7499997812500274,2.2499993437500825
IND390022AAA,IND388320AAA,Carting,23,1.5624998046875245,4,0.75,13.5,8.0,10.77755,0.5624998046875245,2.249999218750098
IND586128AAA,IND586211AAA,Carting,4,1.5624997734375337,4,1.0,12.0,7.5,8.9287,0.5624997734375337,2.2499990937501346
IND000000ACB,IND125033AAA,FTL,13,3.239999870400005,1,1.0,81.0,25.0,24.6741,2.239999870400005,2.239999870400005
IND477001AAA,IND474003AAA,FTL,6,3.2352939273356514,1,1.0,55.0,17.0,24.9036,2.2352939273356514,2.2352939273356514
IND563131AAB,IND560300AAA,Carting,6,2.1166662738889626,2,1.0,11.5,5.5,8.9939,1.1166662738889626,2.233332547777925
IND110037AAM,IND202001AAB,FTL,21,2.1160129507828254,2,1.0,37.0,17.5,24.05095,1.1160129507828254,2.2320259015656507
IND365560AAA,IND365560AAB,FTL,4,2.11499991394167,2,1.0,52.0,24.5,26.1144,1.11499991394167,2.22999982788334
IND501359AAE,IND500039AAC,Carting,23,1.556818046918056,4,1.0,18.0,11.5,12.49955,0.5568180469180559,2.2272721876722237
IND110093AAA,IND110092AAC,Carting,1,3.2222220432098863,1,1.0,58.0,18.0,15.547,2.2222220432098863,2.2222220432098863
IND733128AAA,IND733129AAB,Carting,4,3.222221864197571,1,1.0,29.0,9.0,10.5078,2.222221864197571,2.222221864197571
IND751021AAA,IND751002AAB,Carting,8,3.1999996800000323,1,1.0,32.0,10.0,14.1166,2.1999996800000323,2.1999996800000323
IND603203AAA,IND600044AAD,Carting,12,3.1999996800000323,1,1.0,32.0,10.0,11.6104,2.1999996800000323,2.1999996800000323
IND131028AAB,IND201204AAA,FTL,23,1.7333332177777856,3,1.0,26.0,15.0,23.5309,0.7333332177777856,2.199999653333357
IND781018AAB,IND784001AAA,FTL,18,1.7333332177777856,3,1.0,31.0,19.0,26.6974,0.7333332177777856,2.199999653333357
IND444005AAB,IND421302AAG,FTL,23,2.092424127516076,2,1.0,39.5,18.5,26.694650000000003,1.0924241275160762,2.1848482550321524
IND457001AAA,IND382430AAB,FTL,13,3.181818037190089,1,1.0,70.0,22.0,31.0727,2.181818037190089,2.181818037190089
IND123401AAB,IND123106AAB,FTL,5,1.5454544752066148,4,0.75,34.0,22.0,24.278399999999998,0.5454544752066148,2.1818179008264593
IND500008AAF,IND500039AAC,Carting,11,3.18181789256201,1,1.0,35.0,11.0,11.65,2.18181789256201,2.18181789256201
IND000000ACB,IND110030AAD,Carting,22,1.545454459472351,4,0.5,29.5,15.5,15.09525,0.5454544594723509,2.1818178378894038
IND400072AAB,IND421302AAG,Carting,23,1.7272725702479483,3,1.0,19.0,10.0,12.2096,0.7272725702479483,2.181817710743845
IND854105AAB,IND851204AAA,FTL,5,2.089583198845495,2,1.0,32.5,15.5,22.79455,1.089583198845495,2.17916639769099
IND500039AAC,IND508116AAA,FTL,3,3.1764704013840936,1,1.0,54.0,17.0,23.9261,2.1764704013840936,2.1764704013840936
IND742202AAA,IND712311AAA,FTL,4,3.1764704013840936,1,1.0,54.0,17.0,25.317,2.1764704013840936,2.1764704013840936
IND431136AAC,IND431112AAB,Carting,4,2.0873013190980445,2,1.0,16.5,8.0,11.886299999999999,1.0873013190980445,2.174602638196089
IND403726AAA,IND575004AAB,FTL,13,3.1739129054820476,1,1.0,73.0,23.0,26.0021,2.1739129054820476,2.1739129054820476
IND721306AAA,IND721507AAA,FTL,7,2.0869564310018944,2,1.0,48.0,23.0,28.8036,1.0869564310018944,2.173912862003789
IND384205AAA,IND384355AAB,FTL,2,1.4347825463138022,5,1.0,33.0,23.0,24.7811,0.4347825463138022,2.173912731569011
IND148028AAA,IND147001AAD,FTL,5,1.7222221265432152,3,1.0,31.0,18.0,23.3194,0.7222221265432152,2.1666663796296453
IND614809AAA,IND610001AAA,Carting,17,3.166666138888977,1,1.0,19.0,6.0,6.6564,2.166666138888977,2.166666138888977
IND784001AAA,IND784101AAA,Carting,7,2.083332986111169,2,1.0,12.5,6.0,9.279499999999999,1.0833329861111691,2.1666659722223383
IND721133AAA,IND721434AAB,FTL,6,3.1612902206035414,1,1.0,98.0,31.0,29.2246,2.1612902206035414,2.1612902206035414
IND788026AAC,IND788121AAA,FTL,4,3.1499998425000078,1,1.0,63.0,20.0,28.7465,2.1499998425000078,2.1499998425000078
IND627401AAA,IND627005AAA,FTL,3,1.5370369801097414,4,1.0,42.0,27.0,28.396250000000002,0.5370369801097414,2.1481479204389657
IND756100AAC,IND758001AAA,FTL,23,3.142856993197286,1,1.0,66.0,21.0,30.6108,2.142856993197286,2.142856993197286
IND342005AAD,IND342902AAA,FTL,3,3.142856993197286,1,1.0,66.0,21.0,27.3349,2.142856993197286,2.142856993197286
IND562132AAA,IND501359AAE,FTL,23,1.714285632653065,3,0.6666666666666666,36.0,21.0,23.8533,0.7142856326530651,2.142856897959195
IND785001AAA,IND785682AAA,FTL,21,1.714285632653065,3,1.0,36.0,23.0,31.2184,0.7142856326530651,2.142856897959195
IND562132AAA,IND560066AAB,Carting,23,1.7142855918367434,3,0.6666666666666666,19.0,13.0,10.7955,0.7142855918367434,2.1428567755102303
IND752055AAA,IND751002AAB,Carting,5,2.0714282933673847,2,1.0,15.5,7.5,10.99285,1.0714282933673847,2.1428565867347693
IND273304AAA,IND273014AAB,Carting,10,1.71428546938779,3,0.6666666666666666,12.0,8.0,11.6204,0.71428546938779,2.14285640816337
IND424006AAA,IND424101AAA,Carting,1,1.428571224489825,5,1.0,10.0,7.0,9.327,0.428571224489825,2.1428561224491247
IND000000ACB,IND462022AAA,FTL,23,2.068181719628104,2,1.0,43.5,21.0,30.469900000000003,1.0681817196281038,2.1363634392562076
IND600110AAA,IND600056AAD,Carting,2,2.065656355422938,2,1.0,20.5,10.0,11.42825,1.065656355422938,2.131312710845876
IND413002AAA,IND413501AAA,FTL,23,2.062499874770228,2,1.0,34.0,16.5,24.1577,1.0624998747702281,2.1249997495404562
IND305001AAC,IND305901AAA,FTL,23,2.062499871093758,2,1.0,33.0,16.0,23.083199999999998,1.0624998710937579,2.1249997421875157
IND321022AAA,IND121004AAB,Carting,9,2.0624995859375908,2,1.0,11.5,6.0,9.13325,1.0624995859375908,2.1249991718751815
IND144001AAC,IND000000ACA,FTL,2,2.058823408304505,2,1.0,35.0,17.0,24.1725,1.0588234083045052,2.1176468166090103
IND110037AAM,IND282002AAD,FTL,21,2.055555441358031,2,1.0,37.0,18.0,25.64415,1.055555441358031,2.111110882716062
IND421301AAA,IND421302AAR,Carting,3,3.1111107654321373,1,1.0,28.0,9.0,11.7933,2.1111107654321373,2.1111107654321373
IND421302AAF,IND421302AAR,Carting,3,3.1111107654321373,1,1.0,28.0,9.0,11.747,2.1111107654321373,2.1111107654321373
IND500010AAB,IND501359AAE,Carting,22,2.0555553473625356,2,1.0,20.5,10.0,11.367750000000001,1.0555553473625356,2.1111106947250713
IND533106AAA,IND533003AAA,FTL,23,2.0503471623927005,2,1.0,70.5,34.0,34.1224,1.0503471623927005,2.100694324785401
IND110020AAB,IND110037AAM,Carting,17,3.0999996900000313,1,1.0,31.0,10.0,12.0594,2.0999996900000313,2.0999996900000313
IND562114AAA,IND560067AAC,Carting,3,3.0999996900000313,1,1.0,31.0,10.0,11.882,2.0999996900000313,2.0999996900000313
IND401104AAB,IND400072AAB,Carting,22,2.0486108704668498,2,1.0,17.5,8.5,11.11545,1.0486108704668498,2.0972217409336995
IND602001AAA,IND600116AAB,Carting,9,2.0476187815571025,2,1.0,16.0,8.0,11.71395,1.0476187815571025,2.095237563114205
IND395023AAD,IND395009AAA,Carting,8,3.090908809917381,1,1.0,34.0,11.0,12.1277,2.090908809917381,2.090908809917381
IND243201AAA,IND262001AAA,Carting,6,3.076922840236705,1,1.0,40.0,13.0,16.3883,2.076922840236705,2.076922840236705
IND110014AAA,IND110024AAA,Carting,9,3.071428352040832,1,1.0,43.0,14.0,13.0799,2.071428352040832,2.071428352040832
IND680587AAA,IND683511AAA,Carting,7,3.071428352040832,1,1.0,43.0,14.0,12.058,2.071428352040832,2.071428352040832
IND370001AAA,IND370201AAA,FTL,15,3.066666462222236,1,1.0,46.0,15.0,21.6017,2.066666462222236,2.066666462222236
IND602024AAA,IND600116AAB,Carting,8,3.058823349480979,1,1.0,52.0,17.0,12.0328,2.058823349480979,2.058823349480979
IND424006AAA,IND425412AAA,FTL,23,2.0284090022598176,2,1.0,46.5,23.0,29.79625,1.0284090022598176,2.056818004519635
IND488001AAA,IND471001AAA,FTL,2,2.02757340658116,2,1.0,33.5,16.5,23.67055,1.0275734065811601,2.0551468131623203
IND505184AAC,IND505001AAB,FTL,11,3.052631418282557,1,1.0,58.0,19.0,26.0603,2.052631418282557,2.052631418282557
IND504215AAA,IND505001AAB,FTL,9,3.0454544070247995,1,1.0,67.0,22.0,24.0523,2.0454544070247995,2.0454544070247995
IND784001AAA,IND791111AAC,FTL,23,3.0434781285444292,1,1.0,70.0,23.0,33.0525,2.0434781285444292,2.0434781285444292
IND852113AAA,IND852139AAB,FTL,3,3.041666539930561,1,1.0,73.0,24.0,35.1625,2.041666539930561,2.041666539930561
IND712311AAA,IND713205AAB,FTL,23,2.0196077357747075,2,1.0,39.0,20.5,29.769849999999998,1.0196077357747075,2.039215471549415
IND495677AAA,IND496001AAA,FTL,9,2.018518443758576,2,1.0,54.5,27.0,29.5034,1.018518443758576,2.037036887517152
IND842001AAA,IND843329AAB,FTL,22,1.338709634235173,6,1.0,41.0,30.0,27.767,0.338709634235173,2.032257805411038
IND476111AAA,IND477001AAA,FTL,5,2.0113635398243845,2,1.0,42.0,21.0,25.804299999999998,1.0113635398243845,2.022727079648769
IND160002AAC,IND135001AAA,FTL,5,2.00114406739576,2,1.0,41.5,21.0,24.296149999999997,1.0011440673957601,2.0022881347915202
IND796009AAA,IND796321AAB,FTL,13,2.9999999250000022,1,1.0,120.0,40.0,57.2158,1.9999999250000022,1.9999999250000022
IND712602AAA,IND722154AAA,FTL,9,2.9999998800000047,1,1.0,75.0,25.0,27.0831,1.9999998800000047,1.9999998800000047
IND125005AAA,IND335524AAA,FTL,23,1.6666666203703717,3,0.6666666666666666,60.0,36.0,28.5409,0.6666666203703717,1.9999998611111152
IND521333AAA,IND521225AAB,FTL,9,2.9999998571428637,1,1.0,63.0,21.0,30.2507,1.9999998571428637,1.9999998571428637
IND305001AAC,IND342602AAC,FTL,23,2.999999842105271,1,1.0,57.0,19.0,28.2545,1.9999998421052712,1.9999998421052712
IND854326AAB,IND854105AAA,FTL,23,2.9999998333333426,1,1.0,54.0,18.0,25.7445,1.9999998333333426,1.9999998333333426
IND562114AAA,IND560048AAB,Carting,9,2.999999823529422,1,1.0,51.0,17.0,16.5081,1.9999998235294218,1.9999998235294218
IND110064AAA,IND110046AAA,Carting,11,2.9999998000000136,1,1.0,45.0,15.0,13.5862,1.9999998000000136,1.9999998000000136
IND480001AAA,IND480661AAA,FTL,6,1.9999998888888948,2,1.0,36.0,18.0,25.93825,0.9999998888888948,1.9999997777777896
IND110043AAA,IND000000ACB,Carting,12,2.9999997692307874,1,1.0,39.0,13.0,13.5768,1.9999997692307874,1.9999997692307874
IND411014AAA,IND411043AAA,Carting,8,2.9999997692307874,1,1.0,39.0,13.0,13.9559,1.9999997692307874,1.9999997692307874
IND000000AFT,IND410206AAB,Carting,7,2.9999997692307874,1,1.0,39.0,13.0,15.0894,1.9999997692307874,1.9999997692307874
IND000000ACA,IND147301AAA,FTL,1,1.999999882352948,2,1.0,34.0,17.0,23.08685,0.9999998823529479,1.9999997647058958
IND416602AAC,IND411033AAA,FTL,17,1.666666587301591,3,1.0,38.0,23.0,24.2394,0.6666665873015909,1.9999997619047727
IND450331AAA,IND452001AAC,Carting,10,2.999999727272752,1,1.0,33.0,11.0,12.3354,1.999999727272752,1.999999727272752
IND507002AAA,IND508206AAA,FTL,1,1.6666665740740791,3,1.0,30.0,19.0,26.7489,0.6666665740740791,1.9999997222222374
IND144001AAB,IND160002AAC,FTL,9,1.666666555555563,3,1.0,25.0,15.0,22.622,0.6666665555555631,1.9999996666666893
IND403726AAB,IND403002AAA,Carting,1,1.666666555555563,3,1.0,25.0,15.0,11.9731,0.6666665555555631,1.9999996666666893
IND000000ACB,IND122015AAC,Carting,8,1.6666665277777895,3,0.6666666666666666,18.0,11.0,12.3488,0.6666665277777895,1.9999995833333684
IND530043AAA,IND531163AAA,Carting,4,1.6666665277777895,3,1.0,20.0,12.0,11.1776,0.6666665277777895,1.9999995833333684
IND732202AAA,IND732204AAB,Carting,3,2.9999995714286327,1,1.0,21.0,7.0,11.0104,1.9999995714286327,1.9999995714286327
IND204215AAA,IND207001AAA,Carting,3,2.9999995714286327,1,1.0,21.0,7.0,10.5937,1.9999995714286327,1.9999995714286327
IND600056AAB,IND600116AAB,Carting,22,1.6666664814815022,3,1.0,15.0,9.0,10.0796,0.6666664814815022,1.9999994444445066
IND560300AAA,IND563130AAA,Carting,23,1.9999996333334011,2,1.0,11.0,5.5,8.5515,0.9999996333334011,1.9999992666668023
IND521225AAB,IND521185AAA,Carting,1,1.4999997500000417,4,1.0,9.5,6.5,9.95025,0.4999997500000417,1.9999990000001668
IND302014AAB,IND303301AAB,Carting,23,1.2222220864197684,9,0.5555555555555556,22.0,20.0,17.4826,0.22222208641976837,1.9999987777779153
IND121004AAB,IND121004AAC,Carting,8,1.9861108782793484,2,1.0,17.0,8.5,11.85685,0.9861108782793484,1.9722217565586968
IND793150AAA,IND781018AAB,FTL,22,2.9687499072265657,1,1.0,95.0,32.0,45.955,1.9687499072265657,1.9687499072265657
IND600056AAB,IND632006AAA,FTL,21,1.328042279705917,6,0.6666666666666666,35.5,27.0,28.71095,0.32804227970591704,1.9682536782355022
IND000000ACT,IND000000ACB,FTL,23,1.279999948800002,7,0.8571428571428571,32.0,25.0,27.3676,0.279999948800002,1.959999641600014
IND560300AAA,IND000000ACS,Carting,5,1.9777776582716122,2,1.0,33.0,16.5,12.18995,0.9777776582716122,1.9555553165432245
IND416012AAA,IND591237AAB,FTL,23,1.4869280194690124,4,1.0,26.0,17.5,24.695549999999997,0.48692801946901243,1.9477120778760497
IND713205AAB,IND723130AAA,FTL,6,1.9726720132282412,2,0.5,75.5,38.5,25.693550000000002,0.9726720132282412,1.9453440264564823
IND244901AAB,IND243002AAA,FTL,2,1.9710525306024982,2,1.0,38.5,19.5,24.6434,0.9710525306024982,1.9421050612049964
IND515401AAB,IND515801AAA,FTL,21,2.937499816406261,1,1.0,47.0,16.0,24.072,1.9374998164062611,1.9374998164062611
IND792110AAA,IND786001AAB,Carting,13,1.4841267897455537,4,0.5,11.5,8.0,11.42395,0.4841267897455537,1.9365071589822147
IND515671AAA,IND515591AAA,FTL,23,2.9230768106508918,1,1.0,76.0,26.0,24.9226,1.9230768106508918,1.9230768106508918
IND560064AAD,IND560043AAC,Carting,12,2.9230766982248695,1,1.0,38.0,13.0,12.6283,1.9230766982248695,1.9230766982248695
IND630561AAA,IND623701AAA,FTL,0,1.3846153313609488,5,1.0,33.0,26.0,28.6838,0.38461533136094883,1.9230766568047442
IND500039AAC,IND501359AAE,Carting,15,1.9615382966648878,2,1.0,23.5,12.0,13.4245,0.9615382966648878,1.9230765933297755
IND122503AAA,IND122001AAA,Carting,9,2.916666545138894,1,1.0,70.0,24.0,17.6992,1.9166665451388938,1.9166665451388938
IND341306AAA,IND302014AAA,FTL,13,1.9545453332349547,2,1.0,33.0,18.0,25.94185,0.9545453332349547,1.9090906664699094
IND600056AAB,IND600110AAA,Carting,23,1.6363634876033195,3,1.0,18.0,10.0,10.9155,0.6363634876033195,1.9090904628099585
IND261201AAB,IND261001AAA,FTL,9,1.476190405895695,4,1.0,29.5,20.5,29.4936,0.47619040589569495,1.9047616235827798
IND575004AAB,IND576101AAA,FTL,23,2.899999855000007,1,1.0,58.0,20.0,22.2328,1.899999855000007,1.899999855000007
IND245101AAA,IND245304AAA,Carting,3,2.8947366897507005,1,1.0,55.0,19.0,20.9489,1.8947366897507005,1.8947366897507005
IND691001AAB,IND683511AAA,FTL,23,1.6315788614958493,3,1.0,34.0,19.0,22.2736,0.6315788614958493,1.894736584487548
IND413002AAA,IND501359AAE,FTL,19,1.6315788614958493,3,0.6666666666666666,28.0,19.0,28.1929,0.6315788614958493,1.894736584487548
IND814112AAA,IND814133AAB,FTL,5,2.8888887283950706,1,1.0,52.0,18.0,25.2006,1.8888887283950706,1.8888887283950706
IND144001AAB,IND144601AAA,FTL,1,2.8888887283950706,1,1.0,52.0,18.0,24.8562,1.8888887283950706,1.8888887283950706
IND712311AAA,IND743235AAA,FTL,23,2.8888887283950706,1,1.0,52.0,18.0,26.7945,1.8888887283950706,1.8888887283950706
IND403726AAA,IND581400AAB,FTL,2,2.884615273668643,1,1.0,75.0,26.0,28.5295,1.884615273668643,1.884615273668643
IND824101AAA,IND821307AAA,FTL,2,1.9411763564013906,2,1.0,33.0,17.0,24.5178,0.9411763564013906,1.8823527128027813
IND403726AAA,IND403702AAA,FTL,5,1.6249999322916695,3,1.0,39.0,25.0,26.6566,0.6249999322916695,1.8749997968750085
IND421601AAB,IND421302AAG,Carting,7,1.9374997578125304,2,1.0,15.5,8.0,10.68995,0.9374997578125304,1.8749995156250607
IND733140AAA,IND733102AAA,Carting,4,1.9363634530578688,2,1.0,20.5,10.5,10.523900000000001,0.9363634530578688,1.8727269061157377
IND799250AAA,IND799008AAA,FTL,15,2.8620688668252114,1,1.0,83.0,29.0,42.0617,1.8620688668252114,1.8620688668252114
IND786001AAB,IND786184AAA,Carting,4,2.85714244897965,1,1.0,20.0,7.0,10.554,1.85714244897965,1.85714244897965
IND442605AAA,IND441603AAA,Carting,9,2.85714244897965,1,1.0,20.0,7.0,10.9235,1.85714244897965,1.85714244897965
IND827013AAA,IND829121AAA,Carting,2,1.9285711530612637,2,1.0,13.5,7.0,10.3296,0.9285711530612637,1.8571423061225274
IND521225AAB,IND521001AAA,FTL,23,2.851851746227713,1,1.0,77.0,27.0,34.2393,1.8518517462277129,1.8518517462277129
IND462022AAA,IND842003AAB,FTL,16,2.8421051135734148,1,1.0,54.0,19.0,26.8524,1.8421051135734148,1.8421051135734148
IND332001AAB,IND333028AAA,FTL,23,1.4602925339204402,4,0.75,42.0,27.5,29.754199999999997,0.4602925339204402,1.841170135681761
IND422011AAD,IND422103AAC,Carting,9,2.8378377611395202,1,1.0,105.0,37.0,40.9592,1.8378377611395202,1.8378377611395202
IND416510AAA,IND416602AAC,FTL,5,2.8333331759259344,1,1.0,51.0,18.0,26.8833,1.8333331759259344,1.8333331759259344
IND000000AAL,IND411033AAA,Carting,22,1.9166665069444577,2,1.0,23.0,12.0,13.4281,0.9166665069444577,1.8333330138889155
IND500032AAA,IND502295AAA,Carting,11,2.83333286111119,1,1.0,17.0,6.0,9.5685,1.8333328611111899,1.8333328611111899
IND518002AAA,IND501359AAE,FTL,14,2.82352924567475,1,1.0,48.0,17.0,24.8716,1.82352924567475,1.82352924567475
IND274402AAA,IND274301AAB,FTL,12,2.82352924567475,1,1.0,48.0,17.0,24.2383,1.82352924567475,1.82352924567475
IND842003AAB,IND487001AAB,FTL,23,1.6071427997449,3,1.0,45.0,28.0,32.7834,0.6071427997448999,1.8214283992346998
IND486889AAA,IND231205AAA,FTL,16,2.818181754132233,1,1.0,124.0,44.0,57.0841,1.8181817541322332,1.8181817541322332
IND803101AAA,IND805110AAD,FTL,0,2.8124998242187607,1,1.0,45.0,16.0,22.918,1.8124998242187607,1.8124998242187607
IND221010AAB,IND233001AAA,FTL,23,2.8124998242187607,1,1.0,45.0,16.0,23.9569,1.8124998242187607,1.8124998242187607
IND784176AAA,IND781018AAB,FTL,8,1.9050801414645857,2,1.0,52.5,28.0,34.62655,0.9050801414645857,1.8101602829291714
IND342005AAD,IND344022AAB,FTL,22,2.8095236757369677,1,1.0,59.0,21.0,26.9819,1.8095236757369677,1.8095236757369677
IND411014AAA,IND411048AAA,Carting,8,2.799999813333346,1,1.0,42.0,15.0,14.5859,1.7999998133333461,1.7999998133333461
IND486889AAA,IND231216AAA,FTL,7,1.5999999360000026,3,1.0,40.0,25.0,30.6805,0.5999999360000026,1.7999998080000077
IND131028AAB,IND247667AAA,FTL,22,1.5999999360000026,3,1.0,40.0,25.0,24.2716,0.5999999360000026,1.7999998080000077
IND700088AAA,IND712311AAA,Carting,21,1.5999998933333406,3,1.0,24.0,15.0,13.4824,0.5999998933333406,1.7999996800000218
IND388220AAA,IND388320AAA,Carting,4,1.8999998266666829,2,1.0,21.0,11.0,12.815750000000001,0.8999998266666829,1.7999996533333658
IND390020AAA,IND391110AAD,Carting,4,1.5999998400000162,3,0.6666666666666666,16.0,10.0,10.3064,0.5999998400000162,1.7999995200000485
IND607801AAA,IND606003AAA,Carting,5,2.799999440000112,1,1.0,14.0,5.0,8.0875,1.799999440000112,1.799999440000112
IND841301AAC,IND841226AAB,Carting,1,1.599999680000064,3,0.6666666666666666,8.0,6.0,8.9878,0.599999680000064,1.799999040000192
IND587103AAB,IND582209AAA,FTL,2,1.8965216599425363,2,1.0,45.5,24.0,28.853,0.8965216599425363,1.7930433198850726
IND501359AAE,IND515004AAA,FTL,10,1.298474882063407,6,0.5,27.0,22.5,31.54725,0.2984748820634071,1.7908492923804427
IND781018AAB,IND781354AAA,FTL,11,1.8913042636191821,2,1.0,42.5,22.5,32.473650000000006,0.8913042636191821,1.7826085272383643
IND212601AAA,IND210001AAA,FTL,6,2.7777776234567986,1,1.0,50.0,18.0,26.0573,1.7777776234567986,1.7777776234567986
IND362720AAA,IND362560AAA,Carting,14,2.777777469135837,1,1.0,25.0,9.0,12.3406,1.7777774691358368,1.7777774691358368
IND302006AAA,IND302014AAB,Carting,6,2.777777469135837,1,1.0,25.0,9.0,11.0995,1.7777774691358368,1.7777774691358368
IND522647AAA,IND523201AAA,FTL,4,1.354838665972946,5,0.8,42.0,31.0,26.8643,0.3548386659729461,1.7741933298647306
IND363421AAB,IND364710AAA,FTL,3,1.8860292969155563,2,1.0,31.0,16.5,23.98905,0.8860292969155563,1.7720585938311126
IND000000ACT,IND160002AAC,FTL,13,1.8843136086351475,2,1.0,30.5,16.0,23.46145,0.8843136086351475,1.768627217270295
IND507002AAA,IND508213AAB,FTL,23,1.8823528267733631,2,1.0,31.0,16.5,23.8682,0.8823528267733631,1.7647056535467263
IND829122AAA,IND825301AAA,FTL,22,1.5882352006920468,3,1.0,27.0,17.0,25.2049,0.5882352006920468,1.7647056020761405
IND400072AAB,IND400015AAA,Carting,23,1.8819442223186993,2,1.0,16.0,8.5,11.0973,0.8819442223186993,1.7638884446373986
IND332001AAB,IND334001AAC,FTL,23,1.4392155958631352,4,1.0,23.0,15.5,22.933100000000003,0.4392155958631352,1.7568623834525408
IND262405AAA,IND263153AAB,FTL,4,2.7499998854166714,1,1.0,66.0,24.0,23.7558,1.7499998854166714,1.7499998854166714
IND233001AAA,IND275101AAA,FTL,3,2.7499998281250106,1,1.0,44.0,16.0,23.2681,1.7499998281250106,1.7499998281250106
IND530012AAC,IND501359AAE,FTL,5,2.7499998281250106,1,1.0,44.0,16.0,23.0212,1.7499998281250106,1.7499998281250106
IND722202AAA,IND713205AAB,Carting,5,2.7499998281250106,1,1.0,44.0,16.0,18.7441,1.7499998281250106,1.7499998281250106
IND712310AAE,IND712124AAA,Carting,11,2.7499997708333526,1,1.0,33.0,12.0,11.952,1.7499997708333526,1.7499997708333526
IND504251AAA,IND504293AAA,FTL,2,2.739130315689986,1,1.0,63.0,23.0,25.2253,1.739130315689986,1.739130315689986
IND767017AAA,IND768004AAD,FTL,4,2.739130315689986,1,1.0,63.0,23.0,25.5464,1.739130315689986,1.739130315689986
IND131028AAB,IND250002AAA,FTL,0,1.8680874945654793,2,1.0,55.5,29.5,36.272850000000005,0.8680874945654793,1.7361749891309586
IND605601AAA,IND636102AAA,FTL,3,1.4339079772151793,4,0.5,31.0,23.5,29.11545,0.43390797721517926,1.735631908860717
IND793001AAA,IND781018AAB,FTL,22,2.733333242222225,1,1.0,82.0,30.0,43.5222,1.733333242222225,1.733333242222225
IND580028AAA,IND403726AAA,FTL,16,2.733333151111123,1,1.0,41.0,15.0,21.4026,1.7333331511111232,1.7333331511111232
IND474003AAA,IND000000ACB,FTL,23,1.3461537943787,5,0.6,37.0,29.0,27.1799,0.3461537943787001,1.7307689718935004
IND580028AAA,IND580002AAA,FTL,23,2.727272603305791,1,1.0,60.0,22.0,26.9892,1.7272726033057908,1.7272726033057908
IND462001AAA,IND462022AAA,Carting,9,2.7272724793388656,1,1.0,30.0,11.0,10.4869,1.7272724793388656,1.7272724793388656
IND124103AAA,IND127021AAA,FTL,22,1.344827539833533,5,1.0,40.0,30.0,29.5623,0.344827539833533,1.724137699167665
IND781018AAB,IND785001AAA,FTL,18,2.722222070987663,1,1.0,49.0,18.0,26.0312,1.7222220709876628,1.7222220709876628
IND284001AAA,IND284403AAA,FTL,8,2.7083332204861157,1,1.0,65.0,24.0,30.8228,1.7083332204861157,1.7083332204861157
IND586101AAA,IND416404AAA,FTL,6,2.703703603566533,1,1.0,73.0,27.0,39.1708,1.7037036035665332,1.7037036035665332
IND416404AAA,IND416012AAA,FTL,9,2.703703603566533,1,1.0,73.0,27.0,34.4916,1.7037036035665332,1.7037036035665332
IND205001AAB,IND209625AAA,FTL,22,2.699999910000003,1,1.0,81.0,30.0,41.0047,1.699999910000003,1.699999910000003
IND400037AAA,IND400072AAJ,Carting,3,2.69565205671078,1,1.0,62.0,23.0,26.7755,1.69565205671078,1.69565205671078
IND125005AAA,IND335513AAA,FTL,23,1.5652173232514206,3,1.0,36.0,23.0,24.8013,0.5652173232514206,1.6956519697542618
IND742223AAA,IND742226AAA,Carting,9,2.688888829135804,1,1.0,121.0,45.0,46.5813,1.688888829135804,1.688888829135804
IND209304AAA,IND206122AAA,FTL,1,1.562499902343756,3,1.0,25.0,16.0,23.6533,0.562499902343756,1.687499707031268
IND000000ACB,IND121004AAB,Carting,22,1.562499902343756,3,1.0,19.0,13.0,12.2201,0.562499902343756,1.687499707031268
IND606201AAC,IND605601AAA,Carting,11,1.562499902343756,3,0.6666666666666666,21.0,11.0,12.7474,0.562499902343756,1.687499707031268
IND577598AAB,IND573142AAA,FTL,9,2.6842103850415584,1,1.0,51.0,19.0,27.3614,1.6842103850415584,1.6842103850415584
IND562132AAA,IND395023AAA,FTL,23,2.66666655555556,1,1.0,64.0,24.0,30.051,1.66666655555556,1.66666655555556
IND415605AAA,IND415709AAA,FTL,5,2.6666665396825455,1,1.0,56.0,21.0,30.3707,1.6666665396825455,1.6666665396825455
IND695012AAA,IND695101AAB,Carting,23,2.6666665396825455,1,1.0,56.0,21.0,16.0887,1.6666665396825455,1.6666665396825455
IND761200AAA,IND532001AAB,FTL,12,2.6666665185185265,1,1.0,48.0,18.0,25.6382,1.6666665185185265,1.6666665185185265
IND636005AAA,IND636016AAA,Carting,3,2.6666663703704034,1,1.0,24.0,9.0,10.0184,1.6666663703704034,1.6666663703704034
IND395023AAD,IND396445AAA,Carting,1,1.8333331296296524,2,1.0,16.5,9.0,12.8279,0.8333331296296524,1.666666259259305
IND751015AAA,IND752055AAA,Carting,2,1.833333118055584,2,1.0,17.5,9.0,10.3831,0.8333331180555841,1.6666662361111682
IND516115AAA,IND517501AAB,Carting,10,2.6666662222222963,1,1.0,16.0,6.0,9.7668,1.6666662222222963,1.6666662222222963
IND792130AAB,IND786001AAB,Carting,12,1.5555553827160686,3,1.0,14.0,9.0,10.4302,0.5555553827160686,1.666666148148206
IND423701AAB,IND422011AAD,Carting,11,1.3333331851852017,5,0.8,13.0,9.0,10.5575,0.3333331851852017,1.6666659259260086
IND500050AAA,IND501359AAE,Carting,20,1.4155842534997665,4,0.75,11.5,9.0,10.6086,0.41558425349976647,1.6623370139990659
IND384355AAB,IND385001AAA,FTL,9,1.5538461299408288,3,0.6666666666666666,101.0,65.0,70.4425,0.5538461299408288,1.6615383898224865
IND384355AAB,IND384205AAA,FTL,7,2.652173797731574,1,1.0,61.0,23.0,25.4029,1.652173797731574,1.652173797731574
IND852118AAA,IND854326AAB,FTL,13,2.652173797731574,1,1.0,61.0,23.0,33.6594,1.652173797731574,1.652173797731574
IND524003AAA,IND501359AAE,FTL,12,1.8249999087500046,2,1.0,36.5,20.0,28.868,0.8249999087500046,1.6499998175000092
IND387001AAA,IND388220AAA,Carting,9,2.6470586678200783,1,1.0,45.0,17.0,17.3804,1.6470586678200783,1.6470586678200783
IND680012AAA,IND679303AAA,Carting,3,1.8222220319753286,2,1.0,17.5,9.5,10.98805,0.8222220319753286,1.6444440639506572
IND201306AAA,IND201301AAF,Carting,11,1.82142844132654,2,1.0,25.5,14.0,10.91365,0.82142844132654,1.64285688265308
IND395023AAA,IND396191AAC,FTL,9,1.8188404865399472,2,1.0,36.0,20.5,27.8614,0.8188404865399472,1.6376809730798945
IND125001AAA,IND125051AAA,FTL,23,2.6333332455555585,1,1.0,79.0,30.0,39.4186,1.6333332455555585,1.6333332455555585
IND621211AAA,IND621010AAA,FTL,23,1.8130951491978502,2,1.0,37.0,20.5,23.0349,0.8130951491978502,1.6261902983957004
IND796081AAA,IND788026AAC,FTL,8,2.6249998906250043,1,1.0,63.0,24.0,35.2025,1.6249998906250043,1.6249998906250043
IND209111AAA,IND285001AAD,FTL,7,2.62499983593751,1,1.0,42.0,16.0,23.2555,1.6249998359375102,1.6249998359375102
IND584128AAA,IND583121AAA,Carting,5,2.6249996718750412,1,1.0,21.0,8.0,11.8766,1.6249996718750412,1.6249996718750412
IND713205AAB,IND722202AAA,Carting,5,2.6249996718750412,1,1.0,21.0,8.0,9.7307,1.6249996718750412,1.6249996718750412
IND400064AAB,IND400072AAD,Carting,17,2.6153844142011993,1,1.0,34.0,13.0,13.2216,1.6153844142011993,1.6153844142011993
IND121004AAB,IND121001AAA,Carting,8,1.5384614201183524,3,1.0,16.0,11.0,11.8459,0.5384614201183524,1.6153842603550572
IND673305AAA,IND673104AAA,Carting,9,1.806817979209734,2,1.0,16.5,9.5,9.429400000000001,0.8068179792097341,1.6136359584194682
IND533106AAA,IND533308AAB,FTL,21,2.6129031415192534,1,1.0,81.0,31.0,33.956,1.6129031415192534,1.6129031415192534
IND144001AAB,IND000000ACA,FTL,2,1.797618954743013,2,1.0,35.0,19.5,27.80445,0.797618954743013,1.595237909486026
IND600110AAA,IND600056AAB,Carting,22,1.7944442545061932,2,1.0,17.0,9.5,10.835,0.7944442545061932,1.5888885090123863
IND733201AAA,IND733202AAB,FTL,10,2.588235141868521,1,1.0,44.0,17.0,25.0877,1.588235141868521,1.588235141868521
IND401209AAB,IND421302AAH,Carting,22,1.7928569890816464,2,1.0,21.5,12.0,12.9969,0.7928569890816464,1.5857139781632927
IND635802AAB,IND562132AAA,FTL,8,1.7926420671580883,2,1.0,44.0,24.5,32.3645,0.7926420671580883,1.5852841343161765
IND110030AAD,IND000000ACB,Carting,14,2.583333118055574,1,1.0,31.0,12.0,13.2156,1.5833331180555739,1.5833331180555739
IND462011AAA,IND462022AAA,Carting,8,2.583333118055574,1,1.0,31.0,12.0,12.4105,1.5833331180555739,1.5833331180555739
IND411033AAA,IND000000AAL,Carting,21,2.583333118055574,1,1.0,31.0,12.0,11.1132,1.5833331180555739,1.5833331180555739
IND226004AAA,IND226024AAA,Carting,4,2.583333118055574,1,1.0,31.0,12.0,17.6323,1.5833331180555739,1.5833331180555739
IND792103AAB,IND792001AAA,Carting,20,2.583333118055574,1,1.0,31.0,12.0,17.6244,1.5833331180555739,1.5833331180555739
IND335804AAD,IND335703AAA,Carting,8,1.7916664965277949,2,0.5,19.5,10.0,10.7417,0.7916664965277949,1.5833329930555897
IND854105AAA,IND853204AAA,FTL,2,1.7881943392409396,2,1.0,30.5,17.0,25.230800000000002,0.7881943392409396,1.5763886784818792
IND501101AAB,IND501359AAE,Carting,4,2.571428387755115,1,1.0,36.0,14.0,15.2221,1.5714283877551152,1.5714283877551152
IND202001AAC,IND204215AAA,Carting,22,2.571428204081685,1,1.0,18.0,7.0,10.2352,1.571428204081685,1.571428204081685
IND121004AAA,IND121004AAB,Carting,4,2.571428204081685,1,1.0,18.0,7.0,9.2527,1.571428204081685,1.571428204081685
IND500055AAC,IND501401AAC,Carting,9,1.7857140306122812,2,1.0,12.5,7.0,10.2532,0.7857140306122812,1.5714280612245624
IND400015AAB,IND421302AAG,Carting,22,1.7857140068027648,2,1.0,11.5,6.5,9.19845,0.7857140068027648,1.5714280136055296
IND281121AAB,IND110037AAM,FTL,7,2.5652172797731616,1,1.0,59.0,23.0,33.8286,1.5652172797731616,1.5652172797731616
IND423106AAA,IND423105AAA,FTL,2,1.5217390642722146,3,1.0,35.0,23.0,24.9749,0.5217390642722146,1.5652171928166438
IND509301AAA,IND501359AAE,FTL,3,2.5624998398437597,1,1.0,41.0,16.0,23.6534,1.5624998398437597,1.5624998398437597
IND842001AAA,IND845418AAB,FTL,23,1.3124999589843764,5,0.8,42.0,32.0,45.6863,0.31249995898437644,1.5624997949218822
IND262802AAA,IND262723AAB,FTL,14,2.5555554845679036,1,1.0,92.0,36.0,46.3066,1.5555554845679036,1.5555554845679036
IND811105AAA,IND803212AAB,FTL,23,2.555555460905353,1,1.0,69.0,27.0,30.3754,1.555555460905353,1.555555460905353
IND396321AAA,IND396580AAB,Carting,9,2.5555554135802545,1,1.0,46.0,18.0,22.4078,1.5555554135802545,1.5555554135802545
IND841424AAA,IND841226AAB,FTL,23,2.5555554135802545,1,1.0,46.0,18.0,25.2695,1.5555554135802545,1.5555554135802545
IND790001AAB,IND784001AAA,Carting,4,2.55555527160497,1,1.0,23.0,9.0,12.0237,1.55555527160497,1.55555527160497
IND382421AAA,IND382430AAB,Carting,11,1.7777774913580742,2,1.0,12.0,7.0,10.617049999999999,0.7777774913580742,1.5555549827161483
IND362220AAA,IND362225AAA,Carting,3,2.545454314049608,1,1.0,28.0,11.0,13.5051,1.545454314049608,1.545454314049608
IND721139AAC,IND721636AAB,Carting,6,2.538461440828406,1,1.0,66.0,26.0,30.0767,1.538461440828406,1.538461440828406
IND122001AAA,IND122001AAD,Carting,8,2.5384613431952814,1,1.0,33.0,13.0,12.8858,1.5384613431952814,1.5384613431952814
IND110037AAK,IND000000ACB,Carting,23,1.384615278106517,4,0.75,16.0,11.5,12.206299999999999,0.3846152781065171,1.5384611124260683
IND843109AAB,IND843126AAA,Carting,1,1.384615278106517,4,1.0,18.0,13.0,11.297,0.3846152781065171,1.5384611124260683
IND249407AAA,IND246149AAA,FTL,5,2.533333291111112,1,1.0,152.0,60.0,77.4929,1.533333291111112,1.533333291111112
IND412210AAC,IND411033AAA,FTL,5,2.5333332488888916,1,1.0,76.0,30.0,35.0262,1.5333332488888916,1.5333332488888916
IND272001AAA,IND273014AAB,FTL,16,2.5333331644444557,1,1.0,38.0,15.0,21.5557,1.5333331644444557,1.5333331644444557
IND122004AAA,IND000000ACB,Carting,22,1.7666664726984367,2,1.0,18.5,11.0,12.27535,0.7666664726984367,1.5333329453968734
IND826004AAA,IND815301AAA,FTL,1,1.7644926785667434,2,1.0,41.5,23.5,26.05455,0.7644926785667434,1.5289853571334868
IND501359AAE,IND712311AAA,FTL,23,1.3819443628954522,4,1.0,23.5,17.0,25.125149999999998,0.3819443628954522,1.5277774515818088
IND722143AAB,IND723133AAA,FTL,6,1.761904678004539,2,1.0,37.0,21.0,23.39385,0.7619046780045391,1.5238093560090782
IND411033AAA,IND411036AAA,Carting,21,1.7619045256236245,2,1.0,21.0,13.0,14.2648,0.7619045256236245,1.523809051247249
IND673592AAA,IND673121AAA,Carting,5,1.754545287768611,2,1.0,18.5,10.5,11.25995,0.754545287768611,1.509090575537222
IND396191AAB,IND421302AAG,FTL,6,2.4999998611111187,1,1.0,45.0,18.0,26.1605,1.4999998611111187,1.4999998611111187
IND247554AAA,IND248001AAA,FTL,23,1.7499999204545489,2,1.0,38.5,22.0,24.0215,0.7499999204545489,1.4999998409090978
IND673592AAA,IND670645AAB,Carting,5,2.499999821428584,1,1.0,35.0,14.0,14.2563,1.4999998214285841,1.4999998214285841
IND421302AAR,IND400612AAA,Carting,6,2.499999750000025,1,1.0,25.0,10.0,13.2968,1.499999750000025,1.499999750000025
IND000000AFT,IND410206AAA,Carting,8,2.499999750000025,1,1.0,25.0,10.0,12.6789,1.499999750000025,1.499999750000025
IND751002AAB,IND756100AAC,FTL,7,1.4999999062500058,3,0.6666666666666666,24.0,16.0,23.8736,0.4999999062500058,1.4999997187500174
IND413307AAB,IND413304AAA,Carting,6,2.4999996875000394,1,1.0,20.0,8.0,12.1643,1.4999996875000394,1.4999996875000394
IND411033AAA,IND410505AAB,Carting,9,1.3749999140625053,4,0.75,22.5,16.0,11.76985,0.3749999140625053,1.4999996562500213
IND585307AAB,IND585104AAA,Carting,10,1.7499997951389132,2,1.0,15.0,8.5,10.01715,0.7499997951389132,1.4999995902778265
IND742102AAB,IND742303AAB,Carting,23,2.4999995833334028,1,1.0,15.0,6.0,9.8096,1.4999995833334028,1.4999995833334028
IND751014AAA,IND751002AAB,Carting,9,2.4999995833334028,1,1.0,15.0,6.0,9.6829,1.4999995833334028,1.4999995833334028
IND742149AAA,IND742225AAA,Carting,23,2.4999995833334028,1,1.0,15.0,6.0,9.3199,1.4999995833334028,1.4999995833334028
IND786184AAA,IND786190AAA,Carting,4,1.7499997812500276,2,1.0,14.0,8.0,11.22875,0.7499997812500276,1.4999995625000553
IND144401AAB,IND144001AAB,Carting,6,1.4999998500000151,3,1.0,16.0,10.0,13.0535,0.4999998500000151,1.4999995500000454
IND422103AAC,IND422605AAA,Carting,3,1.4999998500000151,3,1.0,11.0,7.0,11.2866,0.4999998500000151,1.4999995500000454
IND641062AAD,IND638401AAA,Carting,2,1.7499997395833728,2,1.0,12.0,7.0,9.975950000000001,0.7499997395833728,1.4999994791667457
IND302014AAB,IND303303AAA,Carting,1,1.4999998125000236,3,0.6666666666666666,12.0,6.0,9.6914,0.49999981250002357,1.4999994375000707
IND403726AAB,IND403601AAA,Carting,1,1.299999870000013,5,0.8,14.0,11.0,12.8664,0.29999987000001305,1.4999993500000652
IND322201AAA,IND302014AAB,Carting,6,1.4999997500000417,3,1.0,9.0,6.0,9.2239,0.4999997500000417,1.4999992500001251
IND563131AAB,IND560300AAB,Carting,6,1.4999997500000417,3,0.6666666666666666,10.0,6.0,9.5829,0.4999997500000417,1.4999992500001251
IND401104AAA,IND421302AAG,Carting,19,1.7443608151016683,2,1.0,35.0,20.0,22.84825,0.7443608151016683,1.4887216302033366
IND803116AAA,IND803108AAB,FTL,3,2.4799999008000038,1,1.0,62.0,25.0,29.6485,1.4799999008000038,1.4799999008000038
IND577002AAA,IND580028AAA,FTL,9,1.7369280055801242,2,1.0,30.5,17.5,25.5106,0.7369280055801242,1.4738560111602483
IND574211AAA,IND574202AAA,FTL,19,2.4736840803324167,1,1.0,47.0,19.0,26.3832,1.4736840803324167,1.4736840803324167
IND788151AAA,IND788713AAA,FTL,8,2.4736840803324167,1,1.0,47.0,19.0,28.044,1.4736840803324167,1.4736840803324167
IND201007AAB,IND201301AAF,Carting,19,2.466666502222233,1,1.0,37.0,15.0,12.2462,1.4666665022222332,1.4666665022222332
IND68004AAA,IND678683AAA,FTL,1,2.461538366863909,1,1.0,64.0,26.0,25.0489,1.461538366863909,1.461538366863909
IND363310AAB,IND382430AAB,FTL,9,1.730414672071329,2,0.5,41.5,26.0,27.09535,0.7304146720713289,1.4608293441426579
IND176061AAA,IND160002AAC,FTL,7,1.7296702692199033,2,1.0,50.5,30.5,31.325249999999997,0.7296702692199033,1.4593405384398066
IND736135AAA,IND736165AAA,FTL,12,2.458333230902782,1,1.0,59.0,24.0,27.8578,1.4583332309027819,1.4583332309027819
IND400072AAB,IND411033AAA,FTL,23,1.208333282986113,7,0.5714285714285714,29.0,25.0,27.1677,0.2083332829861131,1.4583329809027916
IND244001AAA,IND263153AAB,FTL,16,2.454545398760332,1,1.0,108.0,44.0,46.9487,1.4545453987603318,1.4545453987603318
IND501359AAG,IND000000ACN,Carting,16,2.454545231404979,1,1.0,27.0,11.0,13.7084,1.4545452314049792,1.4545452314049792
IND600044AAE,IND600056AAB,Carting,20,1.7272725182999085,2,1.0,15.0,9.0,10.9701,0.7272725182999085,1.454545036599817
IND132001AAA,IND132103AAA,FTL,6,2.449999877500006,1,1.0,49.0,20.0,24.4782,1.449999877500006,1.449999877500006
IND533106AAA,IND534260AAC,FTL,23,1.7246031262326795,2,0.5,61.5,35.5,25.8412,0.7246031262326795,1.449206252465359
IND826001AAC,IND828111AAA,Carting,21,2.4444441728395367,1,1.0,22.0,9.0,10.2659,1.4444441728395367,1.4444441728395367
IND263153AAB,IND263139AAA,FTL,1,1.4799999408000024,3,1.0,37.0,26.0,26.7929,0.4799999408000024,1.4399998224000072
IND580028AAA,IND591115AAB,FTL,23,1.715686176310399,2,1.0,30.0,17.5,24.9905,0.715686176310399,1.431372352620798
IND395023AAD,IND395006AAA,Carting,7,2.4285712551020535,1,1.0,34.0,14.0,14.8858,1.4285712551020535,1.4285712551020535
IND583201AAA,IND583227AAA,Carting,5,1.7142855829081736,2,1.0,22.5,13.0,13.861,0.7142855829081736,1.4285711658163471
IND742401AAA,IND742102AAB,Carting,8,2.4285710816327026,1,1.0,17.0,7.0,7.6661,1.4285710816327026,1.4285710816327026
IND402301AAA,IND402107AAA,Carting,10,2.4285710816327026,1,1.0,17.0,7.0,10.2716,1.4285710816327026,1.4285710816327026
IND676306AAA,IND676509AAA,Carting,0,1.2857141938775576,5,0.8,18.0,14.0,14.5607,0.2857141938775576,1.428570969387788
IND515004AAA,IND515671AAA,FTL,23,1.7133332634111138,2,1.0,42.0,24.5,30.685650000000003,0.7133332634111138,1.4266665268222276
IND473226AAA,IND473001AAA,FTL,10,1.3563217930770262,4,1.0,44.5,31.0,26.88935,0.35632179307702616,1.4252871723081046
IND691551AAA,IND691001AAB,Carting,5,2.4166664652777947,1,1.0,29.0,12.0,13.0782,1.4166664652777947,1.4166664652777947
IND788121AAA,IND796081AAA,FTL,13,2.4117646349480992,1,1.0,82.0,34.0,48.1488,1.4117646349480992,1.4117646349480992
IND604303AAA,IND603102AAA,FTL,13,2.411764564013849,1,1.0,41.0,17.0,24.2926,1.4117645640138492,1.4117645640138492
IND464221AAA,IND470004AAA,FTL,13,2.411764564013849,1,1.0,41.0,17.0,24.9669,1.4117645640138492,1.4117645640138492
IND508252AAB,IND508207AAB,FTL,9,1.7032162821081749,2,1.0,31.5,18.5,24.46295,0.7032162821081749,1.4064325642163498
IND505001AAB,IND505209AAA,FTL,2,2.399999880000006,1,1.0,48.0,20.0,29.0035,1.399999880000006,1.399999880000006
IND246701AAA,IND246763AAA,FTL,3,1.6999999150000042,2,1.0,34.0,20.0,25.763550000000002,0.6999999150000042,1.3999998300000085
IND410206AAA,IND000000AFT,Carting,3,2.399999760000024,1,1.0,24.0,10.0,11.0448,1.399999760000024,1.399999760000024
IND768216AAA,IND770001AAA,FTL,2,1.696691125476456,2,0.5,56.5,33.0,35.6035,0.6966911254764561,1.3933822509529121
IND365560AAB,IND364290AAA,FTL,6,2.3888887561728467,1,1.0,43.0,18.0,24.8359,1.3888887561728467,1.3888887561728467
IND302014AAA,IND306401AAB,FTL,20,2.3888887561728467,1,1.0,43.0,18.0,23.4992,1.3888887561728467,1.3888887561728467
IND411033AAA,IND411014AAA,Carting,22,1.231092310535994,6,0.5,17.5,14.5,11.92575,0.2310923105359941,1.3865538632159646
IND721401AAA,IND721306AAA,FTL,11,2.3846152928994115,1,1.0,62.0,26.0,28.8153,1.3846152928994115,1.3846152928994115
IND631102AAA,IND600056AAB,FTL,4,1.6908211875345232,2,1.0,42.0,25.0,27.33115,0.6908211875345232,1.3816423750690463
IND530043AAA,IND530012AAA,Carting,9,2.3749998515625093,1,1.0,38.0,16.0,16.6582,1.3749998515625093,1.3749998515625093
IND562132AAA,IND577002AAA,FTL,5,1.6874998945312565,2,1.0,27.0,16.0,23.6982,0.6874998945312565,1.374999789062513
IND700026AAC,IND712311AAA,Carting,11,2.374999703125037,1,1.0,19.0,8.0,12.0001,1.3749997031250372,1.3749997031250372
IND562132AAA,IND580028AAA,FTL,10,1.6858551661021957,2,1.0,29.5,17.5,25.5733,0.6858551661021957,1.3717103322043913
IND530012AAA,IND531001AAA,Carting,2,1.6857140834694129,2,1.0,14.5,8.5,11.5447,0.6857140834694129,1.3714281669388257
IND370201AAA,IND363310AAB,FTL,7,2.36666658777778,1,1.0,71.0,30.0,24.6779,1.3666665877777802,1.3666665877777802
IND691506AAA,IND691305AAA,Carting,8,2.3636361487603503,1,1.0,26.0,11.0,10.563,1.3636361487603503,1.3636361487603503
IND786190AAA,IND786001AAB,Carting,8,1.4545453223140616,3,0.6666666666666666,15.0,10.0,12.8009,0.45454532231406164,1.363635966942185
IND144001AAB,IND144401AAB,Carting,6,1.272727157024804,5,0.6,14.0,12.0,12.0847,0.272727157024804,1.36363578512402
IND403702AAA,IND575004AAB,FTL,16,1.6797618229280085,2,1.0,34.5,20.5,25.279200000000003,0.6797618229280085,1.359523645856017
IND600008AAC,IND600004AAA,Carting,2,2.3571426887755225,1,1.0,33.0,14.0,13.2347,1.3571426887755225,1.3571426887755225
IND583101AAA,IND583201AAA,FTL,9,2.352941038062292,1,1.0,40.0,17.0,24.8276,1.352941038062292,1.352941038062292
IND000000AFT,IND421302AAG,Carting,22,2.352941038062292,1,1.0,40.0,17.0,19.4611,1.352941038062292,1.352941038062292
IND441614AAA,IND481001AAA,FTL,5,2.352941038062292,1,1.0,40.0,17.0,24.7192,1.352941038062292,1.352941038062292
IND500080AAB,IND501359AAE,Carting,20,1.674999810625022,2,1.0,15.0,9.0,11.88195,0.6749998106250219,1.3499996212500438
IND110095AAB,IND000000ACB,Carting,23,1.3374998490625174,4,0.75,12.0,9.0,10.0309,0.3374998490625174,1.3499993962500696
IND160002AAC,IND134203AAA,Carting,3,1.6746029635928716,2,1.0,13.5,8.0,10.2651,0.6746029635928716,1.3492059271857433
IND416012AAA,IND415003AAA,FTL,23,2.333333236111115,1,1.0,56.0,24.0,27.5728,1.3333332361111152,1.3333332361111152
IND244301AAA,IND244412AAA,FTL,3,1.666666604938274,2,1.0,45.0,27.0,25.4827,0.6666666049382739,1.3333332098765478
IND741156AAA,IND742101AAC,Carting,6,2.333333203703711,1,1.0,42.0,18.0,25.163,1.333333203703711,1.333333203703711
IND000000AFR,IND683511AAA,Carting,4,2.3333331388889054,1,1.0,28.0,12.0,10.2603,1.3333331388889054,1.3333331388889054
IND562132AAA,IND421302AAG,FTL,23,1.4444443641975353,3,1.0,24.0,18.0,25.6913,0.4444443641975353,1.333333092592606
IND501359AAE,IND518002AAA,FTL,16,1.4444443641975353,3,1.0,26.0,18.0,26.1865,0.4444443641975353,1.333333092592606
IND411033AAA,IND413002AAA,FTL,22,1.4444443641975353,3,1.0,26.0,17.0,25.2295,0.4444443641975353,1.333333092592606
IND400072AAB,IND400011AAA,Carting,5,2.333333074074103,1,1.0,21.0,9.0,12.0403,1.333333074074103,1.333333074074103
IND713205AAB,IND722101AAA,Carting,0,1.4444442839506353,3,1.0,13.0,9.0,10.3804,0.4444442839506353,1.3333328518519059
IND263153AAB,IND263401AAA,FTL,2,2.321428488520411,1,1.0,65.0,28.0,30.1525,1.3214284885204108,1.3214284885204108
IND125005AAA,IND125047AAB,FTL,23,2.3199999072000037,1,1.0,58.0,25.0,31.4407,1.3199999072000037,1.3199999072000037
IND713205AAB,IND722143AAB,FTL,2,2.3181817128099222,1,1.0,51.0,22.0,32.3575,1.3181817128099222,1.3181817128099222
IND781018AAB,IND784168AAB,FTL,21,2.3157893518005603,1,1.0,44.0,19.0,27.6484,1.3157893518005603,1.3157893518005603
IND530012AAA,IND751002AAB,FTL,23,1.4374999101562556,3,0.6666666666666666,23.0,16.0,23.7623,0.43749991015625556,1.3124997304687667
IND201007AAA,IND201001AAA,Carting,1,1.6553028858184242,2,1.0,19.0,11.5,10.4372,0.6553028858184242,1.3106057716368484
IND505503AAA,IND506164AAA,FTL,4,2.3076921301775286,1,1.0,30.0,13.0,18.6183,1.3076921301775286,1.3076921301775286
IND713364AAB,IND712311AAA,FTL,14,1.652941072964251,2,1.0,26.5,16.0,23.30265,0.6529410729642511,1.3058821459285022
IND421302AAG,IND400102AAB,Carting,23,2.299999770000023,1,1.0,23.0,10.0,14.7026,1.299999770000023,1.299999770000023
IND480661AAA,IND481661AAA,FTL,7,1.6490682483250423,2,1.0,36.5,22.0,24.083750000000002,0.6490682483250423,1.2981364966500846
IND507123AAA,IND506314AAA,FTL,4,1.259259212620029,5,0.6,34.0,29.0,25.4176,0.25925921262002904,1.2962960631001452
IND573201AAB,IND573134AAB,FTL,22,1.647660729639039,2,1.0,30.5,18.5,27.2561,0.6476607296390391,1.2953214592780782
IND244901AAB,IND244921AAB,Carting,23,1.647186029394136,2,1.0,25.5,16.0,14.997800000000002,0.647186029394136,1.294372058788272
IND826004AAA,IND815353AAA,FTL,1,2.294117579584777,1,1.0,78.0,34.0,31.2064,1.294117579584777,1.294117579584777
IND610001AAA,IND605010AAB,FTL,13,2.2941175121107342,1,1.0,39.0,17.0,25.0039,1.2941175121107342,1.2941175121107342
IND506002AAA,IND506343AAA,FTL,1,1.6470587266436043,2,1.0,28.0,17.0,24.807450000000003,0.6470587266436043,1.2941174532872086
IND000000ACN,IND501359AAF,Carting,20,1.6444442695061916,2,1.0,15.5,9.5,12.13875,0.6444442695061916,1.2888885390123832
IND712311AAA,IND742101AAC,FTL,15,2.2857142312925185,1,1.0,96.0,42.0,58.265,1.2857142312925185,1.2857142312925185
IND501359AAE,IND523002AAA,FTL,10,1.428571360544221,3,1.0,30.0,21.0,25.7949,0.42857136054422096,1.2857140816326629
IND584101AAA,IND584123AAA,Carting,2,1.4285713265306197,3,0.6666666666666666,9.0,7.0,7.7308,0.4285713265306197,1.285713979591859
IND842001AAA,IND843126AAA,Carting,1,2.28571395918372,1,1.0,16.0,7.0,10.0976,1.28571395918372,1.28571395918372
IND641062AAD,IND643217AAA,Carting,23,1.428571224489825,3,1.0,11.0,9.0,10.4385,0.428571224489825,1.285713673469475
IND781018AAB,IND785612AAB,FTL,15,1.6415440177538447,2,1.0,27.0,16.5,23.5812,0.6415440177538447,1.2830880355076895
IND600016AAB,IND600044AAC,Carting,19,1.6414139764820086,2,1.0,16.5,10.0,11.23515,0.6414139764820086,1.2828279529640172
IND443301AAA,IND443201AAA,FTL,3,2.2777776512345747,1,1.0,41.0,18.0,26.768,1.2777776512345747,1.2777776512345747
IND712311AAA,IND713103AAA,FTL,23,2.272727169421492,1,1.0,50.0,22.0,31.6172,1.272727169421492,1.272727169421492
IND600008AAC,IND600056AAB,Carting,7,2.2727270661157215,1,1.0,25.0,11.0,12.6225,1.2727270661157215,1.2727270661157215
IND560300AAA,IND560078AAC,Carting,16,2.2727270661157215,1,1.0,25.0,11.0,10.9894,1.2727270661157215,1.2727270661157215
IND201304AAA,IND201301AAF,Carting,5,2.2666665155555656,1,1.0,34.0,15.0,12.0833,1.2666665155555656,1.2666665155555656
IND332404AAA,IND332001AAB,FTL,19,1.4210525567867074,3,1.0,27.0,18.0,23.8404,0.4210525567867074,1.2631576703601222
IND173025AAA,IND160002AAC,FTL,10,2.260869466918719,1,1.0,52.0,23.0,33.0296,1.2608694669187188,1.2608694669187188
IND847404AAB,IND842001AAA,FTL,6,1.3141446612004457,4,0.75,24.0,18.0,25.735500000000002,0.3141446612004457,1.2565786448017828
IND562132AAA,IND577501AAA,FTL,4,2.2499998875000053,1,1.0,45.0,20.0,25.9785,1.2499998875000053,1.2499998875000053
IND421302AAG,IND400701AAB,Carting,23,2.249999859375009,1,1.0,36.0,16.0,18.7241,1.2499998593750088,1.2499998593750088
IND764020AAC,IND764001AAC,Carting,9,2.2499998125000156,1,1.0,27.0,12.0,17.1324,1.2499998125000156,1.2499998125000156
IND302014AAB,IND302026AAA,Carting,2,2.2499998125000156,1,1.0,27.0,12.0,12.8943,1.2499998125000156,1.2499998125000156
IND700028AAB,IND712311AAA,Carting,9,2.2499997187500353,1,1.0,18.0,8.0,11.0528,1.2499997187500353,1.2499997187500353
IND686507AAA,IND686513AAA,Carting,3,2.2499997187500353,1,1.0,18.0,8.0,11.8543,1.2499997187500353,1.2499997187500353
IND641011AAA,IND641062AAD,Carting,6,1.6249998260416865,2,0.5,16.5,11.5,11.86215,0.6249998260416865,1.249999652083373
IND756032AAA,IND712311AAA,FTL,19,2.2413792330558886,1,1.0,65.0,29.0,40.679,1.2413792330558886,1.2413792330558886
IND342902A1B,IND302014AAA,FTL,10,2.2380951315192794,1,1.0,47.0,21.0,30.6031,1.2380951315192794,1.2380951315192794
IND334001AAC,IND334803AAA,FTL,2,1.6189838726193244,2,1.0,31.5,19.5,28.244,0.6189838726193244,1.2379677452386488
IND501359AAE,IND000000ACB,FTL,22,2.235293986159177,1,1.0,38.0,17.0,24.8253,1.235293986159177,1.235293986159177
IND821307AAA,IND824101AAA,FTL,4,2.235293986159177,1,1.0,38.0,17.0,24.451,1.235293986159177,1.235293986159177
IND202001AAB,IND205001AAB,FTL,16,2.235293986159177,1,1.0,38.0,17.0,24.1101,1.235293986159177,1.235293986159177
IND732103AAA,IND732138AAA,FTL,3,2.2307691449704175,1,1.0,58.0,26.0,28.2182,1.2307691449704175,1.2307691449704175
IND560078AAC,IND560099AAB,Carting,20,2.230769059171611,1,1.0,29.0,13.0,11.2131,1.2307690591716112,1.2307690591716112
IND722202AAA,IND722101AAC,Carting,5,1.6142855222449217,2,1.0,14.0,8.5,9.98535,0.6142855222449217,1.2285710444898434
IND276129AAA,IND221010AAB,FTL,11,2.227272676652894,1,1.0,98.0,44.0,32.5761,1.2272726766528939,1.2272726766528939
IND400701AAB,IND421302AAG,Carting,22,2.2272726260330624,1,1.0,49.0,22.0,23.8612,1.2272726260330624,1.2272726260330624
IND68004AAA,IND683511AAA,Carting,9,2.2272726260330624,1,1.0,49.0,22.0,19.6631,1.2272726260330624,1.2272726260330624
IND581115AAC,IND581110AAE,Carting,1,1.6124997384375448,2,1.0,10.5,6.5,9.23075,0.6124997384375448,1.2249994768750896
IND232104AAB,IND221010AAB,Carting,3,1.6116069502949868,2,0.5,15.5,11.5,13.550999999999998,0.6116069502949868,1.2232139005899736
IND733140AAA,IND732103AAA,FTL,12,2.222222098765439,1,1.0,40.0,18.0,26.5364,1.2222220987654389,1.2222220987654389
IND625532AAA,IND685514AAA,FTL,2,1.6091617539508842,2,0.5,74.5,42.0,34.51785,0.6091617539508842,1.2183235079017685
IND679322AAA,IND673639AAA,Carting,2,2.2142855561224604,1,1.0,31.0,14.0,12.5636,1.2142855561224604,1.2142855561224604
IND127021AAA,IND127201AAA,FTL,1,2.2105261994459893,1,1.0,42.0,19.0,28.2098,1.2105261994459893,1.2105261994459893
IND602001AAB,IND609001AAA,FTL,13,2.2105261994459893,1,1.0,42.0,19.0,25.2234,1.2105261994459893,1.2105261994459893
IND152026AAA,IND160002AAC,FTL,23,2.2105261994459893,1,1.0,42.0,19.0,25.5217,1.2105261994459893,1.2105261994459893
IND689503AAB,IND683511AAA,FTL,6,2.2068964756242595,1,1.0,64.0,29.0,30.0907,1.2068964756242595,1.2068964756242595
IND591302AAB,IND580028AAA,FTL,5,2.1999998900000053,1,1.0,44.0,20.0,26.8977,1.1999998900000053,1.1999998900000053
IND209304AAA,IND208012AAA,Carting,2,2.199999780000022,1,1.0,22.0,10.0,10.4723,1.199999780000022,1.199999780000022
IND500039AAC,IND500035AAA,Carting,11,2.199999780000022,1,1.0,22.0,10.0,10.8447,1.199999780000022,1.199999780000022
IND585104AAA,IND585211AAA,Carting,3,1.399999860000014,3,1.0,14.0,10.0,10.903,0.3999998600000141,1.1999995800000423
IND000000ABD,IND562132AAA,FTL,15,2.190476086167805,1,1.0,46.0,21.0,23.0993,1.1904760861678052,1.1904760861678052
IND465683AAA,IND465001AAA,FTL,13,1.5939152861569545,2,1.0,44.0,27.5,22.5845,0.5939152861569545,1.187830572313909
IND110037AAM,IND110064AAA,Carting,5,2.1874998632812583,1,1.0,35.0,16.0,12.964,1.1874998632812583,1.1874998632812583
IND756019AAA,IND757001AAA,FTL,14,2.1874998632812583,1,1.0,35.0,16.0,23.1935,1.1874998632812583,1.1874998632812583
IND562132AAA,IND411033AAA,FTL,21,1.2955181380120713,4,0.75,24.5,17.0,24.96915,0.2955181380120713,1.182072552048285
IND160002AAC,IND147001AAB,FTL,23,1.5909090185950445,2,1.0,35.0,22.0,27.7489,0.5909090185950445,1.181818037190089
IND385001AAA,IND385535AAA,FTL,4,1.5902776837866566,2,1.0,27.0,17.0,24.46065,0.5902776837866566,1.1805553675733131
IND854335AAA,IND854326AAB,FTL,9,2.1785713507653086,1,1.0,61.0,28.0,39.9248,1.1785713507653086,1.1785713507653086
IND516101AAA,IND516115AAA,Carting,7,2.1739129489603064,1,1.0,50.0,23.0,31.8071,1.1739129489603064,1.1739129489603064
IND244901AAB,IND243201AAA,Carting,3,2.170731654372399,1,1.0,89.0,41.0,45.3187,1.170731654372399,1.170731654372399
IND845438AAA,IND845455AAB,FTL,5,1.5843477599153146,2,1.0,38.0,24.0,27.2367,0.5843477599153146,1.1686955198306292
IND786001AAB,IND786602AAA,Carting,15,2.1666666064814835,1,1.0,78.0,36.0,37.6633,1.1666666064814835,1.1666666064814835
IND205001AAB,IND205135AAA,FTL,1,2.1666665763888924,1,1.0,52.0,24.0,26.9218,1.1666665763888924,1.1666665763888924
IND826004AAA,IND815351AAA,FTL,1,1.3888888503086432,3,0.6666666666666666,50.0,36.0,36.7707,0.3888888503086432,1.1666665509259295
IND845418AAB,IND845438AAA,FTL,3,2.166666546296303,1,1.0,39.0,18.0,26.4773,1.166666546296303,1.166666546296303
IND756019AAA,IND757025AAA,FTL,15,2.166666546296303,1,1.0,39.0,18.0,25.5786,1.166666546296303,1.166666546296303
IND621802AAA,IND621212AAA,FTL,2,1.583333259559888,2,1.0,34.0,21.5,27.8917,0.5833332595598879,1.1666665191197758
IND000000ACB,IND110052AAA,Carting,23,1.5833332013888999,2,1.0,19.0,12.0,12.05115,0.5833332013888999,1.1666664027777998
IND502295AAA,IND500050AAA,Carting,22,2.1666663055556157,1,1.0,13.0,6.0,8.9767,1.1666663055556157,1.1666663055556157
IND135001AAA,IND173025AAA,FTL,5,2.159999913600003,1,1.0,54.0,25.0,32.9462,1.1599999136000032,1.1599999136000032
IND825301AAA,IND825409AAA,FTL,2,2.157894623268704,1,1.0,41.0,19.0,27.9615,1.157894623268704,1.157894623268704
IND505122AAA,IND506002AAA,FTL,4,2.157894623268704,1,1.0,41.0,19.0,25.9044,1.157894623268704,1.157894623268704
IND302014AAA,IND303702AAB,FTL,17,2.157894623268704,1,1.0,41.0,19.0,25.2034,1.157894623268704,1.157894623268704
IND517325AAA,IND517408AAA,FTL,10,2.1562499326171896,1,1.0,69.0,32.0,46.6587,1.1562499326171896,1.1562499326171896
IND500008AAD,IND501359AAE,Carting,20,1.5777776113580424,2,1.0,15.0,9.5,11.8582,0.5777776113580424,1.1555552227160848
IND122001AAA,IND000000ACB,Carting,21,1.384615278106517,3,0.6666666666666666,14.0,11.0,10.3631,0.3846152781065171,1.1538458343195512
IND562132AAA,IND560002AAA,Carting,22,1.230769136094682,5,0.6,16.0,13.0,12.4317,0.23076913609468197,1.1538456804734099
IND133004AAA,IND135001AAA,FTL,2,2.1499998925000052,1,1.0,43.0,20.0,24.7206,1.1499998925000052,1.1499998925000052
IND462022AAA,IND461001AAA,FTL,9,2.1499998925000052,1,1.0,43.0,20.0,29.1955,1.1499998925000052,1.1499998925000052
IND764071AAB,IND530012AAA,Carting,17,1.5749998206250209,2,1.0,14.0,9.0,12.9414,0.5749998206250209,1.1499996412500417
IND506167AAB,IND501359AAE,FTL,3,1.572916584852435,2,1.0,31.5,20.0,29.335449999999998,0.5729165848524349,1.1458331697048698
IND411014AAA,IND411033AAA,Carting,11,2.1428569897959293,1,1.0,30.0,14.0,14.3149,1.1428569897959293,1.1428569897959293
IND521225AAB,IND501359AAE,FTL,14,1.3809523151927467,3,1.0,29.0,21.0,29.579,0.38095231519274675,1.1428569455782402
IND390022AAA,IND382430AAB,FTL,1,1.5714284658801092,2,1.0,23.5,15.0,22.3664,0.5714284658801092,1.1428569317602184
IND422011AAD,IND423109AAA,Carting,4,2.1428568367347376,1,1.0,15.0,7.0,10.6518,1.1428568367347376,1.1428568367347376
IND602024AAA,IND602001AAA,Carting,2,2.1428568367347376,1,1.0,15.0,7.0,10.5439,1.1428568367347376,1.1428568367347376
IND721501AAC,IND721253AAC,FTL,20,2.1388888294753103,1,1.0,77.0,36.0,39.4645,1.1388888294753103,1.1388888294753103
IND466116AAA,IND462022AAA,FTL,15,2.1363635878099188,1,1.0,94.0,44.0,59.0777,1.1363635878099188,1.1363635878099188
IND362001AAA,IND362220AAA,Carting,9,2.1333332622222243,1,1.0,64.0,30.0,41.2887,1.1333332622222243,1.1333332622222243
IND201306AAA,IND201304AAA,Carting,5,2.1333331911111206,1,1.0,32.0,15.0,13.3895,1.1333331911111206,1.1333331911111206
IND826004AAA,IND209304AAA,FTL,23,2.1249998671875083,1,1.0,34.0,16.0,23.3162,1.1249998671875083,1.1249998671875083
IND852139AAB,IND854326AAB,FTL,12,2.1249998671875083,1,1.0,34.0,16.0,22.898,1.1249998671875083,1.1249998671875083
IND000000ACB,IND127021AAA,FTL,22,2.1249998671875083,1,1.0,34.0,16.0,23.4731,1.1249998671875083,1.1249998671875083
IND380054AAA,IND382430AAB,Carting,8,2.1249997343750335,1,1.0,17.0,8.0,11.0402,1.1249997343750335,1.1249997343750335
IND380006AAB,IND382430AAB,Carting,8,2.1249997343750335,1,1.0,17.0,8.0,11.2467,1.1249997343750335,1.1249997343750335
IND531001AAA,IND531116AAA,Carting,3,1.5624998046875245,2,1.0,12.5,8.0,10.32545,0.5624998046875245,1.124999609375049
IND768028AAB,IND767001AAA,FTL,1,2.1176469342560624,1,1.0,36.0,17.0,24.1342,1.1176469342560624,1.1176469342560624
IND781018AAB,IND781003AAA,Carting,7,2.111111064197532,1,1.0,95.0,45.0,42.5184,1.111111064197532,1.111111064197532
IND842001AAA,IND848101AAA,FTL,0,2.111110993827167,1,1.0,38.0,18.0,25.7863,1.1111109938271668,1.1111109938271668
IND686513AAA,IND686507AAA,Carting,1,2.1111108765432363,1,1.0,19.0,9.0,12.6946,1.1111108765432363,1.1111108765432363
IND785621AAA,IND785001AAA,FTL,18,2.1052630470914186,1,1.0,40.0,19.0,26.5756,1.1052630470914186,1.1052630470914186
IND515004AAA,IND501359AAE,FTL,22,2.099999895000005,1,1.0,42.0,20.0,28.1662,1.0999998950000052,1.0999998950000052
IND600116AAB,IND600056AAB,Carting,4,2.0999997900000213,1,1.0,21.0,10.0,10.7581,1.0999997900000213,1.0999997900000213
IND400072AAB,IND400701AAB,Carting,5,2.0999997900000213,1,1.0,21.0,10.0,12.0637,1.0999997900000213,1.0999997900000213
IND181201AAB,IND181152AAB,Carting,8,2.0999997900000213,1,1.0,21.0,10.0,9.9824,1.0999997900000213,1.0999997900000213
IND263601AAA,IND262501AAA,FTL,6,2.0983606213383506,1,1.0,128.0,61.0,56.313,1.0983606213383506,1.0983606213383506
IND783370AAB,IND783301AAA,FTL,20,2.0952379954648572,1,1.0,44.0,21.0,30.5923,1.0952379954648572,1.0952379954648572
IND344022AAB,IND344001AAA,FTL,8,1.5464395412636995,2,1.0,27.5,18.0,25.0738,0.5464395412636995,1.092879082527399
IND815353AAA,IND814133AAB,FTL,6,2.090908995867773,1,1.0,46.0,22.0,31.0848,1.090908995867773,1.090908995867773
IND686540AAA,IND686028AAB,Carting,4,2.090908900826464,1,1.0,23.0,11.0,11.1732,1.0909089008264639,1.0909089008264639
IND245304AAA,IND201007AAA,Carting,6,2.090908900826464,1,1.0,23.0,11.0,9.453,1.0909089008264639,1.0909089008264639
IND000000ACB,IND121002AAB,Carting,23,1.3636362396694328,3,0.6666666666666666,18.0,11.0,13.9402,0.3636362396694328,1.0909087190082984
IND605601AAA,IND600056AAB,FTL,16,1.5442307008949734,2,1.0,35.5,23.0,27.5537,0.5442307008949734,1.0884614017899468
IND411033AAA,IND416012AAA,FTL,16,2.0869564310018944,1,1.0,48.0,23.0,31.4447,1.0869564310018944,1.0869564310018944
IND603102AAA,IND600056AAB,FTL,6,2.0869564310018944,1,1.0,48.0,23.0,25.702,1.0869564310018944,1.0869564310018944
IND632006AAA,IND600056AAB,FTL,15,2.0869564310018944,1,1.0,48.0,23.0,30.4608,1.0869564310018944,1.0869564310018944
IND483225AAA,IND483501AAA,FTL,3,2.085714226122451,1,1.0,73.0,35.0,48.2895,1.0857142261224508,1.0857142261224508
IND783348AAA,IND783129AAA,FTL,1,2.0833332465277814,1,1.0,50.0,24.0,33.5766,1.0833332465277814,1.0833332465277814
IND312605AAB,IND458001AAB,FTL,4,1.359999945600002,3,0.6666666666666666,34.0,26.0,27.8772,0.35999994560000204,1.079999836800006
IND581314AAA,IND581334AAA,FTL,11,2.076922997041423,1,1.0,54.0,26.0,27.9753,1.076922997041423,1.076922997041423
IND401104AAA,IND401209AAA,Carting,7,2.076922917159776,1,1.0,27.0,13.0,13.1655,1.0769229171597758,1.0769229171597758
IND201007AAA,IND201005AAA,Carting,0,2.076922917159776,1,1.0,27.0,13.0,10.4082,1.0769229171597758,1.0769229171597758
IND110085AAB,IND110039AAA,Carting,8,2.076922917159776,1,1.0,27.0,13.0,10.9574,1.0769229171597758,1.0769229171597758
IND523316AAB,IND522647AAA,FTL,2,1.5380116128466923,2,1.0,28.5,18.5,26.44045,0.5380116128466923,1.0760232256933846
IND581402AAA,IND577201AAA,FTL,1,1.5358438739550444,2,1.0,52.0,33.5,32.30445,0.5358438739550444,1.0716877479100888
IND175015AAA,IND174001AAA,FTL,12,2.0714285344387764,1,1.0,116.0,56.0,46.8312,1.0714285344387764,1.0714285344387764
IND160002AAC,IND140301AAA,FTL,3,2.071428497448982,1,1.0,58.0,28.0,23.0332,1.071428497448982,1.071428497448982
IND203135AAA,IND203396AAB,FTL,6,1.3571428086734711,3,1.0,39.0,28.0,26.3418,0.35714280867347115,1.0714284260204134
IND395023AAD,IND395001AAA,Carting,7,2.0714284234693983,1,1.0,29.0,14.0,13.4245,1.0714284234693983,1.0714284234693983
IND600083AAA,IND600116AAB,Carting,9,2.0714284234693983,1,1.0,29.0,14.0,15.9922,1.0714284234693983,1.0714284234693983
IND457226AAA,IND382430AAB,FTL,17,1.5332480029925275,2,1.0,30.5,20.0,28.593,0.5332480029925275,1.066496005985055
IND273014AAB,IND274301AAB,FTL,1,2.060605998163455,1,1.0,68.0,33.0,34.8482,1.0606059981634548,1.0606059981634548
IND751002AAB,IND712311AAA,FTL,23,2.058823408304505,1,1.0,35.0,17.0,24.0798,1.0588234083045052,1.0588234083045052
IND504293AAA,IND505001AAB,FTL,12,2.055555441358031,1,1.0,37.0,18.0,25.4119,1.055555441358031,1.055555441358031
IND244235AAA,IND244901AAB,FTL,18,1.5277776929012392,2,1.0,27.5,18.0,22.41535,0.5277776929012392,1.0555553858024784
IND000000AEM,IND110037AAB,Carting,23,1.5277776334876685,2,1.0,16.5,10.5,11.702549999999999,0.5277776334876685,1.055555266975337
IND388320AAA,IND390022AAA,FTL,21,2.052631470914133,1,1.0,39.0,19.0,26.2778,1.052631470914133,1.052631470914133
IND600056AAB,IND600044AAD,Carting,22,1.263157828254851,4,0.5,23.5,19.0,14.3704,0.263157828254851,1.052631313019404
IND341505AAA,IND341510AAB,FTL,6,2.049999897500005,1,1.0,41.0,20.0,28.8648,1.049999897500005,1.049999897500005
IND577201AAA,IND577432AAA,FTL,3,2.049999897500005,1,1.0,41.0,20.0,29.0586,1.049999897500005,1.049999897500005
IND574221AAA,IND562132AAA,FTL,13,1.5245097280372977,2,1.0,36.0,24.5,27.0518,0.5245097280372977,1.0490194560745953
IND783370AAC,IND783301AAA,FTL,20,2.047618950113383,1,1.0,43.0,21.0,29.6936,1.047618950113383,1.047618950113383
IND421302AAG,IND462022AAA,FTL,23,1.523809451247169,2,1.0,32.0,21.0,30.15875,0.5238094512471689,1.0476189024943379
IND721253AAC,IND721306AAA,FTL,13,2.039999918400003,1,1.0,51.0,25.0,28.9111,1.039999918400003,1.039999918400003
IND125005AAA,IND335523AAB,FTL,23,2.0392156462898896,1,1.0,104.0,51.0,49.9472,1.0392156462898896,1.0392156462898896
IND614804AAA,IND614616AAA,FTL,2,1.259615334165436,4,0.75,31.5,25.5,23.9035,0.2596153341654359,1.0384613366617437
IND382715AAA,IND382430AAB,FTL,20,2.0363635993388436,1,1.0,112.0,55.0,61.6602,1.0363635993388436,1.0363635993388436
IND144001AAB,IND143001AAA,FTL,20,1.516666568680562,2,1.0,23.5,15.5,22.30435,0.516666568680562,1.033333137361124
IND802212AAA,IND821115AAB,FTL,22,1.5151514692378343,2,1.0,50.0,33.0,36.4079,0.5151514692378343,1.0303029384756686
IND641006AAD,IND641062AAD,Carting,16,1.514285558911583,2,1.0,17.0,11.0,11.772549999999999,0.5142855589115829,1.0285711178231658
IND203390AAA,IND201301AAF,FTL,13,2.0270269722425143,1,1.0,75.0,37.0,29.5979,1.0270269722425143,1.0270269722425143
IND263601AAA,IND263645AAA,FTL,5,2.023809475623584,1,1.0,85.0,42.0,44.2679,1.023809475623584,1.023809475623584
IND411033AAA,IND431603AAA,FTL,22,1.5086206294049316,2,1.0,38.5,25.5,28.4229,0.5086206294049316,1.0172412588098632
IND623315AAB,IND614620AAA,Carting,3,1.5071426696939016,2,1.0,12.5,8.5,10.7019,0.5071426696939016,1.0142853393878033
IND332713AAA,IND332709AAA,FTL,5,1.50549444945508,2,1.0,40.5,27.0,29.2103,0.5054944494550799,1.0109888989101599
IND816107AAA,IND826004AAA,FTL,11,1.5049711834445496,2,0.5,64.0,44.0,43.2299,0.5049711834445496,1.0099423668890992
IND000000ACB,IND125001AAA,FTL,18,1.5029410937975825,2,1.0,27.5,18.5,23.38095,0.5029410937975825,1.005882187595165
IND181152AAB,IND160002AAC,FTL,11,1.9999999375000022,1,1.0,64.0,32.0,34.8155,0.9999999375000022,0.9999999375000022
IND754103AAA,IND754142AAA,FTL,23,1.9999999333333356,1,1.0,60.0,30.0,33.3228,0.9999999333333356,0.9999999333333356
IND731301AAA,IND713205AAB,FTL,11,1.999999928571431,1,1.0,56.0,28.0,29.2002,0.9999999285714309,0.9999999285714309
IND781018AAB,IND788026AAC,FTL,23,1.9999999200000032,1,1.0,50.0,25.0,36.0149,0.9999999200000032,0.9999999200000032
IND000000ACB,IND302014AAA,FTL,22,1.999999909090913,1,1.0,44.0,22.0,28.9933,0.9999999090909131,0.9999999090909131
IND700053AAA,IND700136AAB,Carting,22,1.9999999000000048,1,1.0,40.0,20.0,16.7233,0.9999999000000048,0.9999999000000048
IND484661AAE,IND484001AAA,FTL,4,1.9999999000000048,1,1.0,40.0,20.0,28.8613,0.9999999000000048,0.9999999000000048
IND533401AAA,IND533106AAA,FTL,6,1.999999888888895,1,1.0,36.0,18.0,25.7151,0.999999888888895,0.999999888888895
IND804420AAA,IND803101AAA,FTL,23,1.999999882352948,1,1.0,34.0,17.0,24.2296,0.9999998823529479,0.9999998823529479
IND000000ACB,IND301705AAA,FTL,23,1.999999882352948,1,1.0,34.0,17.0,24.0116,0.9999998823529479,0.9999998823529479
IND477001AAB,IND474003AAA,FTL,8,1.999999882352948,1,1.0,34.0,17.0,24.9535,0.9999998823529479,0.9999998823529479
IND243001AAA,IND243503AAB,FTL,4,1.9999998750000076,1,1.0,32.0,16.0,23.7423,0.9999998750000076,0.9999998750000076
IND410206AAB,IND000000AFT,Carting,9,1.9999998666666756,1,1.0,30.0,15.0,17.4228,0.9999998666666756,0.9999998666666756
IND131028AAB,IND132103AAA,FTL,2,1.9999998666666756,1,1.0,30.0,15.0,22.1396,0.9999998666666756,0.9999998666666756
IND600116AAB,IND602024AAA,Carting,7,1.9999998571428674,1,1.0,28.0,14.0,12.6552,0.9999998571428674,0.9999998571428674
IND000000AFJ,IND695572AAB,Carting,1,1.9999998571428674,1,1.0,28.0,14.0,13.1449,0.9999998571428674,0.9999998571428674
IND262001AAA,IND244901AAB,Carting,5,1.9999998571428674,1,1.0,28.0,14.0,19.6214,0.9999998571428674,0.9999998571428674
IND000000AFT,IND400072AAB,Carting,20,1.9999998461538582,1,1.0,26.0,13.0,14.7966,0.9999998461538582,0.9999998461538582
IND562108AAA,IND572101AAA,Carting,8,1.9999998333333473,1,1.0,24.0,12.0,10.3686,0.9999998333333473,0.9999998333333473
IND673121AAA,IND670645AAB,Carting,6,1.9999998333333473,1,1.0,24.0,12.0,13.4694,0.9999998333333473,0.9999998333333473
IND181152AAB,IND181201AAB,Carting,7,1.9999998333333473,1,1.0,24.0,12.0,11.5441,0.9999998333333473,0.9999998333333473
IND401104AAA,IND400072AAB,Carting,22,1.9999997777778027,1,1.0,18.0,9.0,11.4753,0.9999997777778027,0.9999997777778027
IND575004AAB,IND574227AAA,Carting,2,1.9999997777778027,1,1.0,18.0,9.0,13.6528,0.9999997777778027,0.9999997777778027
IND605601AAA,IND607106AAA,Carting,4,1.9999997500000315,1,1.0,16.0,8.0,9.4178,0.9999997500000315,0.9999997500000315
IND641001AAA,IND641062AAD,Carting,6,1.9999997500000315,1,1.0,16.0,8.0,9.2623,0.9999997500000315,0.9999997500000315
IND585314AAA,IND586211AAA,Carting,5,1.9999997500000315,1,1.0,16.0,8.0,9.2837,0.9999997500000315,0.9999997500000315
IND271201AAA,IND271210AAA,Carting,5,1.9999997500000315,1,1.0,16.0,8.0,11.978,0.9999997500000315,0.9999997500000315
IND271001AAA,IND271210AAA,Carting,5,1.9999997500000315,1,1.0,16.0,8.0,10.9787,0.9999997500000315,0.9999997500000315
IND600008AAA,IND600044AAC,Carting,18,1.499999863636376,2,0.5,16.5,11.0,12.294149999999998,0.49999986363637605,0.9999997272727521
IND517501AAB,IND517583AAA,Carting,6,1.999999714285755,1,1.0,14.0,7.0,9.4954,0.9999997142857551,0.9999997142857551
IND500039AAB,IND501301AAC,Carting,10,1.999999714285755,1,1.0,14.0,7.0,10.1948,0.9999997142857551,0.9999997142857551
IND751015AAA,IND751002AAB,Carting,10,1.999999714285755,1,1.0,14.0,7.0,10.0925,0.9999997142857551,0.9999997142857551
IND752056AAA,IND751002AAB,Carting,5,1.9999996666667221,1,1.0,12.0,6.0,9.469,0.9999996666667221,0.9999996666667221
IND521185AAA,IND521225AAB,Carting,4,1.9999996666667221,1,1.0,12.0,6.0,9.3435,0.9999996666667221,0.9999996666667221
IND600056AAB,IND600032AAB,Carting,22,1.3333331851852017,3,0.6666666666666666,12.0,11.0,12.2761,0.3333331851852017,0.9999995555556052
IND585104AAA,IND585314AAA,Carting,2,1.3333331111111482,3,0.6666666666666666,15.0,11.0,12.2911,0.33333311111114816,0.9999993333334445
IND244901AAB,IND246725AAB,FTL,3,1.2480768684393515,4,0.5,29.5,23.0,24.846249999999998,0.2480768684393515,0.992307473757406
IND501359AAE,IND508252AAB,FTL,8,1.4839180485234815,2,1.0,27.5,18.5,26.603650000000002,0.4839180485234815,0.967836097046963
IND471001AAA,IND472001AAA,FTL,5,1.4836955892505541,2,1.0,35.0,23.5,25.59675,0.4836955892505541,0.9673911785011082
IND124141AAA,IND000000ACB,FTL,6,1.965517173602856,1,1.0,57.0,29.0,32.845,0.965517173602856,0.965517173602856
IND413307AAC,IND413002AAA,Carting,8,1.4807690808062293,2,1.0,15.5,10.5,13.653400000000001,0.48076908080622927,0.9615381616124585
IND206001AAA,IND000000ACB,FTL,11,1.480113554703646,2,1.0,27.5,19.0,27.12905,0.4801135547036459,0.9602271094072918
IND486661AAA,IND211002AAB,FTL,13,1.9545453657024834,1,1.0,43.0,22.0,31.2828,0.9545453657024834,0.9545453657024834
IND360490AAA,IND362001AAA,FTL,5,1.9499999025000048,1,1.0,39.0,20.0,24.2516,0.9499999025000048,0.9499999025000048
IND736146AAA,IND736135AAA,FTL,9,1.4742324211710582,2,1.0,63.0,43.0,42.48845,0.47423242117105824,0.9484648423421165
IND581325AAA,IND580028AAA,FTL,8,1.9473683698060957,1,1.0,74.0,38.0,42.172,0.9473683698060957,0.9473683698060957
IND577598AAC,IND577501AAA,FTL,5,1.947368318559562,1,1.0,37.0,19.0,25.1117,0.947368318559562,0.947368318559562
IND231217AAA,IND231225AAB,FTL,2,1.947368318559562,1,1.0,37.0,19.0,27.4496,0.947368318559562,0.947368318559562
IND577101AAA,IND577132AAD,FTL,3,1.947368318559562,1,1.0,37.0,19.0,27.3295,0.947368318559562,0.947368318559562
IND470004AAA,IND462022AAA,FTL,20,1.944444336419759,1,1.0,35.0,18.0,26.2547,0.944444336419759,0.944444336419759
IND785675AAA,IND785612AAB,FTL,8,1.944444336419759,1,1.0,35.0,18.0,26.1701,0.944444336419759,0.944444336419759
IND781102AAA,IND781018AAB,Carting,9,1.9411764134948115,1,1.0,66.0,34.0,38.2956,0.9411764134948115,0.9411764134948115
IND370001AAA,IND370110AAA,FTL,16,1.9411763564013906,1,1.0,33.0,17.0,23.7663,0.9411763564013906,0.9411763564013906
IND242307AAB,IND207247AAB,FTL,9,1.9384615086390538,1,1.0,126.0,65.0,66.4257,0.9384615086390538,0.9384615086390538
IND209304AAA,IND282001AAA,FTL,18,1.9374998789062574,1,1.0,31.0,16.0,22.9957,0.9374998789062574,0.9374998789062574
IND000000ACA,IND142001AAB,FTL,18,1.312499917968755,3,1.0,21.0,16.0,22.4739,0.3124999179687551,0.9374997539062653
IND000000ACB,IND124112AAA,FTL,12,1.933333268888891,1,1.0,58.0,30.0,39.741,0.9333332688888909,0.9333332688888909
IND244221AAA,IND131028AAB,FTL,3,1.9333332044444531,1,1.0,29.0,15.0,25.5635,0.9333332044444531,0.9333332044444531
IND250002AAA,IND131028AAB,FTL,23,1.9285713826530624,1,1.0,81.0,42.0,48.4883,0.9285713826530624,0.9285713826530624
IND411017AAA,IND412105AAC,Carting,8,1.9285712908163364,1,1.0,27.0,14.0,15.8774,0.9285712908163364,0.9285712908163364
IND341510AAB,IND305001AAC,FTL,12,1.9285712908163364,1,1.0,27.0,14.0,20.2002,0.9285712908163364,0.9285712908163364
IND140301AAA,IND140901AAA,Carting,9,1.9285712908163364,1,1.0,27.0,14.0,14.5054,0.9285712908163364,0.9285712908163364
IND600076AAB,IND600056AAB,Carting,23,1.4642855882653174,2,1.0,17.5,12.0,13.59505,0.4642855882653174,0.9285711765306348
IND575014AAA,IND403726AAA,FTL,9,1.9259258545953386,1,1.0,52.0,27.0,27.7458,0.9259258545953386,0.9259258545953386
IND396232AAA,IND396191AAC,Carting,16,1.9230767751479405,1,1.0,25.0,13.0,17.2799,0.9230767751479405,0.9230767751479405
IND160102AAD,IND160002AAC,Carting,6,1.4615382593688668,2,0.5,12.0,9.5,9.92425,0.46153825936886683,0.9230765187377337
IND487001AAB,IND487551AAA,FTL,5,1.919999923200003,1,1.0,48.0,25.0,27.9776,0.9199999232000029,0.9199999232000029
IND421302AAG,IND413002AAA,FTL,23,1.9166665868055588,1,1.0,46.0,24.0,31.1102,0.9166665868055588,0.9166665868055588
IND421302AAG,IND401104AAB,Carting,9,1.916666506944458,1,1.0,23.0,12.0,14.1503,0.916666506944458,0.916666506944458
IND854326AAB,IND854311AAA,FTL,23,1.4575162564932338,2,1.0,25.5,17.5,23.996699999999997,0.4575162564932338,0.9150325129864676
IND824101AAA,IND821115AAB,FTL,3,1.9130433950850696,1,1.0,44.0,23.0,30.1515,0.9130433950850696,0.9130433950850696
IND474003AAA,IND473551AAA,FTL,1,1.4560605451285609,2,0.5,35.5,26.0,25.309350000000002,0.45606054512856087,0.9121210902571217
IND395023AAA,IND394221AAA,Carting,20,1.909090735537206,1,1.0,21.0,11.0,10.9696,0.909090735537206,0.909090735537206
IND600032AAB,IND600044AAD,Carting,21,1.2272726157024896,4,0.5,14.0,11.0,10.38325,0.22727261570248958,0.9090904628099583
IND845401AAA,IND845305AAA,FTL,3,1.8999999050000047,1,1.0,38.0,20.0,27.5394,0.8999999050000047,0.8999999050000047
IND243503AAB,IND244901AAB,FTL,13,1.8999999050000047,1,1.0,38.0,20.0,28.7154,0.8999999050000047,0.8999999050000047
IND515301AAA,IND561202AAB,Carting,3,1.899999810000019,1,1.0,19.0,10.0,10.7307,0.899999810000019,0.899999810000019
IND530026AAA,IND531036AAA,Carting,6,1.899999810000019,1,1.0,19.0,10.0,11.8614,0.899999810000019,0.899999810000019
IND400072AAB,IND421302AAS,Carting,22,1.4499998550000146,2,1.0,14.5,10.0,12.9117,0.4499998550000146,0.8999997100000292
IND742101AAC,IND713130AAA,Carting,23,1.299999870000013,3,1.0,14.0,11.0,12.6188,0.29999987000001305,0.8999996100000391
IND783129AAA,IND794101AAA,FTL,8,1.8947367423822765,1,1.0,36.0,19.0,24.4197,0.8947367423822765,0.8947367423822765
IND175001AAA,IND175101AAA,FTL,10,1.89189184075968,1,1.0,70.0,37.0,24.9677,0.8918918407596801,0.8918918407596801
IND508207AAB,IND521225AAB,FTL,15,1.888888783950623,1,1.0,34.0,18.0,23.4384,0.888888783950623,0.888888783950623
IND581334AAA,IND581314AAA,FTL,6,1.8846153121301803,1,1.0,49.0,26.0,28.018,0.8846153121301803,0.8846153121301803
IND532127AAA,IND535591AAA,FTL,16,1.8837208864250958,1,1.0,81.0,43.0,48.4348,0.8837208864250958,0.8837208864250958
IND821115AAB,IND824101AAA,FTL,0,1.8823528304498334,1,1.0,32.0,17.0,25.2353,0.8823528304498334,0.8823528304498334
IND689101AAA,IND690548AAA,Carting,2,1.4391024488617778,2,1.0,18.0,12.5,12.578199999999999,0.43910244886177785,0.8782048977235557
IND523002AAA,IND523105AAA,FTL,0,1.438095167947849,2,1.0,29.5,20.5,22.51585,0.4380951679478491,0.8761903358956982
IND845455AAB,IND842001AAA,FTL,13,1.8749998828125072,1,1.0,30.0,16.0,23.03,0.8749998828125072,0.8749998828125072
IND243301AAB,IND244901AAB,FTL,11,1.8749998828125072,1,1.0,30.0,16.0,22.7172,0.8749998828125072,0.8749998828125072
IND571301AAA,IND571111AAB,FTL,4,1.8749998828125072,1,1.0,30.0,16.0,22.7507,0.8749998828125072,0.8749998828125072
IND110043AAC,IND000000ACB,Carting,1,1.8749998828125072,1,1.0,30.0,16.0,16.7094,0.8749998828125072,0.8749998828125072
IND853204AAA,IND851204AAA,FTL,4,1.8749998828125072,1,1.0,30.0,16.0,23.9647,0.8749998828125072,0.8749998828125072
IND508248AAB,IND508377AAB,FTL,2,1.8749998828125072,1,1.0,30.0,16.0,23.0251,0.8749998828125072,0.8749998828125072
IND431717AAA,IND431603AAA,Carting,12,1.8749997656250295,1,1.0,15.0,8.0,12.0863,0.8749997656250295,0.8749997656250295
IND712311AAA,IND713145AAB,FTL,23,1.8709676815816876,1,1.0,58.0,31.0,33.7574,0.8709676815816876,0.8709676815816876
IND503187AAA,IND503122AAA,FTL,9,1.8666666044444464,1,1.0,56.0,30.0,32.949,0.8666666044444464,0.8666666044444464
IND201301AAF,IND201304AAA,Carting,8,1.8666665422222306,1,1.0,28.0,15.0,10.9229,0.8666665422222306,0.8666665422222306
IND636705AAB,IND562132AAA,FTL,18,1.4323367013153077,2,1.0,50.5,36.0,33.5094,0.43233670131530766,0.8646734026306153
IND636102AAA,IND605601AAA,FTL,13,1.2857142244897988,3,1.0,27.0,19.0,26.7041,0.2857142244897988,0.8571426734693963
IND581110AAE,IND577002AAA,Carting,3,1.8571425918367725,1,1.0,13.0,7.0,8.588,0.8571425918367725,0.8571425918367725
IND562132AAA,IND572101AAA,Carting,23,1.8571425918367725,1,1.0,13.0,7.0,7.8268,0.8571425918367725,0.8571425918367725
IND363641AAA,IND360002AAB,Carting,4,1.4277776263580408,2,1.0,13.5,9.5,12.0549,0.42777762635804084,0.8555552527160817
IND632006AAA,IND562132AAA,FTL,6,1.4256756324141722,2,1.0,47.5,33.5,33.4082,0.42567563241417217,0.8513512648283443
IND412105AAC,IND411017AAA,Carting,9,1.8461537041420228,1,1.0,24.0,13.0,12.7936,0.8461537041420228,0.8461537041420228
IND342602AAC,IND311302AAA,FTL,2,1.8421051662049912,1,1.0,35.0,19.0,27.5143,0.8421051662049912,0.8421051662049912
IND415612AAA,IND415408AAC,FTL,6,1.8421051662049912,1,1.0,35.0,19.0,27.1135,0.8421051662049912,0.8421051662049912
IND422011AAD,IND421302AAG,FTL,4,1.8421051662049912,1,1.0,35.0,19.0,28.0277,0.8421051662049912,0.8421051662049912
IND535501AAB,IND532001AAB,FTL,8,1.8399999264000029,1,1.0,46.0,25.0,27.2192,0.8399999264000029,0.8399999264000029
IND487551AAA,IND464668AAA,FTL,7,1.8378377881665464,1,1.0,68.0,37.0,39.8078,0.8378377881665464,0.8378377881665464
IND411033AAA,IND403726AAA,FTL,23,1.833333282407409,1,1.0,66.0,36.0,37.5484,0.8333332824074089,0.8333332824074089
IND533106AAA,IND533262AAA,FTL,23,1.8333332569444476,1,1.0,44.0,24.0,26.8405,0.8333332569444476,0.8333332569444476
IND247776AAA,IND251309AAB,FTL,3,1.833333231481487,1,1.0,33.0,18.0,24.4696,0.833333231481487,0.833333231481487
IND562132AAA,IND583101AAA,FTL,23,1.833333231481487,1,1.0,33.0,18.0,23.8484,0.833333231481487,0.833333231481487
IND576201AAA,IND581320AAA,FTL,4,1.833333231481487,1,1.0,33.0,18.0,24.0542,0.833333231481487,0.833333231481487
IND608301AAA,IND639104AAB,FTL,9,1.833333231481487,1,1.0,33.0,18.0,23.1178,0.833333231481487,0.833333231481487
IND629179AAA,IND627005AAA,FTL,7,1.833333231481487,1,1.0,33.0,18.0,25.9048,0.833333231481487,0.833333231481487
IND000000AFT,IND410209AAA,Carting,8,1.8333331805555684,1,1.0,22.0,12.0,15.0975,0.8333331805555684,0.8333331805555684
IND400011AAA,IND400072AAD,Carting,21,1.8333331805555684,1,1.0,22.0,12.0,11.8593,0.8333331805555684,0.8333331805555684
IND742303AAB,IND741165AAB,Carting,1,1.8333330277778286,1,1.0,11.0,6.0,9.6167,0.8333330277778286,0.8333330277778286
IND303301AAB,IND303303AAA,Carting,17,1.8333330277778286,1,1.0,11.0,6.0,9.4115,0.8333330277778286,0.8333330277778286
IND733128AAA,IND733134AAA,Carting,2,1.8333330277778286,1,1.0,11.0,6.0,9.8479,0.8333330277778286,0.8333330277778286
IND606105AAA,IND606201AAC,Carting,8,1.8333330277778286,1,1.0,11.0,6.0,9.7225,0.8333330277778286,0.8333330277778286
IND147105AAA,IND160002AAC,FTL,8,1.8260868771266574,1,1.0,42.0,23.0,33.0233,0.8260868771266574,0.8260868771266574
IND509324AAA,IND508248AAB,FTL,23,1.823529304498276,1,1.0,31.0,17.0,24.9782,0.8235293044982761,0.8235293044982761
IND431603AAA,IND431708AAA,FTL,3,1.823529304498276,1,1.0,31.0,17.0,24.4364,0.8235293044982761,0.8235293044982761
IND431708AAA,IND431514AAA,FTL,4,1.823529304498276,1,1.0,31.0,17.0,24.7074,0.8235293044982761,0.8235293044982761
IND713205AAB,IND713303AAA,FTL,8,1.823529304498276,1,1.0,31.0,17.0,24.3973,0.8235293044982761,0.8235293044982761
IND306401AAB,IND302014AAA,FTL,14,1.411764622837375,2,1.0,24.0,17.0,24.47,0.411764622837375,0.82352924567475
IND562132AAA,IND577598AAC,FTL,4,1.411764622837375,2,1.0,24.0,17.0,23.5307,0.411764622837375,0.82352924567475
IND821115AAB,IND821109AAA,FTL,23,1.8181817355371936,1,1.0,40.0,22.0,29.8627,0.8181817355371936,0.8181817355371936
IND141010AAA,IND000000ACA,Carting,9,1.8181816528925772,1,1.0,20.0,11.0,15.531,0.8181816528925772,0.8181816528925772
IND421302AAG,IND400072AAA,Carting,22,1.8181816528925772,1,1.0,20.0,11.0,12.3466,0.8181816528925772,0.8181816528925772
IND600048AAA,IND600044AAD,Carting,5,1.8181816528925772,1,1.0,20.0,11.0,10.6197,0.8181816528925772,0.8181816528925772
IND142401AAA,IND000000ACA,FTL,5,1.812499886718757,1,1.0,29.0,16.0,24.0108,0.812499886718757,0.812499886718757
IND301705AAA,IND123001AAA,FTL,2,1.806451554630595,1,1.0,56.0,31.0,40.7227,0.806451554630595,0.806451554630595
IND176048AAA,IND175015AAA,FTL,10,1.8043477868620048,1,1.0,83.0,46.0,41.6485,0.8043477868620048,0.8043477868620048
IND600056AAB,IND530012AAA,FTL,18,1.4011857083925725,2,1.0,31.5,22.5,27.259050000000002,0.4011857083925725,0.802371416785145
IND504215AAA,IND505326AAB,FTL,8,1.7999999280000027,1,1.0,45.0,25.0,26.8001,0.7999999280000027,0.7999999280000027
IND000000ACB,IND209304AAA,FTL,23,1.7999999100000044,1,1.0,36.0,20.0,26.9452,0.7999999100000044,0.7999999100000044
IND152026AAA,IND152024AAA,FTL,2,1.799999880000008,1,1.0,27.0,15.0,22.6571,0.7999998800000081,0.7999998800000081
IND560099AAB,IND562132AAA,FTL,23,1.2666666244444458,3,0.6666666666666666,38.0,30.0,26.8453,0.2666666244444458,0.7999998733333373
IND423601AAA,IND423701AAB,Carting,6,1.7999998200000182,1,1.0,18.0,10.0,9.3975,0.7999998200000182,0.7999998200000182
IND400016AAA,IND400015AAA,Carting,9,1.7999998200000182,1,1.0,18.0,10.0,12.2279,0.7999998200000182,0.7999998200000182
IND721134AAB,IND712310AAE,Carting,5,1.399999560000194,2,1.0,8.0,6.0,6.513,0.399999560000194,0.799999120000388
IND383315AAC,IND383255AAB,FTL,9,1.397107851138518,2,1.0,42.0,30.0,32.70955,0.397107851138518,0.794215702277036
IND458664AAA,IND312403AAA,FTL,7,1.791666592013892,1,1.0,43.0,24.0,27.0269,0.7916665920138919,0.7916665920138919
IND791125AAB,IND791102AAA,FTL,10,1.7894735900277057,1,1.0,34.0,19.0,27.3755,0.7894735900277057,0.7894735900277057
IND562132AAA,IND683511AAA,FTL,22,1.3947367686980647,2,1.0,26.5,19.0,25.99275,0.39473676869806473,0.7894735373961295
IND177033AAA,IND160002AAC,FTL,18,1.7777777283950633,1,1.0,64.0,36.0,30.0655,0.7777777283950633,0.7777777283950633
IND585330AAE,IND585401AAA,FTL,7,1.7777776790123512,1,1.0,32.0,18.0,25.0599,0.7777776790123512,0.7777776790123512
IND732138AAA,IND733124AAA,Carting,3,1.7777775802469358,1,1.0,16.0,9.0,12.3652,0.7777775802469358,0.7777775802469358
IND201301AAL,IND201301AAF,Carting,4,1.7692306331361052,1,1.0,23.0,13.0,11.8199,0.7692306331361052,0.7692306331361052
IND581314AAA,IND403726AAA,FTL,19,1.7666666077777797,1,1.0,53.0,30.0,32.793,0.7666666077777797,0.7666666077777797
IND209101AAA,IND209111AAA,FTL,9,1.7647057785467188,1,1.0,30.0,17.0,24.953,0.7647057785467188,0.7647057785467188
IND000000AET,IND000000AAS,FTL,16,1.7599999296000028,1,1.0,44.0,25.0,36.7047,0.7599999296000028,0.7599999296000028
IND177101AAA,IND176001AAA,FTL,9,1.7555555165432108,1,1.0,79.0,45.0,33.6312,0.7555555165432108,0.7555555165432108
IND621010AAA,IND621212AAA,FTL,1,1.3753845613159785,2,1.0,35.0,25.5,27.607950000000002,0.3753845613159785,0.750769122631957
IND203135AAA,IND203390AAA,FTL,6,1.749999945312502,1,1.0,56.0,32.0,31.2529,0.7499999453125019,0.7499999453125019
IND144514AAA,IND141115AAA,FTL,4,1.7499999375000022,1,1.0,49.0,28.0,26.2098,0.7499999375000022,0.7499999375000022
IND335001AAA,IND125104AAA,FTL,6,1.7499999270833364,1,1.0,42.0,24.0,23.6518,0.7499999270833364,0.7499999270833364
IND302014AAA,IND301001AAB,FTL,20,1.7499999125000043,1,1.0,35.0,20.0,28.3968,0.7499999125000043,0.7499999125000043
IND600116AAB,IND600056AAA,Carting,7,1.749999854166679,1,1.0,21.0,12.0,12.4128,0.749999854166679,0.749999854166679
IND610001AAA,IND614715AAA,Carting,11,1.749999854166679,1,1.0,21.0,12.0,13.633,0.749999854166679,0.749999854166679
IND400102AAB,IND421302AAG,Carting,20,1.749999854166679,1,1.0,21.0,12.0,15.5142,0.749999854166679,0.749999854166679
IND281401AAA,IND121004AAB,Carting,6,1.7499997812500274,1,1.0,14.0,8.0,10.6618,0.7499997812500274,0.7499997812500274
IND388620AAB,IND388320AAA,Carting,19,1.7499997812500274,1,1.0,14.0,8.0,9.2401,0.7499997812500274,0.7499997812500274
IND431131AAB,IND431603AAA,Carting,12,1.7499997812500274,1,1.0,14.0,8.0,9.1209,0.7499997812500274,0.7499997812500274
IND560300AAB,IND563116AAA,Carting,2,1.7499997812500274,1,1.0,14.0,8.0,9.4502,0.7499997812500274,0.7499997812500274
IND641664AAA,IND638657AAA,Carting,4,1.7499997812500274,1,1.0,14.0,8.0,9.449,0.7499997812500274,0.7499997812500274
IND110044AAB,IND201301AAF,Carting,21,1.249999895833342,3,0.6666666666666666,17.0,13.0,12.2395,0.24999989583334203,0.7499996875000261
IND712103AAA,IND712310AAE,Carting,9,1.3749998281250215,2,1.0,11.0,8.0,9.07155,0.37499982812502153,0.7499996562500431
IND560083AAB,IND562132AAA,Carting,19,1.2499998437500197,3,0.6666666666666666,11.0,10.0,11.2965,0.2499998437500197,0.7499995312500591
IND851127AAA,IND842001AAA,FTL,11,1.7368420138504201,1,1.0,33.0,19.0,25.7305,0.7368420138504201,0.7368420138504201
IND395023AAA,IND382430AAB,FTL,15,1.3673912406569027,2,1.0,29.5,21.5,29.09715,0.36739124065690265,0.7347824813138053
IND425405AAA,IND424006AAA,FTL,6,1.7333332177777856,1,1.0,26.0,15.0,21.4676,0.7333332177777856,0.7333332177777856
IND591126AAA,IND591102AAA,FTL,2,1.730769164201186,1,1.0,45.0,26.0,29.1487,0.730769164201186,0.730769164201186
IND723133AAA,IND723130AAA,FTL,9,1.72727268801653,1,1.0,76.0,44.0,30.1156,0.7272726880165299,0.7272726880165299
IND570020AAA,IND571301AAA,FTL,3,1.727272648760334,1,1.0,38.0,22.0,26.6545,0.727272648760334,0.727272648760334
IND532001AAB,IND532127AAA,FTL,6,1.727272648760334,1,1.0,38.0,22.0,24.7024,0.727272648760334,0.727272648760334
IND803213AAA,IND803212AAB,FTL,23,1.7241378715814526,1,1.0,50.0,29.0,32.2815,0.7241378715814526,0.7241378715814526
IND508223AAA,IND500039AAC,FTL,15,1.7222221903292187,1,1.0,93.0,54.0,76.1115,0.7222221903292187,0.7222221903292187
IND461111AAA,IND460001AAA,FTL,13,1.7222221265432152,1,1.0,31.0,18.0,23.511,0.7222221265432152,0.7222221265432152
IND575004AAB,IND574211AAA,FTL,1,1.7222221265432152,1,1.0,31.0,18.0,25.6566,0.7222221265432152,0.7222221265432152
IND248001AAA,IND131028AAB,FTL,23,1.7187499462890643,1,1.0,55.0,32.0,33.7657,0.7187499462890643,0.7187499462890643
IND160002AAC,IND181152AAA,FTL,22,1.7142856870748304,1,1.0,108.0,63.0,65.6047,0.7142856870748304,0.7142856870748304
IND462022AAA,IND209304AAA,FTL,23,1.714285632653065,1,1.0,36.0,21.0,25.2356,0.7142856326530651,0.7142856326530651
IND713103AAA,IND713205AAB,FTL,1,1.7142855918367434,1,1.0,24.0,14.0,21.1936,0.7142855918367434,0.7142855918367434
IND501359AAE,IND500010AAB,Carting,23,1.7142855918367434,1,1.0,24.0,14.0,11.5982,0.7142855918367434,0.7142855918367434
IND673506AAA,IND670643AAA,Carting,2,1.7142855918367434,1,1.0,24.0,14.0,13.5145,0.7142855918367434,0.7142855918367434
IND134203AAA,IND140501AAA,Carting,9,1.71428546938779,1,1.0,12.0,7.0,9.8522,0.71428546938779,0.71428546938779
IND751015AAA,IND752056AAA,Carting,3,1.71428546938779,1,1.0,12.0,7.0,10.474,0.71428546938779,0.71428546938779
IND505302AAB,IND505327AAA,FTL,3,1.7083332621527807,1,1.0,41.0,24.0,24.1084,0.7083332621527807,0.7083332621527807
IND562132AAA,IND515004AAA,FTL,14,1.7058822525951616,1,1.0,29.0,17.0,23.1382,0.7058822525951616,0.7058822525951616
IND396191AAC,IND421302AAG,FTL,8,1.7058822525951616,1,1.0,29.0,17.0,24.7084,0.7058822525951616,0.7058822525951616
IND248001AAD,IND131028AAB,FTL,23,1.7037036406035688,1,1.0,46.0,27.0,24.5376,0.7037036406035688,0.7037036406035688
IND476111AAA,IND477001AAB,FTL,4,1.7037036406035688,1,1.0,46.0,27.0,30.2489,0.7037036406035688,0.7037036406035688
IND110037AAM,IND125001AAA,FTL,15,1.6999999150000042,1,1.0,34.0,20.0,23.2209,0.6999999150000042,0.6999999150000042
IND532222AAA,IND532001AAB,FTL,9,1.6999999150000042,1,1.0,34.0,20.0,29.529,0.6999999150000042,0.6999999150000042
IND758034AAA,IND756100AAC,FTL,6,1.6999999150000042,1,1.0,34.0,20.0,28.8107,0.6999999150000042,0.6999999150000042
IND400072AAB,IND000000AFT,Carting,22,1.6999998300000172,1,1.0,17.0,10.0,12.3483,0.6999998300000172,0.6999998300000172
IND121004AAC,IND121004AAB,Carting,4,1.6999998300000172,1,1.0,17.0,10.0,12.2011,0.6999998300000172,0.6999998300000172
IND600044AAD,IND600056AAB,Carting,18,1.6999998300000172,1,1.0,17.0,10.0,11.3828,0.6999998300000172,0.6999998300000172
IND501359AAE,IND562132AAA,FTL,22,1.2325581108707417,3,0.6666666666666666,48.0,43.0,34.039,0.23255811087074174,0.6976743326122252
IND184121AAA,IND160002AAC,FTL,21,1.3471659289018862,2,0.5,29.5,22.5,22.93625,0.34716592890188624,0.6943318578037725
IND641062AAD,IND641607AAA,FTL,22,1.6923076272189372,1,1.0,44.0,26.0,31.556,0.6923076272189372,0.6923076272189372
IND515134AAA,IND515201AAA,Carting,23,1.6923075621301875,1,1.0,22.0,13.0,14.6124,0.6923075621301875,0.6923075621301875
IND591304AAA,IND586101AAA,FTL,9,1.6911764457179934,1,1.0,115.0,68.0,77.5497,0.6911764457179934,0.6911764457179934
IND560099AAB,IND000000ACS,Carting,16,1.6874998945312565,1,1.0,27.0,16.0,15.1713,0.6874998945312565,0.6874998945312565
IND506143AAA,IND506167AAB,FTL,1,1.6874998945312565,1,1.0,27.0,16.0,23.5195,0.6874998945312565,0.6874998945312565
IND501359AAE,IND506002AAA,FTL,21,1.6842104376731348,1,1.0,32.0,19.0,25.9502,0.6842104376731348,0.6842104376731348
IND581320AAA,IND575004AAB,FTL,15,1.6842104376731348,1,1.0,32.0,19.0,26.0796,0.6842104376731348,0.6842104376731348
IND560099AAB,IND683511AAB,FTL,11,1.6842104376731348,1,1.0,32.0,19.0,23.0131,0.6842104376731348,0.6842104376731348
IND842003AAB,IND484661AAE,FTL,2,1.6842104376731348,1,1.0,32.0,19.0,27.323,0.6842104376731348,0.6842104376731348
IND122004AAA,IND122413AAE,Carting,23,1.3409089434400994,2,0.5,12.5,9.5,10.1645,0.34090894344009937,0.6818178868801987
IND742101AAC,IND712311AAA,FTL,21,1.6774193007284095,1,1.0,52.0,31.0,41.7929,0.6774193007284095,0.6774193007284095
IND533106AAA,IND533201AAA,FTL,0,1.6774193007284095,1,1.0,52.0,31.0,33.7766,0.6774193007284095,0.6774193007284095
IND160002AAC,IND176041AAA,FTL,23,1.33379305237955,2,0.5,35.0,27.0,29.2607,0.33379305237955004,0.6675861047591001
IND781018AAB,IND785621AAA,FTL,16,1.666666587301591,1,1.0,35.0,21.0,27.8457,0.6666665873015909,0.6666665873015909
IND505209AAA,IND504201AAA,FTL,9,1.6666665740740791,1,1.0,30.0,18.0,25.4549,0.6666665740740791,0.6666665740740791
IND562132AAA,IND573201AAB,FTL,20,1.6666665740740791,1,1.0,30.0,18.0,24.3067,0.6666665740740791,0.6666665740740791
IND421302AAG,IND000000AFT,Carting,23,1.666666555555563,1,1.0,25.0,15.0,18.5053,0.6666665555555631,0.6666665555555631
IND132001AAA,IND131028AAB,FTL,6,1.666666555555563,1,1.0,25.0,15.0,21.944,0.6666665555555631,0.6666665555555631
IND712311AAA,IND712310AAE,Carting,20,1.6666665277777895,1,1.0,20.0,12.0,12.8884,0.6666665277777895,0.6666665277777895
IND620020AAA,IND621112AAA,Carting,11,1.6666664814815022,1,1.0,15.0,9.0,11.2968,0.6666664814815022,0.6666664814815022
IND380021AAA,IND382430AAB,Carting,9,1.6666664814815022,1,1.0,15.0,9.0,12.1848,0.6666664814815022,0.6666664814815022
IND500008AAC,IND501359AAE,Carting,21,1.6666664814815022,1,1.0,15.0,9.0,12.35,0.6666664814815022,0.6666664814815022
IND500010AAA,IND501359AAE,Carting,22,1.6666664814815022,1,1.0,15.0,9.0,12.6113,0.6666664814815022,0.6666664814815022
IND533201AAA,IND533262AAA,FTL,2,1.6578946932132976,1,1.0,63.0,38.0,45.5446,0.6578946932132976,0.6578946932132976
IND560048AAB,IND562132AAA,Carting,19,1.327777695123462,2,0.5,21.5,16.5,12.3674,0.3277776951234621,0.6555553902469242
IND384170AAA,IND384265AAB,FTL,9,1.2173912514177716,3,0.6666666666666666,28.0,22.0,24.9281,0.2173912514177716,0.6521737542533148
IND209304AAA,IND212601AAA,FTL,4,1.6499999587500012,1,1.0,66.0,40.0,45.9817,0.6499999587500012,0.6499999587500012
IND503111AAC,IND501359AAE,FTL,7,1.649999917500004,1,1.0,33.0,20.0,29.0375,0.649999917500004,0.649999917500004
IND834002AAB,IND829122AAA,FTL,19,1.649999917500004,1,1.0,33.0,20.0,27.2342,0.649999917500004,0.649999917500004
IND424006AAA,IND421302AAG,FTL,16,1.6470587266436043,1,1.0,28.0,17.0,25.1029,0.6470587266436043,0.6470587266436043
IND466001AAA,IND466116AAA,FTL,11,1.6470587266436043,1,1.0,28.0,17.0,23.2861,0.6470587266436043,0.6470587266436043
IND505327AAA,IND505425AAA,FTL,4,1.3230993436997747,2,1.0,24.5,18.5,26.573549999999997,0.32309934369977467,0.6461986873995493
IND140401AAA,IND000000ACA,FTL,5,1.3217904771032152,2,0.5,32.5,26.5,36.55175,0.3217904771032152,0.6435809542064304
IND570020AAA,IND571430AAA,FTL,3,1.6428570841836756,1,1.0,46.0,28.0,30.5753,0.6428570841836756,0.6428570841836756
IND121004AAB,IND110037AAM,Carting,20,1.6428570255102126,1,1.0,23.0,14.0,15.4688,0.6428570255102126,0.6428570255102126
IND751002AAB,IND530012AAA,FTL,19,1.3212120557208487,2,1.0,31.0,24.0,30.0542,0.32121205572084865,0.6424241114416973
IND370001AAA,IND370615AAB,FTL,6,1.6363635619834744,1,1.0,36.0,22.0,24.4548,0.6363635619834744,0.6363635619834744
IND125050AAA,IND125051AAA,FTL,3,1.6363635619834744,1,1.0,36.0,22.0,23.859,0.6363635619834744,0.6363635619834744
IND679329AAA,IND673639AAA,Carting,4,1.6363634876033195,1,1.0,18.0,11.0,12.5323,0.6363634876033195,0.6363634876033195
IND110085AAB,IND000000ACB,Carting,23,1.6363634876033195,1,1.0,18.0,11.0,11.3835,0.6363634876033195,0.6363634876033195
IND680712AAA,IND683511AAA,Carting,4,1.6363634876033195,1,1.0,18.0,11.0,13.1669,0.6363634876033195,0.6363634876033195
IND312001AAA,IND311001AAA,FTL,1,1.6315788614958493,1,1.0,31.0,19.0,25.2229,0.6315788614958493,0.6315788614958493
IND600119AAA,IND600016AAC,Carting,7,1.6315788614958493,1,1.0,31.0,19.0,11.1647,0.6315788614958493,0.6315788614958493
IND625531AAA,IND625516AAA,FTL,2,1.6296295692729788,1,1.0,44.0,27.0,25.424,0.6296295692729788,0.6296295692729788
IND758001AAA,IND758035AAA,FTL,1,1.6296295692729788,1,1.0,44.0,27.0,38.7582,0.6296295692729788,0.6296295692729788
IND515801AAA,IND515865AAB,FTL,22,1.31422919043416,2,0.5,29.5,22.5,23.79275,0.3142291904341601,0.6284583808683202
IND160002AAC,IND142001AAB,FTL,20,1.6249998984375063,1,1.0,26.0,16.0,22.0621,0.6249998984375063,0.6249998984375063
IND361315AAA,IND361335AAA,FTL,5,1.6249998984375063,1,1.0,26.0,16.0,24.0486,0.6249998984375063,0.6249998984375063
IND577501AAA,IND577002AAA,FTL,6,1.6249998984375063,1,1.0,26.0,16.0,23.3711,0.6249998984375063,0.6249998984375063
IND341303AAA,IND341306AAA,FTL,8,1.6249998984375063,1,1.0,26.0,16.0,23.2094,0.6249998984375063,0.6249998984375063
IND786171AAA,IND786181AAC,Carting,8,1.6249997968750256,1,1.0,13.0,8.0,11.4107,0.6249997968750256,0.6249997968750256
IND500055AAA,IND501401AAC,Carting,8,1.6249997968750256,1,1.0,13.0,8.0,10.5249,0.6249997968750256,0.6249997968750256
IND561207AAB,IND562108AAA,Carting,5,1.3108973315869576,2,0.5,16.5,12.5,11.5579,0.31089733158695765,0.6217946631739153
IND848210AAA,IND851127AAA,FTL,3,1.6153845532544402,1,1.0,42.0,26.0,28.915,0.6153845532544402,0.6153845532544402
IND384205AAA,IND385001AAA,FTL,1,1.3071428139285728,2,0.5,40.0,31.5,28.34215,0.3071428139285728,0.6142856278571456
IND000000ABG,IND501359AAF,Carting,19,1.3062498846093857,2,0.5,15.5,13.0,11.77135,0.30624988460938574,0.6124997692187715
IND723202AAA,IND713205AAB,FTL,16,1.6111110216049431,1,1.0,29.0,18.0,22.4488,0.6111110216049431,0.6111110216049431
IND303106AAA,IND303002AAA,FTL,4,1.6111110216049431,1,1.0,29.0,18.0,25.6533,0.6111110216049431,0.6111110216049431
IND209304AAA,IND209101AAA,FTL,5,1.6111110216049431,1,1.0,29.0,18.0,25.4225,0.6111110216049431,0.6111110216049431
IND607001AAA,IND608001AAA,FTL,5,1.6111110216049431,1,1.0,29.0,18.0,25.7311,0.6111110216049431,0.6111110216049431
IND110043AAA,IND110078AAA,Carting,8,1.3051469795226043,2,1.0,21.5,16.5,14.6632,0.3051469795226043,0.6102939590452086
IND732138AAA,IND733102AAA,FTL,8,1.5999999360000026,1,1.0,40.0,25.0,34.6433,0.5999999360000026,0.5999999360000026
IND000000ACA,IND143001AAA,FTL,19,1.599999920000004,1,1.0,32.0,20.0,26.6801,0.5999999200000039,0.5999999200000039
IND160002AAC,IND174103AAA,FTL,1,1.599999920000004,1,1.0,32.0,20.0,25.1128,0.5999999200000039,0.5999999200000039
IND586128AAA,IND585104AAA,Carting,10,1.599999680000064,1,1.0,8.0,5.0,7.5792,0.599999680000064,0.599999680000064
IND474003AAA,IND328001AAA,FTL,21,1.2955555053794257,2,0.5,33.5,26.0,24.292099999999998,0.29555550537942565,0.5911110107588513
IND480886AAA,IND480001AAA,FTL,9,1.589743569362262,1,1.0,124.0,78.0,108.0585,0.5897435693622619,0.5897435693622619
IND334001AAB,IND334803AAA,FTL,3,1.5882352006920468,1,1.0,27.0,17.0,24.5724,0.5882352006920468,0.5882352006920468
IND573103AAA,IND572201AAB,FTL,9,1.5882352006920468,1,1.0,27.0,17.0,24.5233,0.5882352006920468,0.5882352006920468
IND110037AAM,IND282001AAA,FTL,17,1.5882352006920468,1,1.0,27.0,17.0,24.2624,0.5882352006920468,0.5882352006920468
IND574202AAA,IND574239AAA,FTL,2,1.2938461030982267,2,1.0,33.0,25.5,27.6064,0.2938461030982267,0.5876922061964533
IND327001AAB,IND312605AAB,FTL,0,1.5833332013888999,1,1.0,19.0,12.0,17.9545,0.5833332013888999,0.5833332013888999
IND509358AAA,IND509324AAA,FTL,23,1.5789472853185638,1,1.0,30.0,19.0,25.2286,0.5789472853185638,0.5789472853185638
IND232104AAB,IND232327AAA,Carting,4,1.5789472853185638,1,1.0,30.0,19.0,11.0134,0.5789472853185638,0.5789472853185638
IND580028AAA,IND591123AAC,FTL,23,1.5714285153061245,1,1.0,44.0,28.0,30.9058,0.5714285153061245,0.5714285153061245
IND523002AAA,IND523226AAA,FTL,22,1.571428496598643,1,1.0,33.0,21.0,22.8224,0.5714284965986429,0.5714284965986429
IND561202AAB,IND515134AAA,Carting,6,1.5714283469388075,1,1.0,11.0,7.0,8.2834,0.5714283469388075,0.5714283469388075
IND396580AAB,IND396321AAA,Carting,5,1.5714283469388075,1,1.0,11.0,7.0,11.0415,0.5714283469388075,0.5714283469388075
IND581119AAB,IND577002AAA,Carting,4,1.2847220716628265,2,0.5,11.0,8.5,10.59315,0.2847220716628265,0.569444143325653
IND609001AAA,IND614018AAA,FTL,5,1.566666614444446,1,1.0,47.0,30.0,35.3918,0.5666666144444461,0.5666666144444461
IND341001AAC,IND341030AAA,FTL,6,1.5652173232514206,1,1.0,36.0,23.0,25.0973,0.5652173232514206,0.5652173232514206
IND533401AAA,IND533308AAB,FTL,4,1.5652173232514206,1,1.0,36.0,23.0,33.8891,0.5652173232514206,0.5652173232514206
IND533308AAB,IND533003AAA,FTL,23,1.5624999511718767,1,1.0,50.0,32.0,34.5541,0.5624999511718767,0.5624999511718767
IND140501AAA,IND160002AAC,Carting,6,1.562499902343756,1,1.0,25.0,16.0,11.7833,0.562499902343756,0.562499902343756
IND532001AAB,IND532201AAA,FTL,5,1.562499902343756,1,1.0,25.0,16.0,22.8998,0.562499902343756,0.562499902343756
IND560300AAA,IND562132AAA,Carting,22,1.280701684543966,2,0.5,23.5,18.5,12.50265,0.28070168454396605,0.5614033690879321
IND424006AAA,IND425405AAA,FTL,1,1.5555554691358071,1,1.0,28.0,18.0,22.9053,0.5555554691358071,0.5555554691358071
IND562132AAA,IND560078AAC,Carting,23,1.5555553827160686,1,1.0,14.0,9.0,13.3209,0.5555553827160686,0.5555553827160686
IND380006AAA,IND382430AAB,Carting,8,1.5555553827160686,1,1.0,14.0,9.0,11.9345,0.5555553827160686,0.5555553827160686
IND834002AAB,IND832109AAB,FTL,23,1.5517240844233073,1,1.0,45.0,29.0,37.1965,0.5517240844233073,0.5517240844233073
IND335513AAA,IND335804AAD,Carting,3,1.2749998568750165,2,1.0,11.5,9.0,9.7873,0.2749998568750165,0.549999713750033
IND518002AAA,IND509124AAA,FTL,22,1.5454544752066146,1,1.0,34.0,22.0,27.4873,0.5454544752066146,0.5454544752066146
IND400102AAC,IND421302AAG,Carting,22,1.5454544049586905,1,1.0,17.0,11.0,14.1537,0.5454544049586905,0.5454544049586905
IND212501AAA,IND212402AAA,Carting,7,1.5454544049586905,1,1.0,17.0,11.0,10.6041,0.5454544049586905,0.5454544049586905
IND181152AAB,IND184121AAA,FTL,13,1.541666602430558,1,1.0,37.0,24.0,25.8371,0.5416666024305581,0.5416666024305581
IND562132AAA,IND518002AAA,FTL,10,1.2704677675224891,2,1.0,23.5,18.5,23.94625,0.27046776752248913,0.5409355350449783
IND125001AAA,IND125047AAB,FTL,23,1.5384614792899431,1,1.0,40.0,26.0,31.9136,0.5384614792899431,0.5384614792899431
IND202001AAB,IND282002AAD,FTL,18,1.5384614792899431,1,1.0,40.0,26.0,28.9817,0.5384614792899431,0.5384614792899431
IND515801AAA,IND515761AAA,FTL,23,1.5384614792899431,1,1.0,40.0,26.0,28.2645,0.5384614792899431,0.5384614792899431
IND625106AAA,IND625008AAA,FTL,8,1.5357142308673488,1,1.0,43.0,28.0,30.1858,0.5357142308673488,0.5357142308673488
IND506001AAC,IND505122AAA,FTL,2,1.5357142308673488,1,1.0,43.0,28.0,32.9505,0.5357142308673488,0.5357142308673488
IND140401AAA,IND142401AAA,FTL,5,1.533333231111118,1,1.0,23.0,15.0,21.8485,0.5333332311111181,0.5333332311111181
IND577401AAA,IND562132AAA,FTL,8,1.5294116747404896,1,1.0,26.0,17.0,24.8648,0.5294116747404896,0.5294116747404896
IND560043AAC,IND560064AAA,Carting,11,1.5294116747404896,1,1.0,26.0,17.0,12.4734,0.5294116747404896,0.5294116747404896
IND000000ACA,IND152026AAA,FTL,20,1.5294116747404896,1,1.0,26.0,17.0,24.6599,0.5294116747404896,0.5294116747404896
IND176201AAA,IND176303AAA,FTL,8,1.5285714067346943,1,1.0,107.0,70.0,49.7774,0.5285714067346943,0.5285714067346943
IND639001AAA,IND624001AAA,FTL,14,1.5263157091412785,1,1.0,29.0,19.0,25.6406,0.5263157091412785,0.5263157091412785
IND583101AAA,IND577535AAC,FTL,2,1.523809451247169,1,1.0,32.0,21.0,29.7152,0.5238094512471689,0.5238094512471689
IND768004AAD,IND768028AAA,FTL,0,1.523809451247169,1,1.0,32.0,21.0,30.4917,0.5238094512471689,0.5238094512471689
IND533106AAA,IND530012AAA,FTL,19,1.523809451247169,1,1.0,32.0,21.0,30.4627,0.5238094512471689,0.5238094512471689
IND160002AAC,IND147105AAA,FTL,3,1.523809451247169,1,1.0,32.0,21.0,23.2178,0.5238094512471689,0.5238094512471689
IND600056AAB,IND501359AAE,FTL,20,1.523809451247169,1,1.0,32.0,21.0,29.2145,0.5238094512471689,0.5238094512471689
IND632402AAA,IND631102AAA,FTL,3,1.5217390642722146,1,1.0,35.0,23.0,25.2898,0.5217390642722146,0.5217390642722146
IND305802AAA,IND341512AAA,FTL,3,1.5217390642722146,1,1.0,35.0,23.0,24.9346,0.5217390642722146,0.5217390642722146
IND842003AAB,IND487001AAA,FTL,23,1.5199999392000023,1,1.0,38.0,25.0,26.699,0.5199999392000023,0.5199999392000023
IND581303AAA,IND581400AAB,FTL,4,1.518518462277094,1,1.0,41.0,27.0,30.046,0.518518462277094,0.518518462277094
IND203131AAA,IND203135AAA,FTL,3,1.518518462277094,1,1.0,41.0,27.0,25.3024,0.518518462277094,0.518518462277094
IND221706AAA,IND273014AAB,FTL,8,1.4999999464285734,1,1.0,42.0,28.0,26.2914,0.49999994642857337,0.49999994642857337
IND483770AAA,IND842003AAB,FTL,9,1.4999999423076944,1,1.0,39.0,26.0,28.2698,0.4999999423076944,0.4999999423076944
IND624001AAA,IND624619AAA,FTL,11,1.499999931818185,1,1.0,33.0,22.0,24.0608,0.4999999318181849,0.4999999318181849
IND794101AAA,IND781018AAB,FTL,16,1.4999998928571505,1,1.0,21.0,14.0,19.8445,0.4999998928571505,0.4999998928571505
IND421802AAA,IND411033AAA,FTL,3,1.4999998928571505,1,1.0,21.0,14.0,16.8637,0.4999998928571505,0.4999998928571505
IND562132AAA,IND560085AAA,Carting,23,1.4999998750000105,1,1.0,18.0,12.0,12.647,0.49999987500001053,0.49999987500001053
IND421302AAG,IND400072AAB,Carting,23,1.4999998500000151,1,1.0,15.0,10.0,11.5049,0.4999998500000151,0.4999998500000151
IND209801AAA,IND209304AAA,Carting,6,1.4999998500000151,1,1.0,15.0,10.0,13.2167,0.4999998500000151,0.4999998500000151
IND344022AAB,IND342301AAA,FTL,11,1.2499999218750049,2,0.5,20.0,16.0,23.325,0.24999992187500486,0.4999998437500097
IND110024AAA,IND110014AAA,Carting,22,1.4999998125000236,1,1.0,12.0,8.0,10.004,0.49999981250002357,0.49999981250002357
IND721602AAB,IND721139AAC,Carting,13,1.4999998125000236,1,1.0,12.0,8.0,11.475,0.49999981250002357,0.49999981250002357
IND751015AAA,IND752050AAA,Carting,2,1.4999998125000236,1,1.0,12.0,8.0,10.8007,0.49999981250002357,0.49999981250002357
IND532001AAB,IND530012AAA,Carting,3,1.4999997500000417,1,1.0,9.0,6.0,8.6227,0.4999997500000417,0.4999997500000417
IND786001AAB,IND786171AAA,Carting,7,1.499999250000375,1,1.0,3.0,2.0,1.4473,0.49999925000037493,0.49999925000037493
IND815301AAA,IND814112AAA,FTL,3,1.4827585695600494,1,1.0,43.0,29.0,27.3091,0.48275856956004937,0.48275856956004937
IND756100AAC,IND757037AAA,FTL,22,1.4761904410430848,1,1.0,62.0,42.0,45.6653,0.47619044104308483,0.47619044104308483
IND411033AAA,IND501359AAE,FTL,19,1.476190405895695,1,1.0,31.0,21.0,30.292,0.47619040589569495,0.47619040589569495
IND842003AAB,IND480661AAA,FTL,3,1.473684132963993,1,1.0,28.0,19.0,27.0572,0.4736841329639929,0.4736841329639929
IND571432AAB,IND571426AAA,FTL,1,1.236772441769199,2,1.0,34.0,27.5,30.0204,0.23677244176919898,0.47354488353839796
IND577522AAA,IND562132AAA,FTL,6,1.235294038680183,2,0.5,19.5,15.5,22.8504,0.23529403868018295,0.4705880773603659
IND577132AAD,IND573134AAB,FTL,4,1.468749954101564,1,1.0,47.0,32.0,38.4312,0.46874995410156406,0.46874995410156406
IND500008AAC,IND500084AAB,Carting,0,1.4666665688888956,1,1.0,22.0,15.0,10.5413,0.46666656888889557,0.46666656888889557
IND402109AAA,IND402301AAA,Carting,23,1.4666665688888956,1,1.0,22.0,15.0,18.737,0.46666656888889557,0.46666656888889557
IND524201AAA,IND523002AAA,FTL,21,1.4666665688888956,1,1.0,22.0,15.0,22.1862,0.46666656888889557,0.46666656888889557
IND460001AAA,IND480334AAA,FTL,14,1.2333332684259293,2,0.5,23.5,19.0,25.76625,0.23333326842592927,0.46666653685185855
IND591201AAA,IND591304AAA,FTL,9,1.4615384053254459,1,1.0,38.0,26.0,32.6315,0.4615384053254459,0.4615384053254459
IND504293AAA,IND504208AAB,FTL,7,1.454545388429755,1,1.0,32.0,22.0,24.7289,0.454545388429755,0.454545388429755
IND571111AAB,IND571313AAB,FTL,5,1.454545388429755,1,1.0,32.0,22.0,23.8865,0.454545388429755,0.454545388429755
IND600044AAD,IND600032AAB,Carting,15,1.4545453223140616,1,1.0,16.0,11.0,10.1669,0.45454532231406164,0.45454532231406164
IND560083AAB,IND560058AAD,Carting,2,1.4545453223140616,1,1.0,16.0,11.0,13.434,0.45454532231406164,0.45454532231406164
IND508116AAA,IND508223AAA,FTL,5,1.4516128563995851,1,1.0,45.0,31.0,31.1907,0.45161285639958515,0.45161285639958515
IND363641AAA,IND363621AAB,Carting,3,1.22499989156251,2,0.5,14.5,13.0,13.6593,0.22499989156251,0.44999978312502
IND261001AAA,IND262701AAA,FTL,11,1.444444390946504,1,1.0,39.0,27.0,24.4733,0.4444443909465039,0.4444443909465039
IND000000ACA,IND144001AAB,FTL,19,1.4444443641975353,1,1.0,26.0,18.0,25.8407,0.4444443641975353,0.4444443641975353
IND344001AAA,IND345021AAA,FTL,12,1.4444443641975353,1,1.0,26.0,18.0,26.5769,0.4444443641975353,0.4444443641975353
IND505001AAB,IND505172AAA,FTL,2,1.4444443641975353,1,1.0,26.0,18.0,25.8546,0.4444443641975353,0.4444443641975353
IND695609AAA,IND695012AAA,Carting,3,1.4444442839506353,1,1.0,13.0,9.0,10.5217,0.4444442839506353,0.4444442839506353
IND638657AAA,IND638701AAA,Carting,3,1.4444442839506353,1,1.0,13.0,9.0,10.3312,0.4444442839506353,0.4444442839506353
IND110037AAM,IND201001AAC,Carting,23,1.4374999101562556,1,1.0,23.0,16.0,13.0363,0.43749991015625556,0.43749991015625556
IND395010AAB,IND395023AAA,Carting,11,1.4374999101562556,1,1.0,23.0,16.0,17.7693,0.43749991015625556,0.43749991015625556
IND131028AAB,IND248001AAD,FTL,23,1.2184342963807921,2,0.5,40.0,47.0,36.3263,0.21843429638079215,0.4368685927615843
IND175101AAA,IND160002AAC,FTL,11,1.436619698075779,1,1.0,102.0,71.0,55.6327,0.43661969807577905,0.43661969807577905
IND756019AAA,IND757041AAA,FTL,1,1.4333332855555572,1,1.0,43.0,30.0,33.4395,0.43333328555555717,0.43333328555555717
IND465333AAA,IND462022AAA,FTL,18,1.428571394557824,1,1.0,60.0,42.0,38.8365,0.428571394557824,0.428571394557824
IND209304AAA,IND110037AAM,FTL,23,1.4285713775510223,1,1.0,40.0,28.0,27.2636,0.42857137755102226,0.42857137755102226
IND328001AAA,IND474003AAA,FTL,20,1.428571360544221,1,1.0,30.0,21.0,24.1703,0.42857136054422096,0.42857136054422096
IND505001AAA,IND505302AAB,FTL,2,1.2142856709183687,2,0.5,34.0,28.0,28.4892,0.2142856709183687,0.4285713418367374
IND811399AAA,IND110044AAB,Carting,22,1.4285713265306197,1,1.0,20.0,14.0,12.5019,0.4285713265306197,0.4285713265306197
IND273014AAB,IND273155AAA,Carting,4,1.428571224489825,1,1.0,10.0,7.0,11.0048,0.428571224489825,0.428571224489825
IND401209AAB,IND401104AAA,Carting,13,1.428571224489825,1,1.0,10.0,7.0,9.9533,0.428571224489825,0.428571224489825
IND581303AAA,IND581325AAA,FTL,9,1.4242423810835643,1,1.0,47.0,33.0,35.8868,0.42424238108356427,0.42424238108356427
IND416012AAA,IND415409AAB,FTL,22,1.4210525567867074,1,1.0,27.0,19.0,27.4281,0.4210525567867074,0.4210525567867074
IND691001AAB,IND695012AAA,FTL,19,1.4193547929240389,1,1.0,44.0,31.0,32.8503,0.4193547929240389,0.4193547929240389
IND332001AAB,IND333001AAA,FTL,23,1.2083332777777804,2,0.5,26.5,22.0,24.538400000000003,0.20833327777778043,0.41666655555556087
IND673104AAA,IND673506AAA,Carting,1,1.416666548611121,1,1.0,17.0,12.0,11.1313,0.41666654861112096,0.41666654861112096
IND621212AAA,IND621704AAA,FTL,9,1.409090845041325,1,1.0,31.0,22.0,29.5339,0.4090908450413251,0.4090908450413251
IND151001AAA,IND160002AAC,FTL,23,1.409090845041325,1,1.0,31.0,22.0,24.175,0.4090908450413251,0.4090908450413251
IND577116AAA,IND577101AAA,FTL,2,1.409090845041325,1,1.0,31.0,22.0,30.838,0.4090908450413251,0.4090908450413251
IND722151AAA,IND723130AAA,FTL,5,1.407407355281209,1,1.0,38.0,27.0,30.1092,0.40740735528120897,0.40740735528120897
IND131028AAB,IND247667AAB,FTL,23,1.407407355281209,1,1.0,38.0,27.0,24.4857,0.40740735528120897,0.40740735528120897
IND712311AAA,IND742102AAB,FTL,16,1.4054053674214766,1,1.0,52.0,37.0,51.0128,0.4054053674214766,0.4054053674214766
IND211002AAB,IND209304AAA,FTL,6,1.2012060893850776,2,0.5,34.0,33.5,47.6397,0.20120608938507756,0.4024121787701551
IND713205AAB,IND723133AAA,FTL,4,1.3999999440000022,1,1.0,35.0,25.0,27.3845,0.39999994400000216,0.39999994400000216
IND465669AAB,IND465683AAA,FTL,11,1.3999999440000022,1,1.0,35.0,25.0,27.3959,0.39999994400000216,0.39999994400000216
IND534260AAC,IND533106AAA,FTL,4,1.3999999440000022,1,1.0,35.0,25.0,22.8507,0.39999994400000216,0.39999994400000216
IND814101AAB,IND816107AAA,FTL,5,1.3999999300000034,1,1.0,28.0,20.0,22.0369,0.39999993000000345,0.39999993000000345
IND335701AAA,IND335051AAA,Carting,8,1.399999860000014,1,1.0,14.0,10.0,11.1552,0.3999998600000141,0.3999998600000141
IND625532AAA,IND625531AAA,FTL,8,1.391304317580341,1,1.0,64.0,46.0,42.1566,0.391304317580341,0.391304317580341
IND842001AAA,IND843320AAA,FTL,1,1.3913042873345962,1,1.0,32.0,23.0,25.1798,0.3913042873345962,0.3913042873345962
IND721636AAB,IND721602AAB,Carting,18,1.3913042873345962,1,1.0,32.0,23.0,15.591,0.3913042873345962,0.3913042873345962
IND571213AAA,IND571114AAA,FTL,7,1.3902438685306375,1,1.0,57.0,41.0,45.9636,0.3902438685306375,0.3902438685306375
IND313001AAB,IND382430AAB,FTL,17,1.3888888117283993,1,1.0,25.0,18.0,26.66,0.3888888117283993,0.3888888117283993
IND581320AAA,IND581334AAA,FTL,6,1.3846153313609488,1,1.0,36.0,26.0,27.4323,0.38461533136094883,0.38461533136094883
IND411033AAA,IND413501AAA,FTL,20,1.3846153313609488,1,1.0,36.0,26.0,37.7169,0.38461533136094883,0.38461533136094883
IND562132AAA,IND560083AAB,Carting,14,1.384615278106517,1,1.0,18.0,13.0,13.318,0.3846152781065171,0.3846152781065171
IND560099AAB,IND560043AAC,Carting,23,1.384615278106517,1,1.0,18.0,13.0,12.5544,0.3846152781065171,0.3846152781065171
IND515671AAA,IND515134AAA,FTL,21,1.379310297265162,1,1.0,40.0,29.0,30.8871,0.3793102972651621,0.3793102972651621
IND142001AAB,IND152026AAA,FTL,20,1.3749999140625053,1,1.0,22.0,16.0,23.2122,0.3749999140625053,0.3749999140625053
IND573201AAB,IND573103AAA,FTL,23,1.3749999140625053,1,1.0,22.0,16.0,24.0238,0.3749999140625053,0.3749999140625053
IND841405AAA,IND841301AAC,Carting,13,1.3749998281250215,1,1.0,11.0,8.0,7.8836,0.37499982812502153,0.37499982812502153
IND505001AAB,IND505302AAB,FTL,2,1.370370319615914,1,1.0,37.0,27.0,28.3655,0.37037031961591405,0.37037031961591405
IND321001AAA,IND301001AAB,FTL,5,1.370370319615914,1,1.0,37.0,27.0,38.6988,0.37037031961591405,0.37037031961591405
IND148101AAA,IND148102AAA,FTL,2,1.3636363016528954,1,1.0,30.0,22.0,24.086,0.3636363016528954,0.3636363016528954
IND384205AAA,IND382715AAA,FTL,2,1.3636363016528954,1,1.0,30.0,22.0,24.589,0.3636363016528954,0.3636363016528954
IND561203AAB,IND562101AAA,Carting,3,1.3636362396694328,1,1.0,15.0,11.0,12.3816,0.3636362396694328,0.3636362396694328
IND123001AAA,IND123401AAB,FTL,3,1.359999945600002,1,1.0,34.0,25.0,23.8237,0.35999994560000204,0.35999994560000204
IND501359AAE,IND500008AAC,Carting,23,1.3571427602040886,1,1.0,19.0,14.0,16.1645,0.35714276020408864,0.35714276020408864
IND414001AAA,IND414302AAB,FTL,2,1.34782602835539,1,1.0,31.0,23.0,27.5183,0.34782602835539,0.34782602835539
IND147001AAD,IND148023AAA,FTL,1,1.3461537943787,1,1.0,35.0,26.0,25.2034,0.3461537943787001,0.3461537943787001
IND802119AAA,IND802158AAB,FTL,4,1.3421052278393362,1,1.0,51.0,38.0,46.8138,0.34210522783933617,0.34210522783933617
IND802101AAA,IND802158AAB,FTL,5,1.3421052278393362,1,1.0,51.0,38.0,47.2969,0.34210522783933617,0.34210522783933617
IND757037AAA,IND756100AAC,FTL,9,1.3333333140096622,1,1.0,92.0,69.0,89.9434,0.33333331400966215,0.33333331400966215
IND494334AAB,IND493445AAB,FTL,12,1.3333333037037045,1,1.0,60.0,45.0,32.4938,0.3333333037037045,0.3333333037037045
IND507159AAA,IND508206AAA,FTL,1,1.3333332991453002,1,1.0,52.0,39.0,34.3921,0.3333332991453002,0.3333332991453002
IND505001AAB,IND501359AAE,FTL,0,1.33333327777778,1,1.0,32.0,24.0,26.4001,0.33333327777778,0.33333327777778
IND184104AAA,IND181152AAA,FTL,1,1.33333327777778,1,1.0,32.0,24.0,28.033,0.33333327777778,0.33333327777778
IND282002AAD,IND205001AAB,FTL,17,1.3333332698412728,1,1.0,28.0,21.0,23.2397,0.33333326984127276,0.33333326984127276
IND493118AAC,IND495334AAB,Carting,9,1.3333332444444503,1,1.0,20.0,15.0,17.1516,0.33333324444445034,0.33333324444445034
IND690548AAA,IND688009AAA,Carting,3,1.3333332222222316,1,1.0,16.0,12.0,10.3565,0.3333332222222316,0.3333332222222316
IND700053AAA,IND712311AAA,Carting,22,1.3333331851852017,1,1.0,12.0,9.0,11.7225,0.3333331851852017,0.3333331851852017
IND464668AAA,IND462022AAA,FTL,11,1.3265305851728453,1,1.0,65.0,49.0,61.5999,0.3265305851728453,0.3265305851728453
IND671323AAD,IND000000ACO,FTL,2,1.3214285242346955,1,1.0,37.0,28.0,25.8732,0.3214285242346955,0.3214285242346955
IND635001AAA,IND636705AAB,FTL,6,1.3181817582644655,1,1.0,29.0,22.0,23.6917,0.3181817582644655,0.3181817582644655
IND385535AAA,IND384205AAA,FTL,7,1.3181817582644655,1,1.0,29.0,22.0,24.6576,0.3181817582644655,0.3181817582644655
IND321606AAA,IND301001AAB,FTL,12,1.3181817582644655,1,1.0,29.0,22.0,24.6072,0.3181817582644655,0.3181817582644655
IND303702AAB,IND332001AAB,FTL,19,1.3157894044321365,1,1.0,25.0,19.0,24.7218,0.31578940443213654,0.31578940443213654
IND576101AAA,IND576201AAA,FTL,8,1.3157894044321365,1,1.0,25.0,19.0,25.3693,0.31578940443213654,0.31578940443213654
IND505001AAB,IND505184AAC,FTL,1,1.3076922573964516,1,1.0,34.0,26.0,23.8151,0.30769225739645156,0.30769225739645156
IND341030AAA,IND341303AAA,FTL,6,1.299999935000003,1,1.0,26.0,20.0,23.3918,0.2999999350000031,0.2999999350000031
IND333028AAA,IND333502AAA,FTL,1,1.294117608996541,1,1.0,44.0,34.0,32.5822,0.29411760899654094,0.29411760899654094
IND272155AAA,IND272001AAA,FTL,14,1.2916666128472245,1,1.0,31.0,24.0,29.5999,0.2916666128472245,0.2916666128472245
IND263601AAA,IND263153AAB,FTL,12,1.2878787683654733,1,1.0,85.0,66.0,39.8465,0.2878787683654733,0.2878787683654733
IND501359AAE,IND503111AAC,FTL,19,1.2857142244897988,1,1.0,27.0,21.0,28.0647,0.2857142244897988,0.2857142244897988
IND689650AAA,IND690548AAA,Carting,1,1.2857141938775576,1,1.0,18.0,14.0,15.231,0.2857141938775576,0.2857141938775576
IND641062AAD,IND641008AAA,Carting,10,1.2857141938775576,1,1.0,18.0,14.0,12.8862,0.2857141938775576,0.2857141938775576
IND201007AAB,IND201007AAA,Carting,17,1.2857141938775576,1,1.0,18.0,14.0,11.3634,0.2857141938775576,0.2857141938775576
IND723130AAA,IND723131AAA,FTL,23,1.2799999744000006,1,1.0,64.0,50.0,35.445,0.2799999744000006,0.2799999744000006
IND474003AAA,IND476001AAA,FTL,2,1.279999948800002,1,1.0,32.0,25.0,23.5438,0.279999948800002,0.279999948800002
IND506001AAC,IND505467AAA,FTL,2,1.2727272148760356,1,1.0,28.0,22.0,24.6469,0.2727272148760356,0.2727272148760356
IND361335AAA,IND360002AAB,FTL,9,1.2727272148760356,1,1.0,28.0,22.0,25.389,0.2727272148760356,0.2727272148760356
IND444203AAA,IND444005AAB,FTL,8,1.2727272148760356,1,1.0,28.0,22.0,26.5239,0.2727272148760356,0.2727272148760356
IND535501AAB,IND532440AAA,FTL,9,1.2727272148760356,1,1.0,28.0,22.0,24.273,0.2727272148760356,0.2727272148760356
IND472001AAA,IND474003AAA,FTL,17,1.2685185067729767,1,1.0,137.0,108.0,90.0398,0.26851850677297673,0.26851850677297673
IND276128AAA,IND276305AAA,FTL,6,1.2647058451557105,1,1.0,43.0,34.0,34.1929,0.2647058451557105,0.2647058451557105
IND781018AAA,IND781018AAB,Carting,9,1.2647058451557105,1,1.0,43.0,34.0,33.39,0.2647058451557105,0.2647058451557105
IND673592AAA,IND562132AAA,FTL,11,1.2631578614958459,1,1.0,48.0,38.0,30.8407,0.26315786149584586,0.26315786149584586
IND501359AAE,IND501218AAC,Carting,0,1.263157828254851,1,1.0,24.0,19.0,22.0768,0.263157828254851,0.263157828254851
IND110037AAM,IND110092AAC,Carting,5,1.263157828254851,1,1.0,24.0,19.0,15.5034,0.263157828254851,0.263157828254851
IND573201AAB,IND572201AAB,FTL,23,1.2608695103969778,1,1.0,29.0,23.0,26.1942,0.2608695103969778,0.2608695103969778
IND571438AAB,IND571401AAA,FTL,9,1.2580644755463073,1,1.0,39.0,31.0,24.7471,0.2580644755463073,0.2580644755463073
IND735224AAA,IND736146AAA,FTL,9,1.2499999479166688,1,1.0,30.0,24.0,26.9434,0.2499999479166688,0.2499999479166688
IND462022AAA,IND000000ACB,FTL,17,1.2499999218750049,1,1.0,20.0,16.0,22.8758,0.24999992187500486,0.24999992187500486
IND505001AAB,IND504208AAB,FTL,23,1.2499999218750049,1,1.0,20.0,16.0,22.7121,0.24999992187500486,0.24999992187500486
IND363621AAB,IND360002AAB,Carting,4,1.2499998437500197,1,1.0,10.0,8.0,9.6135,0.2499998437500197,0.2499998437500197
IND642126AAA,IND642001AAA,Carting,3,1.2499998437500197,1,1.0,10.0,8.0,8.6586,0.2499998437500197,0.2499998437500197
IND560099AAG,IND560099AAB,Carting,23,1.2499998437500197,1,1.0,10.0,8.0,9.3301,0.2499998437500197,0.2499998437500197
IND425201AAA,IND425508AAB,Carting,7,1.2499998437500197,1,1.0,10.0,8.0,9.5565,0.2499998437500197,0.2499998437500197
IND303303AAA,IND322230AAA,Carting,14,1.2499998437500197,1,1.0,10.0,8.0,11.941,0.2499998437500197,0.2499998437500197
IND509001AAA,IND509203AAA,FTL,1,1.2380951791383248,1,1.0,26.0,21.0,23.7237,0.2380951791383248,0.2380951791383248
IND303702AAB,IND332404AAA,FTL,17,1.2352940449827032,1,1.0,21.0,17.0,24.1587,0.23529404498270323,0.23529404498270323
IND110037AAM,IND226004AAC,FTL,23,1.2307691834319545,1,1.0,32.0,26.0,27.6989,0.23076918343195452,0.23076918343195452
IND122001AAA,IND122101AAC,Carting,8,1.230769136094682,1,1.0,16.0,13.0,10.4624,0.23076913609468197,0.23076913609468197
IND203396AAB,IND203390AAA,FTL,7,1.228571393469389,1,1.0,43.0,35.0,29.1169,0.22857139346938893,0.22857139346938893
IND560099AAB,IND560083AAB,Carting,0,1.2222221543209915,1,1.0,22.0,18.0,17.2392,0.22222215432099146,0.22222215432099146
IND603301AAA,IND600044AAD,Carting,13,1.2222220864197684,1,1.0,11.0,9.0,9.8135,0.22222208641976837,0.22222208641976837
IND360311AAA,IND360050AAA,Carting,3,1.2222220864197684,1,1.0,11.0,9.0,10.1896,0.22222208641976837,0.22222208641976837
IND504208AAB,IND505001AAB,FTL,6,1.2173912514177716,1,1.0,28.0,23.0,25.081,0.2173912514177716,0.2173912514177716
IND344001AAA,IND342301AAA,FTL,14,1.2105262520775657,1,1.0,23.0,19.0,25.257,0.2105262520775657,0.2105262520775657
IND700026AAC,IND700065AAA,Carting,21,1.2105262520775657,1,1.0,23.0,19.0,13.7066,0.2105262520775657,0.2105262520775657
