facility,betweenness,in_degree,out_degree,total_degree,clustering,pagerank,sla_contribution,sla_pct
IND000000ACB,0.11269734122298192,40,48,88,0.03506493506493506,0.026403228732844973,693.4781225443819,6.8158337804183535
IND562132AAA,0.056361727133881594,34,34,68,0.04846938775510204,0.01715696064080899,326.4268057980323,3.2082783543757736
IND421302AAG,0.029174854463919365,23,27,50,0.062388591800356503,0.008595877970157158,315.07468455042255,3.0967042917435212
IND712311AAA,0.03532556705009963,18,21,39,0.039886039886039885,0.007327879687669196,203.99775570155788,2.004987250843265
IND160002AAC,0.02820435621154699,25,28,53,0.022067363530778164,0.008984952830079709,198.2251482275455,1.9482513110300363
IND110037AAM,0.014802269988427845,15,22,37,0.06206896551724138,0.005888334915323879,184.86862707420767,1.8169770500168978
IND501359AAE,0.04123896415352873,27,27,54,0.037786774628879895,0.009887259409006434,153.80876944572958,1.511705953558311
IND131028AAB,0.016824901807784065,16,17,33,0.033846153846153845,0.005824122179546589,142.7624637469973,1.403137592015761
IND382430AAB,0.01979108194166592,15,12,27,0.02766798418972332,0.0044421188715846605,141.3579499205611,1.3893333601703999
IND842001AAA,0.011507213359726954,7,15,22,0.02857142857142857,0.003357033403503271,141.21339897909195,1.387912644566219
IND411033AAA,0.021399957917169737,16,19,35,0.06521739130434782,0.0053452618951461365,122.57132042496248,1.2046894041844485
IND600056AAB,0.01781349711467543,13,18,31,0.05627705627705628,0.004061083815932853,107.73542072070299,1.0588751051029097
IND431136AAC,0.001495906299154014,2,5,7,0.06666666666666667,0.0005063811284113797,82.60082255488058,0.8118402850175945
IND781018AAB,0.013996986863054263,14,14,28,0.004761904761904762,0.004924769342949484,81.49876248805597,0.8010087129934426
IND209304AAA,0.01372420945346247,14,12,26,0.021645021645021644,0.005465078582081049,73.40783776753184,0.7214872454341814
IND530012AAA,0.0084449805139211,7,9,16,0.06060606060606061,0.0014036161439895142,70.92394102639008,0.6970743234327933
IND751002AAB,0.007980852152445553,10,6,16,0.11538461538461539,0.004505192277272064,70.12305598110134,0.6892028431820786
IND834002AAB,0.003451213394458028,5,5,10,0.17857142857142858,0.002092704527971785,69.03315615577384,0.6784907878118475
IND395023AAA,0.008733055897252458,6,7,13,0.2,0.0024150488442910155,59.653891979257786,0.5863069055356268
IND400072AAB,0.004055960462914652,10,9,19,0.08974358974358974,0.0026228858052365226,57.906030852218144,0.5691280926417933
IND121004AAB,0.003060118708084533,7,6,13,0.07142857142857142,0.0028349327336417455,57.06906939279296,0.5609020361843405
IND641062AAD,4.348869451130759e-05,6,6,12,0.01818181818181818,0.0016129003850316672,55.37360821549024,0.5442382349915234
IND302014AAB,1.9386526468896155e-05,3,11,14,0.015151515151515152,0.0010216180266881241,55.14764666931666,0.5420173771310982
IND560099AAB,0.0021335134359107646,11,15,26,0.1503267973856209,0.004121396671730459,53.51023158681339,0.5259240806462073
IND560300AAA,0.0017741291519914155,3,12,15,0.22727272727272727,0.002161530512782486,52.0070049838844,0.5111496525470552
IND821115AAB,0.003632091931956436,4,5,9,0.09523809523809523,0.002311971468852511,47.44197570140234,0.4662823672201863
IND854326AAB,0.008979629476322764,5,8,13,0.02564102564102564,0.001365683960560106,46.30936526245242,0.4551505315661274
IND462022AAA,0.014647663895283278,12,9,21,0.05228758169934641,0.007647915149468758,43.62700200114321,0.42878698593514847
IND580028AAA,0.006950069739099271,6,7,13,0.06060606060606061,0.001483897631401694,42.135531437284556,0.41412810179566095
IND000000ACA,0.004935180886771158,10,9,19,0.10476190476190476,0.004747554937361791,41.52982847722186,0.4081749641812433
IND302014AAA,0.013678949690391934,7,6,13,0.07272727272727272,0.002754258042226383,40.64636189435922,0.3994918331875029
IND683511AAA,0.007051456032929849,8,7,15,0.02564102564102564,0.0020696977316642996,39.08482494463447,0.38414430318575554
IND313001AAB,0.0032292538842041054,3,5,8,0.14285714285714285,0.0016455252447707442,39.06468873634957,0.38394639492567334
IND444005AAB,0.0015886472500998144,3,3,6,0.0,0.0009789123176175871,38.71896791343882,0.38054848576778455
IND110024AAA,0.0002813666138864117,3,1,4,0.3333333333333333,0.004778111681491148,38.57618565713754,0.3791451536451042
IND273014AAB,0.0015090053035248898,3,5,8,0.0,0.0010542785835480437,38.40839740878893,0.37749605070461667
IND532001AAB,0.002240977667769428,4,4,8,0.047619047619047616,0.0013523061003881743,37.80753681151903,0.37159050614155453
IND712310AAE,0.0011322779378185024,4,3,7,0.047619047619047616,0.0011458228233615527,37.80494953377569,0.37156507714175036
IND643231AAA,0.0,1,0,1,0.0,0.0013797663534484313,35.88888015123561,0.352733033276796
IND305001AAC,0.0021482367168236278,3,4,7,0.06666666666666667,0.0018449226161974534,35.65356738617449,0.35042026717657254
IND630561AAA,7.859402622525467e-06,1,2,3,0.0,0.0014245888654418587,35.49449371803088,0.3488568152872321
IND577002AAA,0.0027031105419739257,4,3,7,0.26666666666666666,0.0027800947949299286,34.15043415257385,0.3356467567557171
IND635802AAB,0.0002808426537115767,2,2,4,0.5,0.00038518681037773793,33.654540433187336,0.3307728767381458
IND742101AAC,0.0035343733593497027,5,5,10,0.027777777777777776,0.0015493198108947768,33.63693606376696,0.33059985259812225
IND201007AAA,0.0030027284352837423,7,4,11,0.19047619047619047,0.0017641602613231381,33.34351193876695,0.3277159403330504
IND585104AAA,0.00197506787904065,3,5,8,0.0,0.00107164284489718,32.05029298263291,0.3150055675611514
IND635601AAB,0.0,1,0,1,0.0,0.0005414896658827894,31.71427804081752,0.3117030524324148
IND742149AAA,0.0,0,2,2,0.0,0.0002466653837537206,31.499993297620012,0.309596959761524
IND485001AAC,1.1003163671535654e-05,2,2,4,0.3333333333333333,0.001896027162076279,30.969871831202997,0.3043866731193542
IND421302AAR,0.0008482915230579155,4,3,7,0.0,0.0013245822019801875,30.217167186767156,0.2969887328304805
IND742148AAA,0.0,1,0,1,0.0,0.0004424290652068453,29.99999371428661,0.29485424835025964
IND518002AAA,0.0021482367168236278,3,6,9,0.047619047619047616,0.0008998776488425776,29.883393376763227,0.29370824461421646
IND521225AAB,0.005021634315618939,6,6,12,0.06666666666666667,0.002955617097227931,29.608767046814243,0.29100908604553527
IND431203AAA,0.0,1,1,2,1.0,0.00044932387581506853,29.095230204649493,0.28596180100145396
IND827013AAA,0.00028031869353674165,1,1,2,1.0,0.0010646837425470975,29.057139359456055,0.2855874260053956
IND474003AAA,0.004749698984879557,6,5,11,0.08333333333333333,0.001994344765948505,28.17294065930725,0.27689709941374374
IND581115AAC,0.0,1,1,2,1.0,0.0022498267540873233,27.47499219562608,0.2700373289882611
IND711303AAA,0.0,1,0,1,0.0,0.0011684572011136068,27.222215308642753,0.26755291716732477
IND211002AAB,0.0018935920718538026,3,4,7,0.0,0.001501294394220097,27.130598431951924,0.2666524628015624
IND700053AAA,0.0015870753695753094,2,3,5,0.16666666666666666,0.0021090260756910857,26.32064112487824,0.25869181603451724
IND413002AAA,0.0019051451857882214,5,4,9,0.26666666666666666,0.002248333548785423,26.204791771783484,0.25755319333166143
IND136118AAA,0.0,1,0,1,0.0,0.0014550516138791486,26.124996375521064,0.2567689261144466
IND306401AAB,0.003700730714859825,3,4,7,0.2,0.0009145476235072135,24.824849102297588,0.2439904585373555
IND560300AAB,5.239601748350312e-07,1,3,4,0.16666666666666666,0.00034338310022737724,24.583327687335395,0.24161667086435157
IND245304AAA,0.0006544262583689539,2,2,4,0.0,0.004061880540314604,23.113846549376646,0.22717390929165923
IND574216AAA,0.0007476911694895894,1,2,3,0.3333333333333333,0.0007104810555611968,22.95832764641276,0.2256453953301434
IND623407AAA,1.5718805245050936e-06,1,1,2,0.0,0.0012920389916396575,22.85713502040928,0.22465082593246263
IND848114AAA,0.0,1,0,1,0.0,0.0006591497313187707,22.74999776562514,0.223597829887512
IND402107AAA,5.239601748350312e-07,1,1,2,1.0,0.001610655900534915,22.42856641496656,0.22043864924910042
IND600044AAD,0.0026108935512029604,5,5,10,0.13333333333333333,0.0026862802692237298,22.307857581218048,0.21925226525238628
IND401104AAA,0.0009368407926050357,4,4,8,0.2,0.0013414468435150875,22.173699129909437,0.217933691998766
IND574104AAA,0.0006539022981941189,1,1,2,0.0,0.0005453025945678059,22.124993984375756,0.2174549945958967
IND263153AAB,0.002891212244739702,4,5,9,0.05555555555555555,0.0013137212989877795,22.119741335452847,0.21740336905674618
IND421401AAC,0.00028031869353674165,1,1,2,1.0,0.0006315925600614474,21.809518494804177,0.21435435100121952
IND742102AAB,0.00138875644340025,3,4,7,0.0,0.0006180861508929115,21.75063873840662,0.21377565266944687
IND402109AAA,5.239601748350312e-07,1,1,2,1.0,0.001610655900534915,21.466661902222754,0.2109845928652575
IND110044AAB,0.002418600167038504,2,6,8,0.39285714285714285,0.000472572452958622,21.380371246815198,0.21013648714289765
IND416012AAA,0.00623390350679559,5,5,10,0.08888888888888889,0.0025810670556878257,21.20678795105522,0.20843042771218867
IND731237AAB,0.0,2,0,2,0.0,0.001166111433131989,21.083328089451815,0.2072170053014645
IND144001AAB,0.0015875993297501444,4,5,9,0.3,0.002307587114324515,20.979246015321106,0.20619403702931013
IND786001AAB,3.615325206361715e-05,5,4,9,0.08333333333333333,0.0032395419502726074,20.703709269915937,0.2034859304632535
IND533106AAA,0.0037189908670491293,4,7,11,0.1388888888888889,0.0014326323341125175,20.465088361719133,0.20114065035429401
IND713205AAB,0.005021634315618939,6,9,15,0.0641025641025641,0.0018652004729314139,20.331210686583738,0.19982483670283555
IND201301AAF,0.0005700686702205139,8,2,10,0.1388888888888889,0.00265540336139096,20.318842028241846,0.1997032716287481
IND788026AAC,0.0024264595696610295,2,4,6,0.1,0.0007589015200750659,20.072807654033586,0.19728512843957283
IND400015AAA,0.0003746315250070473,3,1,4,0.3333333333333333,0.0010198553035356268,19.842671246667557,0.1950232380519217
IND403726AAA,0.006762797639943652,4,6,10,0.08333333333333333,0.0011012263482086016,19.774818407698216,0.1943563479844345
IND524003AAA,0.0,1,1,2,1.0,0.0008341081581962514,19.507136552194762,0.1917254430231482
IND125001AAA,0.0018406406981691182,2,7,9,0.09523809523809523,0.0003439335290256459,19.401788631489744,0.19069003340704724
IND396191AAC,0.0010074240499350353,2,3,5,0.16666666666666666,0.0012468883618869148,19.016636907073384,0.18690457854045134
IND424006AAA,0.000387206569203088,2,9,11,0.044444444444444446,0.000617510542824264,18.823254311549626,0.18500392214731265
IND000000AFT,0.0025181526002571596,4,7,11,0.09523809523809523,0.0014404901952792637,18.810081259206818,0.1848744511052848
IND332001AAB,0.0022593162738886543,2,6,8,0.07142857142857142,0.0007343462199983495,18.79484986784866,0.18472474972557756
IND390022AAA,0.0022847021443594103,3,3,6,0.5,0.0019105579036565808,18.761274904146173,0.18439475896690716
IND431122AAA,0.0,1,0,1,0.0,0.0003289953961536432,18.687498019531372,0.18366964455302107
IND395023AAD,3.6677212238452182e-06,1,5,6,0.0,0.0004564121853106399,18.400429977340146,0.1808482029016728
IND362001AAA,1.781464594439106e-05,2,4,6,0.0,0.0015631412200137723,18.229157954220337,0.17916485976095842
IND585330AAE,0.0002829384944109168,1,1,2,0.0,0.0007024807895865747,18.10484290911313,0.17794303219883267
IND471001AAA,0.00075502661193728,2,1,3,0.6666666666666666,0.002012622225005889,18.04336920737539,0.1773388393349336
IND843109AAB,0.0,1,1,2,1.0,0.00040531320974027834,17.967029479773444,0.1765885360776827
IND641607AAA,1.4670884895380873e-05,1,3,4,0.3333333333333333,0.00027648383032463403,17.864021674071576,0.17557612622807764
IND403726AAB,6.287522098020374e-06,3,5,8,0.0,0.0014072161228414074,17.709170303886307,0.1740541730971261
IND842003AAB,0.005394169999926646,3,7,10,0.022222222222222223,0.0013041601886160333,17.637014997583844,0.1733449963283935
IND826004AAA,0.005349764375109377,7,5,12,0.03636363636363636,0.002981948919621302,17.56716894734596,0.17265851602978868
IND110085AAB,0.0012150636454424373,3,4,7,0.1,0.0016283171910743204,17.374089720753204,0.17076084129121216
IND160102AAC,0.0,1,1,2,0.0,0.0010918121398393326,17.203025360987603,0.16907953916499924
IND209801AAA,0.0,1,1,2,0.0,0.0017959491054976903,17.066660908889943,0.16773928428335227
IND843105AAB,0.0,1,0,1,0.0,0.0005005019053322129,16.749998453125094,0.16462697461873968
IND396232AAA,0.0,1,1,2,0.0,0.001114378048742889,16.67307368139833,0.1638709212687615
IND743513AAA,0.00028031869353674165,1,1,2,1.0,0.0015920510682477652,16.380948001134488,0.1609997707379204
IND700065AAA,0.0,2,1,3,1.0,0.0010547940286358098,16.349413332131714,0.16068983296878817
IND575004AAB,0.0053399276465889624,4,5,9,0.05555555555555555,0.0012282479126523903,16.092004303687013,0.1581598942520181
IND632006AAA,0.0008284858284491514,3,4,7,0.3333333333333333,0.0007532543176514648,16.064832242286535,0.15789283427138381
IND277303AAC,0.0,1,0,1,0.0,0.0006485775718188143,16.0588218200693,0.15783376097483556
IND389001AAA,0.0,1,0,1,0.0,0.0008491662668239993,16.010524159446092,0.15735906852803846
IND785001AAA,0.0011291341767694922,3,3,6,0.1,0.0010082432104778632,15.911514408855707,0.15638595347115858
IND523002AAA,0.002535670335435809,2,5,7,0.09523809523809523,0.0006235289233149072,15.854199651539329,0.15582263669686702
IND000000AEL,0.0,1,1,2,0.0,0.0009291202978201078,15.782046640519303,0.15511348248726511
IND444602AAA,0.0,0,1,1,0.0,0.0002466653837537206,15.476189120181468,0.15210736888202994
IND500039AAC,0.0025181526002571596,3,4,7,0.06666666666666667,0.0010231586237493993,15.339949235360056,0.15076833830699307
IND452001AAC,6.287522098020374e-06,2,1,3,0.0,0.0017688171889800146,15.142854099722115,0.14883119329871455
IND121002AAB,0.0,1,1,2,0.0,0.00033197224801201906,15.00687315852541,0.14749470774513854
IND563130AAA,0.0,2,0,2,0.0,0.000475810697561653,14.99999555238162,0.1474271113513096
IND211011AAA,3.6677212238452182e-06,1,1,2,0.0,0.0007259198062835842,14.96348946689125,0.14706831212955018
IND563101AAB,0.0,2,0,2,0.0,0.0004943326172868884,14.859647605827519,0.14604770478600074
IND473226AAA,0.0003756794453567174,1,2,3,0.0,0.0004564121853106399,14.819604067687106,0.14565413779221653
IND600032AAB,1.3099004370875779e-06,2,3,5,0.6666666666666666,0.000507325549559439,14.788631407555096,0.14534972371434682
IND364004AAB,0.0008440998416592352,1,1,2,0.0,0.0004552233817395864,14.698367956785203,0.14446257146412542
IND302006AAC,0.0,1,0,1,0.0,0.000393508558442806,14.642855090986556,0.14391696453918015
IND523316AAB,0.0005637811481224935,2,1,3,0.3333333333333333,0.0005320000909790598,14.5998316769406,0.14349410990358263
IND560085AAA,0.0,3,0,3,1.0,0.0011482452419170578,14.555551401234968,0.1430589022320654
IND700088AAA,0.0,1,1,2,0.0,0.000681590791876654,14.536840686832958,0.14287500440583106
IND517501AAB,5.239601748350311e-06,2,2,4,0.0,0.0010660552777796777,14.261401741258796,0.14016785906316448
IND590016AAA,0.0,1,0,1,0.0,0.0006407179323940696,14.117645640138488,0.13875495552907452
IND401602AAA,0.0,1,1,2,0.0,0.001610655900534915,14.07352639150849,0.13832133050846726
IND401501AAA,0.0,1,1,2,0.0,0.001610655900534915,14.07352639150849,0.13832133050846726
IND413304AAA,0.0006549502185437889,2,2,4,0.0,0.001476680560379206,14.023805319927014,0.13783264809979912
IND721306AAA,0.0002829384944109168,3,1,4,0.0,0.0017868701662574799,14.012320403862088,0.1377197688663586
IND380005AAA,0.0,1,0,1,0.0,0.0006406082688381336,13.909088099173811,0.1367051525336281
IND173212AAA,0.0,1,0,1,0.0,0.0005406294728269769,13.743589186061818,0.13507855027186888
IND625008AAA,2.0958406993401247e-06,2,1,3,0.0,0.0009634469787401679,13.629625946505962,0.13395846519255766
IND627005AAA,4.191681398680249e-06,2,4,6,0.0,0.0006661589868675592,13.51644561990194,0.13284607495518994
IND271001AAA,5.239601748350312e-07,1,2,3,1.0,0.0016769506040968025,13.482140174426359,0.13250890467321064
IND144001AAC,0.0,0,2,2,1.0,0.0002466653837537206,13.11764294994306,0.12892645208424233
IND854105AAB,0.0004220499208296176,1,2,3,0.3333333333333333,0.00032585454719311904,13.090521545518978,0.1286598899845357
IND422011AAD,0.0018684419834617211,2,3,5,0.0,0.0009234803626650002,13.03848417949654,0.1281484419292194
IND274001AAA,0.0,1,0,1,0.0,0.0005249122831834009,12.999998777777847,0.12777018904342566
IND518102AAA,0.00037515548518188236,1,1,2,0.0,0.0004564121853106399,12.943013266162353,0.12721010825293402
IND302022AAD,0.0,1,1,2,0.0,0.0009859915406589736,12.920452265539046,0.12698836797711366
IND626123AAA,0.0,1,0,1,0.0,0.0010660047016896577,12.919998723200049,0.12698391034666434
IND244901AAB,0.002861346514774105,7,5,12,0.09090909090909091,0.002722747155125213,12.858641720513763,0.12638086445670887
IND591307AAC,0.0007503109703637647,1,2,3,0.3333333333333333,0.0006347849804342051,12.794678929181085,0.1257522076329643
IND847212AAA,0.0,1,0,1,0.0,0.0006908792965160822,12.73610953462586,0.12517655968542202
IND125005AAA,0.0010381877894225016,1,5,6,0.0,0.0004172791122703175,12.716631094926644,0.12498511628875847
IND380015AAB,0.0,1,0,1,0.0,0.0004552233817395864,12.599997840000217,0.12383878902477645
IND785682AAA,0.0002829384944109168,2,1,3,0.0,0.0029007820154933472,12.553569206473465,0.1233824662678173
IND410401AAA,0.0,1,0,1,0.0,0.000463186920426817,12.521738194707035,0.12306961590064708
IND250611AAA,0.0005601134268986483,1,1,2,0.0,0.00028694492475790157,12.180951387859459,0.11972020060617401
IND756100AAC,0.001128610216594657,3,3,6,0.0,0.003001968883439884,12.0412682647162,0.11834732824247053
IND395004AAB,0.0,1,0,1,0.0,0.0004961708387626035,11.999998250000148,0.11794170685186635
IND784001AAA,0.0008456717221837403,2,3,5,0.0,0.0006730713992433335,11.965696966882566,0.11760457747952693
IND732103AAB,0.0014094528703062338,2,2,4,0.0,0.0006013873213516177,11.874997632812775,0.11671314116031592
IND302006AAA,0.0,1,1,2,0.0,0.0003812716272187155,11.861109045524874,0.11657663749953444
IND614620AAA,5.763561923185343e-06,1,1,2,0.0,0.0013884564619960908,11.728567380204655,0.11527395478982194
IND713130AAA,5.239601748350312e-07,2,1,3,0.3333333333333333,0.0007902726302621911,11.685710828112716,0.1148527401531024
IND712310AAA,0.0,2,0,2,0.0,0.0006661589868675592,11.644442641728594,0.11444713673221653
IND360575AAA,2.6198008741751557e-06,1,1,2,0.0,0.0011732782456868355,11.612830233239569,0.11413643490233134
IND843301AAA,0.0,1,1,2,1.0,0.0003735836445429668,11.609889468497185,0.11410753166368574
IND370110AAA,0.0,1,2,3,1.0,0.0003896463541301318,11.525790770070078,0.11328096954010267
IND501359AAF,0.0,3,0,3,0.0,0.0010542785835480437,11.477143707068231,0.11280284300006188
IND205001AAB,0.003347057596846179,2,4,6,0.2,0.0008369317660203061,11.381721752115142,0.11186499051009931
IND562114AAA,0.0003751554851818823,1,2,3,0.0,0.0007151688367884417,11.372725670554349,0.11177657272935017
IND370001AAA,0.0003751554851818823,1,3,4,0.3333333333333333,0.0005043873687165586,11.344205645607136,0.11149626431999418
IND505001AAB,0.0047439354229563725,6,6,12,0.03571428571428571,0.0019285856870593875,11.295698072041542,0.11101950874866995
IND533003AAA,0.0006539022981941189,2,2,4,1.0,0.001174265257369489,11.26492504679182,0.11071705677765005
IND523226AAA,0.0,1,1,2,1.0,0.0002731814492490446,11.238094321995506,0.11045335161598056
IND421302AAN,0.0,0,1,1,0.0,0.0002466653837537206,11.199998080000192,0.11007892357757906
IND301019AAA,0.0,0,2,2,1.0,0.0002466653837537206,11.183822374756772,0.10991994103056564
IND421301AAA,0.0,1,1,2,0.0,0.0006691630395030355,11.111109265432326,0.10920528190765855
IND271201AAA,0.0,1,1,2,1.0,0.0014650605160497754,10.857140627551301,0.10670915699042939
IND846004AAA,0.0,1,0,1,0.0,0.0006274201661214591,10.828570314353794,0.10642835432416183
IND110064AAA,0.0005616853074231534,2,3,5,0.16666666666666666,0.00031549790760621314,10.828523409620564,0.10642789332206987
IND425201AAA,4.715641573515281e-06,1,1,2,0.0,0.0017410139590892406,10.821426440689065,0.10635814092612635
IND370201AAA,0.0013083285565630729,2,2,4,0.16666666666666666,0.0008067623501018631,10.776189479093011,0.10591353048933475
IND501141AAA,0.0,1,0,1,0.0,0.0016393048671226149,10.714280612245625,0.10530506061516244
IND845438AAA,0.0006539022981941189,2,1,3,0.6666666666666666,0.0007817678224163277,10.453008294500682,0.10273715164834393
IND785690AAB,0.0,1,1,2,0.0,0.002684250547110905,10.41071230851427,0.10232144652270193
IND301001AAB,0.0005643051082973285,4,2,6,0.1,0.0009908826774090369,10.401894084138219,0.10223477680720307
IND786181AAC,1.3099004370875779e-05,1,3,4,0.16666666666666666,0.0007908234164024353,10.32274941812963,0.10145690527732401
IND110020AAB,0.0,1,1,2,0.0,0.00044864989591901906,10.281816673471214,0.10105459873772553
IND825409AAA,0.0007476911694895896,1,1,2,0.0,0.0006696073526957442,10.257308469238474,0.10081372041600715
IND530043AAA,0.0002808426537115767,1,2,3,0.0,0.00028077742466565395,10.08928390428381,0.09916229484319135
IND600116AAB,0.002239405787244923,4,3,7,0.1,0.0011981504993875127,10.075488281818657,0.09902670488503246
IND673592AAA,0.001127038336070152,2,3,5,0.16666666666666666,0.0016511421453394982,9.891294639162236,0.09721636190384404
IND421004AAA,0.0,1,0,1,0.0,0.0008099955914194737,9.888887558642107,0.09719270396830444
IND140901AAA,0.00037410756483221224,2,1,3,1.0,0.0006346561610130298,9.836994947503085,0.09668267863303105
IND635001AAA,0.00028031869353674165,2,2,4,0.6666666666666666,0.0005301233259910479,9.820862746046842,0.09652412366198951
IND416510AAA,0.0009342209917308606,2,2,4,0.0,0.000828384498414913,9.814788934641857,0.0964644273462671
IND110043AAC,0.0,1,1,2,0.0,0.000900684676400675,9.721151279262399,0.09554411180363274
IND431603AAA,0.0014120726711804089,3,4,7,0.047619047619047616,0.0007660968730690388,9.644340151637468,0.09478917540209614
IND443301AAA,0.0002813666138864117,1,1,2,0.0,0.0007670589678869254,9.611110580527518,0.09446257932657895
IND302004AAA,0.0,1,0,1,0.0,0.00036903469599462507,9.58333176549158,0.0941895558817913
IND000000ACK,0.0,0,1,1,0.0,0.0002466653837537206,9.575755398837076,0.0941150917363513
IND581402AAA,0.0005606373870734833,1,1,2,0.0,0.0008771494615782789,9.565020080954573,0.0940095799114092
IND509358AAA,0.0008393842000857199,1,2,3,0.3333333333333333,0.0007480155977665224,9.541130815454235,0.09377478481478929
IND845412AAB,0.0,1,0,1,0.0,0.0005322314705295245,9.529410674740546,0.09365959368129756
IND249407AAA,0.0002808426537115767,1,2,3,0.0,0.00032722446576208253,9.526668033194545,0.09363263769193161
IND400701AAA,0.0,1,1,2,1.0,0.0005530437828720075,9.49999826388911,0.09337051447760293
IND68004AAA,0.0002808426537115767,2,2,4,0.3333333333333333,0.0007125272038816365,9.480476426860537,0.09317864455128576
IND853204AAA,5.239601748350312e-07,2,1,3,0.3333333333333333,0.0006635982805739037,9.425244142716096,0.09263579531667669
IND247776AAA,0.0006539022981941189,1,1,2,0.0,0.0004906835532739517,9.414284803340937,0.09252808170164553
IND560067AAC,0.0,1,1,2,0.0,0.0005508359464210493,9.372725847024928,0.09211962045517058
IND201301AAM,0.0,1,1,2,0.0,0.0007300709478840782,9.340079125981525,0.09179875290812943
IND132103AAA,0.00028031869353674165,2,2,4,1.0,0.0004580912251410756,9.299349414366327,0.09139844187412735
IND312605AAB,0.0010285338232011662,2,2,4,0.16666666666666666,0.0008929910617850862,9.298996792573742,0.09139497613894772
IND312001AAA,0.00028346245458575186,2,2,4,0.16666666666666666,0.0015013040794567359,9.289473764095808,0.09130137927254096
IND507002AAA,0.0014068330694320588,1,4,5,0.0,0.0004478318281153111,9.274065906735595,0.09114994350079045
IND431112AAB,0.0,2,0,2,1.0,0.0006414421060176643,9.17460088819631,0.09017235385334398
IND400011AAA,0.0006533783380192838,2,2,4,0.0,0.0005456701562692699,9.116665055463116,0.08960293285360033
IND110037AAK,0.0,1,1,2,0.0,0.0007300709478840782,9.094013939586869,0.08938030688208871
IND581110AAE,0.0006539022981941189,2,2,4,0.6666666666666666,0.0023598183804829074,9.082139568712218,0.08926359990100659
IND388320AAA,0.0020596874472765076,4,2,6,0.2,0.0021814382635639068,9.03444785234684,0.08879486296341348
IND691001AAB,0.0015058615424758796,2,3,5,0.0,0.0007648032492236634,9.000237220904612,0.08845862455898067
IND472001AAA,0.0011270383360701523,1,2,3,0.3333333333333333,0.0019576652016830335,8.947020083545734,0.08793558114821381
IND301705AAA,0.0008440998416592352,2,1,3,0.3333333333333333,0.000406192756146228,8.86527425705279,0.08713214417232974
IND518501AAA,0.0,1,0,1,0.0,0.0006170229047824794,8.863635278925667,0.08711603551349675
IND605601AAA,0.00168191216122045,3,3,6,0.0,0.001921318309787432,8.862241261019834,0.08710233444056567
IND380054AAA,0.0,1,1,2,0.0,0.0005247427144015416,8.778844315489557,0.08628266947919179
IND852131AAA,0.0,1,0,1,0.0,0.0004578364862587832,8.777142133812276,0.08626593962571948
IND786190AAA,1.5194845070215904e-05,2,2,4,0.3333333333333333,0.0023382151423265362,8.730300723584005,0.08580555990244156
IND600008AAC,0.0002808426537115767,1,2,3,0.0,0.00043464707157533054,8.629868004891463,0.08481845923629174
IND798601AAA,0.0,1,1,2,0.0,0.0004916802588592861,8.607839734087166,0.08460195488324702
IND208019AAA,0.0,1,1,2,0.0,0.0004679916297171448,8.607141523597079,0.08459509253750104
IND686028AAB,0.0008488154832327505,2,1,3,0.0,0.0008996220681409807,8.510598538800023,0.0836462220314959
IND365560AAA,0.0005637811481224935,1,1,2,0.0,0.0006337757796303268,8.490868874512227,0.08345230947974056
IND384205AAA,0.006765897737644758,5,5,10,0.08333333333333333,0.0046857069090254465,8.486607884616344,0.08341043043853329
IND445001AAB,0.0,1,0,1,0.0,0.0004564121853106399,8.473683396121924,0.08328340240057343
IND442101AAB,0.0,0,1,1,0.0,0.0002466653837537206,8.473683396121924,0.08328340240057343
IND600056AAA,0.0002813666138864117,1,1,2,0.0,0.0005863627873742817,8.464284037840368,0.0831910210238479
IND517644AAA,0.0,1,0,1,0.0,0.0010400264902829502,8.399999230000038,0.08255919926826284
IND563131AAB,0.0005616853074231534,1,3,4,0.3333333333333333,0.00030325769091566846,8.390473632577862,0.08246557715304668
IND400015AAB,0.0,1,2,3,1.0,0.00029478128079218647,8.386811493960717,0.0824295839078615
IND302020AAA,0.0,1,0,1,0.0,0.00034456083354644416,8.363634987921287,0.08220179415121273
IND124103AAA,0.0,1,1,2,1.0,0.0005594572193674815,8.324136819167709,0.0818135873079059
IND143001AAA,0.0,3,1,4,1.0,0.0008701811729297517,8.220054704768478,0.08079061863997328
IND500010AAA,0.0011238945750211419,2,1,3,0.0,0.001147391251566305,8.197605056571708,0.08056997278891652
IND282002AAD,0.0014871985800579465,3,2,5,0.4,0.0007236774023785436,8.19205543472227,0.08051542845818671
IND686513AAA,2.6198008741751557e-06,1,2,3,0.0,0.0005189717123495104,8.13034053612174,0.07990886499646817
IND786125AAA,4.715641573515281e-06,1,1,2,1.0,0.0018169462738822247,8.104759365034553,0.07965744104469448
IND334001AAB,0.0001414692472054584,1,1,2,0.0,0.0005068967961102059,8.088233794442134,0.07949501985414381
IND793001AAA,0.0,1,1,2,0.0,0.0006077640736415433,8.079486651985556,0.07940904876565594
IND700026AAC,0.0,1,2,3,1.0,0.0005366156558356762,8.059884084311811,0.07921638538004913
IND603203AAA,0.0,1,1,2,0.0,0.0006269994494989498,8.009522262766666,0.0787214053750976
IND441912AAA,5.239601748350312e-07,1,1,2,0.0,0.0004564121853106399,7.999997462500356,0.07862779109470953
IND282001AAF,0.0,0,1,1,0.0,0.0002466653837537206,7.999997333333777,0.07862778982519879
IND283122AAB,0.00037515548518188236,1,1,2,0.0,0.0004564121853106399,7.999997333333777,0.07862778982519879
IND410206AAA,0.00037410756483221224,2,1,3,1.0,0.0008703192590315673,7.899998621111259,0.07764495478165934
IND515004AAA,0.0033701118445389204,2,3,5,0.16666666666666666,0.0006298868249643079,7.830415142646835,0.07696105516369195
IND121004AAA,0.0,1,1,2,0.0,0.0006356679005590843,7.821426797831862,0.0768727134233712
IND605010AAB,0.0,2,0,2,0.0,0.0011173543540982766,7.815855272035179,0.0768179538101996
IND488001AAA,0.0,1,1,2,1.0,0.0006043857929938864,7.805146187120695,0.07671269981538038
IND733140AAA,5.239601748350312e-07,1,2,3,0.6666666666666666,0.0004910921139615002,7.785424257148893,0.07651886328017196
IND122001AAA,0.0016642888023240179,2,4,6,0.1,0.000663220601853638,7.783332261720161,0.07649830215120755
IND141003AAB,0.0,0,2,2,1.0,0.0002466653837537206,7.762236420586073,0.07629096216173463
IND335513AAA,0.0014120726711804089,3,2,5,0.0,0.0012913704140605654,7.73655976260446,0.07603859971921485
IND591102AAA,0.0003756794453567174,1,1,2,0.0,0.0004564121853106399,7.730768645682687,0.07598168185971996
IND743347AAA,0.00037410756483221224,1,1,2,1.0,0.0015960511363372733,7.72916485373291,0.07596591902742186
IND602105AAB,0.0,1,0,1,0.0,0.0007453942327510718,7.714284183673689,0.07581966470393611
IND500080AAB,0.0003746315250070473,2,1,3,0.0,0.0006792345026496629,7.710255114287728,0.07578006508812743
IND758034AAA,0.0,1,1,2,0.0,0.0022932384250791004,7.588887797716149,0.07458720920812907
IND403401AAA,0.0,1,1,2,0.0,0.0005069570235024053,7.565216590809993,0.07435455729538769
IND742226AAA,0.0003751554851818823,1,2,3,0.0,0.0004564121853106399,7.557935382565637,0.07428299410759445
IND508248AAB,0.0010269619426766612,2,1,3,0.3333333333333333,0.0010690452470822642,7.4842428454740935,0.07355870870140108
IND458990AAA,0.0,0,1,1,0.0,0.0002466653837537206,7.481817644917379,0.07353487267349858
IND700028AAB,0.0,1,1,2,0.0,0.00046412808781518737,7.464284774872532,0.07336255126344328
IND362265AAA,7.859402622525467e-06,1,1,2,0.0,0.00043198795614034365,7.399996866154579,0.0727306990309538
IND125051AAA,0.0,3,0,3,0.3333333333333333,0.0007047409133260024,7.398728803376709,0.07271823590510149
IND121001AAA,0.0,1,1,2,0.0,0.00048006689383693884,7.329668444028745,0.07203947775134076
IND400072AAD,0.000773105389448034,3,1,4,0.0,0.0007122594752104635,7.314101198861907,0.07188647544019806
IND732138AAA,2.0958406993401247e-06,1,3,4,0.3333333333333333,0.0005748233517901115,7.299021913485073,0.07173826903063045
IND533401AAA,2.619800874175156e-07,1,2,3,1.0,0.00102365825794589,7.231883275632407,0.07107839847239494
IND523230AAA,0.0,1,0,1,0.0,0.0005913742351929315,7.14999899250005,0.0702736006786143
IND841424AAA,0.0,0,2,2,0.0,0.0002466653837537206,7.140694196660732,0.07018214870667777
IND476111AAA,0.0005606373870734833,1,2,3,0.6666666666666666,0.0006378655876713769,7.07643059775234,0.06955053540259254
IND814133AAB,0.0,3,0,3,0.3333333333333333,0.001181039826516996,7.038620838449718,0.0691789230527483
IND244001AAA,0.0016724808780734194,1,1,2,1.0,0.000609181252791349,7.025973276311384,0.06905461677911112
IND174001AAA,0.0,2,0,2,0.0,0.0010022400917757757,7.0047612165499125,0.06884613453753148
IND700136AAG,0.0,0,1,1,0.0,0.0002466653837537206,6.999998888889014,0.06879932810962935
IND125047AAB,5.239601748350312e-07,2,1,3,0.3333333333333333,0.00027879453265255657,6.9874933823276235,0.06867641802596351
IND142401AAA,0.0,2,1,3,1.0,0.0010793113088540932,6.970832391267419,0.0685126658584593
IND781014AAA,0.0,0,2,2,0.0,0.0002466653837537206,6.9642842059951064,0.06844830717009043
IND535001AAA,0.0,1,1,2,0.0,0.0002637214042096873,6.949998850833438,0.0683079038853856
IND362560AAA,3.6677212238452182e-06,1,1,2,0.0,0.000768207683800003,6.941174892349249,0.06822117781233676
IND382345AAA,0.0,1,0,1,0.0,0.0004320502708522679,6.93939263934814,0.06820366097969952
IND852201AAA,0.0,1,0,1,0.0,0.0003522509350062519,6.8978322219134025,0.06779518537265274
IND686540AAA,4.191681398680249e-06,1,1,2,0.0,0.0006144445912933658,6.860138841654931,0.0674247168515677
IND400102AAC,0.0002808426537115767,1,2,3,0.0,0.00043912897190758404,6.832632594321064,0.06715437233217197
IND577201AAA,0.0006544262583689539,1,2,3,0.0,0.000992441604151755,6.788353608373095,0.06671917733700826
IND201301AAD,0.0,1,0,1,0.0,0.00044864989591901906,6.785713443877612,0.06669322854097683
IND670645AAB,0.00037567944535671734,2,1,3,1.0,0.0014046294913835306,6.78571289966004,0.06669322319214693
IND712124AAA,0.0002829384944109168,1,1,2,1.0,0.00027300229282114597,6.749998881944562,0.0663422087902989
IND531162AAA,0.0,1,0,1,0.0,0.0003490015064895205,6.749998610795611,0.06634220612531767
IND233001AAA,4.191681398680249e-06,1,2,3,0.0,0.00048153654828203617,6.7389699949043385,0.06623381162764094
IND733128AAA,0.0005648290684721636,1,2,3,0.0,0.0006850719237138944,6.6984110188887875,0.06583517866455381
IND122503AAA,0.0003751554851818823,1,1,2,0.0,0.0004564121853106399,6.694443106867464,0.0657961801324971
IND581303AAA,0.00028031869353674165,1,2,3,0.3333333333333333,0.0005712048150026271,6.6700331243524085,0.06555626718067233
IND244715AAA,0.0,1,0,1,0.0,0.000547499469129121,6.6585362522308245,0.06544327043740386
IND400016AAB,0.0,0,2,2,0.0,0.0002466653837537206,6.615383843688425,0.06501914798236437
IND610001AAA,2.0958406993401247e-06,2,2,4,0.0,0.0006661589868675592,6.599672205783685,0.06486472651051761
IND586211AAA,2.619800874175156e-07,2,1,3,0.0,0.0027090731642716395,6.583331386233932,0.06470412114134132
IND147001AAD,0.0002813666138864117,2,1,3,0.0,0.0005003085399434789,6.56043879078841,0.06447912179343607
IND124507AAA,0.0,1,0,1,0.0,0.00064946079379553,6.551723567181947,0.06439346441863254
IND492001AAB,0.0,0,1,1,0.0,0.0002466653837537206,6.54545367768603,0.06433184095390238
IND492007AAA,0.0,1,0,1,0.0,0.0004564121853106399,6.54545367768603,0.06433184095390238
IND221010AAB,8.383362797360499e-06,2,3,5,0.1,0.0008284742377091534,6.51298619833664,0.06401273507972904
IND606801AAB,0.0,0,1,1,0.0,0.0002466653837537206,6.499999604166683,0.06388509663756532
IND131021AAA,0.0,0,1,1,0.0,0.0002466653837537206,6.488093353883451,0.06376807633044904
IND131028AAA,0.0,1,0,1,0.0,0.0004564121853106399,6.488093353883451,0.06376807633044904
IND148028AAA,0.0,0,2,2,0.0,0.0002466653837537206,6.460783437492039,0.06349966144520647
IND691506AAA,2.6198008741751557e-06,1,1,2,0.0,0.000660558825144665,6.4545441404959885,0.06343833865815773
IND813102AAA,0.0,0,2,2,0.0,0.0002466653837537206,6.434782111531211,0.06324410801091894
IND721212AAA,0.0,0,1,1,0.0,0.0002466653837537206,6.4285692244901105,0.06318304479350513
IND411014AAA,0.0005616853074231534,1,3,4,0.0,0.0005464790423581596,6.329410435576027,0.062208464916887994
IND741123AAB,0.0,2,0,2,1.0,0.0010985061219112953,6.285713161989919,0.06177898726829596
IND342005AAD,0.002793755652220386,2,2,4,0.16666666666666666,0.0008826497675776207,6.252380419559268,0.06145137717582578
IND600016AAC,0.0002813666138864117,2,1,3,0.0,0.002896248127156116,6.250624360362393,0.0614341177883911
IND000000AEM,0.0,0,2,2,0.0,0.0002466653837537206,6.230553901037951,0.0612368557404549
IND442605AAA,5.239601748350312e-07,1,1,2,0.0,0.0004564121853106399,6.190474660090921,0.06084293784245689
IND209206AAB,0.0002813666138864117,1,1,2,0.0,0.0009106441216439934,6.190474226757663,0.06084293358345093
IND742303AAB,0.0008393842000857199,2,1,3,0.0,0.0003469984108734811,6.166665138889143,0.06060892651084162
IND742121AAA,0.0011207508139721317,1,1,2,0.0,0.000848288881191654,6.142856402494402,0.06037492289268428
IND132103AAB,0.0,0,1,1,0.0,0.0002466653837537206,6.142856282653115,0.06037492171482694
IND815301AAA,9.361421790385926e-05,1,2,3,0.6666666666666666,0.0008811182374385486,6.0705670408804115,0.05966442856440504
IND501401AAC,0.0007503109703637646,2,1,3,0.0,0.0006661589868675592,6.053570368303695,0.059497377158835026
IND451666AAA,0.0,0,2,2,1.0,0.0002466653837537206,6.051377971248635,0.059475829234795045
IND584101AAA,0.0002813666138864117,1,1,2,0.0,0.0004194988935671414,6.045713509191877,0.05942015619972844
IND000000ACT,0.0,0,3,3,1.0,0.0002466653837537206,6.028626155537037,0.05925221353726734
IND560043AAC,0.0006549502185437889,4,3,7,0.3,0.0009438721807076627,6.011461497403323,0.05908351108951333
IND466001AAA,0.00028031869353674165,1,1,2,1.0,0.0024130540822440406,6.004201178174229,0.05901215320892624
IND560058AAD,0.0,2,1,3,1.0,0.000513765700949598,5.98787815490668,0.05885172275010035
IND483501AAA,0.0,2,0,2,1.0,0.0008777806718572232,5.9313019250033205,0.058295664575504724
IND414001AAA,0.0002813666138864117,1,1,2,0.0,0.0005464790423581596,5.92870768214544,0.058270167119232455
IND333031AAA,0.0,2,0,2,1.0,0.0006265146415830389,5.910869078109857,0.05809484080967976
IND811399AAA,0.00016303894106950054,1,2,3,0.6666666666666666,0.0004890467983520787,5.891595719010704,0.05790541304297796
IND400072AAJ,0.0,2,0,2,0.0,0.0005767019279068046,5.862317959488622,0.057617657256777505
IND574117AAA,0.0005577556061118907,1,1,2,0.0,0.00045566142452198484,5.857691917360854,0.057572190308103774
IND572101AAA,0.001128610216594657,2,1,3,0.0,0.001694566011615101,5.85714062517048,0.05756677194548803
IND413517AAA,0.0,2,0,2,1.0,0.0008745502811504601,5.845236534509864,0.057449772864172965
IND781003AAA,0.0,1,1,2,0.0,0.0003188851217312852,5.82539655807509,0.05725477611201777
IND603001AAA,0.00028031869353674165,1,1,2,1.0,0.0013876675809894083,5.809522349962375,0.057098756822620354
IND516269AAA,0.0002824145342360818,1,1,2,0.0,0.000601028904598036,5.7563018998894,0.056575680852919176
IND712103AAA,1.5718805245050936e-06,1,1,2,1.0,0.0004788134963390621,5.749998767361253,0.056513730659811176
IND521185AAA,0.0003746315250070473,2,1,3,0.0,0.0008587450740338208,5.7499978229169955,0.056513721377362505
IND764001AAC,0.00028189057406124675,2,1,3,0.3333333333333333,0.0006193348966760751,5.736109378279529,0.056377219118617566
IND845305AAA,0.0003741075648322123,1,1,2,1.0,0.000537399132863731,5.7333326250292895,0.05634992786315094
IND411036AAA,0.0,1,1,2,0.0,0.00034660326995520035,5.690474954025091,0.05592870222922797
IND781102AAA,0.0003751554851818823,1,1,2,0.0,0.0004039754849214101,5.655461025739866,0.055584568640246135
IND000000ACS,0.0,3,0,3,1.0,0.0005871614835445857,5.643054411074562,0.055462630513306875
IND560078AAC,0.0,3,2,5,1.0,0.0006746252021046365,5.630479252901419,0.0553390358603766
IND600110AAA,0.0002808426537115767,1,2,3,0.0,0.0003171585166868244,5.629291682668221,0.055327363853648615
IND796321AAB,0.0,1,1,2,0.0,0.001610655900534915,5.624999780468757,0.055285180991576435
IND796009AAA,0.0,1,1,2,0.0,0.001610655900534915,5.624999780468757,0.055285180991576435
IND142026AAA,0.0,1,1,2,1.0,0.00033056410437648834,5.624999335937541,0.0552851766225116
IND680012AAA,0.0005627332277728234,1,1,2,0.0,0.0005509606282376924,5.624834156607617,0.05528355316126586
IND600044AAC,0.0,3,0,3,0.0,0.0008759057884244784,5.61616008764428,0.05519830027392593
IND841428AAA,0.0,1,0,1,0.0,0.0004144628249992561,5.5851387830804775,0.05489340809537695
IND272153AAC,0.0,1,0,1,0.0,0.0004564121853106399,5.57142734693895,0.0547586455605639
IND272207AAB,0.0,0,1,1,0.0,0.0002466653837537206,5.57142734693895,0.0547586455605639
IND401104AAB,0.0,1,2,3,1.0,0.00027072333227295357,5.563887970378171,0.05468454497140946
IND641654AAA,0.0,1,1,2,1.0,0.00031523858906066783,5.55555411111127,0.054602635827247586
IND570020AAA,0.0014068330694320588,1,3,4,0.0,0.0004426172445619309,5.547681796614821,0.05452526296524855
IND421601AAB,0.00037410756483221224,1,1,2,1.0,0.0007839658379987358,5.5416654415510695,0.05446613135785471
IND327001AAB,0.0005595894667238132,1,1,2,1.0,0.0005132866449914223,5.527777211419785,0.054329631207378846
IND305802AAA,0.0002813666138864117,1,1,2,0.0,0.0009601128049072676,5.521738537956452,0.054270280244107946
IND384355AAB,0.0,1,2,3,1.0,0.002052188134456608,5.487624919123071,0.05393499532587032
IND147001AAB,0.0003735836046573772,2,1,3,0.0,0.000459987607059981,5.475935095052483,0.05382010215880814
IND396321AAA,1.5718805245050936e-06,2,1,3,0.0,0.0024992718347450695,5.460316604963539,0.053666596188126935
IND342902AAA,0.0014859510558321487,1,1,2,0.0,0.0006220855395386129,5.442856678197302,0.053494991699408065
IND586128AAA,0.0001412072671180409,1,2,3,0.0,0.00039169755833690155,5.395452451436228,0.05302908034677983
IND521001AAA,0.0,1,1,2,0.0,0.00034724860593451587,5.385184710672181,0.0529281640927942
IND450331AAA,1.5718805245050936e-06,1,1,2,0.0,0.0017016420431264275,5.374999180397821,0.052828055842715965
IND462011AAA,0.0,1,1,2,0.0,0.0006077301668354407,5.361110630401267,0.052691552548451655
IND245101AAA,0.0,1,1,2,0.0,0.0030841140513548078,5.356274500401637,0.05264402075596045
IND152026AAA,0.0006544262583689539,2,3,5,0.5,0.0008463790939390332,5.352437328405264,0.05260630719923252
IND585314AAA,0.0001412072671180409,2,1,3,0.0,0.0026190493737703905,5.333331625817242,0.05241852724069499
IND533242AAA,0.0,1,0,1,0.0,0.0004904083350094589,5.318279330736509,0.052270586104631936
IND321001AAB,0.0,1,0,1,0.0,0.0009771538164241253,5.318180985537226,0.052269619521102303
IND600048AAA,0.0,1,1,2,0.0,0.0006269994494989498,5.293180933517659,0.05202390708472149
IND123001AAA,0.0005648290684721636,2,1,3,0.3333333333333333,0.000670748240310587,5.291451054918125,0.052006905012685706
IND507167AAA,0.0,1,0,1,0.0,0.00037363443827427296,5.2857138911564805,0.05195051743058444
IND110043AAA,0.0002808426537115767,1,2,3,0.0,0.00036040786943145183,5.285292926088623,0.05194637998509539
IND110083AAA,0.0,1,1,2,0.0,0.0008008883145746128,5.276189919002306,0.05185691128927746
IND416606AAA,0.0,1,1,2,0.0,0.0005989185490176855,5.2499981291674445,0.05159948588518385
IND422605AAA,0.0002824145342360818,1,1,2,0.0,0.0006791653912461705,5.249997081251104,0.051599475585762195
IND201001AAA,0.0,1,1,2,0.0,0.00040477385292950565,5.23917677673892,0.051493128471684586
IND212501AAA,0.0003803950869302326,1,1,2,0.0,0.0008637059736137302,5.2232314840945655,0.051336410529602576
IND515591AAA,0.0005637811481224935,1,1,2,0.0,0.0004166713695868178,5.208790797045463,0.051194480569014066
IND792001AAA,4.715641573515281e-06,1,1,2,0.0,0.0008771711487630861,5.183331798055838,0.05094425738289182
IND201007AAB,0.0019741946120825993,1,3,4,0.6666666666666666,0.0003257196183416132,5.1809518083447115,0.05092086570874552
IND110064AAB,0.0,1,0,1,0.0,0.00042644835651679423,5.174998634062614,0.05086235507221129
IND516101AAA,2.6198008741751557e-06,1,1,2,0.0,0.00055282132606997,5.173912171182615,0.05085167679677919
IND224141AAB,5.239601748350312e-07,1,1,2,0.0,0.0004564121853106399,5.166665409722419,0.050780452168411934
IND362150AAA,0.0,1,0,1,0.0,0.0008998733925820405,5.163397423213412,0.05074833283815778
IND110030AAD,0.0,2,1,3,1.0,0.0004342338372243183,5.149765541743856,0.05061435220460879
IND211008AAA,0.0,0,1,1,0.0,0.0002466653837537206,5.142856122449126,0.05054644313595741
IND764020AAC,0.0,1,1,2,1.0,0.0002978334451216206,5.107141690051176,0.05019542465841224
IND585307AAB,0.0,1,1,2,0.0,0.0004331353225035246,5.099998330277954,0.050125216311147615
IND333042AAA,0.0,1,1,2,1.0,0.00038545547034384616,5.0903356167149445,0.05003024655309436
IND843126AAA,0.0003741075648322123,2,1,3,1.0,0.0006231199964297701,5.074174540359856,0.04987140778577351
IND110052AAA,0.0,1,1,2,0.0,0.0003035366265925863,5.070511723876232,0.049835407878193204
IND470113AAA,0.0,2,0,2,0.0,0.0008162973535503844,5.056691692072575,0.049699578013412155
IND713128AAB,0.0,1,0,1,0.0,0.0004564121853106399,5.039999650251865,0.04953552066422234
IND713148AAA,0.0,0,1,1,0.0,0.0002466653837537206,5.039999650251865,0.04953552066422234
IND695012AAA,0.000755550572112115,3,2,5,0.0,0.0007252866213519798,5.00903683803682,0.04923120337637807
IND814112AAA,0.00037550479196510713,2,2,4,0.3333333333333333,0.0007511219206410238,5.001058808872088,0.049152791500192805
IND680104AAA,0.0,1,0,1,0.0,0.0005292252536316945,4.999999307692335,0.049142378217211555
IND396445AAA,2.0958406993401247e-06,1,1,2,0.0,0.0003021110404223613,4.999999103703782,0.049142376212314764
IND517583AAA,2.6198008741751557e-06,1,1,2,0.0,0.0003600026846864677,4.999998936508064,0.04914237456903549
IND560060AAB,0.0,3,2,5,1.0,0.0013646788762832016,4.989704035274773,0.049041191369002465
IND627117AAA,0.0,1,0,1,0.0,0.0004287522239764509,4.949999302500035,0.048650954315963744
IND824101AAA,0.0006544262583689539,2,2,4,0.0,0.0010227195798494881,4.913042924496861,0.048287729404597024
IND632301AAA,0.0,1,0,1,0.0,0.0006585324047624873,4.909090276859532,0.0482488808981874
IND500035AAD,0.0,1,0,1,0.0,0.0006196250481461178,4.90909019008271,0.0482488800453034
IND785612AAB,0.0003746315250070473,2,1,3,0.0,0.0006008516612657689,4.840277123056849,0.047572552398443796
IND401209AAB,0.0,0,3,3,0.3333333333333333,0.0002466653837537206,4.814284802653153,0.04731708747506746
IND532421AAA,0.0,1,0,1,0.0,0.0007067466230882878,4.811110750493846,0.04728589137640924
IND122002AAD,0.0,0,1,1,0.0,0.0002466653837537206,4.777776561728571,0.046958267068672455
IND423105AAA,0.0,2,0,2,1.0,0.0005664867607420148,4.771099422055403,0.04689264095494017
IND470004AAA,0.0007513588907134347,1,2,3,0.0,0.0006347849804342051,4.767973339447465,0.04686191632391449
IND829121AAA,0.00037410756483221224,1,1,2,1.0,0.0011524726983945877,4.766232859841568,0.04684481006013146
IND505209AAA,0.0002808426537115767,1,2,3,0.0,0.0005201099764941235,4.750876681220914,0.04669388221168431
IND574227AAA,0.0005601134268986483,1,1,2,0.0,0.0003511634041378528,4.74999868402794,0.04668525283646332
IND335524AAA,0.0,2,0,2,0.0,0.0003768047160278837,4.746376368313745,0.046649650989764015
IND515401AAB,0.0008440998416592352,1,1,2,0.0,0.0005528586791513315,4.74451699225526,0.046631376154930834
IND110092AAC,0.0006544262583689539,3,2,5,0.3333333333333333,0.0012688541561025981,4.73537966833975,0.046541570176946316
IND203205AAA,0.0,1,0,1,0.0,0.00222307103971372,4.729729412710016,0.04648603676942102
IND421302AAH,0.0,2,0,2,0.0,0.0005403109059334076,4.719046959750619,0.04638104452615998
IND784168AAB,0.0,2,0,2,0.0,0.0007070047184117696,4.715789175800568,0.04634902547152189
IND576201AAA,0.0015839316085262992,2,1,3,0.0,0.0009328302146390572,4.6991224084136345,0.046185216531523264
IND722154AAA,0.0003751554851818823,1,1,2,0.0,0.0004564121853106399,4.69230728828405,0.04611823428004805
IND335523AAB,0.0,2,0,2,0.0,0.00029004516117844164,4.6887880830030735,0.046083645851870525
IND387001AAA,0.00028031869353674165,1,1,2,1.0,0.0011744467710182466,4.647058267820118,0.04567350532295082
IND700065AAB,0.0,0,1,1,0.0,0.0002466653837537206,4.64444375283958,0.045647808622587174
IND271210AAA,5.239601748350312e-07,2,1,3,1.0,0.0016899565814581666,4.62499904687512,0.04545669677715994
IND132001AAA,0.0,1,2,3,1.0,0.0004024985213685904,4.623159674411626,0.04543861854720014
IND722202AAA,0.0,1,2,3,1.0,0.0003788764708079779,4.603570544489895,0.04524608723423
IND483225AAA,0.0,1,1,2,1.0,0.0003945045858598208,4.585713882372471,0.04507058344123519
IND792103AAB,4.191681398680249e-06,1,1,2,0.0,0.0007432697882454875,4.583332754419244,0.04504718057990258
IND581119AAB,0.0,1,1,2,1.0,0.0020168340580479643,4.569442643325841,0.04491066194243378
IND518422AAB,0.0,0,1,1,0.0,0.0002466653837537206,4.531249702148448,0.044535283498344874
IND441107AAB,0.0,1,0,1,0.0,0.0006347849804342051,4.499998750000208,0.04422813423379317
IND560002AAA,0.0,3,2,5,1.0,0.000937837183112475,4.492971704821411,0.044159069081845116
IND251001AAA,0.0,1,0,1,0.0,0.0005286221707829872,4.4799995408000175,0.04403157246606474
IND110093AAA,0.0,1,1,2,0.0,0.0007864706487666675,4.472221840084899,0.0439551295134398
IND637408AAA,0.0,0,1,1,0.0,0.0002466653837537206,4.45893677625306,0.0438245575690678
IND637001AAA,0.0,1,0,1,0.0,0.0004564121853106399,4.45893677625306,0.0438245575690678
IND484661AAE,0.000840956080610225,1,2,3,0.0,0.0003205849848067707,4.434210103298154,0.04358153203253746
IND680587AAA,0.0,0,2,2,1.0,0.0002466653837537206,4.418650061724535,0.04342860052174506
IND560058AAB,3.493067832233541e-07,3,3,6,0.8333333333333334,0.001032261429178139,4.40403842595161,0.04328499039555554
IND212402AAA,0.0007571224526366201,1,1,2,0.0,0.000981717202678766,4.402596772305665,0.04327082113584819
IND561203AAB,0.0008472436027082454,1,1,2,0.0,0.001681314723620847,4.363634439669793,0.04288788074550232
IND184104AAA,0.0,1,2,3,1.0,0.00039364742829034883,4.348829155976154,0.04274236735517712
IND226004AAA,0.0,0,2,2,0.0,0.0002466653837537206,4.33333227430568,0.04259005661004038
IND441206AAB,0.0,0,1,1,0.0,0.0002466653837537206,4.333332211111271,0.04259005598893559
IND722101AAA,0.00028031869353674165,1,1,2,1.0,0.0006432986449164923,4.3333268518579064,0.042590003315637136
IND425412AAA,1.5718805245050936e-06,1,1,2,0.0,0.0002966772828110471,4.3234844808159405,0.042493267798183305
IND679303AAA,0.00028189057406124675,1,1,2,0.0,0.0007153020091360718,4.318686082832695,0.04244610685394745
IND135001AAA,0.0006544262583689539,2,1,3,0.3333333333333333,0.000529903207578954,4.312287940891529,0.0423832228630084
IND232104AAB,4.191681398680249e-06,1,2,3,0.3333333333333333,0.0006562013456907949,4.302160748408593,0.04228368798457166
IND799250AAA,0.0002813666138864117,1,1,2,0.0,0.00031837962918960367,4.302068729225217,0.0422827835761439
IND852113AAA,0.00028031869353674165,1,1,2,1.0,0.00029945815937998626,4.2975803146143505,0.0422386692963552
IND509001AAA,0.0002813666138864117,1,1,2,0.0,0.0007480155977665224,4.288094526638357,0.042145438447365395
IND208006AAA,0.0,1,0,1,0.0,0.0007999809986622813,4.285712959183863,0.0421220312664047
IND477001AAA,0.00018679180232868863,1,1,2,1.0,0.0006083058593195413,4.25802100698442,0.04184986155100807
IND732202AAA,0.0002824145342360818,1,1,2,0.0,0.00031973314041374963,4.249999165178684,0.04177101906328819
IND580002AAA,0.0,2,0,2,1.0,0.0005559845147975639,4.201755194171909,0.041296854303651584
IND602024AAA,0.00028031869353674165,1,2,3,1.0,0.0005863627873742817,4.201680043358584,0.041296115685610965
IND400072AAC,0.0,0,1,1,0.0,0.0002466653837537206,4.199999280000072,0.041279596341592145
IND791102AAA,5.239601748350312e-07,1,1,2,0.0,0.0004564121853106399,4.189473414027713,0.04117614310993238
IND722101AAC,0.0,2,0,2,1.0,0.0005936960669841353,4.18311631928324,0.04111366255042212
IND362720AAA,6.287522098020374e-06,1,1,2,0.0,0.000612929283016818,4.177776835289791,0.041061183554777635
IND641001AAA,6.287522098020374e-06,1,1,2,1.0,0.0004817735162346824,4.176469974913547,0.04104833910762189
IND403601AAA,0.0,1,1,2,0.0,0.0005069570235024053,4.157141794489899,0.040858372530792934
IND812002AAA,0.0,1,0,1,0.0,0.0004144628249992561,4.086956170132339,0.040168554735761634
IND500018AAA,0.0,0,1,1,0.0,0.0002466653837537206,4.083332972800947,0.04013294422410798
IND401209AAA,0.0,1,1,2,0.0,0.00047490033166860653,4.076922060017042,0.040069934715234734
IND695101AAB,0.0,2,0,2,0.0,0.0007228538889122796,4.066665099682689,0.03996912441645445
IND127021AAA,0.00028189057406124675,2,1,3,0.3333333333333333,0.0007510258888326872,4.0596637658011625,0.03990031196740038
IND462001AAA,0.0,1,1,2,0.0,0.0009687949499171607,4.049494244647557,0.03980036106259734
IND160003AAA,0.0,1,1,2,0.0,0.0003201564060220347,4.049144361752706,0.0397969222466111
IND480886AAA,0.0002813666138864117,1,1,2,0.0,0.00046842418691287076,4.039743246862278,0.039704523605095667
IND283203AAA,0.0,0,1,1,0.0,0.0002466653837537206,4.008333116041674,0.039395809856623054
IND202001AAB,0.0019594114500068828,2,3,5,0.3,0.0009963394996800434,4.005781367014771,0.039370730049991365
IND811105AAA,0.0,1,1,2,1.0,0.0004039754849214101,3.9999997037037147,0.039313905105091994
IND847226AAA,0.0,0,1,1,0.0,0.0002466653837537206,3.999999550000022,0.03931390359441878
IND431001AAA,0.0,1,0,1,0.0,0.000265664617384472,3.999999222222309,0.039313900372863066
IND211013AAA,0.0,1,0,1,0.0,0.00040641685793034183,3.9999991666668056,0.039313899826837084
IND790114AAA,0.0,1,0,1,0.0,0.00047563690736867215,3.9999979411774724,0.03931388778214335
IND321606AAA,0.0,1,1,2,0.0,0.0003590482195491675,3.9633428664850747,0.03895362422343791
IND571602AAA,0.0,1,0,1,0.0,0.0005155932103998403,3.9583329600694594,0.03890438447343831
IND415408AAC,0.0003741075648322122,1,1,2,1.0,0.0006640138370333841,3.9271252771722294,0.038597660479725134
IND413709AAA,1.0479203496700623e-06,1,1,2,0.0,0.0008243200790079119,3.91666390625108,0.03849484113619308
IND201301AAL,1.5718805245050936e-06,1,1,2,0.0,0.0004564121853106399,3.912087265789203,0.03844985973065654
IND415612AAA,0.00028031869353674165,1,1,2,1.0,0.0004906571398954349,3.9046050392518703,0.03837632083919333
IND515301AAA,0.00028346245458575186,1,1,2,0.0,0.0018512124970395856,3.8999990600001135,0.038331051078035125
IND828111AAA,0.0003751554851818823,1,1,2,0.0,0.0004564121853106399,3.8989893133354334,0.038321126806161135
IND360311AAA,5.239601748350312e-07,1,1,2,0.0,0.0004564121853106399,3.88888747530887,0.03822184112341581
IND751015AAA,0.0,0,4,4,0.3333333333333333,0.0002466653837537206,3.880951232284737,0.038143839941352516
IND641664AAA,9.431283147030562e-06,2,1,3,0.3333333333333333,0.0005637109000262605,3.861110030632828,0.03794883114717888
IND410210AAA,0.0,1,0,1,0.0,0.000399854583312864,3.857142510204107,0.037909836463881075
IND383255AAB,0.0007476911694895894,1,1,2,0.0,0.001152835717937143,3.8477869258102073,0.037817885317803765
IND416602AAC,0.0007471672093147544,1,1,2,0.0,0.0005989185490176855,3.833332937830707,0.0376758246293267
IND500039AAD,0.0,1,1,2,0.0,0.00041378212175798793,3.812499312270275,0.03747106181958962
IND752055AAA,0.0,1,1,2,1.0,0.00033056410437648834,3.8095228228459375,0.037441807461728954
IND788151AAA,0.0002813666138864117,1,1,2,0.0,0.00031837962918960367,3.8070172747768667,0.03741718174014891
IND282001AAA,0.0,2,1,3,1.0,0.0003977254091684924,3.7984616911686127,0.03733309338339674
IND480661AAA,0.0002813666138864117,2,1,3,0.3333333333333333,0.0006861864767872783,3.7718204073918673,0.03707125013843175
IND251309AAB,0.0007476911694895896,1,1,2,0.0,0.0006639507110065988,3.7592589690397924,0.036947790330447344
IND424304AAC,0.0,1,0,1,0.0,0.0003216832323397104,3.7499995781250264,0.03685678461976767
IND560048AAB,0.0007492630500140945,4,2,6,0.5,0.001132720187883736,3.7353159825980113,0.03671246723878984
IND560077AAA,0.0,0,1,1,0.0,0.0002466653837537206,3.733333017777799,0.036692977714654025
IND515671AAA,0.001969566297204882,1,2,3,0.0,0.00039976203145252603,3.7290536347382814,0.036650917896857496
IND600076AAB,0.0,2,1,3,1.0,0.0003909019905148863,3.7285701965307334,0.036646166435551616
IND382721AAA,0.0,0,1,1,0.0,0.0002466653837537206,3.699999816224496,0.036365363109707415
IND515201AAA,0.0005653530286469986,1,1,2,0.0,0.0019119372827913652,3.6923068121302816,0.03628975259587337
IND248197AAA,0.0,0,1,1,0.0,0.0002466653837537206,3.670769119454441,0.03607806987868301
IND248122AAB,0.0,1,0,1,0.0,0.0004564121853106399,3.670769119454441,0.03607806987868301
IND360003AAA,0.0,0,1,1,0.0,0.0002466653837537206,3.6666653888891014,0.036037736457189704
IND262501AAA,0.0,1,1,2,1.0,0.00031658098427269374,3.657184069002712,0.035944549522715835
IND181152AAB,0.0003751554851818823,1,3,4,0.3333333333333333,0.0006014355538201154,3.641666163263929,0.03579203214300718
IND262122AAB,0.0,1,1,2,1.0,0.0009344200930760306,3.6285704416328306,0.035663321144101104
IND425508AAB,3.143761049010187e-06,1,1,2,0.0,0.0017173689513665742,3.624999296875089,0.035628222229970585
IND365560AAB,0.0002824145342360818,1,1,2,0.0,0.0007856167333357461,3.6188885840561866,0.03556816322955007
IND486889AAA,0.0,0,2,2,0.0,0.0002466653837537206,3.618181562132241,0.035561214280829034
IND518401AAA,0.0,1,0,1,0.0,0.0003948083921652241,3.604742655704685,0.035429130298042746
IND828401AAB,0.0,0,1,1,0.0,0.0002466653837537206,3.5999989733335918,0.035382507124942716
IND000000AAZ,0.0,1,0,1,0.0,0.0003507441005803616,3.5882350242214684,0.03526688542161435
IND754103AAA,0.0002813666138864117,1,1,2,0.0,0.00037883921145138847,3.5882350163783308,0.03526688534452826
IND465669AAB,0.0005601134268986483,1,1,2,0.0,0.001690924516080601,3.581817799371917,0.035203813874749065
IND400701AAB,0.0,2,1,3,1.0,0.0003599813032315836,3.5772722754080926,0.03515913829699808
IND854105AAA,0.00014068330694320586,1,1,2,0.0,0.0002730617715668535,3.576388511815222,0.035150452246848304
IND204215AAA,0.0003762034055315524,1,1,2,0.0,0.0004564121853106399,3.5714277755103176,0.03510169576415112
IND788121AAA,0.00028031869353674165,1,1,2,1.0,0.00031837962918960367,3.561764477448107,0.03500672026136091
IND370615AAB,0.0,2,0,2,1.0,0.000463281206976657,3.520978710652125,0.034605858290303514
IND441904AAB,0.0,0,1,1,0.0,0.0002466653837537206,3.4999987125001475,0.034399656860916374
IND360510AAB,5.763561923185343e-06,1,1,2,0.0,0.001238997673841531,3.4795023354608765,0.034198208690514265
IND571426AAA,5.239601748350312e-07,1,1,2,0.0,0.0004564121853106399,3.47354448353841,0.03413965207989923
IND641008AAA,3.143761049010187e-06,1,1,2,1.0,0.00027648383032463403,3.462184418791073,0.03402799994476258
IND385001AAA,0.00028031869353674165,2,1,3,0.6666666666666666,0.002272713799002691,3.456379385252945,0.03397094530612385
IND802158AAB,0.0007487390898392595,2,1,3,0.3333333333333333,0.0010380894951833649,3.453440781122494,0.033942063303002944
IND521301AAA,0.0,1,0,1,0.0,0.0010513311612000825,3.4523072429727986,0.03393092234936515
IND388220AAA,0.00037410756483221224,1,1,2,1.0,0.00124577621286512,3.447058321153444,0.03387933344196622
IND243201AAA,0.0002858202753725095,2,1,3,1.0,0.0007802875225474565,3.4351544203903583,0.033762336227054664
IND000000AAL,0.0,1,1,2,0.0,0.0002966343268544605,3.4166661319444893,0.033580624509215416
IND416404AAA,0.0011254664555456467,1,1,2,0.0,0.0005664391689115391,3.4074072071330663,0.033489623379621726
IND344022AAB,0.0011207508139721317,1,2,3,0.6666666666666666,0.0006220855395386129,3.4024026020143765,0.03344043573329704
IND832109AAB,0.0,1,1,2,0.0,0.00029478411074156634,3.401723841923319,0.03343376455535064
IND722122AAA,0.00037410756483221224,1,1,2,1.0,0.0007938599634325903,3.3999937600060246,0.03341676048501094
IND209721AAB,0.0,1,0,1,0.0,0.0006026159362404649,3.374999601562525,0.03317110597350697
IND500050AAA,0.0007492630500140945,2,1,3,0.0,0.0008576072977732282,3.371859829350707,0.03314024679452435
IND787057AAA,0.0,1,0,1,0.0,0.0004564121853106399,3.3684207700831177,0.0331064460795964
IND787001AAA,0.0,0,1,1,0.0,0.0002466653837537206,3.3684207700831177,0.0331064460795964
IND201005AAA,0.0,1,1,2,0.0,0.0003257196183416132,3.362636968180201,0.0330496001155961
IND723130AAA,0.00028346245458575186,3,1,4,0.16666666666666666,0.0014955136118396997,3.3600240441542217,0.03302391905189276
IND786184AAA,4.715641573515281e-06,1,1,2,1.0,0.0006392356062858467,3.3571420114797053,0.032995593060025606
IND841226AAB,0.0,2,0,2,0.0,0.000676734340745589,3.3555544535804467,0.03297998978371974
IND422103AAC,0.0005627332277728234,1,1,2,0.0,0.0005084963810456168,3.3378373111395656,0.03280585725665749
IND462042AAA,0.0,1,0,1,0.0,0.0006077301668354407,3.3333331269841366,0.032761587986262684
IND000000ADV,0.0,0,1,1,0.0,0.0002466653837537206,3.333332407407511,0.03276158091392036
IND110005AAA,0.0,1,0,1,0.0,0.00028020517552986295,3.3076918574502807,0.032509573358287906
IND174101AAB,0.0,0,1,1,0.0,0.0002466653837537206,3.3043476389414064,0.03247670478357605
IND792121AAB,0.0,1,0,1,0.0,0.00047070026439141664,3.2857135306123526,0.03229355987836816
IND845401AAA,0.00028031869353674165,1,1,2,1.0,0.00034185407934565526,3.2684206750831217,0.03212359744546029
IND201304AAA,0.0,2,1,3,1.0,0.0005989246494098365,3.266666248888917,0.03210635410795479
IND431517AAB,0.0,0,1,1,0.0,0.0002466653837537206,3.263157512465394,0.03207186857270202
IND504293AAA,0.0003751554851818823,1,2,3,0.3333333333333333,0.00031658098427269374,3.249231145477772,0.03193499359501061
IND602001AAA,0.0,1,1,2,1.0,0.0004960298082523963,3.2380943998489427,0.031825536346694834
IND403702AAA,0.0,1,1,2,1.0,0.00035484519417002284,3.2345234427310254,0.031790439276778014
IND121102AAA,0.0,1,0,1,0.0,0.0003244658871147933,3.2222217530864725,0.03166953240299238
IND506002AAA,0.0005648290684721636,2,2,4,0.0,0.0006013041622071783,3.2131455497320074,0.0315803271470366
IND524101AAB,0.0,0,1,1,0.0,0.0002466653837537206,3.1947365747507064,0.03139939495976
IND802101AAA,0.0002797947333619066,1,1,2,1.0,0.000683748741615965,3.184210258310257,0.031295937300684966
IND275503AAA,0.0,1,0,1,0.0,0.0004514333647222578,3.1764703425605676,0.03121986571672386
IND803213AAA,0.0,0,2,2,1.0,0.0002466653837537206,3.1685821143798143,0.03114233644744459
IND852139AAB,0.0003741075648322123,1,1,2,1.0,0.0005013154481275184,3.1666664071180692,0.03112350796267554
IND784125AAA,0.0,1,0,1,0.0,0.00046332459768641423,3.166666324074093,0.031123507146479733
IND201307AAA,0.0,0,1,1,0.0,0.0002466653837537206,3.142856632653098,0.030889494141868805
IND000000AET,5.239601748350312e-07,1,1,2,0.0,0.0004564121853106399,3.1352010443181024,0.03081425136796385
IND400705AAA,0.0,0,1,1,0.0,0.0002466653837537206,3.1333329815873263,0.030795891156371817
IND335804AAD,0.0008472436027082454,1,2,3,0.3333333333333333,0.0006129194468346828,3.133331967222371,0.030795881186709177
IND636402AAA,0.0,2,0,2,1.0,0.0007956571328308826,3.1249988836806697,0.03071397966674459
IND821307AAA,0.0,1,1,2,0.0,0.0008268412135756018,3.1176466989619582,0.030641718888305303
IND628801AAA,0.0,1,0,1,0.0,0.0005299115796557455,3.111109209876757,0.03057746532716549
IND311001AAA,0.0,2,0,2,1.0,0.000568727098231462,3.1098395798323395,0.03056498679746995
IND515801AAA,0.0005637811481224935,1,2,3,0.0,0.00071694252552919,3.1044196765645244,0.030511717402836654
IND563116AAA,0.0,2,0,2,1.0,0.00035665640843091453,3.083332521990835,0.03030446278902285
IND262001AAA,0.00029446561825728754,2,2,4,0.6666666666666666,0.0012124754088758667,3.0769226973795725,0.030241463975229407
IND303901AAA,2.0958406993401247e-06,1,1,2,0.0,0.0003078500398741729,3.054943332246741,0.03002544029045208
IND851204AAA,0.0,2,0,2,1.0,0.0009033665767014409,3.0541662805034973,0.03001780305526245
IND210431AAA,0.0,0,1,1,0.0,0.0002466653837537206,3.0535710910395633,0.03001195324930297
IND792120AAB,0.0,1,0,1,0.0,0.0003586828240725687,3.037036887517152,0.029849447210198398
IND796081AAA,0.00037410756483221224,1,1,2,1.0,0.0005174125541469194,3.0367645255731035,0.02984677030709447
IND410206AAB,0.0,1,1,2,0.0,0.000399854583312864,2.999999635897463,0.0294854274343515
IND571104AAA,0.0,1,0,1,0.0,0.0006347849804342051,2.999999600000012,0.029485427081534232
IND742121AAB,0.0010269619426766612,1,1,2,0.0,0.0007073974943212836,2.9999995555556054,0.029485426644713403
IND502295AAA,0.0003751554851818823,1,1,2,0.0,0.0004564121853106399,2.9999991666668056,0.02948542282252878
IND334001AAC,0.0001414692472054584,1,1,2,0.0,0.00031606042704878333,2.9948301286911896,0.02943461905165104
IND521201AAA,0.0,1,0,1,0.0,0.0009507479390192873,2.9615380784023815,0.029107408900961213
IND643212AAA,0.0,0,1,1,0.0,0.0002466653837537206,2.9333330711111287,0.028830196635392786
IND843320AAA,0.0,2,0,2,1.0,0.0005961243472454062,2.9297656512399284,0.02879513433122398
IND825301AAA,0.0006539022981941189,1,1,2,0.0,0.0004973569213744016,2.922600225344844,0.028724709107588068
IND331507AAA,0.0,0,1,1,0.0,0.0002466653837537206,2.8971426318693982,0.02847449973552962
IND274301AAB,0.0,2,0,2,0.0,0.0004873285074694933,2.884135243838205,0.028346656921378922
IND144401AAB,0.0,1,1,2,0.0,0.0010018507603439032,2.8636353351240653,0.02814517403999158
IND522647AAA,0.0002824145342360818,1,1,2,0.0,0.0006990868538002587,2.850216555558115,0.028013287873601758
IND401208AAA,0.0,1,0,1,0.0,0.00047490033166860653,2.846153550295881,0.027973354719813506
IND504215AAA,0.0,0,2,2,0.0,0.0002466653837537206,2.8454543350248023,0.027966482498600648
IND573201AAB,0.0011280862564198222,2,4,6,0.1,0.0009340299015344978,2.843311915745528,0.027945425779980715
IND342602AAC,0.0002813666138864117,1,1,2,0.0,0.00038935486798443006,2.8421050083102624,0.027933563718006878
IND722143AAB,0.0,1,1,2,1.0,0.0003788764708079779,2.8419910688190004,0.027932443866337125
IND516115AAA,2.6198008741751557e-06,1,1,2,0.0,0.0007168182495355927,2.8405791711826027,0.027918567062885355
IND303301AAB,0.0,1,1,2,1.0,0.0003567977647705346,2.833331805555744,0.027847336496479958
IND363310AAB,0.0011207508139721317,1,1,2,1.0,0.00041818639036590494,2.827495931920438,0.027789978746655307
IND500010AAB,0.0,1,1,2,0.0,0.0003023709630884764,2.8253962865618147,0.027769342430530874
IND577501AAA,0.0003741075648322123,2,1,3,0.6666666666666666,0.0005887762283865167,2.822368104497074,0.02773958001274271
IND803101AAA,5.239601748350312e-07,1,1,2,0.0,0.0004564121853106399,2.8124997065717086,0.02764258869066389
IND360370AAA,0.0,1,0,1,0.0,0.00043198795614034365,2.81249951171878,0.027642586775556366
IND403507AAB,0.0,1,1,2,0.0,0.00035078203965319447,2.7999997466666837,0.02751973312218258
IND400052AAA,0.0,1,0,1,0.0,0.00043342719770420425,2.799999620000038,0.027519731877242368
IND140603AAA,0.0,1,0,1,0.0,0.0007611025396319193,2.799998320000168,0.02751971910022354
IND415409AAB,0.0008393842000857199,1,1,2,0.0,0.0004906571398954349,2.789473326869824,0.027416274447271446
IND756019AAA,1.0479203496700623e-06,1,3,4,0.0,0.0006014355538201154,2.7874996951331186,0.027396876653132264
IND583201AAA,0.0005637811481224935,1,1,2,0.0,0.00037238280400063634,2.781512203878639,0.027338028733024117
IND201306AAA,0.0,0,2,2,1.0,0.0002466653837537206,2.7761900737642007,0.027285720299580422
IND758001AAA,0.0002829384944109168,1,1,2,0.0,0.0005024870139193931,2.772486562470265,0.027249320423992775
IND495004AAA,0.0,0,1,1,0.0,0.0002466653837537206,2.763284779481447,0.027158880911488548
IND495671AAA,0.0,1,0,1,0.0,0.0004564121853106399,2.763284779481447,0.027158880911488548
IND712410AAC,0.0002813666138864117,1,1,2,0.0,0.00039164051979469845,2.752913595796594,0.02705694797113451
IND484551AAA,0.0,1,0,1,0.0,0.0003829613051157761,2.7499997656250144,0.02702830945829868
IND431401AAA,0.0,1,0,1,0.0,0.00035525734870435553,2.749999531250059,0.02702830715474982
IND226016AAA,0.0,1,0,1,0.0,0.0004144628249992561,2.749999156250106,0.027028303469071407
IND520011AAA,0.0,0,1,1,0.0,0.0002466653837537206,2.749999156250106,0.027028303469071407
IND000000ACN,5.239601748350312e-07,1,1,2,0.0,0.0004564121853106399,2.7434337704173624,0.02696377572538988
IND487001AAB,0.0023965938396954324,1,1,2,0.0,0.00046842418691287076,2.741428322434703,0.02694406522600897
IND533308AAB,2.619800874175156e-07,2,1,3,1.0,0.0008039644301556426,2.740620415942551,0.026936124735629223
IND845418AAB,0.0,1,1,2,1.0,0.00040531320974027834,2.7291663412181855,0.026823548625595172
IND581314AAA,0.00039087429042693325,1,2,3,0.0,0.0013062469802475668,2.728204916949383,0.026814099289277856
IND282001AAC,0.0,1,0,1,0.0,0.00032745918861984,2.722221959876558,0.026755295933269835
IND508116AAA,0.0005611613472483183,1,2,3,0.3333333333333333,0.00037098527188451967,2.7114165459781248,0.026649095171247052
IND583101AAA,0.0011254664555456469,1,2,3,0.0,0.00029565334895577324,2.710083720790948,0.02663599552954412
IND695582AAA,0.0,0,2,2,0.0,0.0002466653837537206,2.699998230000177,0.026536870515229866
IND854334AAA,0.0,1,0,1,0.0,0.0002730617715668535,2.692307550295863,0.02646128284660851
IND362220AAA,2.6198008741751557e-06,1,1,2,0.0,0.00028372989823104524,2.6787875762718323,0.026328402092814483
IND679531AAA,0.0,1,0,1,0.0,0.00085508095051956,2.6742420188820377,0.026283726186537123
IND121004AAC,0.0,1,1,2,0.0,0.00040226639047586613,2.672221586558714,0.026263868413908577
IND224001AAA,0.0,0,1,1,0.0,0.0002466653837537206,2.666666055555657,0.02620926600519831
IND250002AAA,0.0,1,1,2,0.0,0.00032722446576208253,2.664746371784021,0.026190398437393236
IND723133AAA,1.0479203496700623e-06,2,1,3,0.6666666666666666,0.0007011058650722139,2.6510819880256102,0.026056098355845655
IND473443AAA,0.0,0,1,1,0.0,0.0002466653837537206,2.644927253058718,0.025995606684755944
IND636705AAB,0.0,1,2,3,1.0,0.0003593779306924498,2.6373999708124853,0.025921624964293906
IND814133AAA,0.0,1,0,1,0.0,0.000672477861765444,2.6294115109169685,0.02584311056991098
IND637211AAA,0.0,1,1,2,1.0,0.000573502938853076,2.6249990781251036,0.02579974307568308
IND124001AAB,0.0,1,0,1,0.0,0.0004480630887746253,2.6190472562358447,0.025741245731110758
IND852111AAA,0.0,0,1,1,0.0,0.0002466653837537206,2.608695495274109,0.025639503686544243
IND733129AAA,0.0,0,1,1,0.0,0.0002466653837537206,2.6071422480868156,0.025624237632281926
IND636102AAA,0.0,1,1,2,0.0,0.0011806239763125339,2.5927745823301134,0.02548302535978659
IND480001AAA,1.0479203496700623e-06,1,2,3,0.3333333333333333,0.0006449473088122145,2.5897433471400513,0.02545323293442641
IND303303AAA,2.6198008741751557e-06,2,1,3,0.3333333333333333,0.0005867951321523976,2.583332309027919,0.02539022219376758
IND110014AAA,0.0,1,1,2,0.0,0.004292670801979466,2.5714281645408557,0.02527322258342051
IND631501AAA,0.0,1,0,1,0.0,0.0003171585166868244,2.5714277755103176,0.025273218759842814
IND140406AAA,0.00028031869353674165,1,1,2,1.0,0.000650539670693784,2.568420662012951,0.025243663413984603
IND123401AAB,0.0002829384944109168,1,1,2,0.0,0.0008170877393172751,2.5418178464264614,0.02498219825274293
IND341306AAA,0.001125466455545647,1,1,2,0.0,0.0007864931361133374,2.534090564907416,0.02490625084402718
IND606201AAC,0.0003751554851818823,1,1,2,0.0,0.0004564121853106399,2.5208327348090966,0.024775946565778823
IND413501AAA,0.0,2,0,2,1.0,0.0005517014206216019,2.509615080901405,0.024665694112304782
IND673121AAA,0.0,1,1,2,1.0,0.000948697878867208,2.509090408870569,0.02466053738531491
IND221313AAA,0.0,1,0,1,0.0,0.0004679916297171448,2.4999997103174794,0.02457118966363277
IND232101AAB,2.0958406993401247e-06,1,1,2,1.0,0.00048153654828203617,2.499999562500055,0.024571188210812608
IND224122AAA,0.0,1,0,1,0.0,0.0006347849804342051,2.4999993541667616,0.024571186163213632
IND603102AAA,0.0003751554851818823,1,1,2,0.0,0.0004564121853106399,2.4987209950157436,0.024558621839694605
IND531001AAA,0.0002813666138864117,1,1,2,0.0,0.00028077742466565395,2.4964277763138747,0.024536082992417434
IND629001AAA,0.0,1,0,1,0.0,0.00028712912602543847,2.473855955604696,0.024314236371631905
IND733102AAA,0.0,2,0,2,1.0,0.0006473096513753006,2.4727268421157405,0.024303138905670447
IND000000ADM,0.0,1,0,1,0.0,0.0003770776313897086,2.4714279872789526,0.024290373140775142
IND516390AAA,0.0,1,0,1,0.0,0.0007578290180152437,2.4705879134948283,0.024282116494905956
IND423701AAB,0.0003751554851818823,1,1,2,0.0,0.0004564121853106399,2.4666657459260266,0.024243567561148944
IND210427AAA,0.0,0,1,1,0.0,0.0002466653837537206,2.462499711093768,0.02420262178360094
IND732103AAA,1.0479203496700623e-06,1,1,2,1.0,0.0003858808350125657,2.4529912437358563,0.02410916803082749
IND160055AAA,0.0,1,0,1,0.0,0.00028341089488787767,2.42857093877558,0.023869153625087222
IND212601AAA,0.0002813666138864117,1,1,2,0.0,0.00035732850673543277,2.4277775822068,0.02386135613829475
IND173025AAA,0.0007482151296644245,1,1,2,1.0,0.0006973088427657285,2.420869380518722,0.02379345903686235
IND413531AAA,0.0,1,1,2,1.0,0.00035525734870435553,2.416666024305651,0.023752146446981266
IND829122AAA,0.0005601134268986483,1,1,2,0.0,0.00029478411074156634,2.4147055195761444,0.023732877671330473
IND263601AAA,0.0,0,3,3,0.3333333333333333,0.0002466653837537206,2.4100488653274077,0.02368710985212975
IND736135AAA,1.0479203496700623e-06,1,1,2,0.0,0.0006347849804342051,2.4067980732448984,0.023655159516901017
IND581400AAB,0.0,2,0,2,1.0,0.0005255877782493323,2.4031337359457368,0.02361914466202018
IND147101AAA,0.0,1,0,1,0.0,0.00028341089488787767,2.3999998300000085,0.023588343139498924
IND586101AAA,0.0007513588907134346,1,1,2,0.0,0.0003760385826472155,2.3948800492845264,0.02353802349246971
IND209111AAA,0.00028189057406124675,1,1,2,0.0,0.000550582522165935,2.389705614484229,0.023487166679024694
IND611001AAA,0.0,0,1,1,0.0,0.0002466653837537206,2.388888700617294,0.02347913765986902
IND815353AAA,9.361421790385926e-05,1,2,3,0.0,0.0005638918105961347,2.38502657545255,0.023441178851499576
IND110087AAA,0.0,1,0,1,0.0,0.0005237768491641667,2.384615124260375,0.023437134912918888
IND621010AAA,1.0479203496700623e-06,1,1,2,0.0,0.0004564121853106399,2.3769594210276574,0.023361891009744312
IND781335AAA,0.0,0,1,1,0.0,0.0002466653837537206,2.3752011147180996,0.023344609536614293
IND508252AAB,0.00028031869353674165,1,1,2,0.0,0.0003580765424232321,2.374268661263313,0.023335444939276334
IND415124AAA,0.0009331730713811905,1,1,2,0.0,0.0006640138370333841,2.368420770083117,0.02327796907528808
IND423106AAA,0.0,1,1,2,1.0,0.0003466891818683736,2.363635951850539,0.023230941599319394
IND110035AAC,0.0,1,0,1,0.0,0.0004082529934859594,2.3636357851240195,0.023230939960651634
IND686507AAA,0.0,1,1,2,0.0,0.0003202212252616497,2.3611105952932716,0.023206121190468613
IND505184AAC,0.0,1,1,2,0.0,0.0005201099764941235,2.3603236756790085,0.02319838696913559
IND144040AAA,0.0,2,0,2,0.0,0.0007946619471737393,2.3596487995024282,0.023191753964153315
IND361305AAC,0.0,1,0,1,0.0,0.0004564121853106399,2.3529407439446617,0.02312582399436018
IND361001AAA,0.0,0,1,1,0.0,0.0002466653837537206,2.3529407439446617,0.02312582399436018
IND261001AAA,5.239601748350312e-07,1,1,2,0.0,0.0004564121853106399,2.3492060145292837,0.02308911729218383
IND813203AAA,0.0,1,0,1,0.0,0.00028861474406510453,2.347825941398872,0.02307555327515731
IND581334AAA,0.00029708541913146266,2,1,3,0.0,0.0012444781145338562,2.346153640532552,0.023059117104548398
IND203135AAA,2.6198008741751557e-06,1,2,3,0.3333333333333333,0.0004564121853106399,2.3399468336100093,0.022998113645440008
IND673573AAA,0.0,0,1,1,0.0,0.0002466653837537206,2.333333135802476,0.022933111068625223
IND144001AAA,0.0,0,1,1,0.0,0.0002466653837537206,2.3333330370370535,0.02293311009791154
IND508206AAA,0.0,2,0,2,0.0,0.0005833812398311921,2.3333330213675376,0.022933109943904063
IND421502AAA,0.0,0,1,1,0.0,0.0002466653837537206,2.3333329629630044,0.02293310936987645
IND431001AAB,0.0,0,1,1,0.0,0.0002466653837537206,2.3333329629630044,0.02293310936987645
IND210301AAA,0.0,1,0,1,0.0,0.0010214342064424104,2.33333277777787,0.02293310754978862
IND785112AAC,0.0,1,0,1,0.0,0.0004916802588592861,2.3333326587302645,0.022933106379731963
IND680307AAA,0.0,1,0,1,0.0,0.0004564121853106399,2.333332296296412,0.022933102817559177
IND683572AAA,0.0,0,1,1,0.0,0.0002466653837537206,2.333332296296412,0.022933102817559177
IND621212AAA,1.5718805245050936e-06,2,1,3,0.0,0.0008445317819911245,2.3265264867930577,0.022866212075359757
IND695012AAB,0.0,0,1,1,0.0,0.0002466653837537206,2.299999835000008,0.022605495488210472
IND508207AAB,0.00037410756483221224,1,1,2,0.0,0.0005512133274613024,2.295321348166973,0.02255951308795703
IND304001AAA,0.0,1,0,1,0.0,0.0005084522704047991,2.2857130068029194,0.022465077725810884
IND803212AAB,0.0,2,0,2,1.0,0.0006426284820425436,2.2796933324868056,0.022405913495221537
IND140118AAA,0.0,0,1,1,0.0,0.0002466653837537206,2.276666492405562,0.022376164267087318
IND302023AAA,0.0,1,0,1,0.0,0.00025890231497781107,2.272726975206639,0.02233744481288962
IND425409AAA,0.0,1,0,1,0.0,0.0004989464982619957,2.2666664762963054,0.022277879338714772
IND768004AAD,5.239601748350312e-07,1,1,2,0.0,0.0004564121853106399,2.262939766937155,0.022241251461476624
IND222001AAA,0.0,1,0,1,0.0,0.00048153654828203617,2.2499997968750125,0.022114071263284418
IND781124AAA,0.0,1,0,1,0.0,0.0002991020841429505,2.249999593750051,0.022114069266875407
IND210501AAB,0.0,0,1,1,0.0,0.0002466653837537206,2.249999468750067,0.022114068038315934
IND125033AAA,0.0,1,0,1,0.0,0.00027510100517315344,2.239999870400005,0.02201578721588003
IND733129AAB,0.0,1,0,1,0.0,0.0005380000489156287,2.222221864197571,0.02184105649073696
IND248001AAA,0.00037515548518188236,1,1,2,0.0,0.0004564121853106399,2.218749787198162,0.021806931261791083
IND576101AAA,0.0005577556061118907,1,1,2,0.0,0.0003511634041378528,2.2157892594321433,0.02177783378272215
IND122004AAA,0.0,0,2,2,0.0,0.0002466653837537206,2.215150832277072,0.021771559016109606
IND751021AAA,0.0,0,1,1,0.0,0.0002466653837537206,2.1999996800000323,0.021622646264365948
IND201204AAA,0.0,1,0,1,0.0,0.0003675040067662634,2.199999653333357,0.02162264600227314
IND574211AAA,0.0005627332277728234,1,1,2,0.0,0.0003511634041378528,2.195906206875632,0.021582413657895025
IND321022AAA,0.0,1,1,2,1.0,0.0003515387845321803,2.1838226390032127,0.021463650588930953
IND457001AAA,0.0003751554851818823,1,1,2,0.0,0.0004564121853106399,2.181818037190089,0.021443948406107874
IND123106AAB,0.0,1,0,1,0.0,0.0009415773082306053,2.1818179008264593,0.021443947065861075
IND500008AAF,0.0,0,1,1,0.0,0.0002466653837537206,2.18181789256201,0.021443946984634126
IND721253AAC,1.0479203496700623e-06,1,1,2,0.0,0.0004564121853106399,2.1788887478753134,0.021415157953438634
IND742202AAA,0.0,0,1,1,0.0,0.0002466653837537206,2.1764704013840936,0.02139138929056123
IND841301AAC,5.239601748350312e-07,1,1,2,0.0,0.0004564121853106399,2.1749988681252135,0.02137692635976525
IND721507AAA,0.0,1,0,1,0.0,0.001766671480845071,2.173912862003789,0.021366252573574294
IND636016AAA,1.0479203496700623e-06,1,2,3,0.3333333333333333,0.0004564121853106399,2.16666617592597,0.02129502868610101
IND614809AAA,0.0,0,1,1,0.0,0.0002466653837537206,2.166666138888977,0.021295028322083773
IND784101AAA,0.0,1,0,1,0.0,0.00047563690736867215,2.1666659722223383,0.02129502668400455
IND721133AAA,0.0,0,1,1,0.0,0.0002466653837537206,2.1612902206035414,0.02124219123283833
IND721434AAB,0.0,1,0,1,0.0,0.0004564121853106399,2.1612902206035414,0.02124219123283833
IND627401AAA,0.0,0,1,1,0.0,0.0002466653837537206,2.1481479204389657,0.02111302243788708
IND783301AAA,0.0,2,0,2,0.0,0.0006661589868675592,2.1428569455782402,0.021061020213138066
IND560066AAB,0.0,1,0,1,0.0,0.0003936292793598784,2.1428567755102303,0.02106101854162854
IND273304AAA,0.0,0,1,1,0.0,0.0002466653837537206,2.14285640816337,0.02106101493116837
IND424101AAA,0.0,1,0,1,0.0,0.0003716951313970368,2.1428561224491247,0.021061012123032484
IND770001AAA,5.239601748350312e-07,1,1,2,0.0,0.0004564121853106399,2.1379707747249657,0.021012996595267536
IND333028AAA,0.0002829384944109168,1,1,2,0.0,0.00031606042704878333,2.135287744678302,0.020986626496152034
IND600056AAD,0.0,1,0,1,0.0,0.0003815204084752985,2.131312710845876,0.020947557967538687
IND396580AAB,0.0,1,1,2,0.0,0.0023903325738666653,2.126983760519062,0.020905010978798804
IND305901AAA,0.0,1,0,1,0.0,0.0005320443522151394,2.1249997421875157,0.020885511100251077
IND421302AAF,0.0,0,1,1,0.0,0.0002466653837537206,2.1111107654321373,0.020749003611597462
IND181201AAB,0.0,1,1,2,0.0,0.0004171650088766707,2.0999996233333684,0.020639798006988112
IND395009AAA,0.0,1,0,1,0.0,0.000274388212088041,2.090908809917381,0.020550449156378624
IND134203AAA,0.00028031869353674165,1,1,2,1.0,0.0003201564060220347,2.063491396573533,0.020280977739811
IND574202AAA,0.00028189057406124675,1,1,2,0.0,0.0005453025945678059,2.06137628652887,0.02026018942937545
IND415709AAA,0.0011207508139721315,1,1,2,0.0,0.0009369593053736115,2.051014265858731,0.020158346547500816
IND400102AAB,0.0,1,1,2,0.0,0.00027072333227295357,2.049999624166702,0.0201483741649631
IND845455AAB,0.0007476911694895896,1,1,2,1.0,0.0009116285522045707,2.043695402643136,0.020086413268688666
IND791111AAC,0.0,1,0,1,0.0,0.00036115114556119633,2.0434781285444292,0.020084277795205892
IND721139AAC,5.239601748350312e-07,1,2,3,1.0,0.001979836549968902,2.0384612533284296,0.020034969552511956
IND495677AAA,0.0,0,1,1,0.0,0.0002466653837537206,2.037036887517152,0.02002097020589009
IND496001AAA,0.0,1,0,1,0.0,0.0004564121853106399,2.037036887517152,0.02002097020589009
IND843329AAB,0.0,1,0,1,0.0,0.0004370427749375899,2.032257805411038,0.019973999107308446
IND673104AAA,2.0958406993401247e-06,2,1,3,0.3333333333333333,0.0006452429825786565,2.030302507030589,0.019954781502139644
IND203390AAA,4.715641573515281e-06,2,1,3,0.3333333333333333,0.0008010027975827842,2.0055983110244053,0.019711976879782944
IND712602AAA,0.0,0,1,1,0.0,0.0002466653837537206,1.9999998800000047,0.019656952829199416
IND521333AAA,0.0,0,1,1,0.0,0.0002466653837537206,1.9999998571428637,0.01965695260454853
IND110046AAA,0.0,1,0,1,0.0,0.00026343527964179183,1.9999998000000136,0.019656952042921342
IND140301AAA,0.0,1,1,2,1.0,0.00028341089488787767,1.9999997882653184,0.01965695192758716
IND411043AAA,0.0,1,0,1,0.0,0.0004016403821724533,1.9999997692307874,0.01965695174050671
IND147301AAA,0.0,1,0,1,0.0,0.00044860252722375227,1.9999997647058958,0.019656951696033917
IND403002AAA,0.0,1,0,1,0.0,0.0004028403676029314,1.9999996666666893,0.01965695073245783
IND531163AAA,0.0,1,0,1,0.0,0.0004257407690082444,1.9999995833333684,0.019656949913418202
IND122015AAC,0.0,1,0,1,0.0,0.00033197224801201906,1.9999995833333684,0.019656949913418202
IND207001AAA,0.0007513588907134347,1,1,2,0.0,0.0006347849804342051,1.9999995714286327,0.019656949796412783
IND732204AAB,0.0,1,0,1,0.0,0.0005185659401051227,1.9999995714286327,0.019656949796412783
IND713103AAA,0.0,1,1,2,1.0,0.00031915295177420953,1.9870127612582356,0.019529309231293715
IND341510AAB,0.00037515548518188236,1,1,2,0.0,0.00031658098427269374,1.9785711883163415,0.01944634142575412
IND783129AAA,0.00037567944535671734,1,1,2,0.0,0.0004564121853106399,1.978069988910058,0.01944141539891489
IND793150AAA,0.0,0,1,1,0.0,0.0002466653837537206,1.9687499072265657,0.01934981319041041
IND591237AAB,0.0,1,0,1,0.0,0.0012226324083205776,1.9477120778760497,0.0191430433684183
IND243002AAA,0.0,1,0,1,0.0,0.0007099460841236189,1.9421050612049964,0.01908793493400408
IND142001AAB,0.00027350721126388625,2,1,3,1.0,0.0005863166100929252,1.9374995664062769,0.019042669934281404
IND792110AAA,0.0,0,1,1,0.0,0.0002466653837537206,1.9365071589822147,0.019032916080735103
IND504251AAA,0.0,0,2,2,0.0,0.0002466653837537206,1.9335746975436554,0.019004094450920203
IND721636AAB,0.0,1,1,2,1.0,0.0008054361356324752,1.9297657281630023,0.01896665808295234
IND560064AAD,0.0,0,1,1,0.0,0.0002466653837537206,1.9230766982248695,0.01890091510602427
IND623701AAA,6.287522098020374e-06,1,1,2,0.0,0.00041000500998589825,1.9230766568047442,0.01890091469892752
IND689101AAA,0.0005669249091715037,1,1,2,0.0,0.0010118150239091259,1.9198707351079132,0.018869405371252607
IND144601AAA,0.0002813666138864117,1,1,2,0.0,0.00039770245907175717,1.9152044908604453,0.01882354329696988
IND261201AAB,0.0,0,1,1,0.0,0.0002466653837537206,1.9047616235827798,0.018720905816072303
IND631102AAA,0.0003751554851818823,1,1,2,0.0,0.0004564121853106399,1.903381439341261,0.018707340706992825
IND581320AAA,0.0016777204798217697,1,2,3,0.0,0.0010402460009387453,1.9021590005155706,0.018695325995105355
IND243503AAB,5.763561923185343e-06,1,1,2,0.0,0.0004564121853106399,1.8999997800000124,0.01867410414592096
IND402301AAA,5.239601748350312e-07,1,1,2,1.0,0.001610655900534915,1.8952376505215982,0.018627299665850826
IND743235AAA,0.0,1,0,1,0.0,0.00031915295177420953,1.8888887283950706,0.01856489943072811
IND175015AAA,5.239601748350312e-07,1,1,2,0.0,0.0004564121853106399,1.8757763213007812,0.018436024439130755
IND799008AAA,0.0,1,0,1,0.0,0.0005174125541469194,1.8620688668252114,0.018301301038030016
IND441603AAA,0.0,1,0,1,0.0,0.0006347849804342051,1.85714244897965,0.0182528818535213
IND673639AAA,0.0,2,0,2,0.0,0.0006661589868675592,1.8506490437257799,0.018189061569303982
IND534260AAC,0.0,1,1,2,0.0,0.0004904083350094589,1.8492061964653612,0.018174880578184227
IND673305AAA,0.0,1,1,2,1.0,0.00038649658479166676,1.8358579615059103,0.01804368775783716
IND506167AAB,0.0003751554851818823,1,1,2,0.0,0.0004564121853106399,1.8333330642361263,0.018018871863082847
IND500032AAA,0.0,0,1,1,0.0,0.0002466653837537206,1.8333328611111899,0.01801886986667408
IND334803AAA,0.0,2,0,2,0.0,0.0009465423996451762,1.8262029459306957,0.017948793659279927
IND272001AAA,0.0003777752860560575,1,1,2,0.0,0.0004564121853106399,1.8249997772916802,0.017936968343979058
IND274402AAA,0.0,0,1,1,0.0,0.0002466653837537206,1.82352924567475,0.01792251525779795
IND231205AAA,0.0,1,0,1,0.0,0.0002991020841429505,1.8181817541322332,0.017869957560141588
IND805110AAD,0.0,1,0,1,0.0,0.0006347849804342051,1.8124998242187607,0.017814112842646935
IND560083AAB,7.859402622525468e-07,2,2,4,0.6666666666666666,0.00033461731557442764,1.8113822859916293,0.017803129143880138
IND784176AAA,0.0,0,1,1,0.0,0.0002466653837537206,1.8101602829291714,0.017791118714881576
IND583227AAA,0.0002824145342360818,1,1,2,0.0,0.000563341690249128,1.8035707439414312,0.01772635358247158
IND411048AAA,0.0,1,0,1,0.0,0.0004016403821724533,1.7999998133333461,0.017691256773106033
IND247667AAA,0.0,1,0,1,0.0,0.0003675040067662634,1.7999998080000077,0.01769125672068744
IND231216AAA,0.0,1,0,1,0.0,0.0004039754849214101,1.7999998080000077,0.01769125672068744
IND391110AAD,0.0,1,0,1,0.0,0.0004564121853106399,1.7999995200000485,0.017691253890086463
IND390020AAA,0.0,0,1,1,0.0,0.0002466653837537206,1.7999995200000485,0.017691253890086463
IND607801AAA,0.0,0,1,1,0.0,0.0002466653837537206,1.799999440000112,0.017691253103808927
IND606003AAA,0.0,1,0,1,0.0,0.0004564121853106399,1.799999440000112,0.017691253103808927
IND587103AAB,0.0,0,1,1,0.0,0.0002466653837537206,1.7930433198850726,0.017622885037219056
IND582209AAA,0.0,1,0,1,0.0,0.0004564121853106399,1.7930433198850726,0.017622885037219056
IND466116AAA,0.00037410756483221224,1,1,2,1.0,0.002296985800707456,1.783422314453523,0.017528325206576746
IND781354AAA,0.0,1,0,1,0.0,0.00039110485970884977,1.7826085272383643,0.017520326917646156
IND210001AAA,0.0,1,0,1,0.0,0.000550582522165935,1.7777776234567986,0.017472846490919014
IND609001AAA,5.239601748350312e-07,1,1,2,0.0,0.0004564121853106399,1.7771928138904354,0.017467098703544112
IND412105AAC,0.0,1,1,2,0.0,0.001610655900534915,1.7747249949583592,0.017442843801919405
IND411017AAA,0.0,1,1,2,0.0,0.001610655900534915,1.7747249949583592,0.017442843801919405
IND523201AAA,0.0,1,0,1,0.0,0.0008412049650900993,1.7741933298647306,0.017437618343772682
IND364710AAA,0.0,1,0,1,0.0,0.0007864931361133374,1.7720585938311126,0.017416637139756
IND363421AAB,1.0479203496700623e-06,1,1,2,0.0,0.0006347849804342051,1.7720585938311126,0.017416637139756
IND785621AAA,0.0,1,1,2,1.0,0.0003188851217312852,1.7719296343930095,0.017415369664884117
IND577598AAC,0.0,1,1,2,1.0,0.0003446413141578258,1.770897564234312,0.017405225987062525
IND508213AAB,0.0,1,0,1,0.0,0.00033131142010075544,1.7647056535467263,0.017344368935256857
IND573134AAB,0.0,2,0,2,0.0,0.0011043029949386678,1.7640714133796422,0.017338135320359466
IND487551AAA,0.002490382710990903,1,1,2,0.0,0.0006449473088122145,1.7578377113665493,0.01727686752347207
IND262405AAA,0.0,0,1,1,0.0,0.0002466653837537206,1.7499998854166714,0.017199833631359924
IND275101AAA,0.0,1,0,1,0.0,0.0004514333647222578,1.7499998281250106,0.01719983306827015
IND530012AAC,0.0,0,1,1,0.0,0.0002466653837537206,1.7499998281250106,0.01719983306827015
IND344001AAA,0.0005616853074231534,1,3,4,0.16666666666666666,0.0005112511744159143,1.7478496988025,0.01717870057166757
IND000000AFJ,0.0,0,2,2,0.0,0.0002466653837537206,1.7472522517812228,0.017172828577357652
IND767017AAA,0.0,0,1,1,0.0,0.0002466653837537206,1.739130315689986,0.01709300231525447
IND752056AAA,0.0,1,1,2,1.0,0.00028861474406510453,1.7142851360545122,0.016848812038539305
IND303702AAB,0.0028136661388641175,1,2,3,0.3333333333333333,0.0003531685401962347,1.7089780726835437,0.016796651688237334
IND284403AAA,0.0,1,0,1,0.0,0.0004564121853106399,1.7083332204861157,0.016790313773243738
IND284001AAA,0.0,0,1,1,0.0,0.0002466653837537206,1.7083332204861157,0.016790313773243738
IND477001AAB,0.00018679180232868863,1,1,2,1.0,0.000427485621536631,1.7037035229565167,0.016744810897537172
IND209625AAA,0.0002813666138864117,1,1,2,0.0,0.00036531556791596865,1.699999910000003,0.016708410022761216
IND400037AAA,0.0,0,1,1,0.0,0.0002466653837537206,1.69565205671078,0.01666567724668998
IND505122AAA,1.5718805245050936e-06,1,1,2,0.0,0.0003515387845321803,1.6936088541360528,0.016645595677169132
IND742223AAA,0.0,0,1,1,0.0,0.0002466653837537206,1.688888829135804,0.01659920501999443
IND206122AAA,0.0,1,0,1,0.0,0.0005786547526988571,1.687499707031268,0.016585552065333818
IND573142AAA,0.0,1,0,1,0.0,0.0004564121853106399,1.6842103850415584,0.01655322303979819
IND577598AAB,0.0,0,1,1,0.0,0.0002466653837537206,1.6842103850415584,0.01655322303979819
IND263002AAA,0.0002808426537115767,1,1,2,0.0,0.0006334520649506638,1.6706331606374978,0.01641977960196055
IND415605AAA,0.001026961942676661,1,1,2,0.0,0.0008114947124476279,1.6666665396825455,0.016380793759119994
IND761200AAA,0.0,1,1,2,1.0,0.0003515387845321803,1.6666665185185265,0.01638079355110992
IND636005AAA,0.0,0,1,1,0.0,0.0002466653837537206,1.6666663703704034,0.0163807920950395
IND792130AAB,0.0,0,1,1,0.0,0.0002466653837537206,1.666666148148206,0.01638078991093374
IND388620AAB,0.0003751554851818823,1,1,2,0.0,0.0004564121853106399,1.6590901531509032,0.016306329418317996
IND852118AAA,0.0,0,1,1,0.0,0.0002466653837537206,1.652173797731574,0.016238352178125498
IND431708AAA,0.0002829384944109168,1,1,2,0.0,0.00035525734870435553,1.6470586089965522,0.01618807766327064
IND122001AAD,0.0002813666138864117,1,1,2,0.0,0.0003406696770576358,1.643724442918276,0.016155307888641755
IND515134AAA,0.0008472436027082454,2,1,3,0.0,0.0019571374141712614,1.643046206334157,0.01614864185597126
IND621211AAA,0.0,0,1,1,0.0,0.0002466653837537206,1.6261902983957004,0.0159829739524114
IND285001AAD,0.0,1,0,1,0.0,0.0007148902195780846,1.6249998359375102,0.015971273519516587
IND584128AAA,0.0,0,1,1,0.0,0.0002466653837537206,1.6249996718750412,0.015971271907032382
IND583121AAA,0.0,1,0,1,0.0,0.0004564121853106399,1.6249996718750412,0.015971271907032382
IND562108AAA,3.143761049010187e-06,1,1,2,0.0,0.0016524210993383635,1.6217944965072626,0.015939769914635395
IND400064AAB,0.0,0,1,1,0.0,0.0002466653837537206,1.6153844142011993,0.01587676856809453
IND532127AAA,0.0002813666138864117,1,1,2,0.0,0.0004767060034210043,1.6109935351854299,0.015833612914659338
IND625532AAA,0.0,0,2,2,0.0,0.0002466653837537206,1.6096278254821095,0.01582019006824569
IND571301AAA,0.0005637811481224935,1,1,2,0.0,0.00030045094908294457,1.6022725315728412,0.01574789873119852
IND638401AAA,4.191681398680249e-06,1,1,2,0.0,0.0003063022768955475,1.5999992977381905,0.01572555630472924
IND733201AAA,0.0,0,1,1,0.0,0.0002466653837537206,1.588235141868521,0.015609932569289097
IND733202AAB,0.0,1,0,1,0.0,0.0004564121853106399,1.588235141868521,0.015609932569289097
IND465683AAA,0.0006539022981941189,1,1,2,0.0,0.0016834612622418509,1.5878305163139113,0.015605955716330258
IND226024AAA,0.0,1,0,1,0.0,0.00028861474406510453,1.5833331180555739,0.015561753140968975
IND335703AAA,0.0,1,1,2,1.0,0.0003770404656582894,1.5833329930555897,0.015561751912409504
IND505302AAB,0.0008456717221837403,2,2,4,0.0,0.0007298567780510426,1.5739415547165443,0.015469448376656817
IND501101AAB,0.0,0,1,1,0.0,0.0002466653837537206,1.5714283877551152,0.015444747772968424
IND202001AAC,0.0,0,1,1,0.0,0.0002466653837537206,1.571428204081685,0.015444745967738338
IND500055AAC,0.0,0,1,1,0.0,0.0002466653837537206,1.5714280612245624,0.015444744563670393
IND281121AAB,0.0,0,1,1,0.0,0.0002466653837537206,1.5652172797731616,0.015383702040996518
IND509301AAA,0.0,0,1,1,0.0,0.0002466653837537206,1.5624998398437597,0.015356993745139802
IND262723AAB,0.0,1,0,1,0.0,0.0004564121853106399,1.5555554845679036,0.015288741309001304
IND262802AAA,0.0,0,1,1,0.0,0.0002466653837537206,1.5555554845679036,0.015288741309001304
IND790001AAB,0.0,0,1,1,0.0,0.0002466653837537206,1.55555527160497,0.015288739215900009
IND382421AAA,0.0,0,1,1,0.0,0.0002466653837537206,1.5555549827161483,0.015288736376562867
IND362225AAA,0.0,1,0,1,0.0,0.0004877156048518756,1.545454314049608,0.015189462186845639
IND591304AAA,0.00037672736570638736,1,2,3,0.0,0.0004564121853106399,1.533667118617141,0.015073612007592347
IND246149AAA,0.0,1,0,1,0.0,0.0003023232912504292,1.533333291111112,0.015070330991625934
IND412210AAC,0.0,0,1,1,0.0,0.0002466653837537206,1.5333332488888916,0.015070330576645813
IND184121AAA,0.00037410756483221224,2,1,3,0.6666666666666666,0.0007531004014778635,1.52766503141489,0.015014620631547172
IND396191AAB,0.0,0,1,1,0.0,0.0002466653837537206,1.4999998611111187,0.01474271414139628
IND247554AAA,0.0,0,1,1,0.0,0.0002466653837537206,1.4999998409090978,0.014742713942841181
IND400612AAA,0.0,1,0,1,0.0,0.00038749793567015897,1.499999750000025,0.014742713049343452
IND413307AAB,0.0,0,1,1,0.0,0.0002466653837537206,1.4999996875000394,0.01474271243506378
IND410505AAB,0.0,1,0,1,0.0,0.00044654115615668,1.4999996562500213,0.014742712127923698
IND751014AAA,0.0,0,1,1,0.0,0.0002466653837537206,1.4999995833334028,0.01474271141126439
IND742225AAA,0.0,1,0,1,0.0,0.0002606485038575152,1.4999995833334028,0.01474271141126439
IND322201AAA,0.0,0,1,1,0.0,0.0002466653837537206,1.4999992500001251,0.014742708135105935
IND385535AAA,0.00037410756483221224,1,1,2,1.0,0.0021730191618313886,1.4987371258377786,0.014730303376799729
IND332404AAA,0.0,1,1,2,1.0,0.00039684977506284757,1.4984517153428254,0.014727498226313295
IND690548AAA,0.00028451037493542193,2,1,3,0.0,0.0013170335534308966,1.497252313823345,0.014715709936060148
IND533262AAA,0.0,2,0,2,1.0,0.0006819753885902127,1.4912279501577452,0.01465649961630721
IND500008AAC,0.0002808426537115767,1,2,3,0.0,0.0003023709630884764,1.4904758105744864,0.01464910722970912
IND244921AAB,0.0002858202753725095,1,2,3,1.0,0.0007099460841236189,1.4818719845695267,0.014564544723670305
IND803108AAB,0.0,1,0,1,0.0,0.0004564121853106399,1.4799999008000038,0.014546144991391409
IND803116AAA,0.0,0,1,1,0.0,0.0002466653837537206,1.4799999008000038,0.014546144991391409
IND788713AAA,0.0,1,0,1,0.0,0.0005174125541469194,1.4736840803324167,0.01448407009516239
IND561202AAB,1.5718805245050936e-06,1,1,2,0.0,0.0018126993722434373,1.4714281569388266,0.014461897803965009
IND678683AAA,0.0,1,0,1,0.0,0.0005496873599560407,1.461538366863909,0.014364696229636245
IND176061AAA,0.0,0,1,1,0.0,0.0002466653837537206,1.4593405384398066,0.01434309492351054
IND736165AAA,0.0,1,0,1,0.0,0.0007864931361133374,1.4583332309027819,0.014333194624546625
IND501359AAG,0.0,0,1,1,0.0,0.0002466653837537206,1.4545452314049792,0.014295964358590142
IND600044AAE,0.0,1,1,2,0.0,0.00036415393864222675,1.454545036599817,0.014295962443952082
IND826001AAC,0.0,0,1,1,0.0,0.0002466653837537206,1.4444441728395367,0.014196686336760519
IND263139AAA,0.0,1,0,1,0.0,0.00037559427748603505,1.4399998224000072,0.014153005140666515
IND591115AAB,0.0,1,0,1,0.0,0.00032547589348179044,1.431372352620798,0.014068210252336191
IND395006AAA,0.0,1,0,1,0.0,0.000274388212088041,1.4285712551020535,0.014040679729786386
IND742401AAA,0.0,0,2,2,0.0,0.0002466653837537206,1.4285710816327026,0.01404067802484686
IND676509AAA,0.0,1,0,1,0.0,0.0004564121853106399,1.428570969387788,0.014040676921650298
IND676306AAA,0.0,0,1,1,0.0,0.0002466653837537206,1.428570969387788,0.014040676921650298
IND473001AAA,0.0,1,0,1,0.0,0.00041916298227838043,1.4252871723081046,0.014008402197565814
IND691551AAA,0.0,0,1,1,0.0,0.0002466653837537206,1.4166664652777947,0.013923673776757534
IND577132AAD,1.0479203496700623e-06,1,1,2,0.0,0.0006347849804342051,1.416118272661126,0.013918285878230675
IND604303AAA,0.0,0,1,1,0.0,0.0002466653837537206,1.4117645640138492,0.013875495552907456
IND464221AAA,0.0003762034055315524,1,1,2,0.0,0.0004564121853106399,1.4117645640138492,0.013875495552907456
IND816107AAA,0.0007476911694895894,1,1,2,0.0,0.0013235363646449418,1.4099422968891027,0.013857585442376178
IND509324AAA,0.0,1,1,2,1.0,0.0004057533690624459,1.4024765898168399,0.01378420891209554
IND382715AAA,0.004057547593922481,1,1,2,1.0,0.000607769933894298,1.399999900991739,0.01375986683293121
IND246701AAA,0.0,0,1,1,0.0,0.0002466653837537206,1.3999998300000085,0.013759866135190618
IND246763AAA,0.0,1,0,1,0.0,0.0004564121853106399,1.3999998300000085,0.013759866135190618
IND335701AAA,0.000285558295285092,2,1,3,0.3333333333333333,0.0009584672043159444,1.3999991204167626,0.013759859161068005
IND794101AAA,0.0007503109703637646,1,1,2,0.0,0.0006347849804342051,1.394736635239427,0.013708136946517048
IND768216AAA,0.0,0,1,1,0.0,0.0002466653837537206,1.3933822509529121,0.013694825411702041
IND685514AAA,1.0479203496700623e-06,1,1,2,0.0,0.00038649658479166676,1.3922365003403339,0.013683564428153643
IND364290AAA,0.0,1,0,1,0.0,0.0009147411813022117,1.3888887561728467,0.013650661201587188
IND721401AAA,0.0,0,1,1,0.0,0.0002466653837537206,1.3846152928994115,0.013608659566075473
IND360002AAB,0.0,3,0,3,0.3333333333333333,0.0010385915803313667,1.378282311342137,0.013546416002471091
IND209101AAA,0.0005627332277728234,1,1,2,0.0,0.00035732850673543277,1.375816800151662,0.013522183782431644
IND581325AAA,0.00037358360465737726,1,1,2,0.0,0.0004895278414438983,1.37161075088966,0.013480844723981072
IND691305AAA,0.0,1,0,1,0.0,0.0008084403374646201,1.3636361487603503,0.01340246653033464
IND600004AAA,0.0,1,0,1,0.0,0.00043148978171382883,1.3571426887755225,0.013338645708195365
IND577101AAA,1.0479203496700623e-06,1,1,2,0.0,0.0004564121853106399,1.3564591636008871,0.013331927696734596
IND505327AAA,0.0002824145342360818,1,1,2,0.0,0.0005570449547185949,1.35453194955233,0.013312986117775972
IND481001AAA,0.0,1,0,1,0.0,0.0004564121853106399,1.352941038062292,0.013297349880780242
IND441614AAA,0.0,0,1,1,0.0,0.0002466653837537206,1.352941038062292,0.013297349880780242
IND851127AAA,0.00037515548518188236,1,1,2,0.0,0.0004564121853106399,1.3522265671048603,0.01329032771940488
IND110095AAB,0.0,1,1,2,0.0,0.0004172791122703175,1.3499993962500696,0.013268438021873906
IND147105AAA,0.0,1,1,2,0.0,0.00028341089488787767,1.3498963283738263,0.013267425021622363
IND181152AAA,0.00027927077318707163,2,1,3,0.6666666666666666,0.000395009070294533,1.33928553603317,0.013163137093104732
IND533201AAA,0.0,1,1,2,1.0,0.0003685368593815897,1.3353139939417071,0.013124102882987147
IND415003AAA,0.0002813666138864117,1,1,2,0.0,0.0004906571398954349,1.3333332361111152,0.013104635050198071
IND244412AAA,0.0005768801524933693,1,2,3,0.6666666666666666,0.0006535205731409671,1.3333332098765478,0.01310463479235223
IND244301AAA,0.0008587707265546161,1,1,2,1.0,0.00047830573393866976,1.3333332098765478,0.01310463479235223
IND741156AAA,0.0,0,1,1,0.0,0.0002466653837537206,1.333333203703711,0.013104634731682642
IND000000AFR,0.0,0,1,1,0.0,0.0002466653837537206,1.3333331388889054,0.013104634094651818
IND571111AAB,0.0002824145342360818,1,1,2,0.0,0.000502171850187384,1.3295452712422622,0.013067405124591423
IND175101AAA,0.0003751554851818823,1,1,2,0.0,0.0004564121853106399,1.3285115388354591,0.01305724510940255
IND263401AAA,0.0,1,0,1,0.0,0.0002896416816644921,1.3214284885204108,0.012987629512260738
IND503111AAC,0.0002808426537115767,1,2,3,0.0,0.0003023709630884764,1.3175322537096006,0.012949335458019304
IND423109AAA,0.0,2,0,2,0.0,0.001209649126103334,1.309523211734759,0.012870618773143036
IND505503AAA,0.0,0,1,1,0.0,0.0002466653837537206,1.3076921301775286,0.012852622030164781
IND506164AAA,0.0,1,0,1,0.0,0.0004564121853106399,1.3076921301775286,0.012852622030164781
IND713364AAB,0.0,0,1,1,0.0,0.0002466653837537206,1.3058821459285022,0.012834832641595066
IND363641AAA,0.0,0,2,2,1.0,0.0002466653837537206,1.3055550358411017,0.012831617647623172
IND203396AAB,0.0,1,1,2,1.0,0.000537755081264084,1.2999998194898024,0.012777018331460471
IND481661AAA,0.0,2,0,2,1.0,0.0010129501224843745,1.2981364966500846,0.0127587047057787
IND506314AAA,0.0,1,0,1,0.0,0.0004564121853106399,1.2962960631001452,0.012740616046955165
IND507123AAA,0.0,0,1,1,0.0,0.0002466653837537206,1.2962960631001452,0.012740616046955165
IND246174AAA,5.239601748350312e-07,1,1,2,0.0,0.0004564121853106399,1.2949518352501932,0.01272740433444336
IND506343AAA,0.0,1,0,1,0.0,0.0005875815474839753,1.2941174532872086,0.012719203630507357
IND425405AAA,0.0,1,1,2,0.0,0.0002716713332823839,1.2888886869135927,0.012667812820443372
IND561207AAB,0.00028451037493542193,1,1,2,0.0,0.0016600832785299508,1.2884608113221212,0.01266360745503189
IND584123AAA,0.0,1,0,1,0.0,0.0006034439069990251,1.285713979591859,0.012636610282536305
IND643217AAA,0.0,1,0,1,0.0,0.000336120723466461,1.285713673469475,0.01263660727381949
IND600016AAB,0.0,0,1,1,0.0,0.0002466653837537206,1.2828279529640172,0.01260824503619074
IND341505AAA,0.0,0,2,2,0.0,0.0002466653837537206,1.2791665210151741,0.012572258736478695
IND443201AAA,0.0,1,0,1,0.0,0.0008991261793588148,1.2777776512345747,0.012558608261778093
IND140501AAA,0.00037410756483221224,1,1,2,1.0,0.0005189360476421632,1.276785371731546,0.012548855665500732
IND847404AAB,0.0,0,1,1,0.0,0.0002466653837537206,1.2565786448017828,0.012350254314539216
IND302026AAA,0.0,1,0,1,0.0,0.00025890231497781107,1.2499998125000156,0.012285594412546095
IND641011AAA,0.0,0,1,1,0.0,0.0002466653837537206,1.249999652083373,0.012285592835894811
IND756032AAA,0.0,0,1,1,0.0,0.0002466653837537206,1.2413792330558886,0.012200867245715681
IND342902A1B,0.0,0,1,1,0.0,0.0002466653837537206,1.2380951315192794,0.012168589529283305
IND303008AAB,0.0,1,0,1,0.0,0.00034456083354644416,1.238094631519317,0.012168584615045172
IND815351AAA,0.0005601134268986483,1,1,2,0.0,0.0011983446642809628,1.2291665177228057,0.012080834853904312
IND276129AAA,0.0,0,1,1,0.0,0.0002466653837537206,1.2272726766528939,0.012062221280498869
IND679322AAA,0.0,0,1,1,0.0,0.0002466653837537206,1.2142855561224604,0.011934577665013324
IND127201AAA,0.0,1,0,1,0.0,0.000885531985433107,1.2105261994459893,0.011897628914367634
IND602001AAB,0.0,0,1,1,0.0,0.0002466653837537206,1.2105261994459893,0.011897628914367634
IND689503AAB,0.0,0,1,1,0.0,0.0002466653837537206,1.2068964756242595,0.011861954257253773
IND591302AAB,0.0,0,1,1,0.0,0.0002466653837537206,1.1999998900000053,0.011794171324037548
IND500035AAA,0.0,1,0,1,0.0,0.00037098527188451967,1.199999780000022,0.01179417024290524
IND208012AAA,0.0,1,0,1,0.0,0.00035732850673543277,1.199999780000022,0.01179417024290524
IND585211AAA,0.0,1,0,1,0.0,0.0003088220300036553,1.1999995800000423,0.011794168277210039
IND736146AAA,1.0479203496700623e-06,1,1,2,0.0,0.0004564121853106399,1.1984647902587853,0.011779083631531647
IND638657AAA,5.239601748350311e-06,1,1,2,0.0,0.0007260426782046306,1.1944440652006627,0.011739566027757243
IND000000ABD,0.0,0,1,1,0.0,0.0002466653837537206,1.1904760861678052,0.011700566837079226
IND460001AAA,5.239601748350312e-07,1,1,2,0.0,0.0004564121853106399,1.1888886633950737,0.011684964888861319
IND465001AAA,0.0007476911694895894,1,1,2,0.0,0.0016768955581176522,1.187830572313909,0.011674565465001629
IND757001AAA,0.0,1,0,1,0.0,0.0004171650088766707,1.1874998632812583,0.011671315098879104
IND403507AAA,0.0,1,0,1,0.0,0.0006631320073516158,1.186812505253041,0.011664559416305042
IND854335AAA,0.0,0,1,1,0.0,0.0002466653837537206,1.1785713507653086,0.011583561418933413
IND140401AAA,0.00037410756483221224,1,2,3,0.6666666666666666,0.0008000607262807939,1.1769141853175484,0.011567274006437768
IND508223AAA,0.0003735836046573772,1,1,2,1.0,0.0004044168720176279,1.173835046728804,0.011537010763625214
IND174307AAA,0.0,1,0,1,0.0,0.0008713390730343903,1.1724131664685111,0.011523035846184046
IND786602AAA,0.0,1,0,1,0.0,0.0006392356062858467,1.1666666064814835,0.011466555913497666
IND205135AAA,0.0,1,0,1,0.0,0.00036531556791596865,1.1666665763888924,0.011466555617733328
IND757025AAA,0.0,1,0,1,0.0,0.0004171650088766707,1.166666546296303,0.011466555321969005
IND621802AAA,0.0,0,1,1,0.0,0.0002466653837537206,1.1666665191197758,0.011466555054865131
IND243301AAB,0.0002871301758095971,1,2,3,0.3333333333333333,0.0005246185068761281,1.1654760131753206,0.011454854194566561
IND464668AAA,0.0025841715822863738,1,1,2,0.0,0.0007950676217244821,1.1643683733393917,0.011443967781910078
IND517408AAA,0.0,1,0,1,0.0,0.0004564121853106399,1.1562499326171896,0.011364175873961074
IND517325AAA,0.0,0,1,1,0.0,0.0002466653837537206,1.1562499326171896,0.011364175873961074
IND500008AAD,0.0,0,1,1,0.0,0.0002466653837537206,1.1555552227160848,0.011357347933673401
IND461001AAA,0.0,1,0,1,0.0,0.0006077301668354407,1.1499998925000052,0.011302747498393323
IND133004AAA,0.0,0,1,1,0.0,0.0002466653837537206,1.1499998925000052,0.011302747498393323
IND764071AAB,0.0,0,1,1,0.0,0.0002466653837537206,1.1499996412500417,0.011302745028988835
IND248001AAD,0.0,1,1,2,0.0,0.00032722446576208253,1.1405722333651531,0.011210087967381974
IND721501AAC,0.0,0,1,1,0.0,0.0002466653837537206,1.1388888294753103,0.01119354267096169
IND673506AAA,1.5718805245050936e-06,1,1,2,0.0,0.0007953813492614818,1.1309521404478644,0.011115537105365092
IND380006AAB,0.0,0,1,1,0.0,0.0002466653837537206,1.1249997343750335,0.011057034019157967
IND531116AAA,0.0,1,0,1,0.0,0.00048543256409308566,1.124999609375049,0.011057032790598494
IND786171AAA,1.2575044196040749e-05,1,1,2,1.0,0.0006392356062858467,1.1249990468754005,0.011057027262083635
IND767001AAA,0.0,1,0,1,0.0,0.0004564121853106399,1.1176469342560624,0.010984767192271386
IND768028AAB,0.0,0,1,1,0.0,0.0002466653837537206,1.1176469342560624,0.010984767192271386
IND263645AAA,0.0,2,0,2,0.0,0.0008553556111654796,1.1133616981675807,0.01094264984791771
IND535501AAB,0.0,0,2,2,0.0,0.0002466653837537206,1.1127271412760384,0.010936413120101263
IND848101AAA,0.0,1,0,1,0.0,0.0002783949489510322,1.1111109938271668,0.010920528852064456
IND144514AAA,0.00028031869353674165,1,1,2,1.0,0.0013573196728388951,1.104838280892312,0.010858877637229609
IND783370AAB,0.0,0,1,1,0.0,0.0002466653837537206,1.0952379954648572,0.010764521452671073
IND160102AAD,0.0,0,2,2,0.0,0.0002466653837537206,1.0897430881821863,0.010710514882802535
IND783348AAA,0.0,0,1,1,0.0,0.0002466653837537206,1.0833332465277814,0.010647515901500959
IND458001AAB,0.0,1,0,1,0.0,0.0008162920282728929,1.079999836800006,0.010614753560645581
IND110039AAA,0.0,1,0,1,0.0,0.0005237768491641667,1.0769229171597758,0.010584512126717474
IND395001AAA,0.0,1,0,1,0.0,0.000274388212088041,1.0714284234693983,0.010530509621831281
IND600083AAA,0.0,0,1,1,0.0,0.0002466653837537206,1.0714284234693983,0.010530509621831281
IND457226AAA,0.0,0,1,1,0.0,0.0002466653837537206,1.066496005985055,0.010482031470010766
IND244235AAA,0.003095032752750529,1,1,2,0.0,0.0003675040067662634,1.0555553858024784,0.01037450183613344
IND110037AAB,0.0,1,0,1,0.0,0.00027662921254756627,1.055555266975337,0.010374500668243613
IND577432AAA,0.0,1,0,1,0.0,0.000340449210858278,1.049999897500005,0.010319899847104876
IND574221AAA,0.0,0,1,1,0.0,0.0002466653837537206,1.0490194560745953,0.010310263601101167
IND783370AAC,0.0,0,1,1,0.0,0.0002466653837537206,1.047618950113383,0.010296498760466994
IND614616AAA,0.0,1,0,1,0.0,0.0004564121853106399,1.0384613366617437,0.010206493367243212
IND614804AAA,0.0,0,1,1,0.0,0.0002466653837537206,1.0384613366617437,0.010206493367243212
IND802212AAA,0.0,0,1,1,0.0,0.0002466653837537206,1.0303029384756686,0.010126308738279383
IND562101AAA,0.0005658769888218336,1,1,2,0.0,0.0016691246047557777,1.0303023878176387,0.0101263033261496
IND641006AAD,0.0,0,1,1,0.0,0.0002466653837537206,1.0285711178231658,0.010109287578820673
IND624001AAA,5.239601748350312e-07,1,1,2,0.0,0.0004564121853106399,1.0263156409594634,0.010087119676332024
IND625531AAA,5.239601748350312e-07,1,1,2,0.0,0.00031658098427269374,1.0209338868533198,0.01003422522985695
IND328001AAA,0.0007492630500140947,3,2,5,0.3333333333333333,0.0009240207377987421,1.0196823713030723,0.010021924738050808
IND623315AAB,3.6677212238452182e-06,1,1,2,0.0,0.00134314849296595,1.0142853393878033,0.00996888013398007
IND332709AAA,0.0,1,0,1,0.0,0.0004564121853106399,1.0109888989101599,0.00993648114454948
IND332713AAA,0.0,0,1,1,0.0,0.0002466653837537206,1.0109888989101599,0.00993648114454948
IND384265AAB,0.0009331730713811905,1,2,3,0.3333333333333333,0.0007621533089906734,1.008356420126903,0.00991060788736391
IND754142AAA,0.0,1,0,1,0.0,0.000568891302022217,0.9999999333333356,0.009828476349076526
IND731301AAA,0.0,0,1,1,0.0,0.0002466653837537206,0.9999999285714309,0.009828476302274257
IND484001AAA,0.0006533783380192838,1,1,2,0.0,0.0003829613051157761,0.9999999000000048,0.009828476021460652
IND700136AAB,0.0,1,0,1,0.0,0.0004708963311693947,0.9999999000000048,0.009828476021460652
IND804420AAA,0.0,0,1,1,0.0,0.0002466653837537206,0.9999998823529479,0.009828475848016958
IND243001AAA,0.0,0,1,1,0.0,0.0002466653837537206,0.9999998750000076,0.009828475775748755
IND695572AAB,0.0,2,0,2,0.0,0.0004983615456220238,0.9999998571428674,0.009828475600240263
IND607106AAA,0.0,1,0,1,0.0,0.0004801550318934239,0.9999997500000315,0.009828474547189364
IND600008AAA,0.0,0,1,1,0.0,0.0002466653837537206,0.9999997272727521,0.00982847432381482
IND500039AAB,0.0,0,1,1,0.0,0.0002466653837537206,0.9999997142857551,0.009828474196172419
IND501301AAC,0.0,1,0,1,0.0,0.0004564121853106399,0.9999997142857551,0.009828474196172419
IND246725AAB,0.0,1,0,1,0.0,0.0011732267844935173,0.992307473757406,0.009752871187027933
IND508377AAB,0.0011207508139721317,1,1,2,0.0,0.001156103661263188,0.9659089241348233,0.009493413649115287
IND124141AAA,0.0,0,1,1,0.0,0.0002466653837537206,0.965517173602856,0.00948956333802042
IND573103AAA,0.0,1,1,2,1.0,0.0004055703131663858,0.9632351147545521,0.009467134175107387
IND413307AAC,0.0,0,1,1,0.0,0.0002466653837537206,0.9615381616124585,0.00945045571017293
IND206001AAA,0.0,0,1,1,0.0,0.0002466653837537206,0.9602271094072918,0.009437570063723002
IND486661AAA,0.0,0,1,1,0.0,0.0002466653837537206,0.9545453657024834,0.009381727176375919
IND360490AAA,0.0,0,1,1,0.0,0.0002466653837537206,0.9499999025000048,0.009337052195816428
IND231217AAA,0.0,0,1,1,0.0,0.0002466653837537206,0.947368318559562,0.00931118773357288
IND231225AAB,0.0,1,0,1,0.0,0.0004564121853106399,0.947368318559562,0.00931118773357288
IND785675AAA,0.0,0,1,1,0.0,0.0002466653837537206,0.944444336419759,0.009282449442350817
IND242307AAB,0.0,0,1,1,0.0,0.0002466653837537206,0.9384615086390538,0.00922364735708742
IND207247AAB,0.0,1,0,1,0.0,0.0004564121853106399,0.9384615086390538,0.00922364735708742
IND124112AAA,0.0,1,0,1,0.0,0.00027510100517315344,0.9333332688888909,0.009173244570630365
IND244221AAA,0.0,0,1,1,0.0,0.0002466653837537206,0.9333332044444531,0.009173243937239688
IND575014AAA,0.0,0,1,1,0.0,0.0002466653837537206,0.9259258545953386,0.009100440969584801
IND341303AAA,0.0007513588907134348,1,1,2,0.0,0.0006347849804342051,0.9249998334375094,0.009091339591929573
IND504208AAB,0.0,2,1,3,1.0,0.0006547121764598439,0.9219365617225315,0.009061232296320965
IND854311AAA,0.0,1,0,1,0.0,0.00029945815937998626,0.9150325129864676,0.008993376012081937
IND473551AAA,0.0,1,0,1,0.0,0.0005074655196988249,0.9121210902571217,0.00896476116073674
IND394221AAA,0.0,1,0,1,0.0,0.00027334263596835614,0.909090735537206,0.008934977389057151
IND388121AAA,0.0,0,1,1,0.0,0.0002466653837537206,0.9090903719008758,0.008934973815065842
IND531036AAA,0.0,1,0,1,0.0,0.0004564121853106399,0.899999810000019,0.008845627436467031
IND530026AAA,0.0,0,1,1,0.0,0.0002466653837537206,0.899999810000019,0.008845627436467031
IND421302AAS,0.0,1,0,1,0.0,0.0004251813256709807,0.8999997100000292,0.00884562645361943
IND361335AAA,5.239601748350312e-07,1,1,2,0.0,0.0004564121853106399,0.8977271133135418,0.008823290289346222
IND572201AAB,1.5718805245050936e-06,2,1,3,1.0,0.0007505162573793035,0.8945592090229111,0.008792154614873909
IND175001AAA,0.0,0,1,1,0.0,0.0002466653837537206,0.8918918407596801,0.00876593844723672
IND721602AAB,5.239601748350312e-07,2,1,3,1.0,0.0020466950160033665,0.8913040998346198,0.008760161849070273
IND535591AAA,0.0,1,0,1,0.0,0.0006521024544187494,0.8837208864250958,0.008685630410456006
IND523105AAA,0.0,1,0,1,0.0,0.00029969751474436847,0.8761903358956982,0.008611616567748039
IND431717AAA,0.0,0,1,1,0.0,0.0002466653837537206,0.8749997656250295,0.008599915075220758
IND713145AAB,0.0,1,0,1,0.0,0.00031915295177420953,0.8709676815816876,0.008560285829921334
IND503187AAA,0.0,0,1,1,0.0,0.0002466653837537206,0.8666666044444464,0.008518012792184204
IND503122AAA,0.0,1,0,1,0.0,0.0004564121853106399,0.8666666044444464,0.008518012792184204
IND341030AAA,0.00037620340553155243,1,1,2,0.0,0.0004564121853106399,0.8652172582514237,0.008503767926454797
IND311302AAA,0.0,1,0,1,0.0,0.0005778309063581646,0.8421051662049912,0.00827661126125498
IND151001AAA,0.0025186765604319947,3,4,7,0.06666666666666667,0.0013264699654616388,0.8389560705793866,0.008245660447314356
IND608301AAA,0.0,0,1,1,0.0,0.0002466653837537206,0.833333231481487,0.008190396502541724
IND629179AAA,0.0,0,1,1,0.0,0.0002466653837537206,0.833333231481487,0.008190396502541724
IND639104AAB,0.0,1,0,1,0.0,0.0004564121853106399,0.833333231481487,0.008190396502541724
IND410209AAA,0.0,1,0,1,0.0,0.000399854583312864,0.8333331805555684,0.008190396002017503
IND733134AAA,0.0,1,0,1,0.0,0.0005380000489156287,0.8333330277778286,0.008190394500445002
IND606105AAA,0.0,0,1,1,0.0,0.0002466653837537206,0.8333330277778286,0.008190394500445002
IND741165AAB,0.0009331730713811905,1,1,2,0.0,0.0005417597958853476,0.8333330277778286,0.008190394500445002
IND713303AAA,0.0,1,0,1,0.0,0.0003788764708079779,0.8235293044982761,0.00809403883163532
IND431514AAA,0.0,1,0,1,0.0,0.0005487743862985553,0.8235293044982761,0.00809403883163532
IND821109AAA,0.0,1,0,1,0.0,0.0003195126100640947,0.8181817355371936,0.008041480373072367
IND400072AAA,0.0,1,0,1,0.0,0.00027072333227295357,0.8181816528925772,0.008041479560801654
IND141010AAA,0.0,0,1,1,0.0,0.0002466653837537206,0.8181816528925772,0.008041479560801654
IND757037AAA,0.0,1,1,2,0.0,0.0005024870139193931,0.809523755052747,0.007956385610977234
IND281401AAA,0.0,0,2,2,1.0,0.0002466653837537206,0.8088232483780586,0.007949500697233694
IND506001AAC,0.0,0,2,2,0.0,0.0002466653837537206,0.8084414457433844,0.007945748158818614
IND176048AAA,0.0,0,1,1,0.0,0.0002466653837537206,0.8043477868620048,0.007905513726639491
IND505326AAB,0.0,1,0,1,0.0,0.0003515387845321803,0.7999999280000027,0.007862780895796328
IND152024AAA,0.0,1,0,1,0.0,0.000390649672472476,0.7999998800000081,0.007862780424029483
IND423601AAA,0.0,0,1,1,0.0,0.0002466653837537206,0.7999998200000182,0.007862779834320962
IND400016AAA,0.0,0,1,1,0.0,0.0002466653837537206,0.7999998200000182,0.007862779834320962
IND721134AAB,0.0,0,1,1,0.0,0.0002466653837537206,0.799999120000388,0.007862772954390694
IND383315AAC,0.0006539022981941189,1,1,2,0.0,0.0010678944326707072,0.794215702277036,0.007805930766290419
IND312403AAA,1.5718805245050936e-06,1,1,2,0.0,0.0004564121853106399,0.7916665920138919,0.007780876894687662
IND458664AAA,0.0,0,1,1,0.0,0.0002466653837537206,0.7916665920138919,0.007780876894687662
IND791125AAB,0.0,0,1,1,0.0,0.0002466653837537206,0.7894735900277057,0.007759323025096028
IND246424AAA,0.0,0,1,1,0.0,0.0002466653837537206,0.7843136120722827,0.007708608300418415
IND177033AAA,0.0,0,1,1,0.0,0.0002466653837537206,0.7777777283950633,0.007644370517994031
IND585401AAA,0.0,1,0,1,0.0,0.0008442515474742024,0.7777776790123512,0.007644370032637179
IND733124AAA,0.0,1,0,1,0.0,0.00036887874885761047,0.7777775802469358,0.007644369061923565
IND000000AAS,0.0,1,0,1,0.0,0.0006347849804342051,0.7599999296000028,0.007469641831349559
IND177101AAA,0.0,0,1,1,0.0,0.0002466653837537206,0.7555555165432108,0.007425960019823231
IND176001AAA,0.0,1,0,1,0.0,0.0004564121853106399,0.7555555165432108,0.007425960019823231
IND141115AAA,0.00037410756483221224,1,1,2,1.0,0.0014014456729785638,0.7499999375000022,0.007371357138951437
IND335001AAA,0.0,0,1,1,0.0,0.0002466653837537206,0.7499999270833364,0.007371357036571477
IND125104AAA,0.0,1,0,1,0.0,0.0004564121853106399,0.7499999270833364,0.007371357036571477
IND614715AAA,0.0,1,0,1,0.0,0.0005299115796557455,0.749999854166679,0.007371356319911787
IND431131AAB,0.0,0,1,1,0.0,0.0002466653837537206,0.7499997812500274,0.007371355603252153
IND695121AAA,0.0,1,0,1,0.0,0.0004144628249992561,0.7472523946383554,0.007344352977117391
IND770017AAB,0.0,1,0,1,0.0,0.0006347849804342051,0.7445885237720535,0.007318171183565496
IND600119AAA,5.239601748350312e-07,2,1,3,0.0,0.002874487383573514,0.7426899108785687,0.007299510710401797
IND591126AAA,0.0,0,1,1,0.0,0.0002466653837537206,0.730769164201186,0.007182347925808956
IND461111AAA,0.0,0,1,1,0.0,0.0002466653837537206,0.7222221265432152,0.007098343562732633
IND670643AAA,0.0,1,0,1,0.0,0.000923097560473439,0.7142855918367434,0.007020339513876181
IND342301AAA,0.0007455953287902494,2,1,3,0.6666666666666666,0.0006562053677472103,0.7105260958275754,0.006983389393802285
IND532222AAA,0.0,0,2,2,1.0,0.0002466653837537206,0.6999999150000042,0.006879933067595309
IND363621AAB,0.0,1,1,2,1.0,0.0003515387845321803,0.6999996268750397,0.006879930235765721
IND384170AAA,0.0008393842000857199,1,1,2,0.0,0.000607769933894298,0.6892107528815741,0.006773892035818564
IND506143AAA,0.0,0,1,1,0.0,0.0002466653837537206,0.6874998945312565,0.006757076903864839
IND683511AAB,0.0,1,0,1,0.0,0.000285629350372375,0.6842104376731348,0.006724746552778127
IND122413AAE,0.0,1,0,1,0.0,0.0003515387845321803,0.6818178868801987,0.0067012314223281145
IND176041AAA,0.0,1,0,1,0.0,0.0003201564060220347,0.6675861047591001,0.006561354679020571
IND504201AAA,0.0,1,0,1,0.0,0.0003572619704552665,0.6666665740740791,0.006552317092828087
IND620020AAA,0.0,0,1,1,0.0,0.0002466653837537206,0.6666664814815022,0.0065523161827840725
IND380021AAA,0.0,0,1,1,0.0,0.0002466653837537206,0.6666664814815022,0.0065523161827840725
IND621112AAA,0.0,1,0,1,0.0,0.0004564121853106399,0.6666664814815022,0.0065523161827840725
IND176303AAA,0.0,2,0,2,0.0,0.0008445317819911245,0.6518590625800689,0.006406781806618175
IND505425AAA,0.0,1,0,1,0.0,0.0007204661335820394,0.6461986873995493,0.006351148939320681
IND571430AAA,0.0,1,0,1,0.0,0.00030045094908294457,0.6428570841836756,0.0063183060689559435
IND625106AAA,1.0479203496700623e-06,1,1,2,0.0,0.0004564121853106399,0.6379362185480151,0.006269941454214564
IND125050AAA,0.0,0,1,1,0.0,0.0002466653837537206,0.6363635619834744,0.006254484635334302
IND679329AAA,0.0,0,1,1,0.0,0.0002466653837537206,0.6363634876033195,0.00625448390429066
IND680712AAA,0.0,0,1,1,0.0,0.0002466653837537206,0.6363634876033195,0.00625448390429066
IND758035AAA,0.0,1,0,1,0.0,0.0006718886756972311,0.6296295692729788,0.006188299742832014
IND625516AAA,0.0,1,0,1,0.0,0.0005158697836851616,0.6296295692729788,0.006188299742832014
IND515865AAB,0.0,1,0,1,0.0,0.0006532259728090131,0.6284583808683202,0.006176788744529115
IND361315AAA,0.0,0,1,1,0.0,0.0002466653837537206,0.6249998984375063,0.006142797129488057
IND500055AAA,0.0,0,1,1,0.0,0.0002466653837537206,0.6249997968750256,0.006142796131283551
IND848210AAA,0.0,0,1,1,0.0,0.0002466653837537206,0.6153845532544402,0.0060482929304678055
IND000000ABA,0.0,1,0,1,0.0,0.0005944313774496884,0.6153835316101635,0.006048282889260524
IND000000ABG,0.0,0,1,1,0.0,0.0002466653837537206,0.6124997692187715,0.006019939896910839
IND303106AAA,0.0,0,1,1,0.0,0.0002466653837537206,0.6111110216049431,0.006006290622923539
IND303002AAA,0.0,1,0,1,0.0,0.0004564121853106399,0.6111110216049431,0.006006290622923539
IND723202AAA,0.0,0,1,1,0.0,0.0002466653837537206,0.6111110216049431,0.006006290622923539
IND607001AAA,0.0,0,1,1,0.0,0.0002466653837537206,0.6111110216049431,0.006006290622923539
IND608001AAA,0.0,1,0,1,0.0,0.0004564121853106399,0.6111110216049431,0.006006290622923539
IND110078AAA,0.0,1,0,1,0.0,0.000451024604695331,0.6102939590452086,0.005998260142344107
IND174103AAA,0.0,1,0,1,0.0,0.00028341089488787767,0.5999999200000039,0.005897085416306861
IND638501AAB,0.0,0,1,1,0.0,0.0002466653837537206,0.599999640000036,0.005897082664333616
IND574239AAA,0.0,1,0,1,0.0,0.0007104810555611968,0.5876922061964533,0.005776119334213056
IND232327AAA,0.0,1,0,1,0.0,0.0004326964099529774,0.5789472853185638,0.005690170080460223
IND591123AAC,0.0,1,0,1,0.0,0.0002860706386177555,0.5714285153061245,0.00561627202229228
IND614018AAA,0.0,1,0,1,0.0,0.0006347849804342051,0.5666666144444461,0.005569469789176479
IND341001AAC,0.0,0,1,1,0.0,0.0002466653837537206,0.5652173232514206,0.005555225464013281
IND532201AAA,0.0,1,0,1,0.0,0.0004767060034210043,0.562499902343756,0.005528517355111273
IND380006AAA,0.0,0,1,1,0.0,0.0002466653837537206,0.5555553827160686,0.00546026330364458
IND509124AAA,0.0,1,0,1,0.0,0.0002713558851556379,0.5454544752066146,0.005360986766465266
IND515761AAA,0.0,1,0,1,0.0,0.00044994567828136693,0.5384614792899431,0.0052922562669070385
IND560064AAA,0.0,1,0,1,0.0,0.0003470341340377351,0.5294116747404896,0.005203310470999249
IND577401AAA,0.0,0,1,1,0.0,0.0002466653837537206,0.5294116747404896,0.005203310470999249
IND176201AAA,0.0,0,1,1,0.0,0.0002466653837537206,0.5285714067346943,0.005195051916226835
IND639001AAA,0.0,0,1,1,0.0,0.0002466653837537206,0.5263157091412785,0.005172881844301274
IND577535AAC,0.0,1,0,1,0.0,0.00037238280400063634,0.5238094512471689,0.005148249146222152
IND768028AAA,0.0,1,0,1,0.0,0.0006347849804342051,0.5238094512471689,0.005148249146222152
IND632402AAA,0.0,0,1,1,0.0,0.0002466653837537206,0.5217390642722146,0.005127900395448795
IND341512AAA,0.0,1,0,1,0.0,0.0010635057905482635,0.5217390642722146,0.005127900395448795
IND487001AAA,0.0,1,0,1,0.0,0.0003205849848067707,0.5199999392000023,0.005110807444668939
IND203131AAA,0.0,0,1,1,0.0,0.0002466653837537206,0.518518462277094,0.005096246782799721
IND246444AAB,0.0,1,0,1,0.0,0.0006347849804342051,0.5106382231779105,0.005018796034024945
IND221706AAA,0.0,0,1,1,0.0,0.0002466653837537206,0.49999994642857337,0.004914237975628618
IND483770AAA,0.0,0,1,1,0.0,0.0002466653837537206,0.4999999423076944,0.004914237935126653
IND624619AAA,0.0,1,0,1,0.0,0.0006347849804342051,0.4999999318181849,0.004914237832030751
IND421802AAA,0.0,0,1,1,0.0,0.0002466653837537206,0.4999998928571505,0.00491423744910312
IND752050AAA,0.0,1,0,1,0.0,0.00028861474406510453,0.49999981250002357,0.004914236659314945
IND343001AAA,0.0002813666138864117,1,1,2,0.0,0.0002855674329147002,0.49688751153357047,0.004883647480835676
IND571432AAB,0.0,0,1,1,0.0,0.0002466653837537206,0.47354488353839796,0.0046542249983649985
IND577522AAA,0.0,0,1,1,0.0,0.0002466653837537206,0.4705880773603659,0.004625164096838014
IND524201AAA,0.0,0,1,1,0.0,0.0002466653837537206,0.46666656888889557,0.004586621641003968
IND500084AAB,0.0,1,0,1,0.0,0.00037523907006984595,0.46666656888889557,0.004586621641003968
IND480334AAA,0.0,1,0,1,0.0,0.0006347849804342051,0.46666653685185855,0.004586621326128686
IND814101AAB,0.0006539022981941189,1,1,2,0.0,0.0012651726432445958,0.46249989679687964,0.004545669600163096
IND591201AAA,0.0,0,1,1,0.0,0.0002466653837537206,0.4615384053254459,0.004536219603346271
IND571313AAB,0.0,1,0,1,0.0,0.0006737218968107784,0.454545388429755,0.004467488897596234
IND262701AAA,0.0,1,0,1,0.0,0.0006347849804342051,0.4444443909465039,0.004368211476111524
IND505172AAA,0.0,1,0,1,0.0,0.0005201099764941235,0.4444443641975353,0.004368211213209901
IND345021AAA,0.0,1,0,1,0.0,0.00039161957708501666,0.4444443641975353,0.004368211213209901
IND321001AAA,0.0,0,2,2,0.0,0.0002466653837537206,0.44444435390946824,0.00436821111209387
IND695609AAA,0.0,0,1,1,0.0,0.0002466653837537206,0.4444442839506353,0.00436821042450509
IND638701AAA,0.0,1,0,1,0.0,0.0008641202192424357,0.4444442839506353,0.00436821042450509
IND201001AAC,0.0,1,0,1,0.0,0.00028706228618678037,0.43749991015625556,0.004299957806357707
IND395010AAB,0.0,0,1,1,0.0,0.0002466653837537206,0.43749991015625556,0.004299957806357707
IND757041AAA,0.0,1,1,2,0.0,0.0004171650088766707,0.43333328555555717,0.004259006232284158
IND642126AAA,4.191681398680249e-06,1,1,2,0.0,0.00027648383032463403,0.4318179181301949,0.004244112478390906
IND465333AAA,0.0,0,1,1,0.0,0.0002466653837537206,0.428571394557824,0.0042122040961159145
IND505001AAA,0.0,0,1,1,0.0,0.0002466653837537206,0.4285713418367374,0.004212203577947928
IND273155AAA,0.0,1,0,1,0.0,0.000277581705912574,0.428571224489825,0.004212202424606497
IND333001AAA,0.0,1,0,1,0.0,0.000281362905401252,0.41666655555556087,0.0040951976597421785
IND411021AAA,0.0,1,1,2,0.0,0.00039657221305594017,0.4125870566287151,0.004055102398350574
IND621704AAA,0.0,1,0,1,0.0,0.0009648659312369027,0.4090908450413251,0.004020739963161716
IND577116AAA,0.0,0,1,1,0.0,0.0002466653837537206,0.4090908450413251,0.004020739963161716
IND722151AAA,1.0479203496700623e-06,1,1,2,0.0,0.0004564121853106399,0.40740735528120897,0.004004193822767426
IND247667AAB,0.0,1,0,1,0.0,0.00028694492475790157,0.40740735528120897,0.004004193822767426
IND335051AAA,4.715641573515281e-06,1,1,2,0.0,0.0010619494826313725,0.3999998600000141,0.00393138942573668
IND335803AAA,0.0,1,0,1,0.0,0.0009791735099156451,0.39999953777782693,0.003931386258783323
IND571213AAA,0.0,0,1,1,0.0,0.0002466653837537206,0.3902438685306375,0.003835502887925684
IND571114AAA,0.0,1,0,1,0.0,0.0004564121853106399,0.3902438685306375,0.003835502887925684
IND503185AAA,0.0,1,0,1,0.0,0.00041809696550855436,0.38181811171979785,0.0037526905308664527
IND586101AAB,0.0,1,0,1,0.0,0.0005054117815407103,0.3809522675737016,0.0037441806015872307
IND841405AAA,0.0,0,1,1,0.0,0.0002466653837537206,0.37499982812502153,0.0036856771873463407
IND583231AAA,0.0,1,0,1,0.0,0.0007257453406433812,0.3749995781250841,0.0036856747302277046
IND603301AAA,0.00037410756483221224,1,1,2,1.0,0.001425413941154514,0.3650790660116283,0.0035881712050496424
IND148102AAA,0.00037410756483221224,1,1,2,1.0,0.0009369355070577395,0.3636363016528954,0.0035739910287272
IND148101AAA,0.00028031869353674165,1,1,2,1.0,0.0008111075217774047,0.3636363016528954,0.0035739910287272
IND343029AAB,0.0,1,0,1,0.0,0.0004895149504574131,0.3487394059094262,0.0034275772314769355
IND414302AAB,0.0,1,0,1,0.0,0.0007115903790099185,0.34782602835539,0.003418600121190839
IND148023AAA,0.0,2,0,2,0.0,0.0008819262410708893,0.3461537943787001,0.0034021646080051194
IND802119AAA,0.0,0,1,1,0.0,0.0002466653837537206,0.34210522783933617,0.003362373364872569
IND571401AAA,5.239601748350312e-07,1,1,2,0.0,0.0004564121853106399,0.33498752485597283,0.0032924171847770853
IND494334AAB,0.0,0,1,1,0.0,0.0002466653837537206,0.3333333037037045,0.003276158710221976
IND493445AAB,0.0,1,0,1,0.0,0.0004564121853106399,0.3333333037037045,0.003276158710221976
IND507159AAA,0.0,0,1,1,0.0,0.0002466653837537206,0.3333332991453002,0.003276158665419804
IND493118AAC,0.0,0,1,1,0.0,0.0002466653837537206,0.33333324444445034,0.0032761581277937595
IND495334AAB,5.239601748350312e-07,1,1,2,0.0,0.0004564121853106399,0.33333324444445034,0.0032761581277937595
IND688009AAA,0.0,1,0,1,0.0,0.001366936974485646,0.3333332222222316,0.0032761579093831938
IND000000ACO,0.0,1,0,1,0.0,0.0004564121853106399,0.3214285242346955,0.0031591528589694595
IND671323AAD,0.0,0,1,1,0.0,0.0002466653837537206,0.3214285242346955,0.0031591528589694595
IND145001AAA,5.239601748350312e-07,1,1,2,0.0,0.0004564121853106399,0.3189398037659801,0.003134692527072538
IND691574AAA,0.0,1,0,1,0.0,0.00028861474406510453,0.2999996700000329,0.0029485398578954036
IND333502AAA,0.0,1,0,1,0.0,0.0005154402722111908,0.29411760899654094,0.002890728156584644
IND272155AAA,0.0,0,1,1,0.0,0.0002466653837537206,0.2916666128472245,0.0028666385972934394
IND385320AAA,0.0,1,1,2,1.0,0.0006780953607083562,0.29166657118055905,0.0028666381877735757
IND244901AAC,0.0,1,0,1,0.0,0.0005441564659835563,0.2904761303628134,0.002854937967571373
IND689650AAA,0.0,0,1,1,0.0,0.0002466653837537206,0.2857141938775576,0.0028081353843300593
IND723131AAA,0.0,1,0,1,0.0,0.001518702046770114,0.2799999744000006,0.0027519733095973196
IND476001AAA,0.0,1,0,1,0.0,0.0003770654517262727,0.279999948800002,0.0027519730579883225
IND383001AAA,0.0005601134268986483,1,1,2,0.0,0.0009688744840348757,0.273809445379821,0.0026911298374779815
IND505467AAA,0.0,1,0,1,0.0,0.0003515387845321803,0.2727272148760356,0.0026804931598581657
IND444203AAA,0.0,0,1,1,0.0,0.0002466653837537206,0.2727272148760356,0.0026804931598581657
IND532440AAA,0.0,1,0,1,0.0,0.0003515387845321803,0.2727272148760356,0.0026804931598581657
IND781018AAA,0.0,0,1,1,0.0,0.0002466653837537206,0.2647058451557105,0.0026016553120188956
IND276128AAA,0.0,0,1,1,0.0,0.0002466653837537206,0.2647058451557105,0.0026016553120188956
IND276305AAA,0.0,1,0,1,0.0,0.0004564121853106399,0.2647058451557105,0.0026016553120188956
IND501218AAC,0.0,1,0,1,0.0,0.0003023709630884764,0.263157828254851,0.0025864406635065173
IND571438AAB,0.0,0,1,1,0.0,0.0002466653837537206,0.2580644755463073,0.002536380763535764
IND735224AAA,0.0,0,1,1,0.0,0.0002466653837537206,0.2499999479166688,0.002457118739177253
IND642001AAA,0.0,1,0,1,0.0,0.0004817735162346824,0.2499998437500197,0.002457117715377738
IND560099AAG,0.0,0,1,1,0.0,0.0002466653837537206,0.2499998437500197,0.002457117715377738
IND322230AAA,0.0,1,0,1,0.0,0.0007456956293367905,0.2499998437500197,0.002457117715377738
IND509203AAA,0.0,1,0,1,0.0,0.0008830173249886213,0.2380951791383248,0.0023401129929976915
IND226004AAC,0.0,1,0,1,0.0,0.00028706228618678037,0.23076918343195452,0.0022681096126639703
IND122101AAC,0.0,1,0,1,0.0,0.0003406696770576358,0.23076913609468197,0.0022681091474106756
IND341503AAB,0.0,1,0,1,0.0,0.00038649658479166676,0.22916662351516903,0.002252358889373818
IND360050AAA,0.0,1,0,1,0.0,0.0006347849804342051,0.22222208641976837,0.0021841046662261065
IND673027AAB,0.0,0,2,2,1.0,0.0002466653837537206,0.22222200308644213,0.002184103847186426
IND312601AAA,0.0,1,0,1,0.0,0.0012682909804269844,0.2078959750999081,0.0020433008105576987
IND573116AAA,0.0,1,0,1,0.0,0.0004055703131663858,0.1999999600000013,0.0019656950077225938
IND360530AAB,8.90732297219553e-06,1,1,2,0.0,0.001301898497263195,0.199999880000012,0.0019656942214445385
IND176310AAA,0.0,0,1,1,0.0,0.0002466653837537206,0.19565214792060548,0.0019229626366811978
IND504296AAA,0.0,1,0,1,0.0,0.00038649658479166676,0.1944443818536694,0.0019110921356657329
IND507117AAB,0.0002824145342360818,2,1,3,0.0,0.0004987352034841573,0.19230764644970577,0.0018900912808835848
IND507111AAA,0.0,0,1,1,0.0,0.0002466653837537206,0.19230764644970577,0.0018900912808835848
IND473331AAA,0.0,0,1,1,0.0,0.0002466653837537206,0.18918915704894168,0.0018594412795199958
IND711409AAA,0.0,1,0,1,0.0,0.00027300229282114597,0.18749992578125463,0.001842838708850575
IND363001AAA,1.0479203496700623e-06,1,1,2,0.0,0.0004564121853106399,0.1666666180555576,0.0016380790229448832
IND363520AAC,0.0,0,1,1,0.0,0.0002466653837537206,0.1666666180555576,0.0016380790229448832
IND160002AAD,0.0,1,0,1,0.0,0.00031658098427269374,0.16666656944445268,0.0016380785451717565
IND303603AAB,0.0,1,1,2,0.0,0.000283376177425992,0.16666656944445268,0.0016380785451717565
IND134109AAA,0.0,0,1,1,0.0,0.0002466653837537206,0.16666656944445268,0.0016380785451717565
IND396001AAA,0.0,0,1,1,0.0,0.0002466653837537206,0.14285697959185994,0.0014040665388235364
IND331022A1B,0.0,0,1,1,0.0,0.0002466653837537206,0.1304347334593594,0.001281974778368397
IND331001A1C,0.0,1,0,1,0.0,0.0004564121853106399,0.1304347334593594,0.001281974778368397
IND712406AAA,0.0,1,0,1,0.0,0.0005797668852503582,0.12820509927679247,0.0012600608700770182
IND208017AAA,0.0,0,1,1,0.0,0.0002466653837537206,0.1249999296875044,0.001228558934473792
IND781005AAA,0.0,1,1,2,0.0,0.0003188851217312852,0.11904759240362872,0.001170056524357333
IND600016AAA,0.0,0,1,1,0.0,0.0002466653837537206,0.11111104938271943,0.0010920523937826224
IND764059AAA,0.0,1,0,1,0.0,0.0007733965312906305,0.1111109876543348,0.0010920517870866135
IND122050AAA,0.0,1,0,1,0.0,0.0005363669974632331,0.10526309972299464,0.0010345759550296645
IND621306AAA,0.0,0,1,1,0.0,0.0002466653837537206,0.10222198768066626,0.0010046864552541153
IND425401AAA,0.0,1,0,1,0.0,0.0002716713332823839,0.09999989000001097,0.0009828466192984679
IND638452AAA,0.0,1,0,1,0.0,0.0005071348471587249,0.0999998185714448,0.0009828459172644478
IND508277AAB,0.0,1,0,1,0.0,0.0004044168720176279,0.08333328819444619,0.0008190393067125111
IND562160AAB,0.0,1,0,1,0.0,0.0006347849804342051,0.07692304930966554,0.0007560364212413215
IND506132AAA,0.0,1,0,1,0.0,0.000417123465618848,0.0769230355029602,0.0007560362855424357
IND321401AAB,0.0,1,0,1,0.0,0.0003515387845321803,0.07407403429355419,0.0007280349426705421
IND505325AAA,0.0,1,0,1,0.0,0.0005570449547185949,0.06666663111111215,0.0006552314508302704
IND385340AAB,0.0011207508139721317,2,1,3,0.3333333333333333,0.0010384435024168807,0.06451609469302921,0.0006340949530982147
IND560027AAA,0.0,0,1,1,0.0,0.0002466653837537206,0.049999947500002584,0.0004914233342203979
IND560099AAA,0.0,1,0,1,0.0,0.0004564121853106399,0.049999947500002584,0.0004914233342203979
IND151103AAA,0.0,1,0,1,0.0,0.0004724422389631943,0.04761895011338302,0.0004680217561586893
IND465333A1B,0.0,0,1,1,0.0,0.0002466653837537206,0.04545452169421549,0.0004467487212134299
IND784110AAA,0.0,0,1,1,0.0,0.0002466653837537206,0.04444433697531425,0.0004368201439336054
IND760003AAB,0.0,1,0,1,0.0,0.0005110130391490562,0.00555549317901427,5.460203695753339e-05
IND623503AAA,5.239601748350311e-06,1,1,2,0.0,0.0005949647333817821,0.0,0.0
IND491995AAB,0.0,1,0,1,0.0,0.0006347849804342051,0.0,0.0
IND151302AAA,0.0002813666138864117,1,1,2,0.0,0.0004724422389631943,0.0,0.0
IND151506AAA,0.0,0,1,1,0.0,0.0002466653837537206,0.0,0.0
IND484446AAA,0.0007471672093147544,1,1,2,0.0,0.000572312356420802,0.0,0.0
IND562117AAA,0.0,0,1,1,0.0,0.0002466653837537206,0.0,0.0
IND502220AAC,0.0,0,1,1,0.0,0.0002466653837537206,0.0,0.0
IND627811AAA,0.0,1,0,1,0.0,0.0003073609971612974,0.0,0.0
IND470117AAA,0.0,0,1,1,0.0,0.0002466653837537206,0.0,0.0
IND281004AAA,0.0,1,0,1,0.0,0.0005544560379393337,0.0,0.0
IND816109AAA,0.0,0,1,1,0.0,0.0002466653837537206,0.0,0.0
IND241124AAB,0.0,1,0,1,0.0,0.0005573574186828512,0.0,0.0
IND454001AAA,0.0,0,1,1,0.0,0.0002466653837537206,0.0,0.0
IND470227AAB,0.0,1,0,1,0.0,0.0004564121853106399,0.0,0.0
IND624601AAA,0.0,0,1,1,0.0,0.0002466653837537206,0.0,0.0
IND624101AAA,0.0,1,0,1,0.0,0.0004564121853106399,0.0,0.0
IND623704AAA,0.0,1,0,1,0.0,0.0008861955938209188,0.0,0.0
IND207123AAA,0.0,1,0,1,0.0,0.000529141111834693,0.0,0.0
IND464001AAA,0.0,0,1,1,0.0,0.0002466653837537206,0.0,0.0
IND802301AAA,0.0,0,1,1,0.0,0.0002466653837537206,0.0,0.0
IND804401AAA,0.0,1,0,1,0.0,0.0004564121853106399,0.0,0.0
IND345001AAA,0.0,1,0,1,0.0,0.00039161957708501666,0.0,0.0
IND396105AAA,0.0,1,0,1,0.0,0.00034307790208585047,0.0,0.0
IND507303AAA,0.0,1,0,1,0.0,0.0006707923699376884,0.0,0.0
IND722140AAA,0.0,0,1,1,0.0,0.0002466653837537206,0.0,0.0
IND781022AAA,0.0,1,1,2,0.0,0.0005355443356639787,0.0,0.0
IND722101AAB,0.0,1,0,1,0.0,0.0003788764708079779,0.0,0.0
IND695541AAA,0.0,0,1,1,0.0,0.0002466653837537206,0.0,0.0
IND415301AAB,0.0,1,0,1,0.0,0.0004979641869964749,0.0,0.0
IND412803AAB,0.0,1,0,1,0.0,0.0006640138370333841,0.0,0.0
IND244601AAB,0.0,0,1,1,0.0,0.0002466653837537206,0.0,0.0
IND151505AAA,0.0,1,0,1,0.0,0.0006486215140094798,0.0,0.0
IND207302AAA,0.0011254664555456469,1,1,2,0.0,0.0007864931361133374,0.0,0.0
IND147201AAA,0.0,0,1,1,0.0,0.0002466653837537206,0.0,0.0
IND781001AAA,0.0,0,1,1,0.0,0.0002466653837537206,0.0,0.0
IND363330AAB,0.0,1,0,1,0.0,0.0007612284035902734,0.0,0.0
IND623526AAA,3.143761049010187e-06,1,1,2,0.0,0.0007525461494282498,0.0,0.0
