facility,emb_0,emb_1,emb_2,emb_3,emb_4,emb_5,emb_6,emb_7,emb_8,emb_9,emb_10,emb_11,emb_12,emb_13,emb_14,emb_15,emb_16,emb_17,emb_18,emb_19,emb_20,emb_21,emb_22,emb_23,emb_24,emb_25,emb_26,emb_27,emb_28,emb_29,emb_30,emb_31,emb_32,emb_33,emb_34,emb_35,emb_36,emb_37,emb_38,emb_39,emb_40,emb_41,emb_42,emb_43,emb_44,emb_45,emb_46,emb_47,emb_48,emb_49,emb_50,emb_51,emb_52,emb_53,emb_54
IND000000AAL,-1.5832016,0.5200033,0.34573784,0.8304092,0.26411578,-0.61047196,0.29255074,0.069371454,-0.26588225,0.119934864,-0.14116894,0.92829865,-0.18269566,-0.51338786,-0.3006488,0.27077284,-0.12874146,-0.043132998,-0.087142,0.21899907,-0.0315271,-0.064827524,-0.036557846,-0.06331076,0.25082338,-0.041889004,-0.05446464,0.059945807,0.45909125,-0.056405246,-0.091058195,0.30837888,-0.0393585,-0.10542974,0.036804534,0.025904149,-0.19448522,-0.13031381,0.18576922,-0.07734062,-0.100507244,0.059824247,0.03619917,0.054741636,-0.06902784,0.19030339,0.18642066,0.17714573,-0.14132172,-0.112742245,0.054714993,-0.041116282,0.08844961,-0.128758,0.17061396
IND000000ABD,-1.7075977,0.8636101,0.7315819,-0.51867914,0.65593565,0.3366535,0.2556902,-0.07669822,0.03199093,0.09841991,-0.18384004,-0.16403487,0.01591751,0.13359031,0.016958768,-0.1124918,0.029852493,-0.05334171,-0.0064999773,0.10544656,0.16749138,-0.06307556,0.020838298,0.03652186,-0.030912027,-0.0024468154,0.04180774,-0.06315094,0.03327638,-0.012945846,-0.072188914,-0.012499988,-0.21081571,0.16997723,0.16894698,0.20508322,0.0049882717,-0.030262332,-0.07022017,-0.041304167,0.06807184,0.1672503,-0.00063634664,-0.17320162,-0.028291285,0.02983765,-0.04078407,-0.16301176,0.04955912,-0.18724677,0.062147252,-0.14905697,-0.15774122,0.26046765,0.05789905
IND000000ABG,1.7953871,0.2043726,0.0003049448,-0.10476137,0.07289296,-0.025079042,0.9249255,-0.43213993,0.009622291,-0.8908889,0.75497854,0.7015264,-0.1171678,0.45936996,0.9631003,0.3637887,-0.04551893,-0.39934716,0.18370382,-0.5564483,-0.6132079,-0.2352249,1.3064724,0.3922025,1.2858549,-0.54680955,0.60984427,0.6513895,-0.45643216,-0.38923752,-0.39964074,0.6442807,0.77434623,-0.04251802,0.4735335,0.56547385,0.35593298,0.23885377,-0.26424843,0.6465693,0.006875485,-0.44487607,-0.24573457,-0.28963065,-0.11248344,-0.6261944,-0.13613267,0.34994018,0.01941504,-0.041340865,0.43478245,-0.274312,0.14548326,-0.113371134,-0.26141685
IND000000ACA,-0.08412206,-0.7418807,1.2758183,-1.4256674,0.070670664,-0.88930166,-0.21630375,0.15047887,0.5348017,0.061778247,0.08897665,0.45223922,-0.4828533,0.16718449,0.42382547,-0.03009532,0.006775979,0.29438308,0.052104414,-0.1612126,0.65204966,0.4642685,-0.042858116,-0.25087932,0.18008588,-0.0878941,0.56980234,-0.07426749,0.11782165,0.30489302,-0.0003477633,0.32840636,0.03617379,0.09116453,-0.1450702,-0.21584645,0.4314355,-0.27426934,-0.20131657,-0.10877855,-0.050873667,-0.1844908,-0.25314045,0.13769934,0.270206,-0.15411696,0.018553212,0.10386901,0.53544474,0.31912044,0.06766559,-0.13094682,0.19485556,0.10270894,-0.00010801852
IND000000ACB,-1.9377666,-0.70564944,0.15755501,0.13436772,-0.49846792,0.37188435,-0.17009164,0.10316371,-0.14597222,-0.14027825,0.08994316,0.1359965,-0.035751116,0.0962601,0.011379117,0.036310185,-0.19007939,0.04911065,-0.122320026,0.04186791,-0.047608145,-0.08768901,-0.18148506,-0.014962554,0.055102415,-0.016192138,0.06568682,-0.021514338,-0.10637247,0.049984574,0.09054405,-0.018742777,0.059627265,-0.050683334,-0.11216109,-0.11277835,-0.062655464,-0.020021837,-0.021987839,0.055101607,-0.22986177,0.058973297,-0.07144316,-0.07463381,0.12189932,0.18420863,-0.071141824,-0.09231729,-0.050446447,-0.058607236,-0.15674107,0.032110304,0.13627796,0.025201634,0.07807435
IND000000ACK,1.7706007,0.1859339,0.0139992535,-0.12166789,0.079848595,-0.027063102,0.9754097,-0.40324044,0.008872613,-0.9264179,0.8175308,0.67016363,-0.1584006,0.47258502,0.9574622,0.35186583,-0.021713253,-0.3708484,0.18972558,-0.49723136,-0.58236945,-0.23400131,1.2766742,0.40426672,1.3093652,-0.5955369,0.6591262,0.5941659,-0.48638177,-0.33865136,-0.347431,0.63996047,0.8390901,-0.016417876,0.44279462,0.5479948,0.35211566,0.25451565,-0.28277737,0.61796576,-0.06183195,-0.45807916,-0.257325,-0.31746575,-0.11404762,-0.6403902,-0.15793507,0.33636886,0.009957645,0.010978542,0.41142964,-0.2999618,0.14921382,-0.10620457,-0.2730786
IND000000ACN,1.9142188,0.18550386,0.032695618,-0.10447857,0.07652626,0.013198622,1.0835522,-0.45809996,0.2339109,-0.94857997,0.74199224,0.7829264,-0.20875606,0.4181522,0.83966625,0.16222692,0.037354693,-0.41500685,0.20048009,-0.51199347,-0.48256135,-0.15202275,1.2795045,0.22087207,1.1515152,-0.662395,0.56954426,0.5105661,-0.523476,-0.15422283,-0.32355353,0.73374414,0.8642988,0.23701964,0.41421336,0.50727993,0.36546987,0.29432577,-0.38932133,0.33254063,-0.24915022,-0.40683183,-0.19676927,-0.27513504,-0.19220102,-0.8118912,-0.12200872,0.37768894,-0.17439264,0.06502776,0.25010923,-0.38106042,0.31182218,0.018460125,-0.3156777
IND000000ACT,-1.5907657,-1.056912,0.7532284,-0.5342947,-0.37300402,-0.43191695,-0.47911307,-0.14708725,-0.08971812,-0.029349484,-0.39354062,-0.18475197,-0.3007422,0.202493,-0.033399906,-0.11829226,-0.10709883,0.14318055,-0.30900717,0.016703648,0.05340127,-0.17501467,-0.03453696,0.012601927,0.053883504,0.06976795,0.10869275,0.03886626,-0.09384645,0.055655614,0.017016754,0.077842556,0.1019761,0.0065960214,-0.0104276985,-0.11847246,0.03489334,-0.085323155,0.07470782,0.16960351,-0.041113473,-0.029591084,-0.06686667,-0.05605814,-0.09232457,0.10243362,0.039210215,-0.006599605,-0.2115859,-0.06985991,0.12220341,-0.009639411,-0.010181095,0.0830426,0.15271331
IND000000ADV,1.6423239,0.05015581,0.039166857,-0.24661031,0.08073023,-0.29264802,-0.069820784,-0.41436392,-0.6253535,-0.6965528,1.6628486,-0.9172279,-0.06820761,0.61507726,-1.2402129,1.4661901,-0.093520015,0.7268896,0.93398887,0.6210077,0.22341883,0.4206795,-0.1829564,0.31872633,0.40918303,0.28657684,0.39697483,0.47163022,0.45163757,-0.19703034,-0.044836223,-0.33513278,-0.07514815,-0.5848088,-0.6170978,0.7810387,0.0894221,0.82082283,0.90355325,0.40891042,0.43447074,-0.1965378,-0.14555722,0.35810542,0.26961112,-0.23817413,-0.017237127,0.24996847,-0.09819162,0.1803472,0.61913246,-0.069659576,0.038780138,-0.46781373,0.1648258
IND000000AEL,-1.970079,-0.8012141,0.17979977,0.21443494,-0.60217845,0.34172022,-0.33217454,-0.023530744,-0.06683702,-0.13946989,0.123224884,0.1223744,0.13499026,0.009692069,0.022566153,-0.12833263,-0.19195624,0.07768309,0.0054052537,0.04602172,-0.2414662,-0.20086631,-0.19530416,-0.014950383,0.40947354,-0.05545097,0.17949578,-0.08699924,0.15109046,-0.048920177,-0.05350791,0.12230106,0.17403184,0.024313234,0.13467732,0.1486826,-0.11058587,-0.056277458,-0.078688025,0.16136333,0.033087738,-0.014007814,-0.10483701,0.10731305,-0.11440319,0.1063377,0.19383104,0.007289782,-0.26458257,0.002824802,-0.03873034,-0.11753405,0.17417957,-0.012231011,-0.05683051
IND000000AEM,2.1314764,0.0114133805,0.13264543,0.11382039,0.29131028,-0.44975203,-0.38590991,0.19894601,0.1444576,-1.4965127,0.52579135,-0.0870904,-0.50999343,-0.79120547,-0.2247613,-0.9330237,-1.3669282,0.072790846,0.109072894,-0.4822685,0.8353393,0.75853074,-1.0738939,0.44172302,-0.96937466,-0.050590955,-0.083449975,0.9153968,0.6038943,-0.37561572,-0.31037423,-0.31697783,-0.89591897,-0.21152757,0.5207747,-0.51203513,-0.5345055,0.4512018,-0.12658449,0.6793236,0.34529465,1.032382,-0.2709958,0.50826156,0.3259575,0.056290932,0.1757258,-0.9373904,-0.48121175,-0.40824994,-0.36894697,0.52871066,0.43007585,0.24150042,0.4800755
IND000000AET,2.3544087,0.43947524,-0.45737,0.46457708,-0.1458798,0.56252015,0.21994914,0.07183698,-1.3582869,0.2576772,0.59662104,0.28559643,0.23401481,0.4131691,-1.6317474,-0.5356912,-0.54145515,0.39634708,0.5717161,-0.4942888,-1.3699758,0.9155097,-0.0027608927,0.66957283,-0.17862664,0.8560536,0.92782766,-0.84909374,-0.06377831,-0.27607024,-0.9713686,-0.18959326,-0.26746106,-0.15590045,-0.31724817,-0.46693796,-0.10981865,0.093951285,-0.3623327,-0.28359252,0.19890873,-0.15593752,0.73615223,-0.2675244,0.33201593,0.05833129,0.4867826,-0.28528413,-0.56802195,-0.17672846,-0.58382505,0.7087352,-0.40323803,0.19507895,-0.87753254
IND000000AFJ,2.0623474,0.03893639,-0.017007291,-0.074630156,-0.24549377,-0.06489703,-0.65271163,0.12979719,-0.9549137,-0.2156516,0.6454994,0.032182038,-1.3929491,0.021537527,-0.96233046,-0.49236143,0.24002352,-0.39982575,0.9062455,0.058022544,-1.2980615,-0.58286476,-0.61186975,0.238545,0.5950912,-0.39217937,0.075360775,0.60807574,-0.76705676,-0.1593801,0.37290767,0.19707225,0.15619338,-0.12269305,0.008313827,-0.6513742,0.51844937,0.44413638,-0.7149006,0.0103800185,-0.13343596,0.28073952,-0.45512488,0.1349361,-0.4900934,0.20031647,0.0906166,-0.04704488,0.8784636,-0.3910517,-0.45663738,-0.32995206,0.051500116,-0.09046182,-0.063589096
IND000000AFR,-0.46701193,1.1430191,1.0788424,-0.66320497,0.41289544,0.7437662,0.899151,0.23222148,0.2559064,-0.5035699,-0.50913733,-0.31593734,-0.032127082,-0.631787,-0.0616327,0.2817197,0.22524892,-0.19915462,-0.7111066,0.20457737,-0.44806218,0.18116915,0.18463457,0.25983486,0.008814737,0.16144893,0.3285471,0.2346056,-0.11682437,-0.18870495,0.16988227,-0.62722284,0.0024153069,-0.036314443,-0.10064558,-0.15148848,0.030519009,-0.28775978,0.14339721,-0.0004301183,-0.42784154,0.15102492,-0.28775612,-0.13443354,0.17630413,-0.07137033,-0.24046467,0.09546106,-0.14354703,0.451302,-0.07941206,-0.18124744,0.32253528,0.18173815,0.048567466
IND000000AFT,-1.1315429,-0.09217735,-0.31668153,1.0127751,0.7159497,-1.0173028,0.26656187,0.020810373,-0.64399093,-0.37454543,-0.42815834,-0.41696543,0.44993275,-0.40837908,0.13225192,0.032784212,0.15018474,0.0063836016,0.08126958,-0.3508553,0.3053975,0.10318477,-0.23061463,-0.8431677,0.14986084,-0.23308504,0.076932624,0.013426229,0.05731006,0.025023863,-0.13521153,-0.2839501,0.03973499,-0.43901503,-0.31402856,-0.11121206,0.017229877,0.10833581,0.36818856,0.39733416,0.0008134246,-0.35499954,-0.12037035,0.19403994,0.07112154,-0.22404146,-0.030723162,-0.42577428,0.39361337,0.23959425,0.23877186,0.31103,0.17629264,0.07330338,0.06219534
IND110014AAA,-1.6949582,-1.1915783,-0.12715934,-0.020603374,-0.3272715,0.21925613,-0.25557268,0.1967193,0.07096355,0.048694067,0.6072666,0.03446264,-0.10280053,-0.10384628,-0.30870327,0.30111048,0.36060464,0.1712153,0.11618674,0.09948922,-0.48820618,-0.05745043,-0.015223406,0.015079796,-0.020727139,-0.103523746,0.19205382,0.24681227,-0.06087909,0.13642548,0.11658406,-0.051413283,0.39378598,0.2033517,-0.016404882,0.28038377,-0.13800886,0.006645933,0.27623716,0.03912433,-0.5279968,-0.41430837,-0.22424981,0.05247803,0.3166572,0.0019253846,0.5231538,0.081451036,0.34971613,-0.28717133,0.17124932,-0.2762386,0.07919058,0.40348423,0.4312448
IND110020AAB,-1.4927111,-1.423798,-0.020948842,-0.3519917,0.0432761,-0.3008312,0.23975593,-0.13530406,0.13045268,0.17068118,0.47526193,0.26710612,0.28712615,-0.47238785,-0.1896575,0.020990867,0.24637781,-0.04244411,0.2113559,0.17434613,-0.060553238,0.51683664,0.25555447,0.08157146,-0.035525568,-0.09327039,-0.22169535,-0.050574027,-0.33500135,-0.02807042,0.078227796,-0.33540112,-0.1143737,-0.098976195,0.12834024,0.030992404,-0.10401866,0.34260005,0.10669431,0.016240213,-0.17744371,0.030347072,0.0056194887,0.1651663,0.16696504,-0.149815,0.070493385,0.111500904,0.48524603,0.011868127,-0.07400975,0.019021593,0.05025262,0.12902634,-0.034529477
IND110024AAA,-1.808245,-1.1606264,-0.064007446,-0.0026458576,-0.27551386,0.22722575,-0.22087017,0.1586518,0.0681573,0.122135885,0.55875015,0.0061970055,-0.12058687,-0.15214126,-0.27186325,0.24987237,0.29919603,0.14979577,0.08369263,0.068389975,-0.41522872,-0.01663389,-0.104197554,-0.005485773,0.013244346,-0.04224778,0.2138373,0.15744303,-0.084092274,0.07311839,0.03617324,0.05954872,0.28355938,0.15945482,-0.005792886,0.19904584,-0.096811585,0.02945485,0.24552634,0.0223645,-0.46408466,-0.2616018,-0.17070842,0.043423746,0.2613604,-0.04786028,0.44314885,0.05880014,0.4118433,-0.18919972,0.110938534,-0.23600128,0.13664974,0.3039446,0.38732052
IND110030AAD,-1.7642983,-1.0405339,0.14823228,-0.043894164,-0.6835307,0.112122975,-0.1821038,-0.010832809,-0.16064736,0.14646679,-0.070180885,0.0015155859,0.25016472,-0.11376332,-0.11941514,0.002794642,-0.16489445,-0.023172691,-0.12604502,0.19232528,0.022375746,-0.087401375,0.009332331,0.15633538,-0.016852994,0.11027424,-0.0028951317,-0.07946795,0.07388374,0.27048108,0.0026174635,0.01868121,-0.19199336,0.119264565,0.08942263,0.1935402,-0.014539622,-0.011881101,-0.010935789,0.045618985,0.22062515,0.38333687,-0.043129213,-0.3238894,0.29760367,0.26136938,-0.27965724,0.028893553,-0.23099992,0.10861785,0.31132683,0.039224055,0.053737987,0.040154703,-0.15961918
IND110037AAK,-1.9456836,-0.7284402,0.22563092,0.11863649,-0.6027903,0.43923342,-0.13944302,0.0026585832,-0.13933894,-0.15897611,-0.026600871,0.029412173,0.01710489,0.035343286,-0.025417428,0.11016019,-0.15063597,-0.045511246,-0.13423629,-0.04952831,-0.21051395,-0.16947952,-0.22108346,0.15910365,0.0916605,-0.2443209,0.19561616,-0.1297178,-0.09247485,0.13318983,0.040805124,0.036066137,0.03899186,-0.09722565,-0.08979343,-0.07608778,-0.13052261,-0.16270065,0.0199631,0.11525051,-0.2030934,-0.1627018,-0.1156578,-0.0071811005,-0.12235689,0.10171881,0.17142428,-0.036279596,-0.23041922,0.01214423,-0.06568539,-0.104654685,0.07315243,0.08204147,0.123988755
IND110037AAM,-1.5713782,-1.3049588,-0.041786276,-0.30372933,0.0982434,-0.1654099,0.2779554,-0.023499154,0.047931485,0.23297012,0.34895247,0.2139119,0.39071107,-0.30626398,-0.20692089,0.0034863167,0.20406027,-0.11362389,0.19337511,0.17363933,-0.28882095,0.17105216,0.08513364,0.23697793,0.04787226,-0.07766202,-0.19019547,-0.2645075,-0.3242064,-0.13014893,-0.006788209,-0.3329438,0.054904837,-0.005228102,-0.19549462,0.03175944,-0.03548956,0.042872995,-0.12503633,-0.15280835,-0.08719216,0.024633251,0.15488468,-0.09313388,-0.067382485,0.08438003,0.0973624,0.20845503,0.49809626,0.21886042,-0.061601087,0.0260882,0.05877103,-0.11649695,0.018278688
IND110043AAA,-1.8110343,-0.8094252,0.12941618,0.037341386,-0.6160285,0.3651727,-0.25638264,0.06926928,-0.23433477,-0.097099654,0.18961942,0.0149429515,-0.047806635,0.18303931,0.45166245,0.04877751,-0.11153361,-0.2896869,-0.33168834,0.17894317,-0.431609,-0.077430286,-0.44113892,0.17164657,0.1596283,-0.2780698,0.31660965,-0.06991184,-0.11778669,0.15934572,-0.27238038,0.41758254,0.09455051,-0.015104614,0.121925585,-0.26740295,0.11629861,-0.06244838,0.13220552,0.63915354,-0.237322,0.28652096,0.102755725,0.07127005,-0.20268148,0.49948287,-0.15217662,-0.11973471,-0.0611769,0.0052440464,-0.032817006,0.21855688,0.078746945,-0.103820115,0.14394914
IND110043AAC,-1.9746575,-0.6845425,0.102770396,0.1486497,-0.5604906,0.42682597,-0.11765038,0.118572846,0.033179797,-0.12718599,-0.03195983,0.091957614,0.11341735,0.078645885,-0.09714582,-0.0712433,-0.25516754,0.10942314,-0.08375957,-0.06581083,-0.24932605,-0.028522644,-0.13794076,-0.042455908,0.15089144,0.078297004,0.06305961,-0.08210109,0.0032585487,-0.046731405,0.124643244,0.30893427,-0.14263222,-0.03443282,-0.004211543,-0.15789399,-0.14183778,-0.03507465,0.099572435,0.29373637,-0.13615367,-0.05765377,-0.054140545,0.0658382,0.044551633,0.01680541,0.15287791,0.09375613,-0.18801954,0.2383753,0.0030308366,-0.009435491,0.16025896,0.123075426,0.07600971
IND110044AAB,-1.4645247,-1.2871101,0.058337398,-0.20276543,-0.47984558,-0.08854264,0.08194992,0.05201636,-0.10008615,0.244495,-0.21323027,0.0045352913,0.21301933,-0.28164363,-0.20877548,-0.11442642,0.044789787,-0.0794241,0.0081464425,0.3070895,-0.05506981,-0.26846296,0.018580992,0.18313713,0.03641194,0.040051907,-0.15514952,-0.08341953,-0.023028996,0.33503395,0.19242708,-0.47851896,-0.07783256,0.10550633,0.1632933,0.22059478,-0.043875583,0.05580789,-0.1697556,0.05857896,0.026255194,0.5340513,-0.16587967,-0.10417916,0.2762572,0.27861252,-0.37081802,-0.054407313,-0.1045527,0.27165824,0.15878642,0.17565617,0.00792237,0.10544057,-0.4613368
IND110052AAA,-1.9871053,-0.7308711,0.10790035,0.13718735,-0.5589421,0.40228254,-0.15625997,0.034826793,-0.094677284,0.025777586,-0.090176955,0.17373241,-0.02348695,0.1555913,0.10672792,-0.018238675,-0.32618254,0.07287215,0.009026197,-0.024237663,-0.10690584,0.008899562,-0.19462031,-0.028163224,0.19286992,0.057403415,0.18306655,0.046431914,-0.0126417875,0.15447305,0.22302106,0.24778187,-0.10517265,-0.013913393,-0.041372746,0.008396525,0.07946407,-0.072353944,-0.061480142,-0.0073233806,-0.10891819,-0.022706524,-0.10349619,-0.20600855,-0.021092609,0.01534009,0.1440425,-0.01732868,-0.073193744,0.09114962,-0.029282957,-0.17432186,0.10213108,0.016871471,0.18070462
IND110064AAA,-1.7175097,-1.0447078,0.003487043,-0.23680249,-0.38775077,0.14023606,0.120859884,-0.3963977,-0.17366895,0.25553817,0.45175654,0.1288319,0.5865156,-0.30872005,-0.122241616,0.17053606,0.03932594,-0.09063211,-0.10143397,-0.053591818,0.051083155,0.41044214,-0.070696704,0.0242199,-0.47897673,0.033870608,0.22821674,-0.1261132,0.32011348,0.19427921,-0.048624307,-0.07624051,-0.43849787,-0.18722133,0.13816416,0.069605336,0.14935696,0.021425448,0.4998822,0.08998908,-0.22478458,-0.35088676,-0.14701667,0.21271111,0.05676993,0.44691858,0.17920627,0.12080152,0.14062342,0.055021532,0.009356007,-0.43347648,-0.4096808,0.12188624,0.26166195
IND110083AAA,-1.4668267,-1.1445998,0.101363026,-0.15183,-0.33308136,0.17240371,0.10425366,-0.44676542,-0.13536401,-0.017950825,0.3032006,0.25145406,0.48742962,-0.349958,0.34682915,0.5029754,0.34345278,0.0070767887,-0.3213902,-0.3273177,-0.27764192,0.0426673,0.23740608,0.039592966,-0.01616884,-0.4463389,-0.14660278,-0.2760234,0.094280705,0.029444292,-0.08173412,0.29188424,-0.26641753,-0.25088102,0.21680382,-0.370713,-0.42594984,0.093695685,-0.4620264,-0.1283349,-0.012452386,0.20311317,-0.05591526,0.3728281,0.020296618,0.20232938,-0.29975677,0.8159142,0.36691606,0.10888512,0.01736395,-0.5241043,0.68551,0.3438558,0.14991726
IND110085AAB,-1.5602905,-1.1049291,0.056142546,-0.03903778,-0.32146993,0.21449178,0.2243632,-0.41225845,-0.029434904,-0.07490082,0.2676642,0.17112681,0.33859503,-0.39402807,0.2530732,0.3904445,0.35732713,-0.09216033,-0.08538403,-0.3473882,-0.26059836,-0.052185506,0.11106167,-0.021514311,-0.10597288,-0.3684572,-0.036045283,-0.19520263,0.10915044,0.030202344,-0.11147377,0.1458249,-0.18258397,-0.20514844,0.09319303,-0.27390718,-0.43686423,0.10626733,-0.38144293,-0.039447557,-0.025648504,0.22355564,0.0041704997,0.319799,0.003232479,0.13390248,-0.20595732,0.7879066,0.26300558,0.06420129,0.03919737,-0.5093049,0.6442633,0.27225745,0.072268926
IND110092AAC,-1.7278156,-1.152506,0.011469699,-0.12180549,-0.35538083,0.31202915,-0.040166415,-0.02245181,0.4075445,-0.018141873,0.08151239,0.32124895,0.42967454,-0.23403265,-0.19108982,0.08249766,0.2939141,-0.02232477,-0.28199947,0.28788924,-0.32553145,0.27765486,-0.16952181,0.02754882,-0.083331876,0.102375045,0.27607,0.009857263,-0.42330974,-0.24775116,-0.09990731,0.17443883,-0.06706118,-0.04914263,0.047435924,0.23610394,-0.2246857,0.48732126,-0.07194471,-0.0180878,-0.03557846,0.07851037,-0.04184077,0.27791107,0.28279752,0.017989084,0.2658729,0.04795792,0.051465027,-0.07989082,-0.08657466,-0.21228266,-0.059710886,-0.26366544,0.024298593
IND110093AAA,-1.6974171,-1.1712807,-0.051363066,-0.049358055,-0.36267433,0.27523783,-0.04514549,0.11690069,0.5339339,-0.01701834,0.1017329,0.30240566,0.44989973,-0.073948,-0.27403745,0.13521467,0.35887644,-8.8080764e-05,-0.46529067,0.55527735,-0.35167834,0.31046128,-0.24383041,-0.034998745,-0.17276458,0.12463808,0.31256464,-0.09691405,-0.45723945,-0.24879901,-0.16438359,0.124359354,-0.07848304,-0.073047966,0.03443829,0.26158237,-0.19016802,0.647809,-0.16809396,-0.009942662,-0.069701776,0.124392636,-0.0064113513,0.2347163,0.3389642,-0.020438246,0.34410387,0.032334276,-0.078862384,-0.112765916,-0.25785345,-0.24045572,-0.16518018,-0.38886595,-0.022898361
IND110095AAB,-1.9761593,-0.7983258,0.15055984,0.09758113,-0.35689846,0.39969352,-0.19145286,0.06165559,-0.021065032,-0.14467952,0.09147439,-0.013463959,-0.0784913,0.077835515,0.07092613,0.14562958,-0.25880033,-0.050580576,-0.07240067,-0.10779918,-0.22916067,-0.1727869,-0.31762034,0.09548956,-0.11043607,0.14625311,0.14569232,0.0052232444,-0.12924987,-0.050179213,0.040022418,0.1850639,-0.038164243,0.07927048,-0.039984927,0.043788314,-0.023686279,-0.20195365,0.16553488,0.23719227,-0.006200962,-0.12753306,-0.14317417,-0.013766043,-0.118783146,-0.03633743,-0.086189345,-0.040245056,-0.25384396,0.030140616,0.045169465,-0.077106334,0.110814095,0.03951582,0.0017542094
IND121001AAA,-1.2564747,-1.2541121,0.020930924,-0.008262619,-0.3825111,0.23702183,-0.15414506,0.123897105,0.25952798,-0.23610204,0.53295887,0.060170427,0.06916663,-0.35043883,-0.6873143,0.34887084,0.27734447,-0.5339081,0.13530408,-0.45407665,0.21922001,-0.22268824,0.060115155,0.15231514,-0.036616743,0.667955,0.1604371,-0.39829612,-0.13181192,-0.050484292,0.041201897,0.0333989,-0.06992481,-0.41525483,-0.20113745,-0.2460919,-0.16587551,-0.06264375,-0.16347902,0.15667559,0.042411853,0.27537978,0.14229923,0.3319874,-0.2980915,-0.6598207,-0.07055261,-0.16557032,0.42413118,-0.058611773,0.7124068,0.19607922,-0.40778738,0.70470643,0.33003023
IND121002AAB,-1.9692211,-0.7891144,0.08909553,0.08394152,-0.48019212,0.4337142,-0.1531454,-0.24114263,0.046775304,-0.17765129,-0.22272994,0.2955587,0.008231576,0.025069933,-0.024304576,-0.004017798,-0.3018639,0.06263079,-0.062119752,-0.17267956,-0.11035363,-0.087714456,-0.25545353,0.056306012,0.21849157,0.03750381,0.25492308,0.038013324,-0.13566256,-0.0067803077,-0.004044324,0.028141096,0.056211647,-0.09873548,-0.06712251,-0.044207644,-0.11942919,-0.18288958,0.120055735,0.20169185,-0.11696319,-0.11136049,0.011868291,-0.035134085,0.009497441,0.009685837,0.1049023,-0.08060164,-0.080158964,-0.009360472,-0.04370171,-0.049032476,0.10128331,0.06326033,-0.0073639303
IND121004AAA,-1.2559782,-1.2087661,0.08382803,-0.08011837,-0.34831852,0.20081383,-0.13391587,0.2462194,0.4817562,-0.17556012,0.410451,0.27173954,-0.085703865,-0.66176873,-0.5432323,0.21950229,0.43100107,-0.36232376,0.1152809,-0.48445374,0.02066887,-0.22827469,-0.08848556,0.22624323,0.1466267,0.4762355,0.40555134,-0.607487,-0.18537155,0.2661086,0.12776215,-0.012990196,-0.12699184,-0.5863219,-0.19343081,-0.20660923,-0.097617365,-0.15808195,-0.0074782893,-0.059195813,0.012500264,0.17839861,0.13764034,0.44406953,-0.28232145,-0.3469133,-0.21364899,-0.31023794,0.66809034,0.19575146,0.08454309,0.26201513,-0.46905437,0.72857904,0.34438384
IND121004AAB,-1.3719456,-1.1253269,-0.068924144,-0.017138503,-0.312977,0.22115006,-0.07244633,0.20533861,0.38963687,-0.18355328,0.4566028,0.25951457,0.09632009,-0.36963958,-0.5474,0.20950043,0.36538824,-0.61151636,-0.054058976,-0.33427805,-0.09902045,-0.25351155,0.044514403,0.118353456,0.11453028,0.55428773,0.17373157,-0.3166349,-0.1217148,0.075331494,0.058251373,-0.111293755,0.0034207944,-0.49705374,-0.0026849806,-0.120961644,-0.036530156,0.019503295,0.025290724,0.16336961,-0.10264881,0.27058697,0.15296347,0.31605425,-0.15480986,-0.5014471,-0.04162949,-0.26549378,0.3237197,0.08691033,0.2159371,0.16857266,-0.22956014,0.63875765,0.23966965
IND121004AAC,-1.2663033,-1.1303167,0.01663588,-0.06864703,-0.35616544,0.2743319,-0.06927888,-0.0015790686,0.524081,-0.31261477,0.53232545,0.29592228,0.042113222,-0.3135615,-0.7118942,0.25181854,0.39796644,-0.5681994,0.1298132,-0.4314887,-0.10128933,-0.22501738,0.1552009,0.36340436,0.09763486,0.68664414,-0.07861541,-0.22967498,-0.26224864,0.17343025,0.2735812,0.073252395,0.014207791,-0.44517905,-0.019383645,-0.26805806,-0.21636865,0.03121049,0.007848706,0.24304625,-0.09950155,0.39893258,0.16172811,0.20102207,-0.109469384,-0.44919205,-0.023629524,-0.31446493,0.58073574,0.07571489,0.08637259,0.12862071,-0.5041188,0.77870107,0.3346945
IND122001AAA,-1.5375593,-1.1870244,-0.03922482,-0.11817756,-0.28449732,0.06261124,-0.19818652,0.07578037,0.05348532,0.16652697,0.12426816,0.07552041,0.09145889,0.12541701,-0.14561783,0.07457255,0.35405493,-0.08426419,0.37992954,0.23374656,-0.098100916,0.25689724,-0.3217537,0.09928484,0.23761229,0.38106292,-0.37645295,0.18743983,-0.112397105,0.18909264,-0.25946754,-0.15048328,-0.48929128,0.22302695,-0.03421988,-0.2433299,-0.24703532,-0.1549421,0.090836555,0.014515746,0.23329832,-0.04801143,0.14798304,0.21189459,-0.033345267,-0.13465828,0.39087301,0.13340965,0.47366557,-0.5331045,-0.3795929,-0.50719047,0.5748462,-0.07786144,-0.44433606
IND122001AAD,-1.3395113,-1.1405427,-0.16305216,-0.13835125,-0.40047517,0.026515752,-0.1792149,0.26199517,-0.043669418,0.24452838,0.30520362,0.14739542,0.19713247,0.2141311,-0.16107772,-0.07507231,0.36613968,-0.2795599,0.22958432,0.26939154,-0.13343087,0.30126736,-0.43608594,-0.024436861,0.09805725,0.65424687,-0.6164167,0.3077191,-0.22457431,-0.14066663,-0.33861345,-0.3087498,-0.63826835,-0.050679043,-0.09873227,-0.28872526,-0.33264506,-0.34991127,0.098603815,0.17834403,0.3384604,-0.09644897,-0.028639391,0.1413233,-0.26258624,-0.26468146,0.3996446,0.40543115,0.5517255,-0.61937696,-0.5235393,-0.56112015,0.5643455,-0.055362802,-0.5565041
IND122002AAD,-1.1054806,-1.3144321,-0.053355664,-0.09500979,-0.14884582,0.045138925,-0.25333887,-0.123531364,-0.027974203,0.36522803,0.15267166,0.13014144,-0.17781362,0.309991,-0.2917681,0.33196574,0.32546994,0.057229124,0.3914945,0.37879497,-0.07086172,0.35323584,-0.46782127,0.077991836,0.49325317,0.121789515,-0.27199203,0.12044285,-0.1343546,0.5857112,-0.26210418,-0.42748958,-0.56426036,0.4761023,-0.1388667,-0.25546554,-0.33442217,-0.19454066,0.09628212,0.09759195,0.09708226,-0.16138741,0.65139526,0.42440224,-0.17208695,-0.17336383,0.5124285,-0.0336591,0.36699057,-0.7784596,-0.3522101,-0.42322603,0.8325593,0.06371712,-0.8801988
IND122004AAA,-1.8923235,-0.8405848,0.16153613,0.07010852,-0.50332075,0.4114449,-0.3224573,0.014117755,-0.00634937,-0.072443314,0.017040648,0.23045032,0.040876236,0.03323282,0.013783248,-0.17296377,-0.29994854,-0.0332157,0.11092761,-0.34362042,0.0844357,-0.23523179,-0.17850047,0.0661335,-0.22998545,-0.08159431,-0.03826549,0.11259772,0.019906461,0.1611067,0.23288925,0.27853954,-0.085332155,0.06293987,-0.05559541,0.095902696,-0.24522448,0.15381615,-0.58887863,0.14465444,-0.12722652,-0.4387979,0.27294204,-0.21792024,0.41088727,-0.0437126,0.2676171,0.07356514,-0.2977102,0.14383644,-0.041214213,0.24037528,0.013174195,-0.104626745,0.028600678
IND122503AAA,-1.1952775,-1.2838497,-0.086606875,-0.06433822,-0.13642538,-0.031600803,-0.23755999,-8.498877e-05,0.06596659,0.32366893,0.15123655,0.0882138,-0.082814105,0.25466168,-0.25338906,0.27923623,0.37255675,-0.044420958,0.38929147,0.34485215,-0.1187169,0.35122085,-0.4403939,0.16737035,0.43929684,0.202066,-0.27014905,0.18744427,-0.15284978,0.47998202,-0.1634751,-0.27214077,-0.62529206,0.4947242,-0.06362378,-0.2661482,-0.3104989,-0.08572675,0.12412664,0.049851168,0.12698606,-0.09455393,0.52034175,0.3329929,-0.12810871,-0.17073914,0.51351094,-0.011282705,0.31079364,-0.6889577,-0.41171432,-0.49116114,0.80346364,0.055758175,-0.7856381
IND123001AAA,-1.1818839,-0.6989867,0.25592595,0.2708068,-0.6939584,0.271542,0.05503864,-0.4267459,-0.30158776,-0.054473765,0.15682128,0.2730376,0.109731235,-0.29015768,0.24180551,-0.53519285,-0.7360012,0.232346,-0.512891,-0.09734313,-0.24312827,-0.10430291,-0.14828974,0.26095968,-0.28992623,0.42758232,0.6015689,0.3517723,-0.044369187,-0.5121889,0.6830436,0.38746366,-0.24635243,-0.5275949,0.2471199,0.2237866,-0.26744297,-0.6592969,-0.010230668,-0.004376244,-0.053245716,-0.12887748,-0.2594091,0.49295378,0.32071656,-0.023123085,-0.028728485,-0.21043712,0.08463028,-0.55318713,0.18881956,-0.24302897,0.64497596,-0.34681973,-0.28024837
IND123401AAB,-0.8849698,-0.7149415,0.25246498,0.28874964,-0.62400216,0.35099947,0.0787242,-0.590346,-0.5836241,-0.15580258,0.12287371,0.21183483,0.057067774,-0.32216948,0.22374403,-0.5963658,-0.74335116,0.294146,-0.58192104,-0.08553381,-0.26962802,0.08499541,-0.2542586,0.200853,-0.29710656,0.36411986,0.6620648,0.5015103,-0.06489559,-0.40063775,0.76062816,0.35422128,-0.25675723,-0.8239007,0.22536215,0.3766436,-0.31413528,-0.67682827,-0.15453745,0.1008097,-0.06757224,-0.11200012,-0.42691058,0.51868635,0.17834136,-0.011271959,-0.23652698,-0.20877555,0.22894837,-0.81659025,0.30035716,-0.40608102,0.68792206,-0.36230406,-0.5552648
IND124103AAA,-1.823772,-0.6842429,0.13023263,0.1514744,-0.6660156,0.27402195,-0.28138182,-0.114636295,-0.065908164,0.058386527,-0.26610816,0.23544945,0.2687699,0.41427767,0.09109555,0.11323297,-0.2589988,-0.3032643,0.29594225,-0.05555122,-0.091425665,-0.17533006,-0.11729229,-0.12517653,-0.08182525,-0.18066168,0.3568784,0.14806,-0.20467089,0.30912685,-0.08932431,0.31008184,0.009860706,-0.24841054,-0.012351731,-0.087181166,0.051325776,-0.3558361,0.075326785,0.1607776,-0.4413293,0.07376809,0.3271616,-0.3853004,0.046810947,-0.060468905,0.052149788,-0.25834385,0.02335471,-0.38356343,0.3095829,-0.14952886,0.15544373,0.30862525,-0.09663655
IND124141AAA,-1.9693234,-0.7093651,0.13150881,0.038771227,-0.5569065,0.42301133,-0.2470664,0.0774026,0.15178297,-0.11305739,-0.07473132,0.24635409,-0.054329652,0.052196562,0.032569468,0.061709505,-0.12715541,0.22272015,-0.08035511,0.084925786,-0.1585781,-0.1447017,-0.07881223,-0.085401595,-0.122583434,-0.063646235,0.22339138,0.026650079,-0.050356757,0.028176097,0.07733086,0.3008392,0.0032537505,0.09023311,0.037903175,-0.06098649,-0.077875435,-0.002158448,-0.1178312,0.027479287,-0.13984378,0.05870762,0.056040715,0.035397742,-0.030311003,-0.02863449,0.012058169,0.053431164,-0.13517715,0.1162365,-0.07562064,0.023355145,0.26548377,0.14249283,-0.015063956
IND125001AAA,-1.41539,-1.1030389,-0.111157656,-0.039954953,-0.41558883,0.24220316,0.04058078,-0.089829914,-0.40216666,-0.116815574,0.50540364,-0.042843703,0.47182813,-0.45993537,-0.30116165,0.27563894,0.012173759,-0.24394977,0.08422489,0.14657788,-0.25007415,0.2147838,-0.15428767,-0.2788229,0.38632846,0.0760358,-0.029540978,0.3130759,-0.48780733,-0.26973182,-0.17353922,0.27824488,0.121429645,0.02758481,0.12163248,-0.2265809,0.315193,-0.14587635,-0.23967949,-0.26708627,-0.05280011,-0.22848386,0.090493985,0.17908426,-0.021783188,-0.3153848,-0.2903229,0.11028837,-0.23210195,-0.2918927,-0.2053033,0.14076003,-0.42366728,-0.07762034,-0.22808197
IND125005AAA,-1.4131885,-0.89637905,-0.065350845,0.019434914,-0.515748,0.39480957,-0.06598818,-0.14489087,-0.4961807,-0.13330787,0.40195483,-0.07762209,0.47137484,-0.3296548,-0.295444,0.42249316,-0.15851876,-0.048963167,0.0063996073,0.07793065,-0.20963475,0.20565379,-0.102716096,-0.43526417,0.34721375,0.045241997,0.0865757,0.24434651,-0.4690193,-0.2900477,-0.11327535,0.42392796,0.19115464,0.059535533,0.06280309,-0.3225494,0.2974431,-0.24533197,-0.19554202,-0.23305424,-0.16099548,-0.21930975,0.05027984,0.09122977,0.048445433,-0.48928875,-0.38329417,0.19848835,-0.28477892,-0.28648806,-0.22052528,0.23917496,-0.39652348,-0.05055285,-0.17339373
IND125047AAB,-1.278156,-1.0255151,-0.018881127,-0.06394184,-0.60467756,0.3525698,5.100295e-05,-0.25290996,-0.60523224,-0.12981255,0.5010834,-0.1357049,0.5630362,-0.37937015,-0.27599418,0.37260664,0.042502124,-0.2570626,0.03825572,0.07546251,-0.35936388,0.2736345,-0.20176241,-0.38145882,0.6581395,0.004010245,-0.12818684,0.3655011,-0.47319525,-0.37017345,-0.0065868646,0.4100074,-0.043548502,-0.03280735,0.09919489,-0.193077,0.45177555,-0.4189629,-0.3090115,-0.4698878,-0.06907843,-0.1771743,0.07703561,0.29920045,-0.099380046,-0.32344353,-0.46325457,0.10351935,-0.36060062,-0.247823,-0.3741455,0.16146457,-0.66597897,-0.18092439,-0.19484791
IND125050AAA,-0.9915584,-1.0645643,-0.06412566,-0.15320475,-0.577865,0.27268085,-0.10427537,-0.19875902,-0.6660145,-0.20390624,0.48027307,0.01277332,0.5368068,-0.37745178,-0.27000937,0.29206124,-0.07428995,-0.54121435,0.11033596,0.0705386,-0.25187287,0.5656545,-0.2768148,-0.20806944,1.1086947,-0.09123428,-0.32272166,0.25800812,-0.41012448,-0.46757567,-0.1317772,0.36485165,-0.083133884,0.08899039,0.19707775,-0.046440087,0.5542666,-0.6092595,-0.28134373,-0.62835294,-0.15135309,-0.14023624,0.1404801,0.35075167,-0.17221662,-0.3496707,-0.5614928,-0.08522732,-0.5513046,-0.36801654,-0.50954527,-0.053743213,-0.60159105,-0.13628747,0.36165237
IND127021AAA,-1.7710353,-0.6976666,0.08532179,0.15301587,-0.7585207,0.23324734,-0.18940169,-0.16480276,-0.058397844,-0.012253515,-0.24114116,0.25852817,0.3321525,0.47914344,-0.037876673,0.1759807,-0.3857924,-0.26220146,0.37256658,-0.19968592,-0.11976244,-0.2544585,0.0022985488,0.06874359,-0.089859255,-0.16301581,0.24493673,0.20774831,-0.2367289,0.2441661,-0.1761665,0.23928836,0.016888136,-0.24159269,0.016068283,-0.14961982,0.075764336,-0.30587995,-0.03257049,0.2498593,-0.48375353,0.06753331,0.30411947,-0.4685824,0.07884239,-0.16996196,0.21891381,-0.22823855,-0.053872015,-0.43718138,0.2867001,-0.07555482,0.25270632,0.40993214,-0.1683512
IND131021AAA,2.1126194,0.07347299,0.13339108,0.5721001,-0.4367056,-0.71614075,0.19617072,-1.0545677,-0.54154474,-0.32263318,0.43512523,0.123622134,-0.41937184,1.3482724,0.739296,0.54530996,-0.70679677,0.24151617,-0.2288917,0.835271,-0.34891176,1.1138879,-0.68886626,-0.15791422,-0.32502747,-0.25237063,-0.65247005,1.1146189,0.36109173,-0.5586656,-1.0611725,1.025156,-0.1636102,0.51143336,-0.3165384,-0.05221851,0.09928691,-0.11209718,-0.4793964,-0.35382557,0.04590224,-0.025827207,-0.7542166,0.047799747,0.6502356,0.66202813,-0.16392086,0.019330658,0.1074169,0.39619872,-0.5087431,0.58256704,0.3306714,-0.5015584,-0.20557088
IND131028AAB,-1.202803,-1.1983241,0.34485745,-0.40817028,-0.10228198,-0.9995078,-0.27251062,-0.2052646,-0.1674445,0.0005399361,-0.48675835,-0.55238944,0.07178712,-0.18572079,-0.15019895,-0.16808075,0.3089091,0.20674029,-0.30560684,0.0027267747,0.10877112,-0.50388443,0.06977835,0.03702817,0.005838082,0.03388381,0.0262423,0.31102127,-0.22363514,0.19759865,-0.03836052,0.0027070083,-0.054515086,0.12101421,0.22520927,0.12326829,-0.042945243,0.0446546,0.12117101,0.09236919,-0.10982193,0.22793466,-0.14385179,-0.34434685,0.07656904,0.073736526,-0.12635121,-0.030333705,-0.08275445,-0.01989672,0.029105864,0.069052465,-0.030960824,-0.09240067,0.14226587
IND132001AAA,-1.0039814,-1.3922287,0.33492532,-0.42608523,-0.1549967,-1.0032986,-0.35240895,-0.3375373,-0.36650437,0.14366555,-0.673638,-0.46241695,-0.5106132,-0.42461956,0.14788835,-0.46534786,0.5001512,0.10160415,-0.1577013,0.36194676,0.29113364,-0.3606788,0.37421927,0.3855455,-0.22001894,-0.017799541,0.037644714,0.26569545,-0.1647067,0.21499746,-0.17175874,0.106310055,0.17494412,-0.35550088,0.5275658,-0.20599872,0.048429765,-0.20543121,0.06938335,0.017835716,-0.074743,0.005685024,-0.34027156,-0.3621495,-0.04148242,-0.16617052,-0.34661466,-0.20438403,-0.075897664,0.013562616,0.20116198,0.09020763,-0.082662955,0.047919914,0.12046992
IND132103AAA,-1.0161294,-1.3659471,0.22487491,-0.41242355,-0.14203349,-0.9941546,-0.2907178,-0.36739486,-0.24558376,0.10060877,-0.8007543,-0.43252861,-0.4206294,-0.3538491,0.09895977,-0.47409314,0.5456187,0.07544656,-0.11107018,0.23174252,0.26417375,-0.37569264,0.39252734,0.27747655,-0.3076372,0.13079724,0.02508802,0.20897536,-0.23492144,0.21640682,-0.23313531,0.068696864,0.18350808,-0.19523881,0.6005793,-0.33090067,-0.09598834,-0.19725645,0.038397387,0.0060550533,-0.0879035,0.081365004,-0.28874174,-0.32151884,0.006677255,-0.09587975,-0.17708495,-0.114604674,-0.14510256,0.08716645,0.14035039,0.15471014,-0.15284295,-0.020169187,0.07182081
IND132103AAB,-1.2228024,-1.312936,0.31714487,-0.37898117,-0.052193873,-1.0206832,-0.2781698,-0.34670883,-0.2847458,-0.03882747,-0.48594356,-0.48839396,-0.08705374,-0.15795235,-0.14765917,-0.25306955,0.41131648,0.13993336,-0.14513005,0.2882756,0.15831637,-0.43986878,-0.11515365,0.10654767,-0.0035912152,0.20704156,0.0028532594,0.074415624,-0.08127772,0.1079204,0.13768561,0.12008335,-0.09555082,0.17878431,0.28151962,-0.086852565,-0.12045497,0.081120364,-0.28586802,0.051647693,-0.02443692,0.079146415,-0.37845892,-0.37278405,0.017303586,0.23312697,-0.04472793,-0.025374144,-0.26589715,0.19516763,-0.056811303,-0.19561481,-0.1467883,0.056673303,-0.2125909
IND133004AAA,-0.5395998,-0.9515563,1.0650423,-1.526896,0.024316527,-0.5835711,-0.2456655,-0.2657483,0.3630613,-0.3363895,-0.14362217,0.43236226,-0.59496963,0.636373,-0.2340352,0.18415366,-0.19656906,-0.010247938,0.053687043,-0.23106904,-0.092627555,0.024409983,0.12149382,-0.33978078,0.034037963,0.30139497,-0.033548288,0.37969637,-0.06859063,-0.64142275,-0.3444249,0.22289678,-0.23024186,-0.4269588,-0.12566042,-0.21803468,0.16198662,0.50316924,-0.023388658,-0.11381145,0.91460836,-0.10856272,0.23685741,-0.47322792,0.27937382,0.07518064,0.34926367,0.2404427,0.07614873,0.09955194,0.15766773,-0.35912952,-0.56136084,-0.030481663,0.1701265
IND134109AAA,-1.0265777,-0.8371383,1.0941796,-1.383147,0.16708037,-0.69240916,-0.07786677,-0.047268875,0.44152075,-0.0153237935,0.20643063,0.21499117,-0.20704265,0.22873138,0.25971532,-0.30312702,-0.18227367,0.22835965,-0.13503249,0.07261447,0.18757844,0.19894497,0.065850064,-0.28095713,-0.058781326,-0.14679866,-0.18845853,-0.07785314,-0.2638058,-0.031070419,-0.22546205,0.25547993,-0.29016492,-0.20311673,-0.20806882,-0.14759687,-0.17619267,-0.14002371,-0.06545746,0.042636544,0.08144086,-0.12847371,0.24365848,-0.19051844,0.045114137,-0.011112453,-0.106363736,0.014409132,-0.029271148,-0.023198932,-0.027294114,-0.14538297,0.06294241,0.12647,0.039821364
IND134203AAA,-0.95471144,-0.7730312,1.1904786,-1.3370042,-0.19591025,-0.6251075,-0.122793436,-0.11589884,0.036087357,-0.2402063,0.47949874,-0.03830133,-0.5401364,0.1842757,0.27289295,-0.18933293,-0.09877314,0.066809386,-0.5431302,-0.29632318,-0.11970625,0.360841,0.31539282,-0.5932863,-0.10638335,-0.17765038,-0.19753072,0.052152537,0.047459036,-0.16758983,-0.1813328,0.15144685,-0.07961722,0.23517022,-0.1188173,0.17712082,0.019538425,0.23372068,0.023125134,-0.08436836,-0.03449112,-0.09953174,-0.1629054,-0.024102926,-0.45775652,-0.10102224,0.10945161,0.024490405,0.050423466,0.20478329,0.10409958,-0.24152797,-0.22605163,0.30123875,-0.4137116
IND135001AAA,-0.7017951,-0.8783724,1.0920699,-1.48257,-0.045776017,-0.59930146,-0.23069412,-0.14517519,0.4344809,-0.25314093,-0.124252126,0.3494051,-0.47865608,0.5905567,-0.24652947,0.13999327,-0.20429346,-0.030855529,0.15412004,-0.08329502,-0.19178748,-0.00663051,0.10440806,-0.2010532,0.017707124,0.25850683,-0.09911538,0.16726436,0.059921816,-0.5486575,-0.37094408,0.12370062,-0.27726206,-0.39985514,-0.07152931,-0.15944496,0.23582527,0.43897152,-0.008190541,0.0043575056,0.7198608,0.0029672831,0.17460373,-0.4111114,0.2942919,0.088663876,0.38111615,0.25336772,0.0018595196,0.10284584,0.098725736,-0.17742532,-0.36265752,0.14851032,0.17703968
IND140118AAA,-1.0468642,-0.721577,1.1671451,-1.3634961,0.013020698,-0.55643475,-0.2132321,0.079638,0.28669077,0.037024222,-0.032136608,-0.008610085,-0.13906713,0.35401237,0.08842019,-0.30786535,-0.44170383,0.0038713366,-0.17446308,-0.13331705,-0.08840624,0.24954644,0.002216734,-0.10681051,-0.13393672,-0.13466102,0.048818618,0.076208785,-0.11368402,-0.18352045,-0.115611166,-0.24048683,-0.107329756,0.022812746,-0.061910633,-0.17005347,0.032071628,-0.08871229,0.058389,0.081737146,0.106538564,-0.10322881,0.07200602,-0.013992257,-0.16494244,-0.09835863,-0.22626482,-0.14062291,0.27191648,-0.019589178,-0.054079726,-0.24176806,0.04701749,0.22596611,-0.014024347
IND140301AAA,-0.9791995,-0.7334506,1.2138623,-1.2282892,0.017452009,-0.839808,-0.270021,0.05512976,0.2677297,-0.0942976,0.024275146,0.15600319,-0.013724506,0.8507212,0.06581089,0.16240226,-0.43492946,0.33987868,-0.02864295,0.010051023,-0.010563172,0.18886968,0.34017396,-0.25719547,0.33095032,0.11468929,-0.12988034,-0.2802803,-0.013891019,-0.13591328,0.04158318,-0.095890105,-0.050997026,-0.13554823,-0.26648858,-0.046489768,-0.17100765,0.16848673,0.03757684,0.21025659,-0.027416006,-0.20526505,-0.37994274,0.4389211,-0.09707162,-0.08073011,-0.0056660175,-0.19135594,0.02984548,0.22442046,-0.061272427,0.05916381,-0.009622868,0.20183714,-0.1407798
IND140401AAA,0.2872771,-0.8080948,1.2660642,-1.3815022,-0.118731506,-0.98031354,-0.12553675,-0.18298212,0.6658146,0.48676986,0.074614406,0.61892563,-0.084147215,0.3924898,0.5289143,0.013105381,0.078994885,0.020408813,0.010584571,-0.5374614,0.5559528,0.24700809,-0.19637218,-0.52797484,0.083075255,-0.11567885,0.78602755,-0.08886145,0.15513457,0.44908094,-0.5127565,0.19835196,0.3913642,0.017029323,-0.084152974,0.012741454,0.3934729,-0.12683219,-0.12887785,-0.028182637,-0.10280621,0.2720316,-0.12857607,0.28667557,0.13956472,-0.102714926,-0.060823962,0.12024405,0.5934516,0.39528257,-0.13670628,0.19621581,0.10986447,-0.16910438,-0.20984557
IND140406AAA,0.23853648,-0.8833825,1.2623872,-1.3293093,-0.11836732,-0.8201908,-0.07182881,-0.23020092,0.4929133,0.554253,-0.06777623,0.62757844,-0.1457015,0.5071067,0.47068274,0.07403262,-0.06232116,-0.055629916,-0.14822681,-0.50812936,0.7186936,0.31651798,-0.063522555,-0.47326958,-0.013425797,-0.10598675,0.880587,-0.13888936,0.24038012,0.46247244,-0.21149725,0.1829129,0.1876429,0.04166934,-0.22267547,-0.102100134,0.37500602,-0.18186626,-0.17929815,0.0223593,-0.08838132,0.07536854,-0.15641579,0.14147702,0.03036505,-0.09268382,0.0006519705,0.130864,0.5357485,0.446499,0.064862356,0.20412156,0.08600417,-0.3712105,-0.044834957
IND140501AAA,-0.8736713,-0.8150983,1.2223064,-1.3354824,-0.23666596,-0.5972942,-0.18994999,-0.070028596,0.16268013,-0.23796299,0.49687988,0.13572885,-0.47057962,0.14140444,0.2476026,-0.29782483,-0.20642884,-0.03756333,-0.48636782,-0.28496248,-0.09989389,0.16665556,0.32541093,-0.5375708,-0.0397384,-0.10700552,-0.13355273,0.14711364,-0.079051435,-0.1885276,0.045757413,0.024138913,0.06666356,0.20530394,-0.010621719,0.19099452,0.005297452,0.18972039,-0.039178807,0.00870334,0.14286596,-0.11830662,-0.022002988,0.06102641,-0.5203008,-0.24814579,0.059017062,0.029650822,-0.05084959,0.1810621,0.16036263,-0.2107144,-0.347951,0.2452853,-0.34439543
IND140901AAA,-1.0012337,-0.7187963,1.3774942,-1.2169952,0.116117895,-0.7220713,-0.3544858,0.12712845,0.49104518,-0.03038786,-0.06373971,0.12031323,0.003974826,0.81974065,0.10553996,0.13306484,-0.44195703,0.25110132,-0.092322215,-0.09553093,-0.08569392,0.18554251,0.3586321,-0.19455062,0.35328823,0.11870779,-0.18817401,-0.10006803,-0.07863684,-0.16830248,0.038455926,-0.013915217,0.014265519,-0.238582,-0.3603432,-0.13041109,-0.25126106,0.26843756,-0.028768811,0.3043306,0.14024669,-0.21344331,-0.37813458,0.4076158,-0.2141726,-0.22565858,-0.15048277,-0.055216476,-0.07635392,0.20786133,-0.12704273,0.013799735,0.059699193,0.14412355,-0.32960358
IND141003AAB,0.13808656,-0.7318861,1.2363768,-1.5020329,0.17107645,-0.91943276,-0.19601513,-0.20746791,0.5186867,-0.13339938,-0.03685531,0.2950338,-0.5125096,0.056858756,0.42577344,0.19547382,-0.013319187,0.19804902,-0.090040095,-0.5318689,0.55365914,0.6851007,0.24784198,-0.29070845,0.2198801,-0.07054602,0.7872016,-0.041870434,0.26915687,0.34196472,0.11370226,0.3721867,0.37138999,0.33369872,0.05543001,-0.06990955,0.4616169,-0.41679686,0.083622366,-0.14296147,0.042437006,-0.15242888,-0.11553011,0.09786166,0.24636868,-0.05046278,0.057594135,0.28729236,0.47872123,0.24269447,-0.1156864,-0.1850088,0.2369454,-0.09259726,0.41121426
IND141010AAA,-0.08252263,-0.6616566,1.3053441,-1.3269494,0.16083413,-0.9723935,-0.23760319,-0.03527408,0.6204174,0.026954815,-0.012117997,0.526278,-0.20879997,0.5262383,0.090105094,-0.12597002,-0.0065787286,0.09917855,-0.21886073,-0.34090185,0.5496481,0.40170282,0.09554384,-0.26906118,0.118168004,-0.2523347,0.6553054,-0.21675095,0.29475713,0.2673247,-0.024193063,0.48656428,0.38437995,0.19797048,-0.04118637,-0.16739112,0.29474753,-0.25992382,-0.019225981,-0.15960549,0.17507775,0.15571758,-0.29047796,0.059904225,0.09016311,-0.17893927,0.29213053,0.058626577,0.49249667,0.2770305,-0.00035326183,0.006497436,0.43243778,-0.43716472,0.08234075
IND141115AAA,0.23134983,-0.9400037,1.3898007,-1.226304,0.07457564,-0.93455935,-0.25817212,-0.14542171,0.3334931,-0.07065378,0.044961117,0.4631077,-0.48384938,0.4474305,0.17221737,0.098589614,0.08060477,0.15561432,0.18055165,-0.70027196,0.5861384,0.77438164,0.20586526,-0.13124517,0.000302881,-0.05732499,0.49431992,-0.22968882,0.24453644,0.44754606,-0.30523372,0.45220727,0.005441672,-0.027921416,-0.106413394,-0.23738241,0.1204916,-0.52376837,-0.3774393,-0.29330328,0.12431609,0.0961475,-0.42883685,0.16812646,0.28831494,-0.22758311,0.09660649,-0.4012163,0.64534295,0.3506387,0.02005966,-0.3959964,0.281103,-0.30012715,-0.053368405
IND142001AAB,-0.49008715,-0.66488713,1.2692164,-1.4599019,-0.12723166,-0.906325,-0.2561715,0.09013145,0.36131537,-0.016589386,0.26423985,0.3114823,-0.4451723,0.320417,0.2054054,-0.027053688,-0.025427338,0.19369377,-0.19083929,-0.16315505,-0.0067862254,0.23522359,-0.051884934,-0.10387633,-0.14904796,0.13124856,0.66133124,0.008417949,0.13850313,0.14851156,-0.16440967,0.30572852,0.103004776,-0.031864963,0.010973096,-0.16408157,0.18044013,-0.19130324,-0.27923727,-0.004906062,-0.021038033,0.1940479,-0.034022063,0.23832169,0.04800027,-0.06456423,-0.123158276,-0.18898416,0.5712765,0.16976008,-0.09843002,-0.10042538,0.11805543,-0.2997472,0.0105766505
IND142026AAA,0.14569247,-0.8817126,1.3449334,-1.4678499,0.24161527,-0.83776844,-0.12780969,-0.21081898,0.50446224,-0.065375686,-0.122010976,0.21285783,-0.45303082,0.18126687,0.4855111,0.26568407,-0.022461325,0.29013985,-0.039516278,-0.5288458,0.393413,0.69044304,0.19254634,-0.41208345,0.18622367,-0.21630277,0.7380616,-0.026400968,0.21812038,0.5445596,0.1516012,0.38552433,0.5703373,0.29916444,-0.0121755805,-0.05485236,0.36375517,-0.4087724,0.06491465,-0.07306963,0.15414475,-0.1287653,-0.28243876,0.110265955,0.063499145,-0.17894343,0.139158,0.38737327,0.49833933,0.13502035,-0.13523157,-0.11915691,0.19533858,-0.16711324,0.294383
IND142401AAA,0.3391446,-0.75722796,1.4609721,-1.3951825,-0.082787104,-0.96751094,-0.070736416,-0.21806005,0.438034,0.33952582,0.10823794,0.49917024,-0.027567595,0.38143313,0.33303547,-0.038802844,-0.08129676,-0.05510673,-0.05505844,-0.2602269,0.67719924,0.4567379,-0.13550141,-0.50191915,0.11029017,-0.20697433,0.58158284,-0.10678463,0.09326629,0.27237284,-0.39481044,0.11021569,0.3149761,0.002432622,-0.16721526,0.090616494,0.60469586,-0.122826874,-0.3479687,0.18237107,-0.12102747,0.115416065,-0.18182403,0.15644991,0.058238372,-0.086173326,0.036457255,0.021713905,0.5289841,0.44242442,-0.12384181,0.04617118,0.14415753,-0.326421,-0.13968462
IND143001AAA,-0.46952808,-0.8827823,1.1585778,-1.4570302,0.1329472,-0.7636467,-0.16089407,0.04580625,0.5309765,-0.1303603,-0.1264525,0.43400526,-0.44619718,0.27726883,0.084228635,-0.09261267,-0.2222661,0.19233626,0.09559647,-0.3462233,0.43582717,0.44461986,0.14136952,-0.20055112,0.15751459,-0.25392014,0.16512156,-0.031621143,-0.25404274,0.2629469,0.04396783,0.15032108,0.16849935,0.14631566,-0.046056345,-0.13378978,0.24819818,-0.050674178,-0.20762858,0.07514928,0.07871035,0.123927325,-0.021237485,0.0966277,0.065348364,0.07816215,0.27676946,-0.14272887,0.15296596,-0.086918786,0.1638023,0.07450143,0.4435422,-0.11045803,0.08120032
IND144001AAA,0.6309675,-0.8724331,1.1719353,-1.3418901,-0.26717797,-0.63590896,-0.46060252,0.106497414,0.6348867,0.1602914,-0.16625267,0.69771934,-0.46529415,0.43380123,0.0768203,-0.3418109,-0.054366563,0.15603122,-0.0013502855,-0.4017892,0.029048756,1.0757211,0.14712486,-0.2344409,0.87269735,-0.22387458,0.00094771385,-0.05511804,-0.1336248,0.26051068,0.79420084,0.038210034,-0.18332382,-0.07417506,0.15738511,-0.057720475,0.3043448,0.45995647,0.47638348,-0.052173685,0.09194252,0.5553739,-0.24632642,0.62662697,-0.3051741,0.1278272,0.64670193,-0.42419446,0.13245778,0.14723021,0.20914479,0.10705765,0.04485998,-0.19596063,0.69070446
IND144001AAB,-0.22154963,-0.78406614,1.2608953,-1.449466,-0.073505685,-0.66416144,-0.26613644,0.10551942,0.5463342,0.010412231,-0.0013416857,0.6298702,-0.45752174,0.4419856,0.08521426,-0.26308087,-0.079465,-0.02895613,0.050532136,-0.17901242,0.22535107,0.6788707,0.07054571,-0.3439389,0.4253903,-0.41217318,0.15540116,-0.17422405,-0.17815538,0.26556295,0.10528529,0.17648414,0.03744896,0.43549883,0.079899214,0.06719872,0.077135034,0.05384463,-0.017227426,0.07561444,0.045453936,0.31822926,-0.18537962,0.078568146,0.20201722,-0.045233756,0.4557947,-0.37622434,-0.038689073,0.13414079,0.068320245,0.04085382,0.2932395,0.27233994,0.30803496
IND144001AAC,-0.63306606,-0.78501517,1.1216514,-1.3679733,-0.053895064,-0.85428894,-0.24364865,-0.30365437,0.5953993,0.018160425,0.021361314,0.32103848,-0.20245329,0.30468786,0.2733042,0.07158764,-0.090003684,0.15056115,-0.03345099,-0.16907413,0.14753795,0.23229972,0.18200377,-0.10275235,0.03504567,-0.13588522,0.27428222,-0.18852238,0.064965546,0.16774733,-0.2881729,0.22616768,0.1057301,0.15059516,-0.098204285,-0.057287425,0.28088418,-0.26237106,-0.027043842,-0.013100337,0.16038083,-0.15035954,-0.24553543,-0.034465358,0.15295969,0.018120423,0.11153537,-0.046708584,0.44078928,0.098906614,-0.07723449,-0.059169807,0.25266442,-0.120351925,-0.051497683
IND144401AAB,-0.19197822,-0.8276169,1.3181884,-1.5055696,0.07428041,-0.6032568,-0.41116658,0.38712442,0.44659525,0.08209164,-0.21867172,0.73801196,-0.34946373,0.2518537,0.16320735,0.0036991723,-0.23417817,0.07665856,0.06009359,-0.41429025,0.44998023,0.7220546,0.15790203,-0.47593224,0.386244,-0.3215643,-0.07102347,0.044706285,-0.14312853,0.5175833,0.33059388,0.12885153,-0.103759736,0.41718405,0.1859496,-0.025161827,0.0593753,0.18057883,-0.01842469,0.173856,-0.15336373,0.24431178,-0.050746493,-0.021138191,0.04616335,0.08319946,0.5848522,-0.36827677,0.039171997,-0.13903463,0.26041508,-0.055340208,0.32254973,0.0077881664,0.38761088
IND144514AAA,0.18160546,-0.86998475,1.3421904,-1.303656,0.05313183,-0.8140695,-0.21266583,-0.18127045,0.33520687,-0.17744786,0.0077414187,0.5254534,-0.334275,0.3787424,0.35538796,0.13072945,0.12118775,0.31085068,0.16184862,-0.52245635,0.79076076,0.70436966,0.08195912,-0.17348449,-0.03451993,-0.31434005,0.45120263,-0.17709976,0.27962643,0.3059209,-0.24268141,0.55943817,0.065014616,0.19099538,-0.063948624,-0.55472237,0.06771328,-0.35028493,-0.14829083,-0.23862387,0.14309385,-0.055604264,-0.22656837,0.17315224,0.3192188,-0.38240412,0.19000633,-0.30220488,0.7314213,0.3113267,-0.02276963,-0.004296557,0.3561079,-0.24850611,-0.0128285885
IND144601AAA,0.27704203,-0.8908339,1.2609798,-1.4392722,-0.14706254,-0.5786164,-0.4852227,0.10981946,0.6325173,0.2232708,-0.16920453,0.67475027,-0.3925284,0.51043236,0.06304002,-0.25217885,-0.043185186,0.102014735,0.0777861,-0.21530479,0.1730951,0.82838595,0.0053158663,-0.21500632,0.66009784,-0.3557566,0.12003362,0.018094763,-0.1741574,0.42797238,0.5099024,0.17389162,-0.19877753,0.2291095,0.08078431,-0.07266687,0.18665269,0.43979806,0.07099721,0.028309425,-0.15037069,0.38959724,-0.09645038,0.35411116,-0.19104862,-0.006724734,0.6190027,-0.24091664,0.16921002,0.024856023,0.198101,0.030987378,0.10689823,-0.067426056,0.42126727
IND145001AAA,2.131329,-0.13573663,-0.2611276,0.075344145,-0.38185126,0.31757095,-0.31211728,-0.6908437,1.0888366,-0.13061365,-0.41640574,-0.17110895,-0.42822313,0.5612508,0.14101191,-0.18115932,1.4219046,-0.526649,0.7662096,0.3472373,0.48202437,0.12564668,0.49860647,0.8151273,-0.26179147,0.102016985,0.45226306,0.13833709,0.104467764,0.45233893,0.22878328,0.6962432,-0.43070447,0.24532838,-0.5023942,-0.5559831,-1.616448,-0.5072108,0.60701203,-0.33885622,0.016757146,0.28910112,-0.012247182,-0.77140737,-0.62143934,-0.118335456,0.03827761,0.6756625,0.17724185,-0.3515727,0.30141395,-0.14402351,0.17482646,-0.1616248,0.3698865
IND147001AAB,-0.6905855,-0.9267483,1.2836996,-1.3612237,0.2438739,-0.6437558,-0.15496857,0.030157752,0.06462946,0.059005708,0.17715412,0.060890906,-0.39236757,0.2698773,0.062554635,0.2589459,0.054993115,0.1614921,-0.32649815,-0.30036432,-0.29789066,0.19883293,-0.09920748,0.09865971,-0.26436442,-0.076820284,-0.09851807,-0.09330366,0.07763331,0.3593498,-0.53032655,-0.039018054,-0.266381,-0.064314425,-0.3570237,-0.10976217,0.34260383,0.06431112,0.18971162,-0.0030261278,0.038615473,-0.29985222,0.0008946508,0.39932275,-0.35972273,-0.13868442,0.2057416,-0.10729397,-0.40675402,0.025619201,-0.21640123,0.27992278,-0.08814566,0.22327958,-0.12436491
IND147001AAD,-0.5413016,-0.86277854,1.2137567,-1.4236889,0.13182782,-0.6261132,-0.29171613,0.31273374,-0.110347785,0.14372626,0.24941589,-0.0011605173,-0.5253908,0.20606083,-0.14148001,0.07226987,-0.14124748,0.47455266,-0.28940642,-0.4936942,-0.20465511,0.014623484,0.09867098,0.21882814,-0.122124106,0.047849163,0.011789128,-0.1510207,-0.13826576,0.19687591,-0.54499596,-0.19705312,-0.29120547,-0.17668958,-0.5352557,-0.11638273,0.47375658,0.12572053,-0.0060390774,-0.22262613,0.2637406,-0.11210181,0.0052392446,0.00030702353,-0.115281895,-0.49718356,0.22894724,-0.24101675,-0.45251685,0.094300754,-0.27204645,0.25535366,0.039793845,0.24752356,-0.07447283
IND147105AAA,-0.92034173,-0.9023117,1.0141833,-1.3165332,0.027891673,-0.73404586,-0.19693528,-0.106331386,0.1521171,0.06626386,-0.04062162,0.15397543,-0.32980168,0.36493778,0.21483295,-0.27517077,-0.15880577,-0.12165722,-0.37327546,-0.37190932,-0.25134698,0.18145265,0.26755846,-0.15010574,0.06312521,-0.060334913,0.04750502,-0.12028888,0.17035842,-0.21676333,0.016453832,-0.027648373,-0.30573323,-0.20180772,-0.35803854,-0.1592739,0.043956913,0.035168886,0.04616303,0.19282542,-0.07070491,-0.22182688,0.15105519,0.05556071,-0.03444086,0.015394732,0.005432397,-0.036223292,0.09636678,-0.14241943,-0.2025754,-0.083999686,0.08171867,0.044773564,0.10281989
IND147201AAA,-0.1606375,-0.95273167,1.0919479,-1.4473641,0.3142023,-0.6915107,-0.30142817,0.47870752,-0.44720536,0.38828635,0.3334633,-0.027768418,-0.583987,0.42204052,-0.11847113,-0.17366259,-0.34775287,0.75872624,-0.1379138,-0.7918839,0.04019107,-0.19375736,0.037228234,0.22662264,-0.122721255,0.59773356,-0.01627633,-0.54696286,-0.61485946,0.22948976,-0.6521166,-0.20003077,-0.31004047,-0.13879941,-0.52082425,0.090502396,0.3593481,0.24810703,-0.29269662,-0.29149413,0.45671797,-0.012034327,0.15726757,-0.09376207,-0.2068752,-0.8289642,0.17620324,-0.478092,-0.26000273,0.06341254,-0.3489762,0.39264074,0.19468914,0.40686423,0.09159808
IND148028AAA,-0.5182922,-0.90836936,1.2932165,-1.4318947,0.15466893,-0.56417286,-0.2178233,0.28096372,0.10705812,0.09146059,0.26012716,0.050966203,-0.46660048,0.19851936,-0.030016659,0.26754293,0.083460525,0.5063571,-0.25375974,-0.39910942,-0.3336837,0.1596148,-0.013591982,0.2322371,-0.299353,0.020993501,-0.01817125,-0.124082804,0.05446908,0.4250477,-0.57559806,-0.19269826,-0.30669448,-0.0023554042,-0.3021344,-0.28584608,0.4818783,0.06010206,0.17372242,-0.14775307,0.18322548,-0.28009188,-0.032961406,0.19094543,-0.49567413,-0.21375743,0.40034926,-0.10754771,-0.5873472,0.10788988,-0.33292407,0.43124446,-0.02731542,0.2156996,-0.16701013
IND148101AAA,0.18917167,-0.6959577,1.1318853,-1.6997942,0.2546939,-0.8761623,-0.022569384,-0.52242166,-0.07530083,-0.020553552,0.76852596,0.20613582,-0.5663684,0.21138908,0.123177215,0.067552894,-0.60548884,0.3206853,-0.45904714,-0.11008559,-0.122245364,0.16974232,-0.5512897,0.096001,0.80061376,0.41296273,0.050984636,-0.012906082,-0.4079916,-0.064898714,-0.4444011,-0.058183793,0.15343899,-0.009746321,-0.27677116,-0.28462362,-0.84784317,0.30379152,-0.24361429,0.34372234,-0.08745444,-0.013509512,-0.008798584,-0.36660862,-0.20609576,0.12858811,0.13814835,0.3215642,-0.25178292,-0.34135935,0.31133783,-0.052840807,0.27225885,0.01071408,0.3558241
IND148102AAA,0.2375108,-0.6454258,1.1418011,-1.6198021,0.31270465,-0.8949307,-0.123028964,-0.4688993,0.03428909,-0.101615705,0.7870446,0.15381823,-0.53883356,0.23543587,0.036209576,0.026597772,-0.56827915,0.3557783,-0.6777331,-0.0045618117,-0.11896969,0.20108096,-0.49945125,0.15657148,0.6641335,0.39099228,-0.09570879,-0.15524498,-0.44413984,-0.055305958,-0.44988924,-0.057400323,0.16671532,0.026731495,-0.29656273,-0.38094938,-0.76824343,0.43928295,-0.24558678,0.28348246,-0.012581885,-0.14041111,-0.14433789,-0.24659434,-0.27115268,0.16689004,0.123802006,0.3481439,-0.12269971,-0.46366915,0.29947227,-0.011354126,0.23911229,-0.021832261,0.2547431
IND151001AAA,-0.009211183,-0.65947545,1.0871632,-1.5604755,0.05994296,-0.8485706,-0.040167116,-0.3878587,0.06589235,-0.08815623,0.6695107,0.12289406,-0.49794638,0.14877592,0.2413582,-0.11110321,-0.50743115,0.3590195,-0.33752024,0.051796243,-0.08031484,0.22221784,-0.24474174,0.14209092,0.5257123,0.27513888,-0.031656988,-0.058018245,-0.23114237,0.13355911,-0.43239206,-0.045130484,-0.048857242,0.057837777,-0.31728822,-0.20087644,-0.74763566,0.38428307,-0.17553107,0.2806697,0.076436356,-0.15610534,-0.16718665,-0.20933115,-0.1491127,0.24519539,0.022065565,0.40789363,-0.15716226,-0.53810364,0.27624673,0.24839982,0.04330573,-0.0025297664,0.2785321
IND151302AAA,0.500244,-0.7817015,1.0307785,-1.6349746,0.25896132,-0.9179158,-0.28934637,-0.6646349,0.0055078194,-0.100724004,0.58244646,0.21203266,-0.3011985,-0.094407514,0.23655878,-0.12812947,-0.91307765,0.39915892,-0.71114904,-0.0038826317,-0.19880038,0.0317685,-0.15130424,0.2634755,0.52269894,-0.0477328,0.011741236,-0.11344969,-0.21573667,0.06718995,-0.5834755,-0.030230865,-0.013992429,-0.108353585,-0.4176823,-0.2457424,-0.90748745,0.41436183,-0.25554806,0.07508536,-0.21104345,-0.16596407,-0.34716615,0.11587626,-0.09331107,0.019462138,0.2094536,0.4559993,-0.07017577,-0.5900202,0.25370258,0.26236764,-0.14798799,0.05082989,0.22305253
IND151506AAA,0.11492348,-0.62449133,1.007714,-1.7697791,0.13521573,-0.7117145,-0.4028215,-0.41843694,-0.017767094,0.24258205,0.5251494,0.09771982,-0.5184669,0.1876619,0.26410636,-0.08408201,-0.5929477,0.47154698,-0.36746973,-0.023454666,-0.053701185,0.2732766,-0.376244,0.36369008,0.7872152,0.31055978,-0.060833596,-0.14630172,-0.35365367,0.30869508,-0.39608365,-0.24485941,-0.08996698,-0.02923692,-0.21310535,-0.39575613,-0.96121883,0.29622465,0.036585264,0.21766777,0.12682992,0.05275294,-0.18587011,-0.13816056,-0.19184369,0.047486126,0.024965964,0.3632194,-0.118785635,-0.4349821,0.28374243,0.10140339,0.058304064,0.014242716,-0.022348627
IND152026AAA,-0.40648162,-0.75275284,1.2681094,-1.4521343,-0.03823176,-0.8235761,-0.27781048,0.26262456,0.31385446,0.0021705218,0.21289939,0.41902614,-0.5389269,0.2588876,0.12896435,-0.109978065,-0.051593456,0.12296176,-0.15776156,-0.015777644,0.11376525,0.39456955,-0.17583841,-0.04549416,-0.06856076,0.0567002,0.6094262,0.07973268,0.35172498,-0.0035190657,0.0637507,0.47481978,-0.08339942,0.1469801,-0.09982779,-0.21604988,0.15869397,-0.21025272,-0.2906214,0.14702612,0.028377904,0.25427496,-0.14905632,0.2750845,-0.009381741,-0.17345522,-0.09658348,-0.09148847,0.45564142,0.20522332,-0.20713992,0.061722025,-0.19846067,-0.1860457,-0.11179325
IND160002AAC,-1.0068018,-0.7983586,1.1095651,-1.339488,0.05924863,-0.6485083,-0.07496678,-0.113646336,0.16195029,-0.107885145,0.12599471,0.09551644,-0.24975619,0.27100545,0.055156298,-0.1652228,-0.17035381,0.33034638,-0.04074251,-0.097402744,0.01347781,0.09245807,0.13870697,-0.2419208,0.16916923,0.0008061081,0.13633566,-0.020717377,0.17347287,0.033715762,-0.12969825,-0.07359518,-0.25707453,0.071918,-0.010302624,-0.12025759,-0.058031972,0.024248395,-0.08094008,0.228906,0.18402715,-0.12962101,0.19532627,0.076007836,0.008200243,-0.1863042,0.110299304,0.03417194,-0.10528757,0.1539312,0.06648998,0.029348806,-0.03981403,-0.01456761,0.012388438
IND160003AAA,-0.9064873,-0.8802948,1.1785505,-1.3646557,0.13667837,-0.69684494,-0.40638635,-0.0503368,0.291359,0.047301687,0.20812011,0.061723635,-0.13252588,0.4703917,0.19032624,-0.099577874,-0.23407461,0.22816509,-0.006125737,-0.0011214511,0.14795047,0.22747289,0.13681497,-0.44790137,-0.11067956,-0.027269304,-0.04126168,-0.14700839,0.013631038,-0.15492688,-0.0065523386,-0.2002723,-0.051261127,0.049156047,-0.084370404,-0.04405754,0.1331673,0.12784939,-0.06945799,0.2083908,0.1888478,-0.13870835,0.10371089,-0.025252208,-0.22961822,0.031979974,-0.18041743,0.14874713,-0.025882889,-0.06563973,-0.117134824,0.05642806,-0.124701604,0.23714492,-0.022060603
IND160102AAC,-1.010247,-0.8047473,1.1542221,-1.3951648,0.08392191,-0.5522839,-0.31273222,0.031475626,-0.005637504,0.09023096,0.16542374,0.2022956,-0.27643788,0.3740638,0.17469032,-0.21959826,-0.05804452,0.29089049,-0.1524874,-0.09713147,-0.018382922,0.2238347,0.2795372,-0.0050393157,0.044289492,-0.19905981,0.27812672,0.033297017,-0.030751627,-0.26639014,-0.043398544,0.051237866,-0.056629606,-0.14752938,-0.2839154,-0.22355781,0.16799471,0.17290506,0.024896346,0.23477998,0.061748922,-0.10922702,-0.15698251,0.022714589,0.029271528,0.10325062,-0.056738872,0.06578136,-0.18066683,-0.1894255,0.1921636,-0.0056370245,-0.22385862,0.20771848,0.013118237
IND160102AAD,-0.74473643,-0.9484596,1.0494401,-1.2865459,0.31912944,-0.66159725,-0.4173092,0.05802529,0.44362044,-0.27261478,0.4228592,0.19866304,-0.12889673,0.46874022,0.17410128,-0.5218877,-0.13961102,-0.22751269,-0.4058789,-0.1791122,-0.53271997,0.28293523,0.24546024,-0.31471393,-0.023287412,0.18822163,0.08178443,-0.2650646,-0.047562495,0.084254354,0.09336997,-0.27055615,0.06561512,-0.11391564,-0.077858016,-0.38170958,-0.049929842,-0.22121736,0.038547143,0.40096524,-0.21637127,-0.24033397,0.11289367,-0.2323429,0.5410631,-0.21931408,0.3276186,0.047245976,-0.17094171,-0.18573213,0.15196307,-0.11652202,-0.31651852,0.07285191,-0.13017327
IND173025AAA,-0.82434857,-0.80334264,1.130227,-1.3861163,0.038703345,-0.81210804,-0.102226324,-0.10230201,0.33810884,-0.18971613,-0.010030707,0.30161285,-0.5398425,0.52545965,-0.058031067,0.13935614,-0.13482267,-0.038398355,0.006469542,-0.21220584,-0.23965481,0.08664884,0.06474667,-0.16550002,0.058878064,-0.019393876,-0.048380643,0.19262521,0.046619765,-0.48631465,-0.39036286,0.1176154,-0.13091171,-0.34892958,-0.1240563,-0.1283485,0.21314308,0.46213365,-0.099606544,0.067580864,0.64143574,-0.017796054,0.14964649,-0.3636197,0.27332038,0.07624358,0.144266,0.17877501,0.02974821,0.12885383,0.20521033,-0.29434913,-0.47557417,0.100212514,0.0800467
IND174101AAB,-0.9793887,-0.81151396,1.2608907,-1.2789953,0.14554107,-0.7725812,-0.26404002,-0.082980536,0.079134695,0.00748045,0.17090346,0.19330285,-0.1082858,0.31946617,0.120573506,-0.2443497,-0.32731593,0.18995379,-0.1488947,0.038588997,-0.1117067,0.2658081,0.1606541,-0.04212578,0.008631781,-0.01783812,0.05937326,-0.06578311,-0.2862165,-0.2238069,-0.019003302,0.10963614,-0.020514056,-0.014968686,0.03590756,-0.056041744,0.19219542,0.09550436,0.07661627,0.006476838,0.10914333,0.09339551,0.16563627,0.0525537,-0.078425586,-0.0042233765,-0.089766115,0.03715553,-0.07320297,0.17259452,0.046267554,0.040576458,0.0800952,0.23116252,-0.055102617
IND175001AAA,-0.6956202,-0.9518603,1.1609716,-1.3861295,0.00469362,-0.79747283,-0.02326304,0.01337298,0.5676125,-0.2987789,0.15013744,0.31542683,-0.17759356,0.5743039,0.084621266,-0.4245872,-0.26695457,-0.04938174,0.13461371,0.2818612,-0.15460557,-0.41539556,0.103604876,-0.32885227,0.12558663,0.23064148,0.035319805,0.03653671,0.16377431,-0.1487986,-0.42072558,-0.48516148,-0.06714958,0.10570294,-0.7919525,-0.009668253,0.35995653,-0.062517315,0.30910233,-0.114966765,-0.1851941,-0.07582706,-0.16307056,0.041955844,-0.35579234,-0.5307827,-0.2152648,-0.27794498,-0.3948929,0.19951925,0.38624147,-0.2574816,-0.1794362,0.130271,0.60827404
IND175015AAA,-0.49441004,-0.82295024,1.1818728,-1.2805878,-0.08691787,-1.0149807,-0.4558999,0.020485573,0.46327013,0.13500682,0.52101284,0.12940465,0.059066437,0.31211638,0.5937865,-0.6487304,-0.4308122,0.19527967,0.18844678,-0.571992,0.40931776,0.14976232,-0.20252359,0.059790514,-0.36995387,-0.21946663,-0.22836989,0.034986496,0.0046414137,-0.50020754,-0.30609816,0.25303915,-0.39919734,-0.088091925,-0.31396675,0.29525697,0.114688925,0.18548611,-0.048097357,-0.05150951,-0.2509496,-0.33840397,0.70883805,0.24705893,0.29026246,0.18174155,0.07069327,-0.109563,-0.6560372,-0.06750089,-0.26384097,-0.17353833,-0.16813305,0.052088313,0.19745055
IND175101AAA,-0.86057514,-0.8948307,1.0321703,-1.385508,0.008378856,-0.8422252,-0.087885626,0.0043225363,0.64354265,-0.3117916,0.0048991106,0.31222898,-0.10851241,0.58944565,0.031611167,-0.40784132,-0.26180848,0.12448871,-0.017648317,0.24043517,-0.12849414,-0.23004304,0.13518399,-0.24096644,0.0041875765,0.15041584,0.025601164,0.066928975,0.23559017,-0.06801183,-0.337223,-0.40957183,-0.075784445,0.07300959,-0.66914046,-0.023265863,0.19989803,-0.024490267,0.23426959,-0.24775578,-0.18860586,-0.15019056,-0.24614999,0.04998821,-0.34472942,-0.48587114,-0.2570219,-0.19219851,-0.31062654,0.11417087,0.30920961,-0.21978915,-0.26313224,0.22779398,0.48249027
IND176048AAA,-0.32708132,-0.85607165,1.1846956,-1.2396191,-0.08435821,-1.1529536,-0.47009856,0.06420527,0.43011457,0.2673042,0.58117217,0.10471694,0.10535677,0.23784885,0.7520503,-0.6673039,-0.4353745,0.12009828,0.10847574,-0.68140745,0.35395366,0.19435653,-0.226414,0.06324388,-0.22964652,-0.2687881,-0.2854389,0.03561347,0.09467761,-0.5612737,-0.4319479,0.07175534,-0.35352707,-0.26252013,-0.36442095,0.32240415,0.11619397,0.12123722,-0.16466592,0.1546018,-0.21939233,-0.5340965,0.776082,0.1710706,0.28379977,0.35372233,-0.019780047,-0.30145493,-0.5437874,-0.0901944,-0.43326682,-0.17273822,-0.22999427,-0.0096200295,0.27253163
IND176061AAA,-0.9997012,-0.8825406,1.1676455,-1.3140179,0.15539883,-0.75940216,-0.093060255,0.113661215,0.20434044,0.22472468,0.16673356,-0.1383762,-0.3194812,0.29275352,0.1823087,-0.30135524,-0.27307293,0.24672489,-0.10232023,-0.04860579,-0.2318376,0.27840492,0.22153732,-0.3252717,-0.0805246,-0.00724943,-0.017562896,-0.11140762,-0.008249849,-0.16741553,-0.15617964,-0.02694653,0.084321655,-0.01787994,0.0033671632,-0.1376709,-0.054196768,0.16781786,0.078866,-0.01999284,0.25538385,-0.16014273,0.12849835,0.09038892,0.055170126,-0.11874975,0.117692366,0.22490081,0.010899312,0.02089385,-0.08584069,-0.06389435,0.17920786,-0.17585018,0.027244829
IND176201AAA,1.9627923,-0.2021878,-0.3131837,0.07944916,-0.41383624,0.3494681,-0.29379752,-0.82090235,1.0196847,-0.08630206,-0.43486744,-0.2730518,-0.4171865,0.6626404,0.18026493,-0.2111929,1.3609462,-0.4225385,0.7271176,0.37915558,0.44528866,0.010694349,0.41282448,0.66267854,-0.24256878,0.10674858,0.40241086,-0.012116104,0.18015336,0.607766,0.28461838,0.6771792,-0.40657282,0.27520818,-0.45628542,-0.56518793,-1.6981735,-0.47739393,0.656204,-0.40463555,0.08746843,0.27710265,-0.065989666,-0.7262713,-0.6229962,-0.13504633,-0.014670491,0.7336583,0.29524574,-0.32376736,0.23917353,-0.10325734,0.26534462,-0.14150222,0.39039028
IND176310AAA,2.01091,-0.17918454,-0.37200087,0.056194007,-0.47958648,0.40574148,-0.3029747,-0.6539546,1.2012159,-0.14722994,-0.47030962,-0.3286084,-0.340701,0.6705998,0.29427662,-0.17194891,1.444416,-0.47575876,0.73836285,0.29839545,0.40002438,0.085808784,0.5768339,0.69091415,-0.2447377,0.112562716,0.352964,0.054166965,0.17674367,0.56273276,0.2715506,0.6141029,-0.5132432,0.14578947,-0.4748215,-0.6324207,-1.6528112,-0.49219686,0.65555716,-0.2540061,0.06550425,0.29530054,-0.105685525,-0.6974924,-0.64949536,-0.14509943,0.12000744,0.7903957,0.20417422,-0.36899358,0.26914352,-0.13080677,0.24159636,-0.10276781,0.24849375
IND177033AAA,-1.016484,-0.8091354,1.0361986,-1.3515879,0.028684568,-0.738541,-0.088448964,-0.04797437,0.2176551,-0.08511906,0.08471546,0.20964314,-0.2542436,0.46542645,0.28826708,-0.29479638,-0.009759992,0.20660527,-0.1634013,-0.13608062,-0.24138463,0.1573335,0.018722741,-0.26427042,-0.0022532418,-0.07868719,0.046738356,-0.24270503,-0.020764746,-0.12555994,-0.122109056,0.037429646,0.06468001,-0.12739944,-0.22072229,0.0044032484,0.07376453,0.14797646,-0.034955196,0.10132263,-0.00019102916,-0.15785725,0.14451958,0.1769697,-0.06917769,-0.16181889,-0.06257689,-0.06560397,0.009364732,-0.19189063,0.12248562,0.25202104,-0.1976037,-0.20344605,-0.1585527
IND177101AAA,2.167687,-0.049922295,-0.09694545,-0.12869433,0.31769642,-0.52693236,0.04145038,0.3201979,-0.18606511,-0.33152768,-0.67106384,0.5434709,-0.22014967,0.37404197,0.07698435,0.29588678,0.68316126,0.36211935,-0.5221108,0.88026714,1.1848366,0.27294406,0.8817947,1.1028783,-0.7736952,0.17364568,0.51876044,0.2750529,-0.115108535,-0.08018232,0.66698766,-0.47269082,-1.0094517,0.353409,-0.20302147,0.37331462,0.18653429,-0.19562453,0.77147007,0.63298935,1.4322189,-0.19923595,0.5946833,0.04234691,0.26189733,0.3081603,0.10134563,-1.3114508,-0.15358247,-0.25039464,-0.36366665,-0.0128592765,0.81641555,-0.23043077,0.0068470985
IND181152AAA,-0.73610246,-0.8454133,1.1008091,-1.4864604,0.077500716,-0.7462404,0.029452978,-0.02690018,0.19138488,-0.10588687,0.20757326,-0.052758932,-0.21821748,0.27291524,-0.19437063,-0.16013964,-0.3661635,0.012859132,0.09425774,-0.11808991,0.19361362,0.37652498,0.03225535,-0.42788452,0.13633488,-0.14174438,0.47254574,0.07903826,0.0076284483,0.1253168,-0.17773089,0.09639611,0.12489763,-0.26098287,-0.52279323,-0.38028324,0.051177226,-0.092923746,0.26331627,0.009703487,0.10507057,0.28996128,0.27057958,-0.13844332,0.08541641,0.11113717,-0.2057954,0.07648669,-0.40972373,0.09778813,-0.18476982,0.009218772,-0.06595679,0.026715867,-0.10072583
IND181152AAB,-0.64710045,-0.73840517,1.1104748,-1.606367,0.22469977,-0.5794656,-0.12661478,0.07359002,0.038199395,-0.06450545,0.079309195,0.06637709,-0.21588373,0.14811169,-0.46772012,-0.30624756,-0.44327733,0.14858447,0.04992159,0.051575083,0.15107334,0.51199925,0.21816972,-0.40535086,-0.045382794,0.17865163,0.6465533,0.059690416,-0.38266784,-0.047227673,-0.2066482,0.09106981,0.014600672,-0.075491846,-0.11444129,-0.046589084,0.028717466,0.22284137,0.52221,0.12998684,-0.041501597,-0.10535264,0.066315874,-0.19729075,0.056386366,0.082308,-0.24315976,0.0962835,-0.2837114,0.09526027,-0.34211838,-0.11513092,-0.26629376,0.009908903,0.005560398
IND181201AAB,-0.5816927,-0.6980463,1.1415327,-1.7086616,0.16182113,-0.5826988,-0.08590529,0.00011495501,0.08096119,-0.13632992,0.070661366,0.23505978,-0.2118362,0.0005020648,-0.55939525,-0.4998813,-0.25778803,0.24902081,-0.124353245,0.033974882,0.24028417,0.6079391,0.11349356,-0.3823854,-0.1467596,0.20440245,0.6342218,-0.09483978,-0.25700104,-0.11671066,-0.19271678,-0.06899171,-0.11266342,0.032269623,-0.04932544,0.08687714,-0.019556532,0.30871087,0.8529724,0.032560848,0.0015110672,-0.2561462,0.19156316,-0.1684072,0.14407992,-0.094529875,-0.352839,0.1408498,-0.276551,0.021750506,-0.4781952,0.040021054,-0.31988165,-0.11251955,-0.033194333
IND184104AAA,-0.8526634,-0.8571189,1.191273,-1.3588523,0.022325188,-0.66033757,0.0004444588,0.06818617,0.20615907,-0.047881715,0.08992574,-0.092528015,-0.15686864,0.317819,-0.04661885,-0.19062047,-0.15967506,-0.048738778,-0.00011211564,-0.090638615,0.32542562,0.46959707,0.068898514,-0.32143036,0.03883989,0.1466918,0.30941084,-0.020575542,-0.010695413,0.04062015,-0.19172043,0.19765088,0.080388784,-0.19979762,-0.4798228,-0.38578534,-0.100578815,-0.16678382,0.28485093,0.058861643,0.22148661,0.3304899,0.28493074,-0.025823079,-0.05768712,0.033451375,-0.16626263,0.13617074,-0.537202,0.10536408,0.028372012,-0.05437723,-0.10583855,0.07042365,-0.036900386
IND184121AAA,-0.6752144,-0.78514034,1.0964067,-1.5096972,0.15820512,-0.6960894,-0.022581618,0.00044289976,0.181302,-0.065620504,0.082176566,0.06528722,-0.24381939,0.18622765,-0.29169843,-0.23852624,-0.5279809,0.06432971,-0.02456212,-0.08769739,0.18086755,0.36886218,0.10515667,-0.5415017,-0.00037803035,0.089690715,0.62533057,0.043841504,-0.17693996,-0.033783026,-0.13765007,0.11171962,0.052185122,-0.029707566,-0.35702497,-0.34054,-0.004630979,-0.013530076,0.3875183,-0.052703623,0.03827042,0.014467407,0.23076403,-0.09856424,-0.007314816,0.2652505,-0.28843313,0.12092803,-0.42735618,0.20006615,-0.28006065,0.045282565,-0.20406643,0.0067183003,-0.093946576
IND201001AAA,-1.4193732,-1.3278793,-0.032654643,-0.07992302,-0.38894755,0.065720916,-0.21304536,-0.076374255,0.0021160096,0.2249183,0.1751358,0.36543745,0.49589556,-0.11657928,0.10427975,-0.28842622,0.02130994,0.23792437,0.52464485,0.23840044,0.101933725,-0.032397076,-0.14870146,0.29442006,0.064018995,-0.07254339,0.060649544,-0.67553943,0.04597254,0.14473823,0.18894763,0.00046637096,0.010515319,0.41302454,0.023484629,0.3822078,-0.14425111,0.3149464,0.23122346,0.31398433,0.43570757,0.51892495,-0.12892169,-0.22907409,0.1629202,0.15247427,-0.80189323,0.09758949,0.078733966,-0.08778079,0.2740479,0.2483421,0.07609095,0.05521564,-0.35823882
IND201005AAA,-1.4458963,-1.2534575,-0.13096046,-0.19005555,-0.49734217,0.04826305,-0.15002348,0.08381091,-0.28699517,0.26108488,0.18268612,0.29615784,0.3938326,-0.06530571,0.01545717,-0.19982725,0.29957747,0.039667435,0.5338935,0.10018811,0.017628495,-0.004362286,-0.18502766,0.29157454,0.07642768,0.040842712,-0.03202291,-0.724246,-0.21206897,0.024801876,0.25446588,-0.14478707,-0.08051629,0.37559462,0.083013885,0.4903952,-0.28570053,0.31065267,0.20072782,0.349915,0.21195215,0.35933545,-0.24163628,-0.2605947,0.28826225,0.24728209,-0.72912353,-0.07828372,0.012534184,-0.13478088,0.36026102,0.057651494,-0.17730597,0.1692188,-0.41421598
IND201007AAA,-1.460191,-1.2363037,-0.029116645,-0.12713885,-0.42479444,-0.019929841,-0.16052732,-0.00080522895,-0.17288227,0.13691491,0.14980505,0.18743216,0.27215472,-0.2386113,-0.012305347,-0.09865181,0.106665924,0.05063214,0.45242685,0.11276658,-0.051800594,-0.037041593,-0.2096102,0.3254836,0.090804584,-0.037299283,-0.029981673,-0.57021254,-0.123250246,0.06350195,0.24018839,-0.29931512,-0.17053007,0.29348087,0.1044874,0.40117127,-0.06838824,0.37095976,0.14232849,0.2097944,0.15714076,0.42584234,-0.33484846,-0.17166567,0.2870648,0.08771803,-0.69151103,0.0056775846,0.041479513,-0.15839124,0.25907505,0.078493975,0.05145998,0.15730801,-0.46224064
IND201007AAB,-1.3280816,-1.3612641,-0.056269675,-0.13519779,-0.5680149,-0.038750224,-0.10316432,0.14015636,-0.1025784,0.35680068,0.047553465,0.17922232,0.20549233,-0.2515083,-0.15184575,-0.13882367,0.022010548,-0.017989047,0.2885275,0.058915827,-0.1138015,-0.03382687,-0.04624889,0.29130793,0.04549798,0.04848963,-0.05787956,-0.44169635,-0.009233795,0.19991744,0.043101422,-0.39452884,-0.09053199,0.35505086,0.02291587,0.270186,-0.0869073,-0.02354508,0.12288576,-0.08837442,0.16533837,0.6098847,-0.36382797,-0.06896782,0.26006258,0.28607267,-0.59286934,-0.15582782,0.0131831,0.16861337,0.6010184,0.18678963,0.09362177,-0.09930882,-0.50694543
IND201301AAF,-1.2312632,-1.2266552,-0.02280067,-0.07404713,-0.44312626,0.123274356,-0.21663734,0.1608302,0.1607248,0.3685238,-0.15857774,0.31408674,0.44724318,-0.30450082,-0.36574233,-0.11497955,-0.011155814,0.03951206,0.2081513,-0.17374517,-0.5726514,-0.06236248,-0.22594121,0.22593191,-0.0031573419,-0.0064543933,0.081725806,-0.10834428,0.022874966,0.3567416,-0.0828293,-0.6051671,-0.20016809,0.20758946,0.23702583,0.16919605,-0.11312521,-0.11386238,0.03111586,-0.09423131,0.15365869,0.50624573,-0.35151953,0.039971985,0.29158002,0.23930356,-0.26686904,0.008860711,-0.015156958,0.30028132,0.5839711,0.2595025,0.14064476,-0.25646174,-0.39804584
IND201301AAL,-0.9552652,-1.3563937,-0.1307441,0.01599893,-0.75207245,0.06575807,-0.2962424,0.2181785,0.28625256,0.65370214,-0.01634458,0.38116807,0.2480489,-0.35984612,-0.35792476,-0.0070398133,0.223318,0.34250516,0.060125083,-0.22255114,-0.89914113,0.113877065,-0.31441626,-0.058533154,-0.4049132,0.037512213,-0.21807465,-0.2923622,-0.037091706,0.16537672,0.05191356,-0.8302881,0.01203437,0.040530335,-0.032236874,-0.30589378,-0.15043616,-0.19448078,0.12984648,-0.13095464,0.08843613,0.4201277,-0.3191824,0.13763809,0.42167827,0.18871036,-0.3464654,-0.35553798,-0.07347301,0.38806945,0.91533715,0.1999861,0.1703569,-0.68188256,-0.24377272
IND201301AAM,-1.9984312,-0.7773612,0.11831182,0.11204222,-0.43863767,0.3798061,-0.13243198,0.085069716,-0.124665305,-0.053157993,-0.08847258,0.20753647,-0.08950019,0.034106746,0.019062724,0.17822208,-0.04505228,-0.08666809,-0.025276318,-0.25400645,-0.020946525,-0.15105268,-0.2919221,0.095713794,0.110233106,0.09990175,0.101159185,-0.027432559,-0.05620988,0.026205638,0.08707385,0.27180746,0.027565077,-0.005267605,0.08224594,-0.11007083,-0.12173339,-0.07930064,0.0077699497,0.15932304,-0.22120887,0.085177585,0.16333878,0.026791133,0.11499671,0.07252753,-0.011023842,-0.03612101,-0.27410325,-0.017408963,0.046479188,-0.19966212,-0.027575996,0.14072756,0.037517197
IND201304AAA,-1.0635301,-1.2159436,-0.003391236,-0.07352613,-0.50296664,0.07204236,-0.32523623,0.38352323,0.28344262,0.43384334,-0.17620054,0.3620801,0.5061282,-0.28724635,-0.3724746,-0.1530195,-0.06802325,-0.074887276,0.17760845,-0.22204925,-0.8427395,0.07869388,-0.26255926,0.34665713,0.11793204,-0.10486451,-0.12706226,0.035061166,-0.030969992,0.39774054,-0.24882257,-0.7096274,-0.14460644,0.15770051,0.3529174,0.2502843,-0.014395963,-0.1004183,0.104716405,-0.19043115,0.49847338,0.5957414,-0.5003946,0.14756426,0.46582964,0.25050855,-0.21655989,-0.096399926,-0.0108044855,0.55307287,0.41598988,0.2583364,0.2536904,-0.4003681,-0.20041603
IND201306AAA,-1.0207348,-1.2757883,0.05915025,-0.026751831,-0.5189377,0.034668595,-0.2961398,0.29302904,0.39085722,0.4548227,-0.1374078,0.3881709,0.47883302,-0.224715,-0.3166417,-0.07740773,0.07008733,-0.26986092,0.17726868,-0.31993026,-0.83915734,0.016225815,-0.19041935,0.34912595,0.07737428,-0.055324033,-0.056247443,0.048686564,-0.07614623,0.4083963,-0.32180688,-0.6620893,-0.16259432,0.21538447,0.23771489,0.29708838,0.110537805,-0.067086965,0.24538663,-0.14403011,0.4908808,0.62517774,-0.47103444,0.11508487,0.35890877,0.3225362,-0.32057565,-0.05335036,0.035388116,0.6065458,0.4425425,0.3581936,0.3135737,-0.42451105,-0.16376448
IND201307AAA,-0.8658068,-1.2814375,-0.15476052,0.08648601,-0.76257,0.13112465,-0.217208,0.09772304,0.21630637,0.5940265,-0.047978684,0.3502857,0.15014999,-0.40424824,-0.50893295,0.12577002,0.2451464,0.3743718,0.042334728,-0.17687325,-0.905279,0.1338017,-0.3934063,-0.17675811,-0.39071476,0.13935727,-0.17033267,-0.24533966,-0.18445425,0.25606334,-0.014623657,-0.98901635,0.011654602,-0.054971382,-0.12457242,-0.36749828,-0.044256598,-0.12553923,0.22892094,-0.025056701,0.15762717,0.56975806,-0.36268073,0.019354783,0.45900378,0.14485046,-0.23170984,-0.21725383,-0.13889599,0.5738734,1.019655,0.24145132,0.20985678,-0.83835405,-0.21338129
IND202001AAB,-1.1225499,-1.326674,-0.06503054,-0.41924065,-0.18305472,0.11059123,0.20059298,-0.036702402,-0.006773755,0.28522643,0.5656903,0.17465599,0.43575543,-0.5096524,0.39386865,0.10884392,0.33466458,-0.6967453,0.17104718,0.12596683,-0.061318092,0.042850405,-0.15281445,0.25584376,-0.012837842,-0.10967913,0.5029013,0.026583388,0.057156026,-0.23559268,0.40425625,-0.5064502,0.19509971,0.16258334,0.1400314,-0.34348816,-0.28471345,0.35457927,0.40349293,-0.6240751,0.077548206,0.005558364,0.4097074,-0.47845715,-0.21367037,-0.269657,0.2811544,-0.094908975,0.15764117,0.081467494,0.19458634,0.033992633,0.2951312,-0.17034207,0.20306334
IND202001AAC,0.16098058,-1.3107685,-0.10648717,-0.4334026,-0.0884882,0.020966917,0.21675913,0.39604408,0.07323013,-0.111747876,0.75266445,0.17431115,1.0298042,-0.6814906,0.64406604,-0.38324806,-0.034218017,-0.85157263,0.3344372,0.14496608,0.107394256,0.40386626,-0.23804513,0.31906548,-0.014548346,-0.6347486,0.6557597,0.15775435,-0.18726578,-0.11336796,1.2284362,-1.153873,0.24969018,0.3631825,0.9472183,-0.49571836,-0.87665725,0.4014538,-0.068803094,-0.39117295,0.03584323,-0.62604713,0.5412954,-0.4399379,-0.24913436,-0.5177492,0.29817468,-0.116278894,0.25107008,-0.28678238,0.22991277,0.018253379,0.24929193,-0.3103528,-0.021105722
IND203131AAA,-0.33630168,-1.1073663,-0.04010149,-0.0075185522,-0.6756688,0.022165995,-0.35496667,0.33189973,0.08510792,0.56523234,-0.27947474,0.72400296,0.34378082,-0.12276491,-0.39983356,-0.31595996,-0.25929642,-0.113266096,0.8542433,-0.68618286,-0.6726349,-0.4121199,-0.4131038,0.1022045,0.5938507,0.6157067,0.10645121,0.5886693,0.14975217,-0.24532874,-0.31885514,-0.8445287,-0.66981804,0.27137077,0.65225935,0.009919688,-0.6337014,-0.115574,0.13584143,-0.7802178,-0.5888221,0.35139614,-0.5455039,0.4687314,0.47778946,0.6382021,-0.34097394,-0.25591016,-0.15567012,0.7830195,0.6160951,0.40940362,-0.2425572,-0.08812271,-0.67065513
IND203135AAA,-0.38148797,-1.2006383,-0.09863216,0.12550814,-0.55040866,0.081635445,-0.36706674,0.2243577,0.07514021,0.6083375,-0.16753651,0.5077933,0.4689728,-0.08906019,-0.30354,-0.28236732,-0.44888788,-0.10337576,0.665472,-0.7265724,-0.7448311,-0.26309022,-0.4052775,0.16816658,0.38228142,0.37331116,0.02445282,0.36752486,0.15429446,-0.18782127,-0.070628226,-0.9912228,-0.7710918,0.28222233,0.5043366,0.22860537,-0.34708598,-0.14758727,0.15514624,-0.6778103,-0.51061106,0.30666494,-0.41546607,0.41141728,0.30805624,0.48642385,-0.19726643,-0.288131,-0.17233501,0.7600894,0.7499301,0.24008796,-0.4220421,-0.269822,-0.7100296
IND203390AAA,-0.74906254,-1.2679462,-0.1138026,0.028806567,-0.5221677,0.07557061,-0.30127466,0.28301942,0.063949086,0.66923845,-0.27131635,0.48644245,0.4427128,-0.053185415,-0.23335949,-0.4452154,-0.31985068,0.019768663,0.6331726,-0.42766488,-0.6839885,-0.05601854,-0.42647353,0.1672771,0.06804834,0.22551647,0.025827587,0.130867,0.030461885,-0.21567525,-0.06696175,-0.8763129,-0.58518445,0.0589237,0.33252007,0.045790553,-0.042483356,-0.100222565,0.14462902,-0.6280677,-0.32913008,0.2658954,-0.2526386,0.32132226,0.4019832,0.4341513,-0.30159125,-0.25497827,0.009427724,0.5249192,0.79978436,0.22746268,-0.34032583,-0.31833017,-0.50635916
IND203396AAB,-0.4282062,-1.2522305,-0.021396726,0.17187618,-0.4742815,0.013588421,-0.31824422,0.26081738,0.13113052,0.65582496,-0.1050549,0.4876402,0.31673726,0.0940679,-0.18555331,-0.5213313,-0.3081825,-0.19870019,0.79954267,-0.4282452,-0.7375192,-0.103112966,-0.5009458,0.19297084,0.22974692,0.31363326,-0.0104429275,0.22347249,-0.048037305,-0.1475902,-0.20193633,-0.91189873,-0.6852186,0.17022137,0.4650225,0.064085126,-0.2663266,-0.22321105,0.09964702,-0.5912091,-0.62285435,0.5058985,-0.28227097,0.40236893,0.47780308,0.5045308,-0.26539698,-0.044029005,-0.23635525,0.63059586,0.78259027,0.3081493,-0.36901015,-0.24285935,-0.62851715
IND204215AAA,0.014830112,-1.2831081,-0.071314946,-0.45707613,-0.15325487,-0.023391776,0.19968545,0.3038132,-0.07487181,0.10314379,0.8271343,0.24257119,0.86896354,-0.61056304,0.6936758,-0.24846679,-0.05500109,-0.8897519,0.25210607,0.06365879,0.043565437,0.29643938,-0.4169539,0.32672045,-0.06530082,-0.41583514,0.54515374,0.053884096,-0.19667354,-0.06092049,1.1779647,-1.2104652,0.23855801,0.40339565,0.7741225,-0.51092994,-0.72030586,0.44776833,0.05512905,-0.32406086,-0.0413253,-0.59462565,0.5970303,-0.36247647,-0.15213671,-0.49738508,0.41594404,-0.25280878,0.15933363,-0.045140352,0.31055093,0.02207529,0.103189215,-0.3351822,-0.05644296
IND205001AAB,-1.0539926,-1.4038687,-0.06448925,-0.33564934,-0.19629976,-0.08085927,0.17954,0.20648143,-0.0075933635,0.021202825,0.6515135,0.0855525,0.5649314,-0.40948087,0.29051122,0.3227977,0.48274195,-0.5197302,0.38577014,-0.0022270263,-0.04668359,0.2017007,0.0010674521,0.24331236,0.034300864,-0.28850898,0.42047417,-0.1550039,0.13211803,-0.27538973,0.33060503,-0.37352124,-0.20047523,-0.24549408,-0.03428246,-0.2885509,-0.18674797,0.2459064,0.21606913,-0.5964068,0.17669743,0.23784587,0.016563203,-0.6337284,-0.24075171,-0.27606708,0.5613118,-0.1998134,0.06754641,0.36706692,-0.09885655,-0.01974663,0.23078877,-0.09409636,0.25036222
IND206001AAA,-1.9575498,-0.7552565,0.13200101,0.09340109,-0.48239863,0.51635194,-0.23467928,0.039044052,-0.17282172,-0.047167227,-0.003491681,-0.060593907,-0.039070673,0.10627886,0.10462275,0.13847509,-0.112007305,-0.050514884,-0.14781955,0.043156616,-0.33812848,-0.24875262,-0.15803662,-0.060910255,-0.06338755,-0.0035779476,0.24763846,0.039398104,-0.0036867037,0.25350887,0.17940305,0.18668559,-0.03464806,0.04479631,-0.14406285,0.073462285,-0.12688029,-0.14496161,0.058258876,0.16540119,-0.020081982,0.029495552,-0.03121937,0.009955261,-0.12554467,0.020281322,0.14831722,-0.10565574,-0.10919714,0.007895954,-0.02466543,-0.21668467,0.06654228,0.101730466,0.0956094
IND207001AAA,-0.351061,-1.3610823,-0.05209636,-0.49318755,-0.142618,-0.030445188,0.19636872,0.41307324,-0.1730396,0.3378585,0.72979903,0.24002795,0.75452626,-0.4966026,0.6646729,-0.25130355,0.12995593,-0.88157296,0.12774308,-0.005027797,0.14441273,0.09472058,-0.35863063,0.24011222,-0.064809605,-0.25325757,0.512857,0.107326105,-0.026310772,-0.15170881,0.94456077,-1.1419668,0.25020176,0.17314635,0.55811906,-0.5071864,-0.7154532,0.40834075,0.019076206,-0.55047315,-0.18891945,-0.57893634,0.37516806,-0.26632005,-0.22557366,-0.3708298,0.22781761,-0.2266941,0.3431832,-0.0072927102,0.2572477,0.06040629,0.118505225,-0.2764607,0.02031169
IND207302AAA,-0.7090584,-1.3679596,-0.089518785,-0.43361092,-0.27812508,-0.019263417,0.20587873,0.11054329,-0.12618275,0.22925207,0.6762319,0.16684225,0.62429273,-0.589595,0.492463,-0.23459783,0.16827562,-0.9422543,0.105181314,0.04065028,0.20004228,0.13619697,-0.21541151,0.29932034,-0.11844255,-0.112339646,0.57856184,-0.074707076,0.037462607,-0.2824685,0.6820073,-0.804033,0.1619014,0.3088562,0.3567381,-0.41679883,-0.60051894,0.35629767,0.14871599,-0.5216183,-0.044526108,-0.4183662,0.46260244,-0.36722228,-0.16609758,-0.31538725,0.34077334,-0.15497443,0.21340282,0.024175212,0.14391473,0.14401636,0.27669978,-0.33486578,0.14629966
IND208017AAA,-1.229558,-1.0424111,-0.37549534,-0.04666482,-0.4590366,0.29849908,1.4020424,0.16482222,0.3219295,0.48776025,0.030980065,-0.30034494,-0.01368469,0.1634662,-0.10108869,0.03783684,-0.4561643,-0.12812865,0.24841626,0.34193248,0.3242762,-0.10155025,0.4062469,0.19922096,0.19837238,-0.24556196,-0.23143727,0.07224878,0.0533223,0.2063916,0.16989288,-0.3038035,0.09997076,0.09405978,0.13739991,-0.14568847,0.06762322,0.10642475,-0.2530403,0.14168073,0.26782107,0.076177135,-0.12130476,0.08572097,-0.07886937,-0.041732267,-0.12852365,0.17593819,0.04208905,-0.23500276,-0.10995491,-0.033538118,-0.33285403,-0.079575405,0.08289572
IND208019AAA,-1.1216664,-1.1341844,-0.37906173,-0.1089474,-0.46788746,0.3644933,1.3104532,0.08407073,0.39382344,0.3524239,0.10792114,-0.35145962,-0.24151634,0.014333546,-0.0737185,-0.14255984,-0.4270118,-0.098614514,0.22985151,0.23466487,0.19738522,-0.22513413,0.25542292,0.23667896,0.21568854,-0.08845636,-0.49035847,-0.05104444,0.005070433,0.19694145,0.29521674,-0.31535554,0.04095622,0.1979311,-0.09918183,-0.067767724,0.18935621,0.029881932,-0.034281466,0.15577374,0.02175911,0.13880247,0.0041815564,0.21570852,-0.14587462,0.025772076,0.086268455,0.07972684,0.28110334,-0.14170799,-0.27855211,0.19988415,-0.19137861,-0.12671597,0.1708892
IND209101AAA,-0.80849135,-1.1466969,-0.31224048,-0.007673651,-0.46661025,0.54893446,1.366507,0.43482643,0.71203715,0.49964708,0.25984454,-0.42281914,-0.16671294,0.07885628,-0.042023823,-0.32336646,-0.26606798,-0.1765979,0.15705585,0.42464268,-0.017084498,-0.35895002,0.10024292,0.001606673,0.27413034,-0.1065824,-0.30955684,-0.08764079,0.32253206,0.21163782,0.032342955,-0.21863642,-0.14089575,0.25557977,0.15972605,-0.20993692,0.12939194,-0.048229996,-0.49920455,0.057569493,-0.15205283,-0.11629461,-0.08801294,-0.28615355,0.65691453,-0.0878036,-0.06970131,0.40910763,0.30466187,-0.041665874,-0.108375534,0.03881862,-0.4028077,-0.042417455,0.34447455
IND209111AAA,-0.49436426,-1.1682175,-0.4568182,-0.036392078,-0.5025909,0.7122586,1.4274141,0.4788647,0.98397785,0.54470414,0.27006626,-0.39055997,-0.10497874,0.05261844,-0.049940385,-0.2995441,-0.27029145,-0.14571942,0.14347509,0.5194229,-0.24113008,-0.49464616,0.019303117,0.039526105,0.41114944,0.017162472,-0.15688193,-0.07329931,0.26776928,0.2942736,0.023886263,-0.3158521,-0.3103692,0.38980216,0.33922163,-0.35479003,0.22070396,0.07203424,-0.5374917,0.15109718,-0.17842004,-0.15430978,0.016327646,-0.2003814,0.7435663,-0.073940694,-0.17884618,0.6142764,0.12883368,-0.043800168,-0.016036078,-0.08103865,-0.41266975,-0.10942596,0.45982304
IND209206AAB,-0.9587735,-1.0580145,-0.41100824,-0.19302562,-0.6710893,0.23108448,1.5582526,-0.10321274,0.4410345,0.21938285,0.5328049,-0.21812944,-0.05926089,-0.12205879,-0.23821594,-0.1557281,-0.59022653,0.13072178,0.28749216,0.22091869,0.086779326,0.16632394,0.100447655,0.09955284,0.006396762,0.3089599,-0.3010149,0.16793606,0.5813038,0.16372749,0.19233851,-0.27044052,-0.031257052,0.02519403,-0.3216161,0.036486655,0.33903173,0.23973115,-0.6151006,-0.026370864,0.014709489,0.16777638,-0.28284875,-0.14494996,-0.00017362833,0.26759422,0.0011231601,0.06289815,-0.0021347739,-0.407383,-0.42383718,0.32459158,0.17148086,0.041470677,0.10821904
IND209304AAA,-1.2254484,-1.0978059,-0.44858518,-0.06955561,-0.60709524,0.36462617,1.2865514,0.21529451,0.39760566,0.443212,-0.07494143,-0.17719157,-0.0025867205,0.11786471,-0.02348566,0.004839994,-0.33310622,-0.05818069,0.052728407,0.29916418,0.11176545,-0.016332678,0.12438087,-0.028603572,0.249394,-0.16083041,-0.22349447,0.089648455,0.13165687,0.09151596,0.26221752,-0.011385905,-0.08759217,-0.12362105,-0.0460832,-0.0914647,0.21527144,0.2737062,-0.056726344,0.06328949,0.18597056,0.067692235,0.009607937,0.09159113,-0.04172954,0.08798054,-0.03780016,0.10357991,0.16777977,-0.32295588,0.04266227,0.14931256,-0.12943989,0.013660319,0.15080646
IND209625AAA,-0.7294122,-1.4470292,-0.18687215,-0.27559638,-0.1231238,-0.15816776,0.25334916,0.30991247,-0.07778408,-0.18146506,0.6199784,0.17359784,0.53646696,-0.501265,0.08621783,0.40819618,0.5516526,-0.687752,0.39938462,0.047196593,-0.047853354,0.42889187,0.06140148,0.43314677,-0.08468851,-0.21687436,0.4216193,-0.02190028,0.27959388,-0.34581053,0.53136075,-0.49498945,-0.43764073,-0.37034392,-0.0743791,-0.5834138,-0.093680084,0.13334803,0.35112104,-0.55351835,0.03063567,0.44542977,-0.10363462,-0.8870138,-0.0886087,-0.34213525,0.60515577,-0.109702416,-0.2150964,0.46874815,-0.028352737,-0.20990372,0.13461722,-0.18993944,0.27814066
IND209801AAA,-1.115849,-1.0985622,-0.42861268,-0.13186356,-0.47999847,0.35844597,1.4954286,0.1702455,0.23604433,0.45539495,0.055134278,-0.2670892,-0.11000448,0.06298996,-0.060888775,0.1361889,-0.40540892,0.0196793,0.12470831,0.22259325,0.19181174,-0.14653535,0.40687472,0.11782792,-0.019862007,-0.13259944,-0.18900943,-0.020122476,-0.04919684,0.2691092,0.033804096,-0.14865473,-0.097385824,0.10315367,-0.12643066,-0.14294812,0.27986345,0.2948255,-0.21112534,-0.023192387,-0.15633634,0.2962523,0.052171204,0.0057352856,0.049039,0.08823382,-0.16137004,0.063910276,0.18074182,-0.1826526,-0.24045752,0.04436145,-0.33373982,-0.06845817,0.22020316
IND210427AAA,-1.0504982,-1.1679851,-0.50477064,0.048688307,-0.569475,0.3288191,1.5185026,0.005318776,0.15528233,0.38670573,0.026433915,-0.037125193,-0.14421356,0.115045585,-0.16237426,-0.102199584,-0.30464885,0.17315254,0.17632732,0.4987064,0.2106098,-0.022204919,0.4057333,0.21404105,0.074207544,-0.20625825,-0.07321653,0.16224062,0.077251,0.13390397,0.22674751,-0.023534201,-0.09706356,0.021691144,0.058925748,-0.1086353,0.01418151,0.04932192,-0.15996511,0.025046801,0.037031285,0.13198891,-0.053306587,0.12593374,-0.00094768405,0.09136052,0.020252094,0.11447011,0.14626203,-0.15060624,-0.37679774,0.13014516,-0.06561369,-0.035032857,0.18376558
IND210431AAA,-1.0815966,-1.1936947,-0.4790524,-0.015172631,-0.5572095,0.28814268,1.2967483,0.21418525,0.49982768,0.50453764,0.16463913,-0.22766681,-0.23110434,0.102874584,-0.16998537,0.0016601868,-0.28870404,0.05754398,0.19214624,0.14902225,0.394672,-0.13185948,0.34090063,0.2014848,0.056475706,-0.23684873,-0.016611457,0.055969886,-0.05633168,0.26560456,0.14677426,-0.28503922,0.09029032,0.077728644,0.08620275,-0.047843035,0.29889634,0.1083806,-0.12361566,0.13761662,0.13832605,0.24446264,-0.048190407,-0.062214196,0.228106,0.014321126,-0.055500172,-0.04208871,0.23880142,-0.13177438,-0.3077759,0.16365573,-0.16695651,0.062458217,0.12237809
IND210501AAB,-1.132839,-0.9957785,-0.54757965,-0.09806979,-0.5383504,0.31761906,1.5449686,0.13724989,0.4109704,0.50794154,0.09533188,-0.24236546,-0.1315871,-0.0616709,-0.11374916,-0.017340701,-0.2706359,0.22759157,0.31252468,0.16794042,0.15174651,-0.06257826,0.41900876,0.037212253,0.29470104,-0.1661948,-0.19257793,0.14751054,0.02730845,0.03534077,0.27282166,-0.31148073,0.18157963,0.12022425,0.31729835,-0.07157208,-0.020066287,-0.026177708,-0.24670333,0.065534785,-0.16927978,0.1307566,-0.20768309,-0.14885369,0.08588788,0.08692148,-0.0228668,0.038070045,0.10870987,-0.3501859,-0.35612583,0.075543635,-0.105645746,0.0013602376,0.17800412
IND211002AAB,-0.16250432,-1.3128268,-0.41743225,0.09068595,-0.74434954,0.5304376,1.3839893,0.3647107,0.6566556,0.36281607,-0.2534809,-0.3009652,-0.1998609,0.07512525,-0.20300004,0.6059721,-0.35191444,0.46210578,-0.089122735,0.3578838,0.67331266,0.5555906,-0.21813852,0.6184318,-0.031947408,-0.45252496,-0.4220574,0.2531954,0.2813276,-0.1929791,0.2148824,-0.1607545,0.08606087,0.13851319,-0.33895338,0.1710273,0.06655854,-0.34024775,-0.09930319,0.26417273,-0.029450499,0.18201831,-0.029713027,0.022879988,-0.19030052,-0.04875674,-0.08283734,0.16988523,-0.14581804,-0.19746688,0.26761705,0.07133303,-0.33262712,0.08712946,0.23228177
IND211008AAA,0.054572463,-1.2409691,-0.38172552,-0.0867585,-0.72417295,0.43979147,1.470728,0.4683636,0.8157169,0.19587737,-0.013481639,-0.23416841,-0.25142694,-0.09675531,-0.39849013,0.4787062,-0.4486928,0.3861856,-0.25640512,0.037767038,0.69920814,0.4537721,-0.30554298,0.66132766,-0.28511912,-0.7159988,-0.6839954,0.2991811,0.12940997,-0.032256007,0.11348657,-0.21034539,0.14076869,0.26784372,-0.27420047,0.10500035,0.14265105,-0.22590604,-0.1496898,0.45808816,-0.15141043,0.33147788,0.124389246,-0.1180781,-0.39093077,-0.1317872,0.02929461,0.26105243,-0.03319904,0.027817048,0.20283717,-0.042923637,-0.24075976,-0.024170231,0.14458603
IND211011AAA,0.15918577,-1.1203449,-0.49707744,0.24704541,-0.67381024,0.5720693,1.4508835,0.21687812,0.9562441,0.21427408,-0.2341495,-0.22192787,-0.24691173,-0.07118064,-0.39293692,0.5017776,-0.3643103,0.2841404,-0.19707094,0.2168854,0.9273335,0.8076545,-0.07993647,0.57973695,-0.24291824,-0.529969,-0.6486825,0.47290534,0.06414364,-0.10696828,0.23612967,0.037045598,0.31669265,0.46809477,0.034343086,0.40028262,0.20104244,-0.19647367,-0.29140028,0.28620824,-0.11243856,0.34921148,0.028809763,0.064252004,-0.09990415,0.099395946,-0.060029913,0.17658259,0.2879635,-0.09576089,0.31869084,-0.110938884,-0.46022782,-0.080854565,0.112468705
IND212402AAA,0.30064142,-1.3439107,-0.44795188,0.14282711,-0.7151044,0.3912395,1.5365663,0.34928507,0.77678454,0.0889929,-0.37464947,-0.23368424,-0.27414885,0.029925957,-0.35958102,0.56683207,-0.4601604,0.31920475,-0.30093604,0.33788943,0.7825107,0.7922752,-0.11858284,0.4576844,-0.30808228,-0.4462134,-0.41593596,0.36808145,0.1511751,0.0109761655,0.28088772,0.05664289,0.2833558,0.30949742,0.020991288,0.4892485,0.21061906,-0.23908482,-0.287043,0.40058848,-0.19895574,0.28353193,0.06997826,0.040557504,-0.16737005,0.18463275,-0.09345214,0.18990189,0.0128309615,-0.055587105,0.43951094,-0.023199089,-0.36014715,-0.016641852,0.10796437
IND212501AAA,0.37863195,-1.207162,-0.3550844,0.26253182,-0.74709654,0.47947133,1.5428128,0.31748748,0.81728417,0.09641934,-0.28847772,-0.24296466,-0.3665375,-0.064720266,-0.32284802,0.64027774,-0.5412549,0.27025044,-0.23456684,0.30089986,0.83788365,0.93052936,-0.17415765,0.35105887,-0.22489929,-0.567912,-0.5302063,0.26422924,0.15770629,-0.29497325,0.26973537,-0.12850639,0.43685225,0.32420683,0.025495604,0.47463787,0.19751528,-0.20813148,-0.3667103,0.40289128,-0.17522542,0.41946846,-0.0031102225,0.12668386,-0.04653935,0.17072724,0.025145791,0.18627134,0.17234766,-0.11727653,0.36467648,-0.10069299,-0.36283755,-0.15196878,0.27104858
IND212601AAA,-0.85046434,-1.1755242,-0.4464077,-0.07031318,-0.60548633,0.42776504,1.371338,0.06958029,0.19975203,0.38029575,0.12337973,-0.18735778,-0.06978218,0.263066,-0.05238104,0.022377156,-0.25360218,0.19171673,-0.02410885,0.35084713,-0.25424954,-0.34789217,0.39683887,0.38227174,0.088619806,-0.34971523,-0.3339268,0.1885257,0.19525541,0.08595486,0.44782063,-0.12619103,0.22881122,0.332185,-0.062077086,-0.5145349,0.36685014,0.23072906,-0.009956364,0.20400162,0.23281828,0.5195513,0.2111209,0.19170216,0.18711366,0.09268072,0.24280553,-0.03576976,-0.015597772,-0.32579526,-0.2558537,-0.1186045,-0.45269695,-0.07823773,0.14013256
IND221010AAB,1.8495828,0.12201618,0.0222243,0.14961536,-0.075951934,0.07591885,0.1373684,-0.20450097,-0.5999144,0.44341952,1.0999273,0.42980433,-0.16791405,-0.7381476,1.3707936,0.52312523,0.26356208,1.1372927,0.41972828,-0.3263709,0.18074965,-0.806512,-0.41235435,-0.47949865,-0.30790776,-0.17176057,0.030694656,0.7165192,0.4826247,-0.01192338,-0.15040568,-0.72070074,-0.40006328,-0.12880625,0.026542451,-0.48077488,0.097942375,0.14121754,-0.15045546,-0.08105531,-0.40913364,-0.6425699,-0.24337429,0.45483035,0.3925403,0.06131409,-0.56000566,-0.1515339,-0.18918486,-0.109178744,-0.08334142,0.22984031,-0.10526404,-0.20455383,0.26410475
IND221706AAA,0.10722506,-0.9910565,-0.5297257,0.096059114,-0.92742115,0.22805093,1.6693381,-0.39738852,0.95278525,0.2069568,-0.10355863,-0.39672047,0.38449293,0.27175766,0.041504137,-0.030952131,-0.7706542,0.0035095513,-0.13353182,0.45061767,-0.23978037,-0.40536928,0.25624055,-0.36673588,0.17788385,-0.7053791,-0.5751589,-0.49476415,0.04769121,0.34803897,-0.13532132,-0.40025467,0.09153191,-0.34605533,0.05470378,0.37897754,-0.23934597,0.34080184,0.22134773,-0.47951597,0.18510546,-0.10796894,-0.010477878,-0.052156076,0.24989957,-0.18183243,0.3612622,-0.4415509,0.2593112,-0.3418884,-0.25250852,-0.057413675,-0.37246805,-0.09968047,0.15650082
IND224001AAA,1.9778427,-0.061845828,0.04081347,0.13419132,-0.1922102,-0.3058552,0.03758063,-0.4361803,-0.14753836,1.0921298,-0.5623944,0.70149845,-0.1832306,-0.19988422,1.0093023,-0.890548,0.9262205,-0.48228094,-0.7039157,-0.16173951,0.47044963,-0.25440052,0.9387625,0.15996556,-0.13983111,0.33596155,-0.26956567,-0.21653342,-0.87477475,-0.5410777,-0.2866676,0.47701,-0.14522743,-0.7365813,0.18234581,-0.3784135,0.5618848,-0.30998814,-0.40645933,0.0127654,-0.1305218,-0.0037164316,0.09814847,0.30780745,1.0651469,-0.5707639,1.190582,-0.4765784,0.32429305,-0.504626,0.5241433,0.33810836,0.040886898,-0.3807829,-0.6022176
IND224141AAB,2.2352614,-0.06369923,0.03396146,0.16373499,-0.16929731,-0.31251717,0.03800703,-0.41771442,-0.17358018,1.1969693,-0.5851313,0.76830775,-0.20827633,-0.19467519,1.0826707,-0.9719256,0.9803078,-0.48013446,-0.8083795,-0.1501561,0.5118273,-0.24829084,0.9753938,0.14357786,-0.15874249,0.37830985,-0.25357696,-0.23621018,-0.92318654,-0.5341627,-0.30109045,0.48725557,-0.12830183,-0.7651474,0.20085773,-0.42137736,0.56443715,-0.30378073,-0.4432549,-0.026110861,-0.13464548,0.004764788,0.10420627,0.27533168,1.117288,-0.52626014,1.2662382,-0.49700063,0.3218705,-0.53888285,0.52650005,0.37261212,0.058382254,-0.39227068,-0.67441213
IND226004AAA,2.0335755,-0.019787058,-0.26769564,0.08204509,0.029480584,-0.015688896,0.07413941,0.09950987,0.6246316,1.020944,-1.0371497,0.96372855,0.76392347,-0.23668392,-0.14791097,-1.3482907,-0.6850828,0.18788955,0.36802638,0.01954554,1.1160955,0.71939313,-0.9458894,0.072419494,0.5481432,0.9678784,-0.39809906,1.4004185,-1.3395389,0.57596564,-0.47810835,-0.050038934,0.8731499,0.51350105,-0.07077063,0.17839079,0.01854796,0.58248496,0.2306054,-0.8859609,-0.32715788,-0.343938,-0.16126916,-0.28041032,0.32293972,0.08068937,-0.08892684,0.7572823,-0.38116637,-0.34933588,0.26479787,-0.06890909,0.19976154,0.49490082,-0.25579885
IND231217AAA,2.0554433,-0.17090724,-0.05493044,-0.17274007,-0.12651166,0.02597269,-0.044117667,0.5854471,-0.86277634,0.54973,-0.56917596,0.7644948,-0.20438594,-0.844732,0.2911743,-0.48274574,0.47536075,0.9449916,0.61299723,0.8303796,-0.65087163,0.17734227,0.35985175,0.935209,-0.34873343,-0.31792387,-0.48659837,0.5624646,0.7135468,-1.0176975,-0.598588,0.0045166165,-0.3389876,0.16523825,0.27592137,0.6886141,0.3793549,-0.18051104,0.44012272,0.77789074,-0.5146419,0.6712581,0.78358537,-1.1748443,0.65334386,-0.43845013,1.1183207,-0.31959885,-0.8846065,0.5780819,-0.6464026,-0.7153925,0.29049984,-0.55138695,0.16968024
IND232101AAB,1.7167667,0.16070236,0.067809165,0.15817823,-0.06979885,0.10394251,0.12114859,-0.23019248,-0.93414587,0.39360973,1.434233,0.33118397,-0.104539946,-0.8734984,1.4307351,0.3602365,0.5603424,1.1230849,0.3415901,-0.14505973,0.011914037,-0.9811609,-0.41423705,-0.46506026,-0.1718143,-0.24220154,-0.07017538,0.6117657,0.352718,-0.21575604,-0.11941764,-0.90098155,-0.2526035,-0.23594354,-0.0711192,-0.62643075,0.043915205,0.06296015,-0.037505418,-0.110154405,-0.12609944,-0.38678342,-0.4475591,0.38294673,0.56528306,0.013282359,-0.43465948,-0.083328076,-0.21064405,-0.10506093,-0.06192498,0.07865348,-0.03081682,-0.28984612,0.21663101
IND232104AAB,1.7956253,0.109940305,0.034754038,0.15180023,-0.0044116303,0.22039245,0.124450825,-0.29324532,-0.8497382,0.49889845,1.2503273,0.36257797,-0.21688421,-0.8900674,1.5780952,0.46087924,0.6203258,1.0876163,0.34523898,-0.33326864,0.09224745,-0.87612355,-0.21411723,-0.261019,-0.014463514,-0.33923185,-0.12384498,0.6240304,0.42575043,-0.04035358,-0.18770915,-0.68530434,-0.33463025,-0.42591012,-0.14560181,-0.65494794,0.2091535,0.2586314,0.2395244,-0.097776905,-0.24273989,-0.5557225,-0.5374197,0.27379635,0.5713903,-0.04715024,-0.40614557,-0.089943595,-0.33740237,-0.103509165,0.03716491,-0.008103766,-0.18082385,-0.3298732,0.3152356
IND233001AAA,1.9138159,0.07230422,0.06617035,0.12837644,-0.013637565,-0.03228903,-0.20306262,0.015213974,-0.6561213,0.28755754,0.91608626,0.24845181,-0.12888926,-0.8755185,1.227048,0.23911993,0.49587807,0.8019868,0.39751136,-0.28393024,0.0450932,-1.1569651,-0.5321196,-0.6450083,-0.24288465,-0.38995343,0.1422117,0.6486777,0.3942803,0.32730347,0.12646958,-0.79275835,-0.26473892,0.115716085,0.08657437,-0.6634634,0.122168176,0.1032552,-0.4698942,0.04272728,-0.41769472,-0.57886255,-0.49442062,-0.02629593,0.47029757,-0.0082836,-0.48461705,-0.020892806,0.22690842,-0.009068944,-0.21355702,0.18217549,0.016286109,-0.23460217,0.1289401
IND242307AAB,2.157775,-0.13455315,-0.24027538,0.67071575,-0.26374668,-0.32261962,-0.39910805,-0.6051369,0.008403197,0.43419614,-0.08481528,0.5594509,0.24471909,-0.04092236,0.5478504,-0.021621,0.7048547,-0.4391701,1.16825,-0.25596547,0.65565395,0.8819978,-0.775282,0.263114,1.1549525,0.9015302,-0.21960369,-0.03541459,1.4587109,-0.24865608,0.42715898,0.5022649,-0.68209195,-0.9385562,-0.33869565,0.30337888,0.54751766,0.2140275,-0.21356484,0.08362876,-0.28611964,-0.3743562,-0.23473668,-0.23447993,-0.22174963,0.46128273,-0.47176534,-0.14401087,-0.4408277,0.5762966,0.5055543,-0.28681,-0.44145483,0.93045133,-0.64361954
IND243001AAA,0.81780374,-0.9125618,0.5378741,-0.23317799,-0.21057624,-1.2841569,-0.54252565,-0.5086129,-0.49905235,0.2701552,-0.8474662,-1.5671858,-0.36007604,0.30839562,-0.761179,-0.2520056,-0.69242597,-0.5616151,0.048477195,0.7382544,-0.325019,-1.2033651,-0.18193549,-0.3870239,-0.32108468,-0.0014757067,-0.066830814,0.12969875,0.41754973,-0.07394522,0.5478937,-0.17536089,-0.08338886,-0.041069373,0.8135438,0.40038997,-0.19061005,-0.17165704,-0.27224597,-0.105759054,0.06425985,0.6871441,0.20200273,0.21974006,0.36074373,-0.296461,0.25321674,0.22895482,0.103150666,0.1006637,-0.20127882,-0.070356995,0.18711883,-0.017695148,-5.2422285e-05
IND243201AAA,0.8715106,-1.0733582,0.16877095,-0.436948,-0.3443105,-1.3589813,-0.9243544,-0.419765,-0.49413145,0.17376119,-0.7529081,-1.2323154,-0.115895346,0.1881449,-0.4629072,0.010079291,-0.21018288,-0.09632087,0.3330077,0.8349741,0.2950748,-0.88208544,-0.50509405,-0.5890741,-0.58803684,0.17532685,-0.1955801,-0.29573852,0.16232592,0.07635725,0.53058237,-0.083711594,-0.057461187,0.107114464,0.4333343,0.34179914,-0.16103688,-0.27775377,-0.28308508,-0.13032429,-0.013342239,0.13559425,0.30839428,0.14293033,0.105875835,-0.044712577,-0.313054,0.35273877,0.24040253,0.23276898,-0.10601659,-0.15873557,0.016818654,0.2837636,-0.13313207
IND243301AAB,1.1262707,-0.9039191,0.32381758,-0.397552,-0.17713636,-1.3459117,-0.5909665,-0.67578703,-0.54686207,-0.19982716,-0.7955001,-0.9676819,-0.100459985,-0.09148302,-0.6567345,-0.065592565,-0.18904652,-0.37867376,-0.12095715,0.79546833,0.09967703,-0.9524908,-0.3296242,-0.37266394,-0.18061104,0.16364932,-0.20384163,0.37668806,0.06906676,-0.014987923,0.5516813,-0.5986158,0.2751201,-0.10364358,0.13872361,0.45741117,-0.019277014,-0.25357205,-0.22898974,0.082393125,-0.11917396,0.058056142,0.26991215,0.15084371,0.34341437,-0.14994735,-0.28264862,0.45627302,0.11333349,0.20221606,0.2619248,0.00096598454,0.11431137,0.7119394,0.2382548
IND243503AAB,0.70896494,-0.9349678,0.47999448,-0.36957014,-0.34968293,-1.1813986,-0.5855605,-0.577693,-0.6425639,0.18853945,-0.72706515,-1.4927675,-0.34993017,0.29236335,-0.6058042,-0.110526875,-0.37215564,-0.6220721,0.15429272,0.86904407,-0.31098625,-0.9727495,-0.29309782,-0.21098824,-0.3338902,-0.023383908,-0.17346756,0.19426113,0.38613898,-0.09688862,0.5469192,-0.12678891,-0.03321179,-0.07034537,0.5393591,0.5621784,-0.096712746,-0.085112125,-0.2290233,-0.006205689,0.067919955,0.59228563,0.23065946,0.15911558,0.37257338,-0.34598702,0.14581586,0.33252785,0.0381032,0.20928004,-0.14329697,0.07490016,0.04234292,-0.004956145,-0.039966688
IND244001AAA,-0.82545555,-1.2986771,0.3326194,-0.380971,-0.10494178,-1.0550594,-0.35227817,0.13278505,-0.15141767,-0.054041993,-0.46224785,-0.8789579,0.13888305,-0.3295027,-0.16873309,-0.13094722,0.52018625,0.100955695,-0.607601,0.13600786,0.22985849,-0.7031456,0.30291697,0.33985794,0.061855637,-0.010139599,0.2515884,-0.08696305,0.08792265,-0.033450045,-0.087942004,-0.06015066,0.04113572,0.2689648,0.28704298,-0.2994539,0.01901707,0.16693446,-0.2525234,0.025631145,-0.115990296,-0.074138954,-0.011048488,-0.2980849,-0.024231195,0.45322388,-0.11928421,-0.0832668,-0.20458327,-0.105387576,0.11753687,0.015040429,-0.29099914,-0.051966514,-0.25228235
IND244221AAA,-1.2302787,-1.2410493,0.38399002,-0.35197255,-0.06114871,-0.9410894,-0.19022872,-0.26253384,-0.05372928,0.012273841,-0.7103731,-0.41975838,-0.01146277,-0.069008194,-0.19360271,-0.28898257,0.47030523,0.100237876,-0.46912545,0.29829156,0.34315678,-0.50849104,0.0036931355,0.015931338,-0.0035531987,0.099044845,-0.043453537,0.3775639,-0.30018228,0.06305799,0.013879746,0.053524137,0.055429257,0.1494757,0.18230054,-0.04080879,0.15278804,0.22050783,-0.29848883,-0.04761781,-0.105903655,0.014653541,-0.23872629,-0.30247295,0.22325712,0.22996512,-0.008869842,-0.30597013,-0.139361,0.028568134,0.14998186,0.21852714,0.023195708,0.2468084,-0.14020455
IND244235AAA,-0.7029989,-1.2274787,0.31614172,-0.40358526,-0.08930763,-1.1071413,-0.48119867,-0.29331273,-0.5382229,-0.07663523,-0.56606376,-0.80956036,-0.0155471545,-0.10421542,-0.2873058,-0.046312302,0.24457183,-0.044929184,0.02471877,0.48173547,-0.022398207,-0.8326341,-0.15556759,-0.23152563,-0.3083595,0.029507935,-0.015242532,0.097421005,-0.051383585,0.018972889,0.25239307,-0.033989318,0.007135935,-0.1648619,0.23873562,0.25939745,0.02202548,-0.106484786,-0.3058382,-0.15195934,0.06305226,0.12706865,0.017299678,0.022932928,0.2578619,-0.09456887,-0.1446873,0.034946237,-0.019971013,0.10819503,0.061804533,0.0984612,0.1261493,0.34959832,0.1099876
IND244301AAA,0.88748896,-1.0031402,0.24199359,-0.5089058,-0.1192879,-1.0877391,-0.6895172,-0.7006812,-0.6006438,0.11649785,-0.68576944,-0.86687124,-0.12968409,-0.041149788,-0.80298775,-0.003990516,-0.19083495,-0.45700344,-0.0012173889,0.9666012,0.24343967,-1.1718845,-0.21007502,-0.50329655,-0.4680559,0.01662153,-0.24214089,0.3314982,-0.05697316,0.06806712,0.33603632,-0.3297382,0.3627757,-0.21592148,0.34613568,0.45472485,-0.060997605,-0.41941333,-0.024724364,0.10395704,-0.13463092,0.24280323,0.46138817,0.107855454,0.23726001,-0.08840285,-0.19996887,0.2067289,0.1906171,0.18274626,-0.062944844,-0.0021105716,0.03581866,0.65129066,0.111273855
IND244412AAA,0.990059,-0.93370605,0.23143466,-0.5837201,-0.088865094,-1.1714475,-0.65072596,-0.43139476,-0.76436836,-0.04539784,-0.6958234,-1.1172668,0.009676972,-0.09048368,-0.6577612,-0.146616,-0.34448922,-0.3959382,0.019088224,0.716862,0.14265147,-1.2091517,-0.40056697,-0.26069224,-0.26358747,0.028606296,-0.25831842,0.22906832,0.051513195,-0.005222872,0.43539095,-0.42239702,0.24331415,-0.38215417,0.15848711,0.37909764,0.0027226135,-0.29399186,-0.03317266,-0.26291084,0.024240134,0.14430413,-0.11034789,0.29669356,0.34397396,-0.04591214,-0.37663716,0.33637878,0.09196207,0.29920104,0.22922398,-0.2846384,0.06915265,0.56101936,0.31766605
IND244601AAB,0.6384722,-1.0040233,0.18188877,-0.42620742,-0.28496566,-1.2889059,-0.59171,-0.5964977,-0.7122148,0.03696739,-0.91818446,-1.0208956,-0.013313293,0.010946771,-0.58858323,0.10344805,-0.12188588,-0.4276487,0.25588864,0.49034166,0.09466114,-1.1354588,-0.6494947,-0.45806336,-0.40173298,-0.017799944,0.0032191575,-0.011847615,-0.069451876,0.065112546,0.5366076,-0.42614606,-0.17207818,-0.08660975,0.38419765,0.39373833,-0.13534144,-0.1466215,-0.073708266,-0.0732885,0.0725006,0.23163262,0.39503482,0.18097965,0.18229003,-0.22483812,-0.22359018,0.10208364,0.17811516,0.057991005,-0.048501223,0.15380087,0.14186622,0.28676105,0.009116054
IND244901AAB,0.5121068,-1.0552255,0.26098177,-0.35200697,-0.21636179,-1.2635465,-0.74417216,-0.3590446,-0.49866074,0.08212495,-0.81611866,-1.0228696,-0.039045583,-0.058180228,-0.4918006,0.053258006,0.0009230748,-0.27259687,0.09894213,0.67281175,-0.02013094,-0.97199726,-0.43878403,-0.3647621,-0.36609977,-0.15002033,-0.18307097,0.095336914,0.010448918,-0.09594993,0.43230522,-0.18177544,-0.05657263,-0.20235138,0.37893236,0.36251026,0.035444267,-0.070771605,-0.24963033,-0.30765706,0.12448183,0.22591966,0.21064219,0.0876777,0.39701667,-0.32460248,-0.22186735,0.38488284,0.13839361,0.06567026,0.14179052,0.09716367,0.23919854,0.58632666,-0.014589533
IND244921AAB,0.87689984,-1.0456883,0.230909,-0.39494616,-0.35288557,-1.2742131,-0.9646327,-0.35217893,-0.53116053,0.2321319,-0.9001829,-1.1597717,-0.16792145,0.10586568,-0.5459272,0.2163816,-0.18639317,-0.27366138,0.2884037,0.73001724,0.2687623,-0.6988107,-0.4120889,-0.5303203,-0.48029894,0.14043537,-0.27718663,-0.33637667,-0.023503855,-0.091078386,0.4724473,-0.06783509,0.042449072,-0.19308282,0.42562515,0.6877552,-0.09556776,-0.40680724,-0.3184582,-0.37196004,0.1857262,0.03548057,0.19342473,0.24917597,0.27904606,-0.11565964,-0.27170992,0.26025376,0.0959111,-0.04091898,0.01537922,-0.12214786,0.24615268,0.32302824,0.032529302
IND245101AAA,-0.998026,-1.5861651,0.07292508,0.13406684,-0.25562325,0.06492847,-0.23075616,0.15587872,-0.1540245,0.16816366,0.31928223,0.21032153,0.091547266,-0.12334585,-0.26845002,0.039850984,-0.035523366,0.1938166,0.70132905,-0.051247105,0.20784661,-0.072273016,-0.4135715,0.3107039,0.00023725629,-0.008157156,-0.16235963,-1.0863625,-0.38642192,-0.36350846,0.43101287,-0.120621175,-0.14631483,0.5131725,0.31378657,0.6096749,-0.10464647,0.39606017,0.21018344,0.24075487,0.3136268,0.5021694,-0.64017123,-0.24214467,0.11376706,0.18846205,-0.68044,-0.1091255,-0.04002567,-0.32806158,0.4539612,0.12692097,0.24316941,0.18557096,-0.18479624
IND245304AAA,-1.10718,-1.4719446,0.04951009,0.085200384,-0.2970129,0.05920537,-0.19108494,0.1351664,-0.120382294,0.1436716,0.353454,0.22792228,0.13976717,-0.20506907,-0.18526173,-0.05356583,0.04033692,0.1772401,0.5830296,-0.0070382105,0.12856504,-0.06466243,-0.36562738,0.37814653,0.0981686,0.052921206,-0.21956086,-0.9462768,-0.37666374,-0.23892905,0.50396293,-0.1983963,-0.16058332,0.39707726,0.28281513,0.52009636,-0.031560846,0.34828264,0.23925245,0.24808146,0.22669885,0.5419482,-0.6027239,-0.1908626,0.1832704,0.21342914,-0.6603346,-0.07474286,0.03159587,-0.29995838,0.35975423,0.18242204,0.30942428,0.22556192,-0.2845027
IND246174AAA,2.0843906,-0.09185982,-0.070467874,-0.45354927,0.08884594,-0.34921238,0.727763,-0.833899,-0.699731,0.68194014,-0.21907194,0.23401846,0.42579725,1.0245643,0.15763581,0.8050662,0.633631,-0.35786927,-0.93325573,0.0662365,0.25372264,-0.24073258,0.25595638,0.75691015,-1.3287548,-0.46206924,1.3085675,-0.41922688,-0.02058493,-0.007690374,-0.5151505,0.049357615,0.8193592,-0.60882246,-0.7712652,0.9094673,-0.22876322,0.3431307,0.55568886,-1.2473485,0.4442294,0.20955914,-0.03034173,-0.22026262,1.013876,-0.5705277,-0.2654994,0.29838413,-0.8464033,0.077327505,-0.4207251,-0.59372306,-0.12862493,-0.012922611,-0.0643934
IND246424AAA,1.863068,-0.074105926,-0.060861483,-0.44468266,0.08213514,-0.3328684,0.6999878,-0.78574014,-0.70090836,0.65232843,-0.22113079,0.18868436,0.37303078,0.97795445,0.19056869,0.7612292,0.5971705,-0.34653735,-0.8792676,0.08298889,0.24242705,-0.22996241,0.2776031,0.71661186,-1.289695,-0.43673384,1.2453015,-0.42106277,-0.0130017325,0.010834588,-0.48962075,0.023721024,0.7484715,-0.5806876,-0.7614773,0.85992724,-0.2113859,0.3253755,0.53213584,-1.2005544,0.40084514,0.19956504,-0.053760223,-0.21175292,0.9947543,-0.54616207,-0.27466384,0.2655751,-0.80328995,0.059014685,-0.40232158,-0.5811501,-0.13512336,0.004353706,-0.03971429
IND246701AAA,2.1107664,0.020112947,-0.121472314,-0.6868364,-0.14022121,-0.29985404,-0.17421171,-0.20835784,-0.03929521,-0.08423854,0.35775143,-0.08462156,0.14297524,0.9964991,-0.117069945,-0.7931023,1.2842057,-0.33344573,-0.9786561,0.11914761,-0.2716768,-0.29717237,-0.15995368,1.1522601,0.1888391,0.27939254,-0.91022724,-0.7791776,0.06498678,0.31133795,0.67168576,-0.46761236,-0.4854761,-1.4920299,-0.3447584,0.5675772,0.6277391,0.21816434,-0.8229604,0.13060586,-0.9078256,-0.046282947,0.61337274,-0.108436495,-0.28058207,-0.6695654,-0.93251765,0.97574145,0.4706515,0.47028095,0.091342434,0.34202793,0.005483154,-0.16457728,0.11204435
IND247554AAA,-0.89474523,-1.4575642,0.2753814,-0.40598488,0.18591529,-0.9726535,-0.25429767,-0.7100948,-0.30784243,0.16980886,-0.5100559,-0.61337334,-0.09300576,-0.23284213,0.19188522,0.012170691,0.5463179,0.4837428,-0.23559238,0.4781006,-0.047521375,-0.46689063,-0.4238555,0.038892686,0.100016855,-0.0601604,-0.14343482,-0.038487747,-0.3238405,-0.027646288,0.2545206,0.17008293,0.01049383,-0.24941905,0.41273183,-0.1243253,0.08034124,-0.16050147,-0.22518261,0.2519391,-0.14953157,0.18131451,-0.34243754,0.10770407,-0.116573006,0.22600722,0.16382612,-0.66545373,-0.7513292,-0.15690553,0.2942106,-0.24371713,0.23449454,-0.3241245,0.011902064
IND247776AAA,-0.9058867,-1.5201308,0.35545102,-0.38284373,0.1930457,-0.8544518,-0.3361067,-0.20275387,-0.46506155,-0.012144022,-0.68744946,-0.43773156,0.11490322,-0.40906048,0.03591857,-0.49624726,0.4348844,0.14456618,-0.3267722,0.027311228,0.10086266,-0.91522205,-0.19289887,0.024090946,0.15539396,0.1548911,-0.24692737,0.33912873,-0.57854867,0.5525726,0.048605405,0.0945795,-0.17831296,0.058510073,0.5879855,0.15977529,-0.24737814,0.18717538,0.04652664,-0.18584599,-0.16831136,0.25775206,-0.14302641,-0.25581533,-0.40132123,-0.09653911,0.033092216,0.026496455,-0.18684006,0.16857877,0.055655792,0.02528784,-0.38528052,-0.21416919,0.061457902
IND248001AAA,-0.92683953,-1.4578825,0.2281273,-0.4844674,0.12533629,-0.95613897,-0.2699275,-0.6365758,-0.3146541,0.115001135,-0.54986656,-0.58779126,-0.08628526,-0.27497685,0.19279675,-0.053942453,0.4947752,0.44584313,-0.23470004,0.44432694,0.005898185,-0.43100485,-0.3903694,0.04591325,0.0055039283,-0.003696978,-0.17365357,0.007579457,-0.18498388,-0.008747593,0.11189777,0.07177496,0.13205919,-0.13333535,0.31599632,-0.053762205,0.11651958,-0.15800713,-0.2002921,0.18915333,-0.21125227,0.20796862,-0.46124414,-0.016002983,-0.035712272,0.2860571,0.23656549,-0.6519622,-0.56943804,-0.024424471,0.16987604,-0.18570179,0.20455804,-0.16850628,0.07313101
IND248001AAD,-1.1309173,-1.2703533,0.3320332,-0.42533088,-0.22438008,-1.1569583,-0.2496512,-0.39452052,-0.19567434,-0.16152275,-0.4556129,-0.42940867,0.08019722,-0.19513933,-0.31267267,-0.23232591,0.19087519,0.1897864,-0.29637742,0.22642541,0.29360986,-0.4247609,-0.21569559,0.067322865,-0.014793802,-0.07340619,0.14938883,0.14157248,-0.21082021,0.16140689,-0.13060468,-0.0071172863,0.12851879,0.004360214,0.5690582,-0.20906872,-0.07291854,0.11464691,-0.20415217,-0.00045768544,-0.12685198,0.14345883,-0.26683524,-0.24859944,-0.14795709,0.34638602,-0.02215948,-0.25969824,-0.0635467,0.18980274,-0.018146738,0.1727033,-0.016187917,0.19754274,-0.13306224
IND248197AAA,1.3014559,0.104326114,-0.03388101,0.011367291,0.02510392,-0.032684505,0.026898244,-0.033776052,0.011411294,0.043185808,-0.007352233,0.008293271,0.014588714,-0.0061654896,0.014772812,0.041332323,0.0032216012,-0.045300096,-0.0057158386,-0.00045623793,0.03942996,0.011639625,-0.043744884,0.008542396,0.015488461,0.088113025,0.044017524,0.013856418,0.055551335,0.0017102212,-0.087654516,0.017981082,-0.015231907,-0.015217021,-0.020686127,0.020662006,0.010582212,0.02191506,0.04837136,-0.06651999,-0.044163182,-0.04547274,-0.04562319,-0.05421999,-0.08692774,0.01573892,0.041374907,-0.036084272,-0.012493346,0.036187097,-0.094885424,0.027201556,-0.053508457,-0.08567883,-0.087031186
IND249407AAA,-0.96739936,-1.2989523,0.36365923,-0.39570075,-0.09297285,-1.1913362,-0.23391762,-0.103828885,0.035781175,-0.08834695,-0.71946615,-0.4376076,0.083036736,-0.410365,-0.15619065,-0.33890617,0.43480155,0.18017223,-0.02990571,0.1753338,-0.46513322,-0.54199684,-0.08978748,-0.06687557,0.25330466,0.18431449,0.004004076,0.61643517,0.027680643,-0.0007446036,0.3649605,0.05269701,0.106373705,0.054553706,0.069200814,-0.123494565,0.27869678,-0.1105076,-0.17118414,0.32959455,0.1732709,0.058770638,-0.59781206,-0.46659827,-0.37552363,0.40237758,0.013273217,0.039005592,-0.43336165,0.11860479,0.1506719,0.472721,0.11365828,0.20329124,0.13723552
IND250002AAA,-1.1735411,-1.3107163,0.44903404,-0.33860373,0.03386621,-1.0043617,-0.25963393,-0.28263545,-0.08583181,-0.043625176,-0.5650573,-0.5352172,0.1518037,-0.18610385,-0.13545129,-0.27357656,0.33174393,0.026808195,-0.40980577,0.21510305,0.21339822,-0.5422659,0.023826737,0.19602428,0.04170256,-0.049868695,-0.05528271,0.077595755,-0.2712771,0.32128,-0.030794322,-0.08826694,0.28057563,0.009945057,0.2305111,-0.21172515,-0.20295969,0.07289196,-0.08780842,0.153529,0.21284072,0.1312211,-0.49077436,-0.15931755,0.07597037,0.145958,0.18657447,-0.08950145,-0.2803273,0.3467851,0.19668703,-0.09699637,-0.03057215,0.22953317,0.061353512
IND250611AAA,-1.0212427,-1.4064711,0.32809508,-0.404319,-0.0039811246,-0.8367146,-0.31987342,-0.19392753,-0.32890803,-0.024303325,-0.6261194,-0.50444025,0.12066451,-0.31707668,-0.0042999047,-0.4208738,0.26541665,0.069665976,-0.43093705,0.03233105,0.16451302,-0.8053143,-0.21734482,-0.051740855,0.22617882,-0.021321394,-0.1058582,0.25016743,-0.4417022,0.45714736,-0.005712807,0.07042035,-0.2685595,-0.031205878,0.517746,0.11381823,-0.082536235,0.30024052,0.10475245,-0.09881456,-0.19110304,0.22134566,-0.2930335,-0.03952653,-0.3158309,0.043472476,-0.0077148974,0.043978266,-0.131003,0.18383124,0.082743354,0.12504447,-0.28291905,-0.17721727,0.09648137
IND251309AAB,-0.9293309,-1.4678049,0.36814678,-0.3269875,0.13530242,-0.9996501,-0.3661415,-0.09341759,-0.30927616,-0.0039948113,-0.659076,-0.43603724,0.076427236,-0.2586894,-0.12409719,-0.48294345,0.4961033,0.1668941,-0.27975988,0.12580325,0.036039524,-0.7175523,-0.16686362,0.055260487,0.00011701882,0.16585305,-0.07678737,0.30455405,-0.5565269,0.40109843,0.10118398,0.14255492,-0.26953566,0.122054674,0.39517778,0.03327357,-0.1786533,0.12247993,0.06641988,-0.113673195,-0.3049786,0.20115733,-0.13062125,-0.29436538,-0.37321413,-0.11992214,0.10145073,0.13939445,-0.18112023,0.22634086,0.091379024,-0.006336696,-0.24193138,-0.19248916,0.0038462877
IND261001AAA,2.2867827,-0.08288257,-0.26588663,0.35293096,-0.16502613,-0.059351414,0.047841176,-1.0701134,0.71319026,-0.5326814,0.03953516,0.25703096,-0.27481908,0.032934085,0.183951,-1.0515138,0.19233662,-0.30613655,0.31265265,0.7640168,-0.018456044,0.5117706,-0.60888773,-0.5645536,-0.2232249,-0.7602811,-0.853232,-0.31437653,-0.8466387,-0.6838336,-1.3563328,-0.93202174,-0.56744695,0.060952786,-0.9608808,0.0005021058,-0.7743251,-0.0026345327,0.25259355,-0.2091978,-0.09896541,0.41346106,0.5029162,0.138358,-0.4298064,1.2325213,-0.98177636,0.7136831,-0.048494246,-0.5766952,-0.17029078,-0.39908424,0.013630375,-0.34499693,-0.22225544
IND261201AAB,2.0625253,-0.09300201,-0.22488907,0.30483818,-0.16944033,-0.051468767,0.053294078,-1.0777171,0.6583689,-0.5370505,-0.0034856088,0.22326694,-0.23881955,0.08260575,0.18522185,-0.9812205,0.1982366,-0.25965613,0.31092054,0.74778587,-0.03058038,0.49291354,-0.5426448,-0.5157275,-0.21961017,-0.7351314,-0.86197555,-0.26659316,-0.82094055,-0.67688227,-1.2892392,-0.8978026,-0.5302783,0.06518099,-0.8906273,0.011613384,-0.713696,0.03844545,0.26597708,-0.18487811,-0.07700983,0.38993528,0.5015854,0.14066201,-0.42237765,1.195829,-0.915845,0.698097,-0.050529998,-0.59938014,-0.17970781,-0.36656544,0.019206729,-0.34462693,-0.2074233
IND262001AAA,0.8916513,-0.9550082,0.1859137,-0.40986568,-0.28496066,-1.3929555,-0.9107009,-0.23912719,-0.53543794,0.1414012,-0.8637972,-1.2220274,-0.031303406,0.103318855,-0.50068283,0.06582248,-0.14004289,-0.11815795,0.4471593,0.8402127,0.3464286,-0.7487917,-0.3332897,-0.6867959,-0.7269407,0.13593233,-0.37299868,-0.32891715,0.15089813,-0.021949336,0.44704258,-0.10250883,0.060060382,-0.18858893,0.53609127,0.6440247,-0.08242199,-0.106817245,-0.28962913,0.0034422167,0.21975842,0.045671225,0.21345413,0.117188156,-0.03845419,-0.31100172,-0.31219974,0.27685377,0.09206273,-0.02214817,-0.15526648,-0.15445152,0.15495,0.43819416,0.027750887
IND262122AAB,0.93698823,-1.0635389,0.0873018,-0.2533372,-0.4293742,-1.4445188,-0.8734469,-0.4818986,-0.42660058,0.22532865,-0.7697834,-1.452212,-0.035630196,0.075806126,-0.56021345,0.035377625,-0.24810775,-0.1315674,0.4388569,0.6394875,0.15270713,-0.84900045,-0.48233768,-0.45451844,-0.42270368,0.0313427,-0.35031012,-0.4299311,-0.035176992,-0.12089361,0.42697042,-0.3006296,0.06782141,-0.11838709,0.3487066,0.53804994,-0.10954734,-0.5136645,-0.3168489,-0.1076671,0.12480059,-0.014231503,0.2898567,-0.005171776,0.10146252,0.14540601,-0.16577074,0.39188594,0.184687,0.1043969,-0.19338714,-0.10893684,-0.004414227,0.36112013,0.018605843
IND262405AAA,-0.06541848,-1.3809453,0.17155959,-0.506146,0.010333959,-1.1192336,-0.8079607,0.2891707,0.087679476,-0.17233631,-0.41254896,-0.92740583,0.34534025,-0.35702103,-0.24974902,0.003852386,0.19959712,0.1701607,-0.69872683,0.31601495,-0.009616561,-0.6411276,0.70293874,0.29937005,0.06296016,-0.015970774,0.44156086,-0.14538229,0.25282562,0.0863781,-0.29112402,0.39027262,-0.009972334,0.4150946,0.2243439,-0.4038185,0.22486338,0.09431946,-0.16738272,0.27054703,-0.122620225,-0.13127142,-0.019722812,-0.58572245,-0.21171236,0.66906494,-0.007939026,-0.3219247,-0.13569357,-0.017861295,0.171622,-0.30311897,-0.69028896,-0.18563314,-0.13841721
IND262501AAA,0.0204283,-1.240111,0.11435521,-0.41492248,-0.21123108,-1.1250564,-0.7129589,0.6536917,0.07612632,-0.040747754,-0.6007598,-0.7947163,0.42878878,-0.4708317,-0.32753158,-0.032723915,0.43094993,0.5789331,-0.44332707,0.33273095,0.20260316,-1.0272009,0.73761135,0.28633255,0.18914647,-0.18797727,0.32162365,-0.021617994,0.28141266,-0.30755204,-0.37809652,0.1960285,0.13880184,0.34108227,0.066010706,-0.5018872,-0.06898174,0.13449119,-0.106334165,0.48730347,-0.060972773,-0.029335737,0.11388982,-0.63167983,0.08569746,0.69512475,-0.2022546,-0.3433562,-0.046593893,-0.08516614,0.12429331,-0.28865933,-0.35698208,-0.20222957,-0.447051
IND262802AAA,2.0962958,0.09407158,-0.530601,0.43168277,0.07862858,0.57598114,-0.08518366,-0.29104167,0.6043321,1.2482729,-2.148364,0.18890603,0.3920614,0.4455648,-1.3666728,0.33999556,1.22607,-0.07890302,-0.20772368,0.27979326,-0.08067907,0.17171842,0.011975147,-0.8349475,0.23721667,0.5075324,-0.008618787,-0.071536854,0.8733106,0.28597397,-0.53575087,0.44716725,-0.95593643,-0.53781927,0.58751106,0.1794326,0.72632813,-0.34823686,-0.888453,-0.24981345,0.12190893,0.9680131,-0.2847133,-0.564789,-0.294579,0.24390072,-0.8611991,-0.50313604,-0.2744952,-0.4558067,0.013635084,-0.24833173,0.046858158,0.09464735,-0.6619446
IND263002AAA,0.20239985,-1.2150049,0.19854872,-0.41703176,-0.005628843,-1.2690549,-0.58146304,0.5588098,-0.12078677,-0.055454455,-0.4730664,-0.9926196,0.60052,-0.4124936,-0.26339823,0.07826194,0.42751253,0.23640326,-0.47880733,0.066146806,-0.05830703,-0.82616174,0.90167415,0.28149402,0.38229722,-0.36560807,0.11253548,-0.2546271,0.13068439,-0.27135348,-0.3532709,0.18588768,0.066555545,0.1889795,0.09400939,-0.68096143,0.018445529,0.22780715,-0.0059348457,0.2572154,-0.088555336,0.13416576,-0.27726698,-0.40519926,-0.16354054,0.806197,-0.03441763,-0.4365989,-0.41200686,-0.062388077,0.050704464,-0.29897398,-0.529349,-0.24856724,-0.43208283
IND263153AAB,-0.20488095,-1.3667802,0.26517338,-0.2573407,-0.13252479,-1.0419561,-0.61982614,0.33849555,-0.07532963,-0.07039265,-0.39256376,-0.9801386,0.289744,-0.29997528,-0.21072663,0.12068327,0.47907874,0.3649709,-0.41303217,0.18616055,0.052501746,-0.6638255,0.49120566,0.31587404,0.16337214,0.04435146,0.22225398,0.051509522,0.039675355,0.043935396,-0.1036275,0.26836425,0.07834259,0.14808285,0.22718722,-0.41523498,0.18557358,0.23696168,-0.0756023,0.2479038,-0.23482683,-0.14434975,-0.06803513,-0.63684857,0.0032495707,0.6416647,-0.114840806,-0.24832597,-0.03892228,-0.23567307,0.07020958,-0.24935564,-0.55026686,-0.31659344,-0.57366574
IND263601AAA,0.23708642,-1.3916475,0.12915573,-0.4011317,-0.2346049,-1.2268462,-0.7960448,0.7498715,-0.04304993,-0.037267525,-0.54649425,-0.89266163,0.56550443,-0.37126082,0.03697706,0.05337159,0.35872138,0.34069535,-0.31663096,0.26135653,0.25782296,-0.9972633,0.83957046,0.44552508,0.3169465,-0.20464516,0.25733727,-0.10555074,0.021521673,-0.06670423,-0.3501981,0.17505977,0.10421857,0.1885924,0.031714045,-0.40615398,0.048741683,0.103812054,-0.11582428,0.36015496,-0.04673768,-0.014265619,-0.0875814,-0.41548997,-0.091283366,0.7811975,-0.2170283,-0.24223971,-0.48512593,-0.46023738,0.18281345,-0.1283791,-0.2817093,-0.14699867,-0.582641
IND271001AAA,2.0674858,0.25679785,0.45515528,-0.10200983,-0.21486801,-0.4698989,0.98591965,-0.32306567,0.28204644,0.1743024,-0.91944385,0.16956893,0.6761779,0.18965857,0.10346675,0.2610156,-1.0754076,-0.28176492,0.9543577,-1.1211755,-0.92116064,-0.18628293,-1.0933628,-0.58148,1.2384764,0.32400253,-0.18501368,-0.5551926,-0.12627019,0.46750343,0.2794919,-0.5009093,0.8286649,-0.0872134,-0.39489394,0.07286541,0.64466476,0.0006294977,-0.32950518,0.17430542,-0.17490943,-0.4073989,-0.7411932,0.3413112,-0.036125675,1.364579,0.020077758,0.16873367,0.04946154,0.022894282,-0.14296232,-0.2744275,-0.027031977,0.253747,0.13035713
IND271201AAA,2.1964006,0.28020728,0.47584203,-0.098603204,-0.2454018,-0.47406468,0.99808985,-0.27967525,0.3621056,0.1736288,-0.9754774,0.22272111,0.69498,0.19472326,0.12421855,0.2589944,-1.1101253,-0.2838583,0.93529165,-1.1845541,-0.962646,-0.1627565,-1.1630204,-0.59309256,1.2507758,0.35651666,-0.18390444,-0.55726653,-0.112217546,0.47491664,0.29725885,-0.50261736,0.88313174,-0.0597492,-0.35678145,0.077792324,0.6948408,0.025812797,-0.3212755,0.12343836,-0.1885964,-0.45572668,-0.78000265,0.33256048,-0.0025646985,1.3842548,0.06939067,0.12330677,0.05782766,0.029501945,-0.1025608,-0.2974975,-0.030077282,0.25228843,0.1003978
IND271210AAA,2.087533,0.28209502,0.4366276,-0.12561387,-0.22438174,-0.5047445,0.9792851,-0.25860965,0.31511366,0.17451233,-0.962501,0.19019876,0.68710047,0.11874391,0.1394942,0.24940433,-1.120389,-0.33442315,0.9553484,-1.143716,-0.9144678,-0.17922942,-1.0901816,-0.56589067,1.253247,0.33678344,-0.16700856,-0.5653409,-0.101956144,0.46462965,0.2652711,-0.49308684,0.8393588,-0.07630041,-0.34064326,0.053029403,0.66748285,-0.019984528,-0.3701195,0.13637343,-0.16388382,-0.43919432,-0.7572779,0.33488896,-0.035303086,1.3593055,0.038906068,0.1288424,0.025032856,-0.00017990172,-0.119251,-0.2553233,-0.021970462,0.24701178,0.12187205
IND272001AAA,0.42888057,-1.1616303,-0.42874858,0.3039958,-1.02346,0.24112575,1.7508317,-0.08719408,0.8538534,0.25264946,0.17697914,-0.08140176,0.258167,0.5350006,-0.07192372,0.1857818,-0.5145228,-0.0122653395,0.25453585,0.36050093,0.09022601,-0.3026552,0.38133734,-0.4114311,0.27876955,-0.48103932,-0.48981458,-0.7127718,-0.02295351,0.2590001,-0.1839154,-0.30580273,-0.19193737,-0.27909583,0.28066233,0.5556521,-0.34079397,0.29397833,0.17133696,-0.45629495,0.3123155,-0.112629294,0.012680493,0.028162833,0.26497206,-0.16630101,0.33560753,-0.5136706,0.3170591,-0.2205942,-0.42396146,-0.017477326,0.42208755,0.024204217,-0.3229079
IND272155AAA,0.47458708,-1.1656264,-0.3607305,0.23980527,-0.87523675,0.29250178,1.9116691,-0.0058579072,0.98567456,0.26185977,0.43322158,-0.16779436,0.3274154,0.6180945,-0.14389162,0.24753775,-0.44325316,0.019613717,0.2382191,0.40377873,-0.09307287,-0.2545163,0.4922718,-0.3113236,0.21997058,-0.4753236,-0.63557917,-0.5069888,0.04185997,0.15372647,-0.18532032,-0.08498672,-0.15298147,-0.4227342,0.13384447,0.51803666,-0.41648105,0.48451936,0.20147395,-0.5365853,0.27512425,0.014268409,-0.06737939,-0.13548255,0.19697836,-0.3637393,0.15077974,-0.7098723,0.32409397,-0.091027826,-0.3562563,-0.025297344,0.5277306,0.025769617,-0.56070185
IND272207AAB,1.278232,0.109338626,-0.009676188,0.04092315,-0.015308738,-0.04115048,-0.016418954,-0.12427045,0.006205097,0.08727399,-0.00084290653,0.007770762,0.046382397,0.012092128,0.059044212,0.011288244,-0.048480097,0.0020144805,-0.018587975,0.050432492,0.030294042,0.06340858,-0.08700969,0.017773375,-0.008521959,0.05692105,0.022291064,-0.009364285,0.05631478,0.03029193,-0.09633829,0.052808046,0.013099556,-0.0069179535,0.010239802,0.0064365864,0.057589985,0.016183466,0.03374408,-0.0919375,-0.032221675,-0.10305926,-0.05133017,-0.032250546,-0.1261676,0.03347826,0.024002507,-0.013076849,-0.058245342,0.07423062,-0.0999984,0.019652672,-0.045356717,-0.04689719,-0.09672898
IND273014AAB,0.06095469,-1.1050498,-0.51656795,0.015433311,-0.77302516,0.17549899,1.6917459,-0.020376883,0.7182844,0.29767615,-0.16643551,-0.27898842,0.34634,0.2131112,-0.069515124,0.14130732,-0.67439234,0.22828667,0.2348563,0.37515044,-0.08650753,-0.25851467,0.2793765,-0.21546635,0.13010839,-0.79000115,-0.33768016,-0.5844698,-0.15843509,0.3755775,-0.16507232,-0.14635456,-0.08620526,-0.31522435,0.096161805,0.27823627,-0.17574283,0.2789771,0.034890145,-0.6809082,0.119971186,-0.06269294,0.07450219,0.15747446,0.13487378,-0.24940239,0.114827976,-0.3364363,0.11537151,-0.34126842,-0.3162362,0.046060015,-0.036086198,-0.061480675,0.0086916685
IND273304AAA,0.22142088,-1.0647026,-0.46459517,0.11807732,-0.9526147,0.24749081,1.7264186,-0.13115484,0.785641,0.2805567,-0.0025170352,-0.35887814,0.28710157,-0.046819955,-0.22582103,0.023707379,-0.4952826,-0.0027168766,-0.018471163,0.41022205,-0.22200918,-0.40480664,0.39699063,-0.36045218,0.16738729,-0.5467779,-0.2630033,-0.69698095,0.005795285,0.34781563,-0.31559682,-0.05261326,-0.0048250295,-0.398727,-0.05808068,0.44514316,-0.21705806,0.30942464,0.070693746,-0.48417586,0.23674875,-0.08740489,0.14447466,0.20102653,0.037498347,-0.19711912,0.16179062,-0.64117193,0.23931904,-0.2939943,-0.23972715,0.03895574,0.07147133,-0.1848874,0.07831652
IND274402AAA,0.5482477,-1.0302466,-0.37365982,0.05802153,-0.89687014,0.2666477,1.8165632,-0.25242573,0.7564966,0.4348588,-0.08842002,-0.59545916,0.4107594,-0.13575692,-0.1469402,-0.15511166,-0.63261384,-0.13858366,-0.01005967,0.7070408,-0.38000065,-0.43911806,0.3703614,-0.33942327,0.109288976,-1.1317937,-0.49465522,-0.38012713,-0.3352191,0.008092955,-0.52368957,-0.17981753,0.11823451,0.056780443,0.0726168,0.12086037,-0.32839537,0.33470201,0.44777083,-0.474387,-0.0030316934,-0.28935093,0.25644538,0.38306257,0.09481364,-0.21804982,0.22664128,-0.307706,-0.1916945,-0.19038036,-0.5206935,0.17075965,0.41331214,-0.09428041,-0.046830967
IND276128AAA,2.391694,0.1967522,-0.41175058,-0.039483234,0.21769929,-0.13406155,0.31502414,-1.2967867,-0.13455544,1.1523645,0.51945907,-0.79694533,-0.39575505,-0.29802728,0.3232607,0.06445302,-0.5051579,0.40607855,0.635588,-0.088914074,-0.29106537,0.072294176,0.37851122,1.3879554,-0.871718,-0.9065717,0.2440674,0.27167505,0.8056533,-0.023638085,0.5804608,-0.6800984,-0.24924782,-0.11090876,0.48473728,0.120411366,-0.7324122,1.1153951,0.16119775,-0.46270722,-0.01476872,-0.6240592,0.018441983,-0.85595435,-0.83919674,-0.08246037,0.47121257,0.350955,0.20611566,0.10268799,0.37708426,-0.35646102,-0.38256085,0.01967495,-0.105419695
IND276129AAA,1.6468636,0.056813754,0.07587464,0.22115983,-0.12666667,0.07316077,0.09276134,-0.3027056,-0.7889313,0.5973368,1.0873039,0.29327375,-0.2379133,-0.9409026,1.5249522,0.50037557,0.6641475,1.0420134,0.5038399,-0.18770851,0.31430128,-1.2072498,-0.4251121,-0.4095873,-0.19253951,-0.2536241,-0.15585323,0.60824925,0.35801554,-0.07595056,-0.16644555,-0.8480991,-0.34775373,-0.16469096,-0.026321838,-0.6928626,-0.07835622,0.111308664,-0.15243503,0.014553094,-0.17416917,-0.46431136,-0.41729143,0.14939824,0.44370267,0.080810905,-0.5486338,-0.07124277,-0.09536415,-0.05164298,-0.20222078,-0.0046910783,-0.18959768,-0.31661835,0.049680665
IND281121AAB,-1.4879352,-1.4312899,-0.03816791,-0.4275086,0.058864817,-0.15994829,0.27247462,0.04799373,0.10291608,0.36261195,0.2123712,0.12070237,0.43795055,-0.5666613,-0.23875795,0.21330206,0.37977275,-0.16772293,0.03891593,0.088777475,-0.15947932,0.3614324,0.16066703,0.058871955,0.09492037,-0.0884047,-0.13030979,-0.110948764,-0.18069507,-0.12765479,0.04544604,-0.3913584,0.1084812,0.14347187,0.039827406,0.11976105,-0.03492132,0.12725039,-0.20739004,-0.21033524,-0.2204034,0.26030022,0.13413152,0.15811174,0.01795052,0.1300533,0.04786162,0.11010158,0.35094714,-0.19311038,-0.103205964,-0.082806975,0.00023144484,-0.0075992756,0.27677047
IND281401AAA,-1.1657017,-1.218901,-0.016861446,-0.08619477,-0.34088525,0.13352537,-0.1268059,0.2832873,0.24307714,-0.028111717,0.13884793,0.24313994,0.12560333,-0.45533675,-0.66695243,0.31258228,0.29323858,-0.7950207,-0.15686238,-0.40204614,-0.12103336,-0.27276164,0.22338724,0.35762042,0.061358623,0.47221297,0.23521233,-0.59619164,-0.27334034,0.09550405,0.18188913,-0.26092738,0.15570927,-0.5400247,-0.013245001,-0.024625694,-0.09252207,0.0012842212,0.10235228,0.23086289,-0.13063242,0.3092617,0.4143124,0.46194524,-0.3229428,-0.57295424,-0.119574085,-0.39149743,0.6379743,0.10024784,0.017068878,0.30140546,-0.3572794,0.64790654,0.30165464
IND282001AAA,-1.4014267,-1.2937405,-0.2656897,-0.2793967,-0.20036563,-0.043948106,1.0147135,0.10718092,0.30986613,0.43725875,0.30027437,-0.07248399,0.04960074,-0.19425106,-0.1525811,0.21562538,-0.047478344,-0.06405608,0.2095595,0.16185649,0.019196242,-0.0022884987,0.34519416,0.07056692,0.111200936,-0.045122385,-0.22422689,-0.05825998,-0.20543997,-0.06965897,0.13206685,-0.20495452,0.008932275,0.02638156,-0.013158526,-0.10184407,-0.012135986,0.1840093,0.025488496,-0.044850383,0.011340927,-0.07706158,0.0613928,0.16700384,0.081704795,0.09591893,0.062135994,0.20354196,0.39232427,-0.22236791,-0.13998659,0.06330946,-0.11272557,0.06447849,-0.059114188
IND282001AAF,-1.1467292,-0.8162545,0.23792525,0.32071185,-0.57085425,0.5384848,-0.16050406,0.5389309,0.27722895,-0.3112473,-0.015875567,0.3022859,-0.0626533,0.21216331,0.39181846,0.65723836,-0.01446376,0.37318873,-0.7655839,-0.258044,0.19187379,0.47226292,-0.96873116,0.5118148,0.28862274,-0.06551574,-0.11228528,0.4888147,0.21106713,0.02522604,0.01613599,0.25411424,-0.19935606,0.2027151,0.8584477,0.44351852,-0.70857644,-0.42547017,0.10802531,0.062377233,0.08919854,-0.39985964,0.111902475,-0.15895274,-0.34564716,0.096572824,-0.025328368,-0.050493725,-0.22346859,0.44069767,-0.17131831,0.06790719,0.029891696,0.5737816,-0.45539117
IND282002AAD,-1.5250119,-1.2012937,-0.03498493,-0.2501213,-0.2898541,0.18738748,-0.10028979,0.008858204,-0.0007601306,0.06355133,0.5530286,0.10517271,0.358065,-0.37351948,0.2788365,0.19592649,0.20243092,-0.46659747,0.23565598,0.0853146,0.025996666,0.0032597752,-0.21663404,0.29263085,-0.08353577,-0.14928858,0.43245912,0.13229801,0.26180243,-0.18388931,0.31932098,-0.10526552,-0.14252335,-0.03984408,0.14581421,-0.12342684,-0.3504465,0.34929734,0.30925792,-0.44977218,0.061143134,0.19864735,0.17721133,-0.28889522,-0.2772164,-0.427085,0.43305898,-0.049448714,0.059502255,0.12032717,0.077412575,0.115751125,0.35233483,-0.16302745,0.34101173
IND283122AAB,-1.2048426,-0.920798,0.16386601,0.37308395,-0.5787822,0.48060074,-0.083598636,0.46290207,0.28006113,-0.2200287,-0.072833516,0.21662693,0.034041658,0.18643522,0.3252807,0.6812284,-0.048476715,0.53049135,-0.67630225,-0.27889514,0.25315398,0.3820329,-0.87455934,0.4006288,0.32530582,-0.11825378,-0.03515874,0.41115874,0.11426984,0.03097105,0.080232985,0.1257452,-0.1718921,0.09520794,0.7365657,0.35603607,-0.6880408,-0.44097793,0.1655867,0.1019763,0.04437145,-0.3453342,0.11692348,-0.16606086,-0.2907788,0.0538667,-0.07366787,-0.14194748,-0.19924767,0.44925684,-0.24421252,0.06203363,-0.0032834522,0.53772557,-0.4142542
IND283203AAA,-1.5618287,-1.3344735,-0.022731848,-0.34224463,0.0912832,-0.16277385,0.19696614,0.019943334,0.20332307,0.35384387,0.39732724,0.13590617,0.41031343,-0.38511288,-0.18461283,0.3332877,0.33366683,-0.28458014,0.032149553,-0.0067026615,-0.22328234,0.30476835,0.07530355,-0.012303829,0.016331553,0.03955236,-0.08618967,0.05032614,-0.18279958,-0.27559984,-0.028151155,-0.4856615,0.01217813,-0.06450711,0.05109527,0.051636055,0.1088111,0.42187923,-0.03757488,-0.10369222,-0.100535795,0.080979586,0.16164058,0.08645998,0.10629011,0.23921645,0.0914163,0.1488939,0.43731883,-0.184466,-0.007286057,-0.14089456,0.0039004125,-0.024123106,0.118582234
IND284001AAA,2.1070676,0.20069419,0.044053517,-0.017346784,0.054146267,0.08351919,-0.6816229,-0.3235411,-0.056036368,0.08439966,-0.88593686,0.63546443,-0.2271102,0.13167559,-0.41042712,-0.38121572,-0.234473,1.3056722,-0.8171981,0.070039436,-0.83887064,0.40429124,-0.06720879,0.459971,0.078045264,-0.865452,0.14984977,0.010953024,-0.14125212,-0.9266046,-0.22787541,0.54103583,0.24747762,0.07980308,-0.04136402,-0.0061251745,0.01697538,0.43595588,0.5501647,-0.980249,-1.5956672,0.7306121,-0.5737889,1.1775327,0.3285361,-0.42659572,0.029638514,0.87969196,0.9006009,0.8058696,-0.7497466,0.16103977,-0.015275326,-0.102428064,0.25786468
IND301001AAB,-1.4106953,-0.62642235,0.58335066,0.4278493,-0.21679214,1.1030153,-0.44763908,-0.14652875,-0.32714838,0.41327596,0.3180769,-0.034639947,0.3173636,0.49156684,-0.46531206,-0.12671705,0.12636694,0.19577873,-0.42665303,-0.13445613,0.37331456,-0.17367136,-0.47008592,-0.06810856,0.0045044646,0.2822197,0.26761582,0.2887076,0.3182332,-0.10818134,-0.16660872,0.025282472,-0.029533952,-0.04844278,-0.13874096,-0.3046736,0.083683915,0.18687351,-0.243226,0.0037658848,-0.3208371,0.13736151,-0.40375316,-0.097425684,-0.31064248,0.16811499,-0.29506886,0.066423066,0.01870257,-0.06947491,-0.09593277,0.3044609,0.44030973,-0.074342415,0.21458991
IND301019AAA,-1.3734691,-0.64191365,0.21893072,0.22522663,-0.7165665,0.24451034,0.022379989,-0.22237939,-0.27374965,-0.03537539,0.21508631,0.3957371,0.13652289,-0.10250123,0.26301938,-0.5579879,-0.74732965,0.25171092,-0.53213465,-0.04162009,-0.22160503,-0.23921776,-0.009111904,0.13604386,-0.3857432,0.47970402,0.55851275,0.14770181,0.039742686,-0.3743124,0.55458146,0.3445747,-0.1248534,-0.3856212,0.27037746,0.124375105,-0.2617799,-0.65419495,0.176539,-0.11521183,-0.24520236,0.035242964,-0.1291061,0.36882335,0.29275456,-0.12991408,-0.17515594,-0.36134195,-0.03634977,-0.5424427,0.18944173,-0.31547016,0.7024253,-0.19640093,-0.2233429
IND301705AAA,-1.5989857,-0.6767777,0.18401131,0.25443393,-0.5917026,0.3017766,-0.10965442,-0.20407945,-0.22599222,0.016043767,0.15280645,0.24305908,0.071462974,-0.14322749,0.19655472,-0.36686268,-0.6215628,0.20873402,-0.4823032,-0.05723445,-0.21628761,-0.07953579,-0.15835711,0.07184601,-0.28721976,0.30151963,0.495961,0.18193808,0.009160042,-0.26024318,0.53344727,0.30520403,-0.004719585,-0.24694686,0.27231896,0.13478784,-0.3029711,-0.52564764,0.030491043,-0.15661216,-0.118758574,0.107630104,-0.12417246,0.3501023,0.3468242,0.026351035,-0.10555386,-0.21955004,-0.04295693,-0.6100433,0.10049577,-0.24376827,0.5377688,-0.15382665,-0.19532773
IND302006AAA,1.5316449,0.030669793,-0.03708879,0.0067968816,0.35991305,0.14906055,-0.84213006,2.2169578,0.600203,1.0656446,-1.0458012,-0.15939885,-0.36785698,-0.03364843,0.31637496,0.5432911,-0.030621823,-0.35376516,0.63577634,-0.5271787,-0.067166805,0.09685269,0.04077062,0.17205375,-0.011514671,-0.3057292,0.56898725,-0.11694041,0.25488073,-0.33865166,-0.12990612,-0.025421748,0.13599002,0.10873716,0.09847558,0.2841071,-0.15886158,-0.092200436,-0.24238591,-0.16587634,0.012627099,-0.077749416,0.101450294,0.06903997,0.056353316,-0.095804684,-0.12612113,0.13534272,-0.2745962,-0.02785848,0.06009409,0.077657804,0.06778172,0.056739945,0.15066072
IND302014AAA,-1.2596819,-0.13961437,0.99250484,0.4134798,0.20375454,1.3150306,-0.5163895,-0.1929053,-0.088338956,0.37903875,0.1522086,-0.17478752,0.44558966,0.568589,-0.37264663,-0.25800228,0.01743878,-0.15289307,-0.3208139,-0.2000497,0.2500797,-0.30780813,0.0069593173,-0.054124467,0.035458602,-0.34032172,0.030091144,0.04514227,0.014224008,-0.1491039,-0.046175897,0.046783857,-0.13681324,0.01950714,0.18340555,0.08036521,0.092510514,-0.025626771,-0.03347925,0.008487124,0.044094343,0.039216034,-0.16265759,-0.040466316,0.04098767,-0.13855046,-0.03516644,0.14557612,-0.04099379,-0.03046669,0.03486436,0.18758321,0.26176944,-0.029951174,0.24641466
IND302014AAB,1.7698735,0.006326411,-0.04020244,0.022287369,0.19130138,0.14047778,-0.7873133,1.9734445,0.36890656,1.1957502,-0.97846603,-0.2338919,-0.27950194,-0.1151113,0.3656398,0.556513,0.05113814,-0.27422053,0.4701144,-0.60459423,-0.030348934,0.19835539,0.07277104,0.050068773,0.07327545,-0.24498847,0.44952118,0.10220599,0.41235304,-0.23077314,0.044846855,0.0085539855,0.12460291,0.17637324,0.2046684,0.2240171,-0.24862006,0.042816326,-0.3199921,-0.121625975,-0.0074184537,0.10018406,0.24874502,0.09920825,-0.13997826,-0.29392162,-0.07093181,0.089378044,-0.22743928,-0.019794239,0.13237432,0.06867739,-0.053004432,0.08880875,0.38478136
IND302022AAD,-2.0127015,-0.74555486,0.20000139,0.17429401,-0.5536798,0.39406186,-0.2884061,-0.07871234,0.019152727,-0.10081727,-0.052443214,0.03455633,-0.06680555,0.15018342,-0.25980717,0.08901216,-0.2026192,0.0690269,-0.018924484,-0.088505976,-0.18370053,-0.18349445,-0.106020294,-0.038506214,-0.05799187,-0.16334713,0.29371712,-0.06407183,0.095031306,0.1377264,0.1171731,0.21051504,0.1774171,-0.034995183,-0.059720956,0.078803025,0.006554153,0.1457937,0.012769334,0.1391399,-0.05844129,-0.09360911,-0.08840946,0.10371564,-0.12847498,0.022921748,0.09823023,0.06575712,-0.12069836,-0.0013620295,0.054427393,-0.206381,0.06008861,0.10755803,-0.07426223
IND303106AAA,2.035756,0.08553299,-0.15989716,-0.20763059,-0.1967842,0.14605734,0.37830165,-0.32661,-0.5385144,-0.30958965,0.12181827,-0.47970098,-0.55108494,0.5735276,-0.63170785,-0.3875957,0.60624814,-0.94045484,0.69686496,1.3771069,-0.7959855,-1.2596521,0.6894338,-0.24476485,1.0788724,-0.20754597,0.8763869,-0.7234007,0.5493643,0.875226,-0.29286397,-0.03275732,0.93847203,0.72358334,-0.30701193,-0.66488266,1.1274477,-0.088990346,0.5458065,0.042336777,-0.67933095,0.21416342,0.757886,0.14475995,-0.4810683,-0.038932987,0.78230196,-0.3430955,-1.004293,0.44826555,0.07414643,-0.19915551,-0.05204768,-0.4035487,0.22182736
IND303301AAB,1.6367,0.0029964373,-0.06810872,0.017273903,0.28943214,0.1953048,-0.70927304,2.268222,0.5258793,1.367513,-0.97172433,-0.14603195,-0.47392735,0.023226794,0.40288937,0.34104618,-0.018248077,-0.22302702,0.58836377,-0.35475218,0.098914355,0.1858806,-0.032465007,0.09030905,0.033415645,-0.40038884,0.40369478,0.107832655,-0.017650213,-0.29892123,0.11275335,0.025976188,0.4797435,0.33340138,0.41445854,0.21339037,-0.12064121,-0.10749477,-0.27863452,-0.089742914,-0.014691398,0.0029571354,0.092756905,0.06946578,0.057215758,-0.110751666,0.057907596,0.14189747,-0.21789163,0.1137672,0.085361384,-0.02074744,0.08824736,0.12559786,0.037326008
IND303303AAA,1.6803945,0.009682134,-0.026736028,0.075939044,0.25456014,0.16383395,-0.7543245,2.2502434,0.50328,1.4214203,-0.7928797,-0.17234893,-0.53293085,-0.027871523,0.47988898,0.39543688,0.08331162,-0.15584089,0.4500687,-0.41480863,0.09933834,0.1467618,-0.07973062,-0.28990492,-0.16513945,-0.16073695,0.44443738,0.36635405,-0.11845337,-0.34782088,0.34309727,0.1140739,0.49105826,0.2624575,0.5414387,0.3411436,0.016537733,-0.04065633,-0.3118643,-0.1353832,-0.17414628,-0.049374595,0.020985734,0.11688365,-0.21126965,-0.050873518,0.0021533966,0.06264426,-0.111971766,0.31964666,0.038808964,0.1396847,0.13191937,0.1400937,0.009327918
IND303603AAB,1.546755,0.01828336,-0.023401342,0.024236232,0.3724664,0.15074772,-0.8457512,2.2736228,0.6137773,1.0942577,-1.0314878,-0.14184633,-0.38504422,-0.070887476,0.34005293,0.529462,-0.033553164,-0.29653126,0.62198883,-0.5693986,-0.05827958,0.10229686,-0.0060262606,0.1519616,-0.0032727867,-0.33578876,0.5668971,-0.09371785,0.2627024,-0.28976595,-0.13024765,-0.04757619,0.12042187,0.099384785,0.10701703,0.28614908,-0.16417426,-0.12849739,-0.23610169,-0.22653775,-0.04333633,-0.102350086,0.13274476,0.080435134,0.041486308,-0.13154641,-0.18026587,0.08258014,-0.2111366,-0.044159684,0.07083242,0.072648115,0.061539803,0.04043673,0.16450483
IND303702AAB,-0.6052258,-0.19478805,1.0382828,0.59501195,0.28682762,1.4264705,-0.46382517,-0.17164537,-0.6559084,0.6067609,0.21552591,-0.11167001,0.22462611,0.6083514,-0.28924915,-0.60228044,0.30994818,-0.13171257,-0.5013911,0.0664898,0.64569825,-0.3790438,0.18264368,0.26926196,0.47048855,-0.21250945,0.16000816,0.042935453,0.37031,-0.037676394,-0.22080585,-0.13548799,0.18120778,-0.09075691,0.13604093,0.05640894,-0.23478177,-0.10241135,-0.118795544,-0.13206504,0.08047782,-0.0069053993,0.018117912,0.20859358,-0.009307027,-0.17892765,0.1135145,-0.10555922,-0.055003364,0.13359037,0.087325126,0.16658732,0.029245911,0.2631435,0.15846556
IND303901AAA,1.8246146,0.13253048,-0.09428291,0.06660369,0.33970615,0.11837976,-0.82001334,1.9432666,0.48384118,1.2342846,-0.9834917,-0.27262193,-0.3802606,-0.13973612,0.102882065,0.6949592,-0.06624673,-0.35186744,0.41593438,-0.7236732,-0.014828257,0.1180003,-0.22363949,0.17825261,0.080874875,-0.12879655,0.6986993,-0.06953117,0.11100219,0.024331197,-0.0044010878,-0.006775856,0.01791212,0.21702352,0.22599047,0.041055687,-0.3536563,-0.41775298,0.08719629,0.16135255,-0.015257172,0.087646544,0.11000484,-0.21252403,0.14774808,-0.1082769,-0.099469505,0.1411174,0.07675697,-0.15712278,0.13302732,0.06985397,0.43203324,-0.23714273,0.1140324
IND305001AAC,-0.2253902,-0.1817543,1.1298419,0.6098955,0.3087871,1.5683299,-0.54168,-0.18471682,-0.30327606,0.48737967,0.40059584,-0.2905942,0.40909654,0.6132766,-0.24720159,-0.38441718,-0.18529174,-0.25474414,0.05392497,-0.39638746,0.3242874,-0.0852226,-0.19053978,-0.17908913,0.07880147,-0.14792198,-0.45080376,0.35923886,-0.15965684,0.02789117,-0.24334696,0.15262175,-0.09603807,-0.0838867,0.34226906,0.03141705,0.25325674,0.18823218,0.40206,0.074687965,0.01126672,0.5476576,-0.5172442,-0.25276378,0.21964806,0.24305034,0.29445207,0.31346574,-0.06991948,0.2959715,0.09570074,-0.2057899,0.111710034,-0.1486373,0.0060809255
IND305802AAA,0.14843857,-0.26751864,1.1819906,0.57820976,0.4507623,1.5742939,-0.3453813,-0.40048206,-0.3156407,0.67996037,0.33441663,-0.38340026,0.5607612,0.46023947,-0.62402445,-0.05997288,-0.08412017,-0.23784465,-0.039286084,-0.8001242,0.1357868,0.0077917874,-0.17351407,-0.3872543,0.05223213,-0.16282952,-0.1244335,0.17944254,-0.17786919,-0.052654266,-0.3386144,-0.19989857,0.03937953,0.038304932,0.7683096,0.03269183,0.18422356,0.38196725,0.4186945,0.051882505,0.084708914,0.41511887,-0.30085847,0.16420919,0.3955417,0.27306318,0.36319482,0.37041253,-0.43229526,0.10072363,-0.09183793,-0.08099948,0.14128156,-0.14385782,-0.24329287
IND306401AAB,-0.46293318,-0.18526031,1.1278013,0.9984465,0.29414046,1.4269649,-0.75986636,-0.24454013,-0.07814741,0.46249303,0.06403968,-0.5593032,0.39280564,0.57668525,-0.36137858,-0.22832566,-0.18404862,-0.04496903,0.22758846,-0.2059144,0.26613316,0.24996236,0.14645755,-0.41770273,-0.1415821,-0.12873079,-0.07045017,-0.062793925,0.02210562,-0.3557049,-0.0009545386,-0.011735156,-0.19327673,-0.3895225,-0.03637231,-0.14280455,0.0058418065,0.027503766,0.24260968,-0.00039327145,0.009155914,0.124489546,-0.35619992,0.060253505,0.23483452,-0.20288488,-0.010008991,0.13960701,-0.025407352,0.15055892,0.09635317,-0.16066071,0.072178416,0.16765162,-0.11729151
IND312001AAA,-0.022019625,-0.23145367,1.164184,1.3193595,0.6933928,1.189456,-0.8507398,-0.63307273,0.25732374,0.3895137,-0.078435995,-0.40129024,0.083749816,0.13753884,0.14458421,-0.60186255,-0.09565899,0.5101596,0.5487589,-0.20410828,0.1654459,-0.012252882,0.5948351,-0.1665882,0.12148504,-0.5454842,-0.1443328,-0.088223785,-0.2662419,-0.5251342,-0.34077868,-0.08127424,0.4411467,-0.01691071,-0.019498177,-0.23262945,0.28490454,0.24496754,0.020081978,-0.17750771,-0.46429148,0.16773649,-0.038052134,-0.1977939,-0.4092031,0.006929271,-0.4073645,-0.26503053,0.021652171,0.17314842,0.19441427,0.20950627,0.24318577,0.32972568,0.13451484
IND312403AAA,0.3618108,-0.21385027,1.0449717,1.5059333,0.7342549,1.0331424,-0.7270666,-0.6515415,0.5577041,0.66748,-0.1689474,-0.4202242,0.042172354,0.26109213,0.05027116,-0.71456236,-0.35737243,0.71113884,0.82513326,-0.23059754,0.09301056,-0.24004693,0.63515705,-0.12057245,0.2435432,-0.51414967,0.04119177,0.12582597,-0.26094842,-0.4961967,-0.42066705,-0.007482497,0.08331761,-0.1090965,-0.03349463,-0.2824462,0.11180704,0.1233249,-0.03685488,-0.23525618,-0.62609196,0.23491424,-0.328123,-0.3087864,-0.37350392,-0.14878586,-0.79173106,-0.35771117,0.35107046,0.10306779,0.2172181,0.3588013,0.23967439,0.2562704,0.38504684
IND312605AAB,-0.07640636,-0.5687968,1.0421253,1.343148,0.7780311,1.1998426,-1.004219,-0.50433797,0.06063944,0.442643,0.16486137,-0.62817514,0.09826625,-0.07990912,0.25591317,0.12635426,-0.4937716,0.0028276294,-0.024511216,-0.27338886,0.36668074,-0.18192473,0.60778147,-0.12969628,-0.14611556,-0.23427781,0.05735518,0.111414015,-0.25040495,-0.6647238,-0.3601417,0.017620724,0.2761322,0.3477472,-0.08671619,-0.02575082,-0.09787351,0.35056758,-0.14430991,0.15670377,0.09619564,-0.33795038,-0.16839325,-0.060048804,-0.29731017,-0.18857048,-0.06469796,0.34385473,0.35460258,0.37653363,0.01579319,0.06331988,0.22076455,0.16839391,-0.045344308
IND313001AAB,-0.6470041,-0.45589787,1.0785925,1.2139019,0.67500067,1.1006771,-0.76531,-0.51223826,-0.017574176,0.20703235,0.19436902,-0.44405502,0.21708201,0.25009537,-0.021657428,-0.21683224,-0.26359558,0.26812917,0.39800847,-0.004261628,0.15678251,-0.07476041,0.3842133,0.08741079,0.15270714,-0.21351665,0.037081845,-0.006517682,-0.22806047,-0.25689447,-0.23485944,-0.2335074,0.13274834,0.08907179,-0.252688,-0.065355055,0.04101529,0.14831866,0.048125625,0.11315724,-0.1370309,-0.018082634,-0.04751747,-0.048003055,-0.2681059,-0.1119332,-0.0770054,-0.03603638,0.020440463,0.40434653,-0.00080679357,-0.038745873,0.062161956,0.053634115,-0.009884611
IND321001AAA,-1.1149173,-0.72560436,0.62846506,0.4287235,-0.11986514,1.1476271,-0.5160555,-0.13749957,-0.16450478,0.47254318,0.3319636,0.04822594,0.41100046,0.6165914,-0.5579237,-0.014136042,0.07770074,0.26909387,-0.36355668,-0.18467347,0.49096063,-0.18339856,-0.51975846,-0.23035946,-0.1381097,0.3394178,0.30374932,0.18438803,0.6311381,-0.1114257,-0.2585993,0.16045019,0.2641688,0.2649825,-0.34607232,-0.40062672,0.24223703,0.47048318,-0.4110988,-0.14997807,-0.29997927,0.14054322,-0.40840802,-0.031539388,-0.5007308,0.3406614,-0.23244405,0.18500838,-0.20081586,-0.113345705,-0.24181743,0.30052593,0.6010039,-0.24379365,-0.073111445
IND321022AAA,-1.1316693,-1.2473577,0.01616826,-0.042860866,-0.44563717,0.14502737,-0.1309518,0.2129311,0.20427348,-0.018537056,0.16124062,0.28891504,0.11689912,-0.41878927,-0.7829112,0.2398317,0.34065998,-0.6724899,0.07236582,-0.357544,-0.20160154,-0.22784257,0.08932056,0.26865122,-0.014135465,0.3933952,0.24105912,-0.4845562,-0.28492454,0.15886271,0.14530507,-0.078207,0.0059419274,-0.525038,0.027764015,-0.047078725,-0.17971942,0.022199731,-0.002236411,0.23396088,-0.011549264,0.1929147,0.1974878,0.551551,-0.40856844,-0.6048888,-0.029906929,-0.3496995,0.6205187,0.028941445,0.06096129,0.30301288,-0.50524294,0.61203605,0.36689666
IND321606AAA,-1.2710264,-0.68245554,0.66091156,0.43969506,-0.10553656,1.1161263,-0.5806405,-0.17086494,-0.4124365,0.29587716,0.32933366,-0.10953029,0.42121583,0.68090564,-0.3995265,-0.24281056,0.115396604,0.3001758,-0.33736616,-0.059806973,0.27261534,-0.18527235,-0.6383269,-0.11269325,0.096570715,0.2557522,0.42566502,0.20163654,0.34042114,-0.35851812,-0.09219977,0.005483508,-0.11760251,0.10359159,-0.11996501,-0.428972,0.14428774,0.236917,-0.20976424,-0.096203774,-0.31202197,0.1582909,-0.40950087,-0.040666215,-0.21506143,0.3638868,-0.18661334,-0.0026672557,0.09509975,-0.18837619,-0.23446561,0.38684604,0.41527846,0.11980218,0.122769006
IND322201AAA,1.5516518,0.017060295,-0.03672366,0.015137464,0.35111126,0.14727408,-0.83370596,2.2165477,0.58569723,1.1070069,-1.0513046,-0.1581439,-0.38512298,-0.039740846,0.3087128,0.5347,-0.030185748,-0.33116663,0.62529844,-0.51982594,-0.06736114,0.08913508,0.014648981,0.17828521,0.046501115,-0.31883723,0.5635137,-0.09583867,0.23393147,-0.3030343,-0.10088664,-0.053344995,0.15839493,0.1621392,0.12096315,0.22843386,-0.206294,-0.11938214,-0.22130534,-0.16769467,-0.0069997013,-0.0637849,0.12320902,0.036642894,0.056373224,-0.14271411,-0.117835626,0.122073464,-0.26724413,-0.046332438,0.08696487,0.04878319,0.0680238,0.03663913,0.16821198
IND327001AAB,-0.30432522,-0.59489983,1.035806,1.2430818,0.8285842,1.0435975,-1.0612029,-0.60673326,0.1229891,0.5277168,0.123067155,-0.4866497,0.06939754,0.1095344,0.08844999,0.08172865,-0.46723503,0.20925564,0.06914883,-0.10728814,0.2250045,-0.15834936,0.64947456,-0.24303062,-0.17066662,-0.2938364,-0.030050896,0.0648901,-0.0979715,-0.54334444,-0.29714227,-0.13156071,0.20833984,0.067512505,-0.018957384,-0.24587657,0.024177328,0.15602733,0.05206977,0.016875047,-0.06824609,-0.38209304,-0.072549574,0.07859337,-0.10934806,-0.034114987,-0.063104555,0.26018727,0.2014234,0.31990898,-0.017527357,0.31257495,0.14940515,0.12545764,0.047910362
IND328001AAA,-1.4483954,-0.88498217,0.21895693,0.38195568,-0.51108545,0.49901152,-0.055474617,0.36956906,0.17221119,-0.18769565,-0.03642774,0.08959374,-0.07380898,0.06224128,0.11742593,0.52068174,-0.008712411,0.55260766,-0.52790344,-0.2687987,0.21850845,0.3613309,-0.7232258,0.32447687,0.31447822,-0.079331055,-0.109023765,0.2000173,0.09725268,-0.09712525,0.03721115,0.1941524,-0.021790907,-0.12385209,0.42045167,0.3886602,-0.4963776,-0.3943386,0.19988938,0.016820822,-0.082813516,-0.24149433,0.26856023,-0.3320306,-0.28576314,-0.009020463,-0.1080418,-0.059589617,-0.1439969,0.27966005,-0.120796725,-0.049730916,0.05246774,0.38823834,-0.31857288
IND331022A1B,2.2235622,-0.098212354,-0.51009583,0.35761023,0.2026084,-0.23143908,0.3522731,-0.059366487,0.6978585,-0.81496155,-0.17193352,0.17840238,0.6065297,-1.0537763,-0.21067086,-0.63020617,0.50504255,0.53317976,-0.83778095,-0.29510087,1.2519691,-0.5942769,-0.24775687,0.67683,0.35684747,-0.02800218,-0.5921436,-0.34662437,-0.40551132,-0.32661343,0.6472361,0.25267094,-1.2935944,-0.071714684,-0.2082496,0.6684682,-0.61484855,-0.7773792,-0.5606859,-0.78782576,-0.039913855,-0.04183925,-1.0382,0.27310807,0.36758208,-0.69044983,0.4100319,0.05384836,-0.10370058,0.5575845,-0.34131128,0.6204413,-0.7997426,0.466506,-0.08187093
IND331507AAA,-1.2707326,-0.14797664,1.093927,0.42690182,0.38101563,1.2991347,-0.4563663,-0.20049623,-0.025813956,0.4046637,0.21153349,-0.37428236,0.48531923,0.5774086,-0.5153335,-0.31216878,0.23490752,-0.15386614,-0.2629828,-0.01750362,0.4325289,-0.20634405,0.21483189,0.030075677,0.3233822,-0.33259493,-0.10078582,-0.010596512,0.18088181,-0.20552675,-0.1385485,0.20669821,0.2530582,0.04759927,0.072625756,0.07521861,0.010300782,-0.21381214,-0.21967182,0.19567612,-0.12990086,0.038016163,-0.45864823,-0.24713993,-0.07123238,-0.103169955,0.15177912,0.012898389,0.024565862,0.06996437,-0.2762004,0.12497205,0.17175442,-0.06972034,-0.04192166
IND332001AAB,0.3805598,-0.16881211,1.0575143,0.5501859,0.35586995,1.4340793,-0.62433326,-0.17088568,-0.83112454,0.7753331,0.24728031,-0.07715171,0.50444686,0.4316728,-0.15315253,-0.7182072,0.30236736,-0.16437522,-0.76212573,0.027683413,0.89367396,-0.2273345,0.10321703,0.4914649,0.8718109,-0.3192368,0.23616266,-0.03335611,0.547282,0.07713577,-0.2420905,-0.111474246,0.14345542,-0.03219992,0.02024512,0.00438546,-0.27209473,-0.014605444,-0.32394165,0.1367405,0.14999327,-0.16874292,0.25875425,0.5745482,0.1801788,-0.10204197,0.15280825,-0.17300695,-0.22880006,-0.10148436,0.09264432,0.39566362,-0.11633921,0.3310252,0.2791847
IND332404AAA,-0.16217458,-0.15535721,1.1038489,0.5744102,0.29446357,1.5275525,-0.5909092,-0.08209654,-0.79572994,0.48457497,0.13855213,-0.04046263,0.235637,0.59826404,-0.21420577,-0.79718465,0.32993433,-0.1164577,-0.6434282,0.0044754175,0.80182177,-0.058318567,0.25211322,0.45586857,0.76588863,-0.33775204,0.24602306,0.23328443,0.3877678,-0.02213949,-0.10350752,-0.18075459,0.20837143,-0.043832928,-0.08809634,-0.03510732,-0.12656033,-0.018273788,-0.072938174,-0.21283953,0.3081021,-0.29694578,0.30212188,0.2867658,-0.035465866,-0.19446553,0.13210107,-0.07024544,-0.034598242,-0.007614637,-0.031932488,0.20962673,-0.07356988,0.094712615,0.11460102
IND332713AAA,2.2587008,-0.03735787,0.5130205,0.10364546,-0.6531074,-0.2450938,0.113859706,-0.75407046,0.032752827,0.18294391,-1.05333,0.8748172,0.4523394,-0.021999512,0.22460133,0.27658647,-0.9508186,-0.7082815,-0.7440937,0.61721414,0.11653175,-0.0012736635,0.65426826,0.44424614,1.4741364,0.5595179,-0.530599,0.5872957,0.2850029,-0.61972976,-0.66827315,-0.5163832,-0.9412348,0.031543765,1.169393,0.05975925,0.36022198,-0.119571835,-0.09704974,0.19529402,0.6705421,-0.8047908,0.14469483,-0.23319063,0.66147786,0.13472089,0.06042117,0.4256608,0.122478634,0.35291684,-0.2755406,-0.14585361,-0.6853369,-0.6460361,0.8175849
IND333028AAA,0.61657584,-0.07600483,1.0441417,0.49617326,0.5725378,1.2983077,-0.7277694,0.037920423,-0.9652834,0.8988566,0.66382754,-0.2513021,0.12921026,0.45306015,-0.4851479,-0.84876335,0.6134501,-0.10395995,-0.8402007,-0.06333938,0.648581,-0.34280044,0.20856062,0.6328291,0.8531206,0.038629666,0.08892386,0.101182505,0.60578364,0.23967353,0.013082713,0.28805345,0.3013667,0.15290976,-0.17323518,0.039811395,-0.40571603,0.06750638,-0.16111405,0.1511,0.2758524,-0.23128599,0.3485047,0.81797856,0.039832883,0.038139,0.31138718,0.1154859,-0.1589728,-0.27846965,0.11128926,0.28669795,0.21475282,0.45255142,0.30390766
IND333042AAA,0.63944614,-0.26392978,1.136051,0.48105294,0.35731226,1.3353847,-0.51260984,0.11140009,-1.0213382,0.6035246,0.22494625,-0.47013992,0.35424668,0.5312646,-0.1956286,-0.7385058,0.30327645,0.13831672,-0.8732448,0.12784939,1.1802189,-0.084418386,0.23252133,0.5976936,0.9622234,-0.2758549,0.39986998,0.16481532,0.7075007,0.22035538,0.072730035,-0.044932663,-0.060190022,0.060570434,0.17834556,-0.10209571,-0.50898844,0.09400014,-0.39843786,0.07254623,0.41652676,-0.32911754,0.05923394,0.6319553,-0.21169233,-0.17427939,0.02142562,-0.13445473,-0.17692436,-0.05623152,0.27646893,0.18511412,-0.15204026,-0.122437015,0.31570828
IND334001AAB,0.686283,-0.20581526,0.92407584,0.50413173,0.32884166,1.5069019,-0.6327952,-0.4306503,-1.0209128,0.82535666,0.16638915,0.1589019,0.4881539,0.3264802,-0.24024443,-0.8671589,0.72014904,0.07567935,-0.74317056,0.035366774,0.8846916,-0.44921863,0.089871354,0.5396208,0.89902014,-0.47438976,0.3815889,0.05346191,0.5885003,0.1711902,0.07112944,-0.06550044,0.19995663,-0.20507063,-0.22979137,0.021160677,-0.29340535,0.14686176,-0.27495787,0.1322699,0.33288786,-0.24944323,0.36900052,0.6802038,0.03690557,-0.14978436,0.13244854,-0.047303863,-0.2479366,0.050135516,0.29293847,0.01720681,-0.20510879,-0.13074578,0.20776728
IND334001AAC,0.76718557,-0.27475893,0.9698043,0.6038118,0.34209463,1.6195033,-0.4449445,-0.4381606,-0.97940254,1.0081735,0.13048652,0.2777812,0.47672784,0.2683794,-0.09248744,-0.8512056,0.5487086,0.11377567,-0.70254016,-0.09931975,0.8465322,-0.44126353,0.14592549,0.69500375,0.94056237,-0.36142194,0.3438164,0.2522303,0.4798081,0.4161209,0.111092985,-0.31580454,0.12340593,-0.15508105,-0.3083787,0.10199894,-0.31723937,-0.060175285,-0.1764273,0.016705174,0.28299803,-0.14809887,0.3550821,0.61257166,-0.11728212,-0.28026283,0.2710364,-0.16967559,-0.0677416,-0.015422918,0.27405074,-0.05446192,-0.22287679,0.068473615,0.24578603
IND335001AAA,1.9168237,0.051771343,-0.08841291,0.32848746,-0.23228893,0.3562244,0.11152638,0.8107042,0.045125805,-0.33718672,-0.037815437,0.26038927,0.22578642,-0.773613,0.21206504,-0.38883254,-0.3709369,1.1066275,0.69182074,-0.9083231,-1.5457306,-0.80751884,0.51470727,-1.52367,0.3958668,-0.43417495,0.67379314,-0.6834842,0.096407264,-0.7928196,-0.35106713,-0.43312272,0.33181614,-0.7192242,-0.7528362,0.48950797,-1.0791014,-0.05436412,-0.31851652,0.015901793,0.8450955,0.37351766,-0.531477,-0.52791363,-0.098618075,-0.77294016,0.276802,0.34246203,-0.568902,0.3324322,-0.07313232,0.5515373,-0.1038623,-0.11421503,0.34029812
IND335051AAA,-0.4463271,-1.0027415,-0.09329414,0.04709007,-0.6680511,0.42759866,0.10363837,-0.4218778,-0.29624158,-0.03203599,0.2392744,-0.11773785,0.68386793,-0.94974303,-0.35487756,0.061414305,-0.110578224,-0.302758,0.22743215,0.051072434,-0.63298863,0.7112857,-0.16632012,-0.6801779,0.28418314,-0.11625989,0.091304556,0.3322094,-0.49700212,-0.5612066,-0.59013706,0.41951513,0.60746646,0.47874916,0.17525259,-0.65920335,0.053601354,-0.6646361,-0.25340337,-0.36465812,0.08842196,-0.7170277,-0.016741835,-0.16383113,-0.0026337057,-0.594332,-0.7233918,0.060929798,-0.52461034,-0.298988,-0.2629745,0.45894572,-0.42378607,0.14669953,-0.4052071
IND335513AAA,-0.8891518,-1.074024,-0.11177583,-0.02747123,-0.45804304,0.39217836,-0.04071562,-0.09586734,-0.35165238,0.036545746,0.39350778,-0.058786035,0.6265693,-0.5932589,-0.35594407,0.40340993,-0.09837285,-0.059361488,0.16334036,0.16572939,-0.45699537,0.43624756,-0.17542198,-0.6566508,0.27700973,-0.0009994656,0.24419752,0.16945834,-0.43652898,-0.59219486,-0.17626351,0.3863583,0.6633698,0.4717285,0.14464125,-0.4343819,0.5086563,-0.3599885,-0.050839588,-0.40768602,-0.06279942,-0.3878923,-0.006898135,0.00659455,0.14525077,-0.6802338,-0.48376888,0.26285344,-0.5487179,-0.17734241,-0.2498966,0.24155545,-0.37635133,0.11783625,-0.38034755
IND335701AAA,-0.20478308,-1.0888563,-0.036505736,-0.1731711,-0.5228831,0.53430426,-0.102856055,-0.30639765,-0.29527736,-0.19111353,0.283104,-0.22956811,0.59762037,-1.0039163,-0.5064091,0.28430963,-0.2510552,-0.35923007,0.23920117,0.03985335,-0.85874844,0.8667933,-0.0177502,-0.71704304,0.12236317,-0.16648328,0.008774437,0.55491906,-0.32325315,-0.7945219,-0.50064087,0.32784912,0.82138526,0.3987118,0.17218429,-0.7642003,0.19786212,-0.530097,-0.23596865,-0.3136858,0.08235472,-0.8451502,-0.1422543,-0.11104195,-0.32763967,-0.6369881,-0.620551,0.08808319,-0.47782215,-0.32965222,-0.1402656,0.16951218,-0.38808614,0.22211787,-0.65667325
IND335703AAA,-0.19840586,-1.0361505,-0.09009652,-0.101370685,-0.51971006,0.53498536,-0.16718942,-0.4997086,-0.5610353,0.056414038,0.3222146,-0.12612955,0.6097479,-0.81751,-0.38042206,0.27795282,-0.2727556,-0.34771812,0.2720678,0.26312757,-1.0314693,0.6450391,-0.04344137,-0.6493268,0.014505316,-0.19446233,-0.14729115,0.7314377,-0.1394965,-0.6994226,-0.5195672,0.15794331,1.0064217,0.42203593,0.06081573,-0.775843,0.043223165,-0.5865108,-0.17659189,-0.30088472,0.06912214,-0.7649512,-0.06047777,-0.07765329,-0.18588755,-0.763154,-0.62365526,0.15930855,-0.5309333,-0.39886302,-0.3443002,0.16036505,-0.48314878,0.45983845,-0.6684653
IND335804AAD,-0.41720617,-0.9862942,-0.067579076,-0.1292645,-0.5468517,0.42444283,-0.095683634,-0.42502463,-0.2605384,-0.01631238,0.41795975,0.09552497,0.5752801,-0.7858389,-0.45214212,0.18936034,-0.2120419,-0.356006,0.3494932,0.30734825,-0.81839746,0.53898466,-0.12782326,-0.6498254,0.19190694,0.029835284,-0.16314176,0.7318071,-0.3313282,-0.712761,-0.34075117,0.27875423,0.88754,0.4443395,0.10027968,-0.6975972,0.27285558,-0.59840506,-0.25907752,-0.17751417,-0.029047385,-0.75523144,-0.17240709,-0.078799725,0.048796207,-0.81291884,-0.4469958,0.09815012,-0.6133284,-0.15689713,-0.31871635,0.26169086,-0.2516941,0.32386813,-0.5401263
IND341001AAC,-0.08232796,-0.16875045,1.2488691,0.5830497,0.07707426,1.5150694,-0.49666062,-0.46865535,-0.055263493,0.75443625,-0.06755331,-0.32171065,0.16771011,0.48282295,-0.9115832,-0.4202501,-0.12809548,-0.6074189,-0.78039294,0.3930936,-0.13060683,-0.48332012,-0.061211593,0.14967248,0.025472049,-0.10801488,-0.33067483,-0.040997017,-0.07602732,-0.9169963,0.23003209,0.11082496,-0.5134748,0.5857118,-0.31999826,0.2895288,0.32022655,-0.46224368,0.15610784,0.5850506,-0.03977853,-0.046557933,-0.13616905,-0.18244106,-0.8124641,-0.44719464,0.51758295,-0.29189983,-0.146955,0.5159908,-0.2883832,0.469298,-0.03978372,-0.6976916,0.19495142
IND341030AAA,-0.26634574,-0.12481088,1.2101026,0.5866891,0.1264312,1.4064714,-0.5301877,-0.52324307,-0.11891122,0.68503654,-0.024425276,-0.23716596,0.17281392,0.54030204,-0.94882655,-0.3130279,-0.13744444,-0.6402761,-0.61063886,0.19656712,-0.059280664,-0.4714256,-0.27595446,0.23301724,-0.06943817,-0.12870924,-0.15100223,-0.09373918,0.023241252,-0.8061186,0.32086408,0.036617756,-0.61541414,0.47178566,-0.15021423,0.3393557,0.2981357,-0.21412848,0.058326356,0.6712235,0.083868414,-0.041054606,-0.10243558,-0.38391948,-0.8207768,-0.40926403,0.29156548,-0.0965844,-0.14199622,0.5281356,-0.13903116,0.4649332,-0.012367602,-0.5182109,0.13697377
IND341303AAA,-0.5360508,-0.14896402,1.1988968,0.4486763,0.06813561,1.4284391,-0.5454959,-0.47320986,-0.1806174,0.5494024,-0.09702384,-0.25134122,0.12862751,0.3962052,-0.9009726,-0.34979486,-0.030237,-0.48913792,-0.54023606,0.058991116,-0.026178725,-0.23655908,-0.14569864,0.22566018,0.027187958,-0.23207031,-0.18032306,0.013876885,0.105533436,-0.66172445,0.34869647,-0.10304576,-0.5510222,0.37444013,-0.10622091,0.10455774,0.15345776,0.03591384,0.08749612,0.4344385,0.100070514,-0.028771743,-0.046779774,-0.35516146,-0.92157215,-0.372086,0.26565957,-0.11284191,-0.14582044,0.32243425,-0.089616716,0.310394,0.009586994,-0.46474278,0.11673973
IND341306AAA,-0.82893276,-0.17767848,1.1136019,0.46004748,0.1519303,1.472558,-0.53779244,-0.39862365,-0.16490139,0.57189167,0.008994922,-0.18494536,0.21316606,0.46508873,-0.74640393,-0.39137474,0.12109172,-0.33965334,-0.50027525,0.08795899,-0.060110994,-0.19730383,-0.086463444,0.11675355,0.114655375,-0.29999724,-0.062116873,0.053932384,0.18605445,-0.39795202,0.24142821,-0.04495603,-0.4137031,0.28800446,-0.05815331,0.07767473,0.23060167,-0.17111099,0.11365117,0.29882666,0.12927003,0.0022266954,-0.15883446,-0.4084889,-0.67925286,-0.32567915,0.0404706,-0.034857288,0.05580749,0.32725272,0.0046929866,0.2515823,0.13884115,-0.22940801,0.065534696
IND341505AAA,0.45305812,-0.016392015,1.1562347,0.80067366,0.23134506,1.3562056,-0.5915939,-0.16006628,-0.3576157,0.5163968,0.2733884,-0.585441,0.84680504,0.8849315,-0.10888723,0.13508025,-0.24948885,-0.26417637,0.009994101,-0.96666855,0.68857825,-0.04754433,0.12301292,0.10751204,0.46963096,-0.13320898,-0.40692365,0.41863853,-0.091652915,-0.5368618,0.023149073,0.33624017,-0.11714101,-0.032720357,0.040281348,-0.14062935,0.24997592,0.19135728,0.7442634,0.26845363,-0.1505162,0.6508308,-0.5492364,-0.2579971,0.21144047,0.60080135,0.42524534,0.3029176,-0.3917686,-0.16921002,0.008165166,-0.33995867,0.029681984,0.15882091,-0.18504274
IND341510AAB,0.15720189,-0.07717621,1.2049819,0.82943314,0.36285186,1.412335,-0.56203175,-0.17971861,-0.3010891,0.52700895,0.3171565,-0.4512661,0.7805914,0.72891605,-0.14413865,0.028100137,-0.20758732,-0.2132107,-0.15097038,-0.9855516,0.46664,-0.024775177,0.14985818,0.009641387,0.1537926,-0.06621191,-0.6122209,0.35941935,-0.20875402,-0.30989897,-0.19874841,0.20205206,-0.17342763,-0.08909473,-0.004918076,0.006363217,0.14245033,0.24986388,0.58591974,0.2020029,-0.19784233,0.58110064,-0.34965065,-0.2633947,0.12064579,0.5273744,0.19697411,0.21782643,-0.31488088,-0.047047302,-0.091866255,-0.3345656,0.032680485,-0.09441322,-0.31557056
IND342005AAD,-0.29970157,-0.11826114,1.1429392,0.9003728,0.32417166,1.395972,-0.7552207,-0.24288839,-0.02557601,0.5724121,0.03371127,-0.37153924,0.24809583,0.6753356,-0.6299517,-0.5136211,-0.179014,-0.27811852,0.12077487,-0.25131434,0.316282,0.022849996,-0.23376045,-0.30855247,-0.48739648,-0.30480057,0.102433056,-0.17745799,-0.3802538,-0.3790223,-0.001839757,-0.061996207,-0.059618562,-0.31540847,-0.27567843,-0.15791959,-0.4115231,-0.23385678,0.2544676,-0.2782237,-0.033052117,-0.24183095,-0.3356819,-0.09235543,0.17598474,-0.1087075,-0.10524027,0.15014848,0.2479563,-0.0505172,-0.00053717196,-0.23351738,-0.2755925,-0.18339542,0.07203399
IND342301AAA,0.10794783,0.050314367,1.0904276,0.91927475,0.23674163,1.3827256,-0.8734036,-0.14833793,0.09580566,0.59256583,0.06956422,-0.48826975,0.3826357,0.47203577,-0.864431,-0.7018726,-0.24335293,-0.3957822,0.21659403,-0.15157442,0.5277593,0.03266465,-0.21141544,-0.45158717,-0.5958393,-0.027769923,0.25212148,-0.25506136,-0.13519801,-0.21776567,-0.0020654202,-0.057810515,0.36380175,-0.2136466,-0.22071633,-0.48158914,-0.38603786,-0.47811407,0.4106769,-0.2642218,0.11532833,-0.33458066,-0.3585414,-0.27589458,0.4365962,-0.3522627,-0.055514887,-0.002843149,0.2574429,-0.11795092,-0.101253495,-0.49675578,-0.31516442,-0.23563056,0.13844173
IND342602AAC,0.18687451,-0.16758896,1.3643684,0.6559333,0.310694,1.5927136,-0.7482162,-0.08590018,-0.4530524,0.65520716,0.4312424,-0.23981743,0.5878784,0.65233165,-0.18186352,-0.39438128,-0.5623916,-0.32372922,0.15501577,-0.7606126,0.34296998,-0.21354486,-0.16135967,-0.20982309,-0.24561419,0.018176824,-0.5342736,0.12431127,0.2141342,0.31916118,-0.06794256,0.1742757,-0.20808648,-0.28145766,0.41658035,0.29799515,0.14897105,0.625859,0.4659773,0.24486084,-0.0081648715,0.51455295,-0.3117991,-0.36014575,0.2959581,0.2697318,0.15529105,-0.0020039342,-0.26940218,0.6112939,-0.12817667,0.006920796,-0.040979747,-0.18726201,-0.18161318
IND342902A1B,-1.1558661,-0.15632135,1.0419133,0.5142166,0.35243475,1.4123452,-0.36003423,-0.15033635,-0.29377532,0.3507411,0.25472516,-0.26630223,0.39899042,0.39160174,-0.39799657,-0.3510319,0.23352319,-0.12575112,-0.40107542,0.014104532,0.12097176,-0.36784938,0.09507949,0.083066784,-0.08414234,-0.323729,0.095737234,0.014337424,0.14404795,-0.3646505,-0.031426325,-0.013766379,0.18360181,-0.1373635,0.17066938,0.0859047,0.13756531,-0.0205426,-0.138625,-0.04126333,-0.13409956,-0.12428336,-0.4676713,-0.11244604,-0.051310778,-0.12510648,-0.07517437,0.043054946,0.08407982,0.17295069,-0.085020244,0.08750177,0.035649117,0.025835183,-0.041207537
IND342902AAA,-0.78951645,-0.13767809,1.1516103,0.6326301,0.3522232,1.3980414,-0.5804348,-0.2825986,-0.034495085,0.43227455,0.09955523,-0.24159333,0.26034093,0.46020353,-0.6438224,-0.5087454,0.13418053,-0.38911054,-0.052098453,-0.11591375,0.3303329,-0.33365467,-0.112741224,-0.13173622,-0.23928113,-0.3021298,0.26390383,-0.2827463,-0.13461275,-0.2719816,-0.12101811,-0.07616378,-0.07071787,-0.10197353,-0.06460955,-0.103949256,-0.31046027,-0.31400758,0.072140515,-0.05806976,0.0024235323,-0.41951817,-0.39678627,-0.16279739,0.22907823,-0.1870306,-0.029433742,0.056109462,0.020884799,-0.046063393,-0.21519734,-0.16948664,-0.03838407,0.043127522,0.16015574
IND343001AAA,-0.23440552,-0.14334527,1.0375407,0.98034126,0.19510764,1.5682836,-0.7141506,-0.4946742,0.06959361,0.2807067,0.41958934,-0.68071926,0.22591755,0.4112907,-0.41304687,-0.23045246,-0.17622066,0.016493253,0.24178743,-0.3129651,0.38527885,0.15249817,0.18910018,-0.0935138,-0.27774805,-0.14357832,-0.092240006,-0.22194138,-0.2710822,-0.26507962,0.15565528,0.28079423,-0.12759773,-0.07175338,-0.1132376,-0.12455774,-0.14203216,0.20732984,0.5981772,-0.42171356,-0.029015109,0.009338554,-0.6556066,0.12669498,0.57037944,-0.027374,0.29606515,0.14968821,-0.2751774,-0.10377014,0.56742346,0.122896306,0.09767966,0.060273975,-0.03647022
IND344001AAA,0.5705563,-0.09049842,1.0390424,0.9902684,0.15522954,1.4496673,-0.9223196,-0.026250325,0.28033048,0.5964081,-0.20457456,-0.66274375,0.2102412,0.50430053,-0.98602235,-0.69670355,-0.23953564,-0.58589435,0.033535555,-0.2658018,0.462492,0.13425113,-0.2727314,-0.39248586,-0.8178982,-0.021307513,0.2097201,-0.26831144,-0.3022684,-0.16870748,-0.030032545,-0.22361815,0.45670658,-0.42257792,-0.37236834,-0.24614608,-0.5803319,-0.35161877,0.52181935,-0.36010385,0.13153511,-0.19867799,-0.51504123,-0.12238857,0.28162378,-0.3588525,0.03681259,-0.14318061,0.22446083,-0.10112298,-0.42394304,-0.584914,-0.32628956,-0.21141182,0.23632085
IND344022AAB,0.1946944,-0.17924544,1.0775522,0.9669861,0.2733095,1.4765015,-0.7220292,-0.1433329,0.27135295,0.47379208,-0.04050454,-0.49995863,0.4455328,0.6425556,-0.99914795,-0.50469387,-0.12159276,-0.18255427,0.18450616,-0.17277254,0.36192614,0.089401364,-0.29700276,-0.478227,-0.6059798,-0.22647151,0.36095577,-0.24485528,-0.356817,-0.31110334,-0.070543006,0.018551253,0.21513288,-0.15326323,-0.32233715,-0.12069493,-0.4480583,-0.44031966,0.34821692,-0.32524937,0.23159112,-0.12972702,-0.34616476,-0.101388976,0.38192254,-0.21745539,0.010668039,-0.04186327,0.18945228,-0.06861693,-0.24856149,-0.44729143,-0.5047274,-0.17053829,0.21728426
IND360003AAA,1.7738396,-0.07881059,-0.1223667,0.12000276,0.33243573,0.33611506,-0.64003056,0.2004897,0.7865378,1.177737,-0.8348754,0.28628933,-0.4799695,0.69728154,0.3960562,0.5257812,0.5420812,1.0547508,-0.15791914,0.4773103,-0.057029627,0.046678856,-0.67363065,-0.25488222,0.044414118,-0.077399306,-1.0810006,1.1666174,-0.056688264,1.4569455,-0.2865019,0.5739873,-0.8829756,-0.2057478,-0.30698267,-0.3072356,0.7918371,0.5216818,-0.45820236,0.2753208,0.38799992,0.12228137,-0.17736205,0.17479394,-0.13009655,-0.32541832,0.7135058,0.56382024,-0.05627596,0.042087927,-0.4048745,0.13750532,-0.79833007,0.08029603,-0.26679838
IND360311AAA,2.0677261,-0.09958522,-0.13739525,0.1313808,0.3471489,0.35741678,-0.6592842,0.224729,0.8345685,1.2889495,-0.98894966,0.34070885,-0.5589277,0.7858414,0.44489428,0.55219686,0.5667257,1.1652304,-0.16879825,0.5417062,-0.09396482,0.05279064,-0.700296,-0.29897192,0.05734487,-0.08166713,-1.165926,1.2442415,-0.07961049,1.5992473,-0.27487975,0.63683593,-0.9357741,-0.23305462,-0.33953607,-0.32778764,0.898969,0.52440643,-0.47008508,0.24769638,0.43688136,0.13006994,-0.18954435,0.18822907,-0.1646477,-0.3622562,0.77041197,0.5736875,-0.07286744,0.05295103,-0.44823593,0.15401667,-0.85284173,0.08999847,-0.26985806
IND360490AAA,1.5368036,-0.12828694,-0.06545445,0.09561813,0.23747757,-0.23355636,-0.45904684,1.2579169,-1.0166949,-0.23407286,1.0032663,-0.23190565,-1.5201201,-0.1876352,0.12548696,0.20496596,0.5884006,0.33069304,0.1743573,0.9453026,0.8814591,0.4523628,0.054485753,0.41060892,0.6949015,0.06465866,-1.0358138,-0.5438187,-0.19082491,-0.009010419,0.011995167,0.06028855,0.25869676,-0.007846251,0.06789119,0.040786162,-0.3688995,0.107871845,-0.17149866,-0.20167987,-0.09109619,-0.18990126,0.10939586,0.17638503,0.7311687,0.010551907,-0.3092014,-0.14747858,-0.13971643,0.08385723,-0.34568506,0.24996427,0.09178993,0.13903804,-0.24356115
IND360510AAB,1.678995,-0.19487704,-0.104872465,0.08830358,0.1810801,-0.19121891,-0.35422772,1.175913,-0.82402533,-0.21679282,0.798157,-0.119255975,-1.3922317,0.026934758,0.46027425,0.25664324,0.54942566,0.29238307,0.2619325,1.2530724,1.123649,0.38942388,-0.14564982,0.24415833,0.6395493,0.34089333,-1.0318055,-0.55503327,0.04605896,0.013165012,0.25162366,0.14722422,0.35845834,0.013334617,-0.059598394,-0.30535465,-0.30693287,0.17588049,-0.0034546554,-0.3474978,0.16661385,0.05297607,0.060651004,0.1742951,0.5926434,0.19094655,-0.17138423,-0.14843923,0.008170304,0.13342792,-0.2593847,0.1969575,0.115782976,-0.06956302,-0.06795688
IND360530AAB,1.6794115,-0.1607176,-0.120986685,0.109699175,0.27001816,-0.25468972,-0.3961589,1.3231444,-0.8770724,-0.3279496,0.9424749,-0.1271735,-1.3416593,0.06029661,0.057303056,0.10431568,0.50311714,0.47680327,0.34766722,1.0807964,1.0123435,0.38787833,-0.15926853,0.40509242,0.57519346,0.367045,-0.9633013,-0.51657027,0.05662337,0.22504164,0.2811277,0.06331652,0.10128631,0.01225014,-0.06977338,-0.13124388,-0.31841123,-0.072372764,-0.32441732,-0.20362587,-0.19469558,-0.05351925,0.09972319,-0.031175464,0.6142236,0.11483149,-0.35674417,-0.17912465,-0.0506357,0.13481548,-0.24592836,0.15712503,0.03496923,0.11165662,-0.018580511
IND360575AAA,1.6781734,-0.12744538,-0.085003674,0.08743541,0.2525858,-0.24193093,-0.38325477,1.2212899,-0.75909346,-0.3274403,0.9045811,-0.09997617,-1.3415871,0.10749872,0.017229574,0.08248018,0.4882156,0.45410365,0.36576802,1.0950674,0.94964343,0.36967266,-0.17883211,0.5470253,0.5962444,0.34814075,-0.9828664,-0.6218122,0.105514675,0.22468184,0.13897783,0.081573665,0.19681047,0.0027361661,-0.15569761,-0.18801929,-0.37089214,-0.03127055,-0.25694492,-0.2380322,-0.22834155,-0.04922074,0.118514396,0.01834622,0.65418065,0.08080097,-0.40500516,-0.14052069,-0.022180919,0.20778584,-0.2909227,0.17425957,-0.079378024,0.12479417,-0.04495789
IND361001AAA,2.0918064,0.2648595,0.44416374,0.22609527,-0.3621734,0.034773763,0.4962543,-0.86424637,0.21434204,-1.4643178,0.580793,1.076785,-0.015147144,0.804434,-0.4990331,0.021118637,-0.042602833,1.410213,1.1771678,0.54901683,-0.19644347,0.11425257,0.0021283273,1.4265733,0.85354763,-0.26249337,0.034218654,0.019549076,-0.3093732,0.20264578,0.054213278,-0.58430815,-0.52882004,0.21672396,-0.026097996,0.3063749,-0.68308973,-0.90437573,0.02096929,0.6570635,-0.0538489,-0.23737842,0.32816014,-0.022275314,-0.05806473,-0.3584699,0.80389464,0.20910153,0.5472682,0.40693277,-1.0049369,0.01815993,0.079238966,0.0969803,0.34532
IND361315AAA,1.8907305,0.03516505,-0.055726327,-0.103177845,0.15857948,-0.00737416,-0.042289063,-0.33625525,1.224207,0.2701759,0.42343974,-0.30756104,0.029058257,0.9232402,-0.20234089,0.8356856,-0.6196005,0.46765584,-0.2061113,-0.33091414,-0.08116558,-0.6321989,-0.08604468,-0.22831784,-0.11891791,-0.100628026,0.06744747,0.5441329,-0.26820868,0.2242531,0.5320426,0.4417226,-0.46850634,0.9243983,-0.80345094,0.5689454,-0.12932646,-0.5837771,0.24257094,-0.1292356,-0.99588394,0.66323245,0.29091325,-0.45313072,1.4968798,0.04642207,-0.4499817,-0.5643795,0.048139997,-0.4129389,-0.18012561,-0.5239261,0.58751124,-0.021156024,0.13475652
IND361335AAA,2.0301661,0.007748425,-0.0152606815,-0.033563197,0.131657,-0.06864228,-0.091395915,-0.5122066,1.1198947,0.19334209,0.21223328,-0.28860825,-0.18153043,0.7301563,-0.39623696,0.6855977,-0.90308154,0.42750677,-0.3089844,-0.284383,-0.07427671,-0.69293916,0.05196304,-0.16870183,-0.054425843,-0.23575404,-0.0438617,0.63536453,-0.48180598,0.40674204,0.689574,0.6085978,-0.2886044,0.8632144,-0.7615578,0.5466319,-0.11162562,-0.4678303,0.32881868,-0.11455844,-0.8404794,0.55293894,0.35580474,-0.33226648,1.5910611,0.048034362,-0.1911615,-0.55263615,0.10603851,-0.35970274,-0.24327613,-0.45810735,0.44293287,-0.053720344,0.07567879
IND362001AAA,1.7560586,-0.10938014,-0.06735408,0.103946656,0.14678302,-0.20602135,-0.26190946,1.1303593,-0.8400812,-0.31525606,0.6766457,-0.110054485,-1.2800643,-0.0032598777,0.034338452,0.15189151,0.42815226,0.31131083,0.04498827,1.0755213,0.81122416,0.43620682,-0.018367227,0.3484755,0.5519629,0.12107158,-1.0174445,-0.6641282,-0.11098804,0.29378802,0.015112653,-0.076676674,0.27091128,-0.029427819,-0.17587835,-0.0056613088,-0.12714216,0.19671272,-0.25146663,-0.30592653,0.032228135,-0.26842234,0.11695488,0.27571565,0.61951494,-0.13237906,-0.44509524,-0.19758117,0.030291071,0.2820048,-0.28537935,0.14450341,-0.15489642,0.082990915,-0.24698246
IND362220AAA,1.6341585,-0.057313636,-0.04988058,0.11075111,0.20054108,-0.12603447,-0.44955558,1.3320932,-0.86961347,-0.21365544,0.9665211,-0.43745255,-1.0497012,0.060056157,0.065152116,0.009253383,0.12358752,0.48292884,0.07055639,0.8083667,0.6731036,0.7895429,0.18283823,0.39748383,0.5888785,-0.23253855,-1.2920494,-0.61593914,-0.21845424,0.31831378,0.020713478,0.29433048,0.29333553,-0.19540177,-0.097302005,0.17153548,-0.24654889,0.54019785,-0.33196235,-0.071847975,-0.12080443,-0.022511482,0.05513679,0.061769247,0.65947706,-0.16300604,-0.38954014,-0.054882117,-0.111646414,0.4116664,-0.37611407,0.12233758,0.030218823,0.15207495,-0.3077694
IND362265AAA,1.7350162,-0.17986321,-0.14545187,0.123108596,0.24186751,-0.25714308,-0.14486964,1.3062044,-0.9700224,-0.45344254,0.8970139,-0.08383714,-1.4027114,-0.34374917,-0.048813164,-0.08120558,0.46231183,0.38992438,-0.23714568,0.8762549,0.97532254,0.34743306,0.09172657,0.26491043,0.30246764,-0.049183838,-0.7903982,-0.7755039,-0.23219673,0.066280365,0.016235143,-0.17662099,0.25778237,-0.080523655,0.25052053,0.05593878,-0.22135532,0.31786352,-0.16192546,-0.32618046,0.11497992,-0.3732399,0.13859943,0.15360966,0.3141886,-0.16347793,-0.6558132,-0.20659176,-0.08134848,-0.24069166,-0.14015658,0.118492216,0.021788139,0.23320118,-0.14392701
IND362560AAA,1.7915729,-0.17684548,-0.17968006,0.12532318,0.2813067,-0.23722175,0.01773222,1.584852,-1.0806131,-0.4719045,1.1505431,-0.20958194,-1.3549521,-0.35302466,-0.029936405,-0.048727393,0.28245583,0.2940352,-0.53143555,0.731169,0.8460106,0.28676128,0.21899226,0.19715486,0.046614446,-0.14624798,-0.5071462,-0.79488564,-0.3694803,-0.08773646,-0.0681209,-0.2933938,0.4098531,-0.06571041,0.14031735,0.0043398626,-0.03757291,0.26224637,-0.008861005,-0.26919192,0.17587781,-0.45172632,0.21098238,0.2808655,0.00045342743,-0.25311378,-0.77048856,-0.19927153,0.08220114,-0.48130697,-0.054390445,-0.02232442,-0.035374876,0.3148046,-0.31534466
IND362720AAA,1.7138878,-0.14265148,-0.14864285,0.099876985,0.29532123,-0.19309066,-0.113205515,1.6490713,-1.1019397,-0.3897653,1.2954379,-0.24752164,-1.3884594,-0.1713097,0.0013884185,0.10283266,0.35645667,0.1671735,-0.30401742,0.82166547,0.7280107,0.35188714,0.24509582,0.35137305,0.27945644,-0.012080722,-0.51284087,-0.69142973,-0.45551866,-0.14150234,-0.1358402,-0.17811744,0.4339652,0.01319024,-0.023034615,0.052883893,-0.04277272,0.05130189,-0.026932836,-0.17188247,0.0198396,-0.4209509,0.18116209,0.3271137,0.13401508,-0.25048083,-0.6555623,-0.1574328,0.12277806,-0.32341337,-0.14365114,-0.0036673918,-0.062273424,0.2927047,-0.41580713
IND363001AAA,1.9718355,-0.01750261,-0.10353574,-0.048456438,0.5199876,-0.41592053,-0.032010257,-0.3154371,-0.10461123,0.39238977,0.94389457,-0.113786876,-0.077957354,0.22009324,0.67979205,-0.6518676,-0.2142155,-0.07925171,0.022401582,1.6337912,0.37660915,0.1971446,-0.71626186,1.070617,-0.25749785,-0.14029165,0.7369132,0.46241206,-1.5139257,-0.2271512,0.45570195,0.6166703,0.47097412,-0.0024563,0.043267265,0.6868666,0.45190087,-0.74089324,0.20147578,-0.66693133,-0.65186167,-0.38489065,-0.52240145,0.082754076,-0.53546757,0.22919124,-0.061465964,-0.53461725,-0.16670918,0.40714067,-0.2511626,0.4481779,0.046011213,0.046482507,0.2560659
IND363310AAB,-0.9619892,-0.4972654,0.4737759,1.6753435,0.43659648,0.28676575,-0.4061854,-0.68173075,0.46274054,-0.4603475,0.36912674,0.13639687,-0.0067036347,0.1054591,0.62170064,-0.076178506,-0.11531849,0.34491566,0.24612546,0.10908962,-0.041990574,0.5896566,0.11752398,0.0550415,-0.1798185,0.42044455,-0.011153497,-0.3425935,-0.38481528,0.39687395,-0.02691421,-0.2696866,0.25247675,-0.08058524,0.41300717,-0.106780976,0.27936536,-0.003894588,-0.087530844,0.23325624,0.0581256,-0.03949377,0.27217177,0.14828232,0.00054326653,0.06442167,-0.047644235,-0.21756959,-0.14744389,0.13425675,0.062135056,0.119897336,0.087589204,-0.22906302,0.024986006
IND363421AAB,1.9817265,0.041170165,-0.14982964,-0.057159092,0.41868824,-0.34141925,0.141639,-0.34888002,-0.107380986,0.3407904,0.9152816,-0.011224445,0.03456955,0.12609032,0.65876466,-0.59730893,-0.1818878,-0.06782004,-0.20915905,1.602259,0.38179815,0.2029778,-0.7772672,1.2230756,-0.23540714,-0.17311442,0.75208247,0.6309683,-1.5389305,-0.18143678,0.28897384,0.4874153,0.47698066,0.10758464,0.023540013,0.426327,0.53198373,-0.6364294,0.17705269,-0.65116376,-0.7060447,-0.44409108,-0.44387826,-0.08888066,-0.4032349,0.25333607,-0.2014649,-0.5003962,-0.10170448,0.41803336,-0.13168027,0.42707297,0.21920326,-0.039398488,0.18893558
IND363520AAC,1.7796909,0.050820313,-0.11879733,-0.06360185,0.53258055,-0.36685213,0.06453517,-0.40334135,-0.093828514,0.43709987,0.88475406,-0.14171468,-0.012888253,0.06866105,0.6781841,-0.62586015,-0.090734005,-0.07378049,-0.14550094,1.613913,0.3678905,0.298878,-0.7495643,1.1875262,-0.27578956,-0.16874562,0.7751867,0.53941345,-1.5275944,-0.21110718,0.3668785,0.65005344,0.43104878,-0.011414431,-0.05195421,0.51516855,0.40922916,-0.6949934,0.2583199,-0.68697363,-0.70577407,-0.44717968,-0.5486776,-0.11705859,-0.5177383,0.30618793,-0.08625807,-0.5623448,-0.033182736,0.43875968,-0.15608947,0.402662,0.2044839,-0.08583994,0.16274384
IND363621AAB,1.9611176,-0.0051978454,-0.00070552155,-0.011632241,0.055117846,0.0028137453,-0.060687862,-0.66257966,1.0404915,0.11894309,0.2579152,-0.072611004,-0.29859382,0.914502,-0.31981483,0.6902322,-0.7591164,0.6244931,-0.3872329,-0.50496584,-0.23032862,-0.6489755,0.2646947,-0.022414977,-0.25141168,0.16190448,-0.08589392,0.734606,-0.37618107,0.37222773,0.46613288,0.38731927,-0.5639484,1.116378,-0.6390397,0.8414563,-0.15682834,-0.63460636,0.15831181,0.00027715042,-0.7379888,0.68900084,0.3452378,-0.31233996,1.4955432,-0.17750357,-0.5187401,-0.39631116,0.33287588,-0.12792693,-0.27344197,-0.41417125,0.45591304,-0.14023723,0.15345347
IND363641AAA,1.9376267,0.0010492168,-0.017993651,-0.029234968,0.056622077,-0.04017234,-0.11950234,-0.5824341,1.1133475,0.10518836,0.30387127,-0.1588527,-0.1192842,0.8926878,-0.35556626,0.8200032,-0.7337401,0.6671773,-0.2802422,-0.3977707,-0.21828511,-0.6975268,0.2520461,-0.03953518,-0.23856209,0.15634969,-0.11608781,0.6347879,-0.3426165,0.3494463,0.5415683,0.40680277,-0.6503849,1.0503297,-0.6748479,0.7332635,-0.10379979,-0.62932473,0.24668339,-0.06641723,-0.78626966,0.6840222,0.3989565,-0.26806396,1.4548819,-0.11152008,-0.41209608,-0.45636487,0.23072594,-0.1503456,-0.17961527,-0.46794176,0.52110684,0.013245638,0.04051312
IND364004AAB,-0.7532879,-0.70287025,0.60499644,1.6401358,0.70852023,0.25868797,-0.37355122,-0.23082593,0.26307887,-0.27647373,-0.083556764,-0.10937924,-0.18759926,-0.214361,0.6794755,-0.07088193,-0.44262236,-0.07781938,0.093244635,0.34699142,-0.13558629,0.6304743,0.016418356,-0.080793425,-0.017458983,0.19146317,0.05685571,-0.5332946,-0.69745106,0.016229192,0.59031415,-0.19484845,0.024515249,0.22581492,-0.3026554,0.10188918,0.08233685,-0.088081315,0.003273556,0.38897946,0.12744194,0.1354749,0.3305786,-0.0570001,-0.10060564,0.012760602,-0.30158514,0.014529765,-0.12140414,0.06816259,0.010466486,-0.12938732,-0.039744463,0.6258479,0.21313399
IND365560AAA,-0.38717604,-0.7698854,0.64358723,1.627058,0.6760768,0.19840154,-0.38051248,-0.22599953,0.29004562,-0.19540676,-0.16791488,-0.16806403,-0.26981708,-0.074604966,0.67260957,-0.034884498,-0.4720658,-0.27833328,0.070087574,0.32319784,-0.124239035,0.86561954,0.08678828,-0.27510968,0.017207107,0.33170077,0.031099722,-0.78195226,-0.7864,-0.109996185,0.69993204,-0.19637741,0.043630425,0.24889253,-0.5128961,0.1690151,0.100399815,-0.31151026,0.15553561,0.4757813,0.13722484,0.17808533,0.44641536,-0.21567479,-0.015239134,0.13578571,-0.38108367,-0.0065109506,-0.037046354,-0.06394503,-0.00360094,0.048852827,-0.060709108,0.6067387,0.39243567
IND365560AAB,-0.05172813,-0.77965415,0.522421,1.6472486,0.70630544,0.24597903,-0.47684774,-0.26899517,0.40111595,-0.18585625,-0.24556221,-0.26471597,-0.20049496,-0.1216964,0.7197608,0.06935327,-0.5299427,-0.32165942,0.15772676,0.4972428,-0.2335617,0.92423654,-0.027198337,-0.29331344,-0.09062262,0.4062295,0.1493628,-0.75798315,-0.76594067,-0.2168353,0.9439257,-0.07590757,0.03040959,0.24142995,-0.48197633,0.075335234,0.17506176,-0.43145227,0.146011,0.49240822,0.046129674,0.054360032,0.46962908,-0.26526782,-0.11769432,0.15500003,-0.48591596,0.080578916,0.032410983,-0.14143467,0.037265882,0.07660219,0.12589023,0.6785914,0.5604595
IND370001AAA,-0.024200559,-0.6893057,0.5361092,1.9550449,0.4802431,0.18139099,-0.4160225,-0.74106544,0.7216521,-0.48677224,0.61130154,0.23633201,-0.27937585,0.020540662,0.5315004,-0.34259048,0.07797574,0.4433345,-0.051024113,-0.030225411,0.11511009,0.59284985,0.04503224,-0.047011785,-0.21656588,0.5219249,0.022835106,-0.40402615,-0.444705,0.21434619,0.20760891,-0.28334346,0.45938766,-0.028623603,0.99204016,-0.15616825,0.25776008,-0.18722527,0.11700882,0.6870653,0.21600498,-0.06472987,0.34377238,0.6342396,-0.40922284,-0.0021677576,-0.14093813,0.28184098,-0.19025189,0.15525752,-0.09038384,0.09558841,-0.021114524,-0.52955323,0.16958591
IND370110AAA,0.2880839,-0.694833,0.44470105,1.8665308,0.6082142,0.11440179,-0.44235075,-0.91711336,0.78398925,-0.4713801,0.7663697,0.255624,-0.30048776,0.14020802,0.41974255,-0.47229943,0.10837343,0.49478763,0.027655445,-0.015200637,0.18544045,0.7370331,-0.20542946,-0.10352859,-0.31599683,0.5673786,0.11794627,-0.59312546,-0.51455146,0.41115534,0.26009032,-0.44850224,0.41283217,-0.00917279,1.1106895,-0.12411856,0.22188994,-0.1744036,0.0069976337,0.6795256,0.22769518,-0.042984515,0.27627406,0.36277086,-0.6140249,-0.14914668,-0.1824817,0.44714707,-0.48760596,-0.21243012,-0.27952737,0.15979818,0.09836158,-0.29112056,0.123967126
IND370201AAA,-0.6904516,-0.5627133,0.4134856,1.768605,0.4101704,0.12809992,-0.48487282,-0.9051513,0.5901514,-0.39749715,0.52371997,0.23941158,0.007948816,0.13492201,0.50021034,-0.19629048,-0.06583582,0.3902464,0.20412137,0.06376718,0.11100497,0.59944725,0.11909006,0.043106697,-0.20344748,0.567473,0.111569524,-0.42857844,-0.36460668,0.24697328,0.14658463,-0.102605954,0.21335296,-0.15600006,0.6077086,-0.20701057,0.18781886,-0.13057223,0.09029416,0.5312457,0.19389817,-0.029257193,0.33706504,0.3820505,-0.1486755,0.0044832975,-0.038908023,-0.015850611,-0.09315732,0.19732517,0.028673366,-0.008128263,0.19300401,-0.3451866,0.1313445
IND380006AAA,-1.1285155,-0.6564103,0.61613154,1.593101,0.44452357,0.22719233,-0.43000308,-0.53269976,0.44668877,-0.22252268,0.11061325,-0.1741999,-0.018099248,0.14341371,0.4497316,0.03544085,-0.36479536,0.13222459,0.16476618,0.18065977,-0.32797766,0.4056312,0.14922878,-0.0966368,-0.112235054,-0.039083146,0.26033738,-0.029672239,-0.5589682,0.2748667,0.05932641,-0.19592144,0.006511878,0.105609015,-0.02050174,0.029122487,0.14917827,0.121510044,-0.11713888,0.04133037,0.22692282,0.19818817,0.29875526,0.0007573664,-0.0035181642,-0.21701977,-0.027052939,0.02667325,-0.058054652,0.31347427,-0.032283336,-0.18168128,-0.11712471,-0.05383074,-0.08486663
IND380006AAB,-1.1463709,-0.6375988,0.48211995,1.4192609,0.60065746,0.36896095,-0.4802195,-0.57558775,0.14873722,-0.3282838,0.31925154,-0.3044926,0.01613132,-0.18794212,0.61918324,-0.22579648,-0.23454775,0.30413917,-0.028647814,0.0647068,-0.021632448,0.4717293,0.28524402,-0.07023986,-0.11195417,0.08485848,0.12771371,-0.18433397,-0.3275258,0.20890065,0.22299106,-0.21113782,0.03583014,0.0074583143,0.12705147,0.007964861,0.29179972,0.017724298,-0.0402276,-0.07299687,0.08194688,0.18169574,0.5233637,-0.13630968,0.056361824,-0.010873035,-0.074720696,0.00061979145,-0.11514866,0.27133018,-0.010855898,-0.25610775,-0.30086967,-0.07954408,0.19091138
IND380021AAA,-1.1764355,-0.5932535,0.4645581,1.4187773,0.3981908,0.31743968,-0.5412384,-0.5048603,0.31050676,-0.31383663,0.22347893,-0.07508826,-0.31665516,-0.033900615,0.6928993,-0.08415528,-0.1664802,0.25232846,0.019860176,0.11906718,-0.2200256,0.5758889,0.38847065,0.06844973,-0.0816415,0.09169543,-0.07612015,-0.085110396,-0.4336698,0.1521824,0.008422345,-0.1249733,0.0036891922,0.06132471,0.14314961,-0.034256797,0.37698942,0.061890997,-0.115069136,-0.086562335,0.3226912,0.14154643,0.3332715,-0.11402288,0.11514042,-0.2149891,-0.263461,-0.16247016,0.12873988,0.2426253,0.050470077,-0.14861825,-0.056405272,0.09383693,0.001458779
IND380054AAA,-1.136558,-0.5506727,0.45297053,1.4595686,0.47493684,0.37893888,-0.4384578,-0.52038944,0.39556748,-0.3823113,-0.011752227,-0.05949383,-0.035724975,-0.20363589,0.7933785,-0.0024059191,-0.27456948,0.30919173,0.22073929,0.12030107,-0.044134364,0.29881233,0.3682173,0.103610516,-0.17239328,0.23695451,0.083082005,0.1893369,-0.45041543,0.25987172,0.19513962,-0.28438795,-0.33142045,-0.071899936,0.093532294,-0.116331615,0.14936072,0.22324264,-0.09772702,-0.1208933,0.36252698,0.23821667,0.27513558,-0.100439385,0.057482824,-0.17681046,-0.30326962,-0.07085835,-0.07808621,0.14246088,-0.107510075,-0.0351332,-0.09089163,0.22453536,0.03298588
IND382421AAA,-1.0880706,-0.53999746,0.4359547,1.5211967,0.49508956,0.3037176,-0.5914949,-0.56758606,0.23980834,-0.3519833,-0.071605,-0.13582313,0.008068874,-0.08683688,0.6856202,-0.17801641,-0.35242537,0.16185626,0.21295878,0.15730251,-0.13925907,0.3607638,0.24449089,0.021832816,0.002820014,0.014429271,0.059698418,-0.23619485,-0.42496914,0.11548692,0.123800635,-0.25328773,0.17853937,-0.2655412,0.21701235,-0.018678432,0.31755975,0.2271106,-0.0426578,-0.037275273,0.20814668,0.10273953,0.19505453,-0.076847285,0.0622446,-0.03826817,-0.08847825,0.1452193,-0.082922235,0.30776528,-0.102666125,-0.092855595,-0.34182876,0.1196389,0.06634654
IND382430AAB,-1.1767454,-0.5385256,0.5017578,1.427286,0.5069703,0.33158466,-0.4113877,-0.4436698,0.35159004,-0.283333,0.09889959,-0.16878831,-0.1410255,-0.036302574,0.4308601,-0.010956094,-0.18678683,0.17196299,0.24632809,0.120708615,-0.28479812,0.48772982,0.18658686,0.04860177,0.09394337,0.1294662,0.16836008,-0.06427246,-0.20377591,0.12177003,0.047319062,-0.09876648,0.03944605,-0.19079615,0.08971887,-0.040575817,0.074568965,0.14836341,-0.10081718,0.20987156,0.24387686,0.038272973,0.2795343,-0.19702047,0.009589665,0.060457163,-0.18283856,0.111700445,0.028452922,-0.09034225,0.274125,-0.086337335,-0.131106,-0.09370078,0.027166754
IND382715AAA,-0.8048333,-0.5179137,0.34320864,1.5674312,0.5721891,0.1696541,-0.5010034,-0.63444704,0.607596,-0.4533469,0.4781084,-0.43185538,-0.16969037,0.07723077,0.5477573,0.116197735,-0.21683182,0.16124469,0.12691788,0.36719793,-0.2852148,0.26602936,0.27568215,-0.06262566,0.076932706,-0.017755091,-0.009766854,-0.34924155,-0.16793917,0.40638208,0.13342303,-0.2338048,0.03750321,-0.06135799,-0.2680812,-0.089082554,0.20395172,0.06993642,-0.35069674,-0.0022639409,0.010450445,0.15637118,0.12616727,0.13501276,0.13904937,-0.018607818,0.13541111,-0.119624294,0.017285649,0.066869855,0.06843389,-0.26179296,-0.37611276,0.14834568,-0.22926956
IND382721AAA,-1.1429758,-0.59503144,0.36555085,1.4539766,0.55620915,0.43095598,-0.48154774,-0.6107129,0.359654,-0.28481334,0.025142808,-0.14936133,-0.16088486,-0.26907247,0.46990278,-0.23682348,-0.30756846,0.18195981,0.2545954,0.055874933,-0.17036542,0.42095435,0.032616846,0.09063135,0.013935245,0.12794137,0.011126377,-0.32593876,-0.35051656,0.2926064,0.07515021,-0.027455235,-0.06746792,-0.11416124,-0.07348995,0.11712451,0.3983314,0.0727974,-0.24745762,0.025080193,0.088578716,0.18544757,0.31028426,-0.17273496,-0.029658929,-0.17764537,0.023650035,0.117749736,-0.09507136,0.272079,-0.011190951,-0.08598712,-0.13234346,-0.0010955818,0.21941258
IND383001AAA,0.33119357,-0.642588,0.3948551,1.6610019,0.49962798,0.06768747,-0.6637419,-0.8679507,0.569612,-0.13397855,0.80546784,-0.35399824,-0.5412776,0.16069613,1.0532273,0.29815465,-0.2094482,0.17100623,0.07451724,0.7078764,-0.06859473,0.11202802,0.14424244,0.05665782,0.06959751,0.09500058,0.09048723,-0.119971216,0.04736477,0.28118092,0.39145264,-0.23681466,-0.060816333,-0.13117339,-0.77763635,0.23833258,0.019226983,0.046889275,-0.39171526,-0.10280211,-0.06462377,0.22115834,-0.28198314,0.22243187,-0.08103779,-0.1767258,0.6836997,-0.16757295,-0.07969546,-0.101675674,0.38734242,-0.25272807,-0.2595702,0.06251117,-0.5152304
IND383255AAB,0.2837075,-0.58496606,0.451107,1.5795707,0.618219,0.11180581,-0.6784585,-1.06265,0.58093935,-0.3114434,0.7097161,-0.4382648,-0.6989495,0.07888523,0.81067085,0.30997053,-0.120133504,0.17994168,0.24740061,0.66398865,-0.124081545,0.09963103,0.2747592,-0.09517637,0.16340908,0.2509509,-0.12166996,-0.23150699,0.16156146,0.3157115,0.30576503,-0.18390869,-0.032538585,-0.1542275,-0.7027151,0.2315201,0.08596217,0.22929762,-0.47753564,0.069833234,-0.08504683,0.41365087,-0.029050447,0.17071766,-0.010745496,-0.14680523,0.7154051,-0.059307285,-0.10066119,0.049191706,0.20132954,-0.21718785,-0.19986454,0.13128006,-0.57782555
IND383315AAC,0.3704151,-0.5483407,0.43897247,1.6595478,0.5851338,0.08529432,-0.8225567,-0.8889775,0.6634042,-0.21135074,0.80381095,-0.6630053,-0.673061,0.022386909,0.9689216,0.28848556,-0.22814481,0.36186332,0.18667269,0.6635148,-0.1395838,0.053720772,0.11514614,0.016504437,0.06351742,-0.04644455,-0.17264673,-0.28948227,0.2403364,0.18702666,0.6813293,-0.111427724,-0.05053819,-0.16357623,-0.5581063,0.48592675,-0.073027015,0.17311263,-0.40845707,-0.056676548,-0.053542122,0.31197935,-0.20484939,0.27107957,-0.09958571,-0.09418092,0.7235919,-0.06308053,-0.10250583,0.022671707,0.13510616,-0.24333975,-0.08235589,-0.104500026,-0.6317259
IND384170AAA,0.28813255,-0.66172916,0.27685294,1.6298002,0.668098,0.397692,-0.5964406,-0.5215088,0.77625185,-0.9083095,0.4852931,-0.38934577,-0.15793121,-0.05517684,0.85577816,0.30225524,-0.04382288,0.28449187,0.15692066,0.6529892,-0.39666608,-0.19140208,0.2782251,-0.20686433,0.1424237,0.14111835,-0.28901866,-0.30066043,0.40335143,0.5788021,0.35811678,-0.39203036,-0.12857555,0.020224959,-0.7269509,0.18195133,0.2811781,-0.04912537,-0.53000283,0.07992892,0.064146474,0.059673578,0.00011456013,0.2709973,-0.091520905,-0.20250967,0.037905976,-0.316439,0.15865467,-0.13617107,0.4443494,-0.015210532,-0.41158888,0.015446197,-0.59000826
IND384205AAA,-0.08481228,-0.65272313,0.41666993,1.6176169,0.5297476,0.26163948,-0.64545685,-0.6296049,0.6122347,-0.4174629,0.5377865,-0.29809082,-0.32165316,0.030755557,0.8166654,0.3342557,-0.023656879,0.21336591,0.08782536,0.53197664,-0.34708616,-0.04501146,0.10011343,-0.2640999,0.29429471,0.07994437,-0.14544842,-0.15986246,-0.008848324,0.3172106,0.4683648,-0.3352306,0.0062586255,-0.11032905,-0.41757044,-0.07474296,0.35739547,-0.008747622,-0.34942976,-0.048537653,0.040461868,0.21555504,0.10922598,0.15158315,0.011682183,-0.24633858,0.2500316,-0.0141187385,-0.05102646,0.1077305,0.41759133,-0.3477892,-0.14088997,0.1411808,-0.48896533
IND384265AAB,0.61700666,-0.56239516,0.2704546,1.6419064,0.5366517,0.46587035,-0.6623608,-0.57127756,0.96151084,-0.80097413,0.40125293,-0.33907384,-0.057017863,-0.016495354,0.75548697,0.2995276,0.08909603,0.44174543,0.22944486,0.63129157,-0.6035379,-0.151245,0.45666572,-0.1629943,0.32687885,-0.16049387,0.06989062,-0.35088623,0.43803096,0.7215133,0.6225525,-0.5273309,-0.23285177,0.10089168,-0.7802927,0.06505437,0.32611927,0.042222388,-0.7289418,0.16536568,-0.04253106,0.013770938,0.25070512,0.09829426,0.0019544363,-0.23798883,0.1585689,-0.10451881,-0.017287936,-0.054918718,0.42571253,0.18349898,-0.39366195,0.073647,-0.7112491
IND384355AAB,0.2246536,-0.6312532,0.505515,1.6232404,0.5747518,0.2422133,-0.35645807,-0.90199786,0.654662,-0.66354495,0.60757107,-0.24620779,-0.45550013,-0.021426223,1.0359806,0.41624793,-0.06227396,0.09766244,0.20219074,0.44401306,-0.41869634,-0.024232633,0.058709864,-0.30544743,0.5499541,-0.0071469173,-0.18490541,-0.21626173,0.07521787,0.59039575,0.37824333,-0.18195252,-0.12438865,-0.2848773,-0.4664513,0.0461552,-0.2607188,-0.26913387,-0.49765855,0.08003773,0.16047418,0.061345108,-0.26515287,0.14305387,0.43204084,-0.047460277,0.29327232,0.06956681,0.019410226,0.16658852,0.43286496,-0.48450887,-0.21584159,0.11896841,-0.35381415
IND385001AAA,0.2222234,-0.6329096,0.4495045,1.5836637,0.5115276,0.18554612,-0.4515179,-0.6993313,0.6388455,-0.838112,0.88761055,-0.05121885,-0.36129043,0.121348515,1.0257428,0.2820274,-0.023211744,0.054762214,0.2226558,0.3750354,-0.35812992,-0.014296483,0.28891274,-0.4262032,0.39421797,-0.07716715,-0.10929504,-0.27739275,-0.2029506,0.7268157,0.29688138,-0.3157882,-0.27547964,-0.3146575,-0.41232818,-0.07385862,-0.07099186,-0.06211321,-0.44791603,0.1752445,-0.0076734982,0.2858162,-0.20109412,-0.06402613,0.35648358,-0.049542844,0.39283067,-0.1687814,0.09908207,0.26862788,0.55972517,-0.55558646,-0.15622514,0.26750338,-0.42147082
IND385320AAA,0.59217346,-0.62764496,0.3622826,1.6951982,0.4168047,0.39834133,-0.8461881,-0.55988127,1.0914099,-0.93051356,0.37035537,-0.19088073,-0.05284906,-0.037452515,0.89587456,0.56014216,-0.0035286695,0.17277136,0.1557019,0.4866343,-0.5488998,-0.24717511,0.25210756,-0.16155209,0.32197154,-0.06274492,-0.049108673,-0.08978991,0.5105884,0.75177896,0.66698545,-0.5331875,-0.08313295,-0.02504719,-0.80818915,0.16045278,0.28883058,0.07096975,-0.45609796,0.023643171,-0.15584792,-0.016924381,0.20442158,0.13652962,-0.21698996,-0.12979898,0.12650228,-0.23639417,-0.010930911,-0.03033287,0.35767624,0.40839678,-0.37969518,-6.0625374e-05,-0.56194943
IND385340AAB,0.445804,-0.69015056,0.46998787,1.6626786,0.45286885,0.3804719,-0.70835817,-0.53712404,0.8218789,-0.82370436,0.5843692,-0.16019282,-0.12547687,0.028272152,0.83877,0.42364594,-0.08976729,0.30470136,0.24572052,0.5178497,-0.5382713,-0.10705114,0.26653573,-0.17163184,0.25549138,-0.090811536,-0.17336956,-0.022401342,0.31215572,0.7034953,0.6554695,-0.40279526,-0.1234438,-0.0056529567,-0.6872222,0.09959717,0.31615597,0.105251834,-0.50282824,0.09247464,-0.08479495,-0.0031027645,0.33105057,0.102573514,-0.3523492,-0.29481375,0.24101765,-0.34273928,0.12103799,-0.123047344,0.36683095,0.33121234,-0.37273562,0.01334345,-0.6599803
IND385535AAA,0.12500727,-0.7820833,0.43424845,1.6109543,0.5432509,0.13834994,-0.42493862,-0.7510645,0.7513526,-0.62128335,0.6697376,-0.19732486,-0.4380513,0.060930982,0.8669465,0.37895966,-0.047811646,0.16286576,0.22468153,0.39343286,-0.4494531,0.076991305,0.058265865,-0.19377339,0.5387898,0.14437857,-0.32900256,-0.32338214,0.08653012,0.6979419,0.21727818,-0.29693323,-0.31837463,-0.26827258,-0.55293953,-0.107807465,-0.014551323,-0.22464222,-0.47755316,-0.10434751,0.07046996,0.2282256,-0.5144011,0.11877364,0.19710298,0.08551386,0.18350904,-0.19817522,-0.04244947,0.35508612,0.496005,-0.329312,-0.14416824,0.07605423,-0.34203678
IND387001AAA,-0.9801389,-0.54935765,0.74967754,1.3600987,0.20645106,0.1064273,-0.6848751,0.2148787,0.19096398,-0.35073105,0.12592563,-0.4514637,-0.6903025,-0.5680415,0.27676317,0.38005698,-0.23401414,0.29126254,0.69599456,0.1644209,-0.20597032,0.5487385,0.4438765,0.2769676,-0.31438237,0.19429767,0.4378531,0.16516773,-0.24609472,0.036723126,-0.23041314,-0.31867504,0.113014154,-0.12983406,-0.07805565,-0.1026977,0.0476878,0.13797656,-0.243776,0.11472614,0.3680448,0.047749758,0.28856406,0.34181768,0.43981907,0.610582,0.12660219,0.009046745,-0.48190466,-0.28717682,-0.19530292,-0.30996197,-0.018119972,0.07168487,0.14160231
IND388121AAA,-0.7061163,-0.7529117,0.80164635,1.3590497,0.4245871,0.22950414,-0.61674696,0.44786966,0.08372997,-0.23675525,0.07158242,-0.3246618,-0.73832417,-0.5867799,0.33421338,0.4048662,-0.542067,0.22948706,0.81712157,0.47340417,-0.19917789,0.91809475,0.41146213,0.5498435,-0.38154006,0.37059385,0.50545853,0.024031803,-0.04404901,-0.022171214,-0.3088883,-0.33047765,-0.085869014,-0.43254006,-0.1337552,-0.09613316,0.617007,-0.093360566,-0.39753804,0.19911532,0.13062915,-0.22220278,0.11643831,0.39685774,-0.2230112,0.32055837,-0.04351776,-0.12369362,-0.67759395,-0.17308098,-0.066679955,-0.22454634,0.36766732,0.15145092,0.1867844
IND388220AAA,-0.9703704,-0.61871296,0.8022511,1.2832707,0.27707636,0.17452614,-0.61598426,0.1648759,0.20448758,-0.38553634,0.039411202,-0.32801533,-0.6699459,-0.5453504,0.26319954,0.33262727,-0.380946,0.40467083,0.8209944,0.30821908,-0.18221027,0.61207676,0.36626965,0.37702444,-0.24818797,0.092315525,0.43273562,0.16349283,-0.18182033,-0.06897279,-0.213177,-0.3507621,0.12992316,-0.10399516,0.009938054,-0.056771573,0.014071628,0.060350664,-0.15378606,0.18189071,0.18793046,0.115017295,0.22285756,0.31017512,0.29577252,0.491521,0.1480432,0.0445975,-0.49140027,-0.3531397,-0.16872843,-0.38100466,-0.057400223,0.06081289,0.013947472
IND388320AAA,-1.1650589,-0.66485953,0.62419987,1.2160013,0.31363317,0.24231313,-0.5724225,0.15398952,0.12903099,-0.27133447,0.028250806,-0.2387939,-0.50302,-0.37883347,0.3757548,0.38875037,-0.30324417,0.2985337,0.6558882,0.21823992,-0.22675636,0.5107138,0.51399976,0.3799241,-0.19872673,0.19782582,0.40167087,0.036761254,-0.21984401,0.05194778,-0.15019125,-0.28787383,0.02405423,-0.11910172,-0.03615895,-0.0015247539,0.12705857,-0.058864072,-0.25524908,0.09538616,0.102318615,0.05045134,0.23870933,0.25344867,0.11665636,0.3222065,0.02858013,-0.020192914,-0.43521592,-0.25175455,-0.13896133,-0.21741909,0.022242177,-0.021641027,0.1389585
IND388620AAB,-0.8363303,-0.7488703,0.7578887,1.2691816,0.38874042,0.30647972,-0.55559903,0.37022275,0.10934526,-0.29373276,0.018001348,-0.32523417,-0.59111416,-0.49896926,0.36814487,0.45749027,-0.50836307,0.34181982,0.7877707,0.47114968,-0.25510582,0.7412151,0.46944806,0.51397645,-0.34472144,0.3014053,0.5541935,-0.04943405,-0.07480921,0.066309705,-0.37909597,-0.20408192,0.0189538,-0.36308908,-0.058331177,-0.13018936,0.39703956,-0.010824971,-0.44730464,0.12536083,0.14236529,0.015900075,0.10489758,0.46489662,-0.15521058,0.26682428,0.0985294,-0.039261945,-0.61487466,-0.23601481,-0.07864097,-0.17491797,0.22802514,0.19371971,0.18390706
IND390020AAA,2.1149287,0.014763489,0.29304877,0.40788257,-0.0106854215,-0.08186588,-0.08374796,0.79676205,1.4067755,0.23890069,0.7126533,-0.79340416,-0.47074047,0.4655649,-0.8345949,0.49539074,0.55253243,-0.6970861,-0.27810764,0.00051663816,0.18803573,-0.7865722,0.9124937,0.48624384,0.9853199,0.6127971,-0.057320252,1.8742958,-0.6144436,0.1329865,0.5285941,-0.16312596,0.04943958,1.2125615,0.4779333,-0.16412486,0.14464399,0.1694207,0.3936363,-0.07861294,0.9308988,-0.27556658,0.4556366,-0.2874738,-0.37183422,-0.5386311,-0.062285155,0.049379244,-0.39518058,-0.38456196,0.012953028,-0.43355086,-0.6550874,0.17735042,-0.22842261
IND390022AAA,-1.8025675,-0.58587486,0.53348196,0.8083598,0.20580089,0.2191953,-0.30011156,-0.08159087,0.09142189,-0.15150356,-0.00452804,-0.070980705,-0.35517555,-0.29138666,0.33431113,0.34503248,-0.13306925,0.13161361,0.30324543,0.28488135,-0.37846267,0.19806288,0.2157692,0.17739677,-0.21208654,0.037499756,0.17256618,0.0758378,-0.30778807,0.014133807,-0.14172137,-0.15947646,0.027715191,-0.10304122,0.0132782385,0.14769936,0.20933104,-0.22843401,-0.15313521,0.03543966,0.13188635,0.14499588,0.27260765,0.10561852,-0.049067244,0.27935195,0.12918012,0.024641745,-0.074049875,-0.25559312,0.016442344,-0.14136744,0.003303472,-0.13074028,0.12781024
IND395010AAB,-1.8212087,-0.12428036,0.44591582,0.7199773,0.7942043,-0.1992154,0.2555328,-0.16560254,0.32286376,-0.011716869,-0.10315922,0.20387748,0.10347493,-0.42814052,0.20691168,0.45451376,0.079219624,0.050008733,0.19915298,0.42029583,-0.32585773,0.25543913,0.4477779,-0.022422772,-0.18864271,0.16688359,-0.29450864,0.092434496,-0.21190158,-0.053604387,-0.00022381544,-0.3477699,-0.13367471,-0.0010328889,0.16406456,0.024151616,-0.0737865,-0.10615183,-0.046462547,-0.22324087,0.28616297,0.33089748,0.10277817,0.08847322,-0.020114914,0.4023153,0.2391562,0.10129478,0.33837718,-0.32505846,0.24167356,-0.091338694,-0.19996697,-0.0469628,0.078100905
IND395023AAA,-1.8438386,-0.094880015,0.4388017,0.59696674,0.75687116,-0.1274161,0.121755354,-0.2513667,0.27862972,0.040518627,-0.014708495,0.18211405,0.059763987,-0.43029588,0.3361443,0.40802097,0.030245826,-0.00960017,0.40699893,0.2838586,-0.3052738,0.16609977,0.30382374,0.062088147,-0.035911925,0.118451595,-0.012491189,0.055568017,-0.22770134,-0.07500312,-0.06487329,-0.32059425,-0.08540817,0.02187588,0.20927113,0.13988313,-0.019730903,-0.051375903,-0.15697142,-0.23516072,0.23833182,0.24569799,0.13787158,0.099240035,-0.072380945,0.27594042,0.25082874,0.0626372,0.1863897,-0.12972355,0.121103525,-0.04666727,-0.12309921,0.18815048,0.022804521
IND395023AAD,1.8452944,-0.0505798,-0.108691484,0.008947864,-0.017622638,0.28156844,-0.3419364,0.24686933,0.1062597,0.22730914,-0.7913336,-0.0682583,-0.45264614,-1.4749389,-0.6655424,-1.2179148,-0.55631614,0.57399833,-0.35045362,-0.12360589,0.049208492,0.58921766,0.35196036,-1.14276,0.021262832,-0.78082645,-0.38383177,-0.19371895,-0.090932004,0.43169975,0.9388681,0.08885188,0.11232054,-0.012318961,-0.3087053,0.6622217,-0.075744286,-0.14587294,0.049155258,-0.3777971,-0.0062534623,-0.52397805,0.5333193,0.113499545,-0.1717327,0.061939158,-0.12127982,-0.040445954,0.12271884,-0.15863603,0.29962093,0.008851632,-0.07661222,-0.332278,-0.11182594
IND396001AAA,1.6688949,-0.047690544,-0.14513338,0.039783776,-0.17519245,0.41202992,-0.3529034,0.060742557,-0.057955008,0.44472986,-0.86291385,-0.1365242,-0.45277208,-1.5031152,-0.54909706,-1.2725307,-0.57571447,0.6675693,-0.56037205,0.08000698,0.15827096,0.5786128,0.38491338,-1.2603223,0.1998611,-0.88029367,-0.45846844,-0.21236467,-0.09619631,0.3836652,0.81610143,0.11869925,0.014745535,-0.20368613,-0.18587545,0.632773,-0.18961832,-0.23641956,0.06314449,-0.45436212,-0.04331828,-0.37757182,0.48897,0.020954244,-0.32522184,0.16064526,0.2065262,-0.15739042,0.11179152,-0.32758865,0.3200325,-0.18464583,-0.13822255,-0.39938444,-0.19837317
IND396191AAB,-1.7416577,-0.23575127,-0.29614687,0.6589092,0.86840785,-0.83132064,0.2029363,-0.091384985,-0.067577384,-0.08745532,-0.1699129,-0.43220943,0.015770694,-0.023297995,0.111808635,-0.27731082,0.29410434,0.018108003,-0.04256346,-0.093077295,-0.14022908,-0.0023621533,-0.11804538,0.01687171,0.09395649,-0.02971635,0.0116138905,0.25246596,0.04464341,-0.051955126,0.0730598,-0.31445882,0.2048773,0.050935935,-0.09864656,-0.088164195,0.09881166,0.11508623,0.16376106,-0.06446831,-0.029235035,-0.056518555,0.057419315,0.085726425,0.0028463602,-0.12171221,0.043752417,0.18573192,0.06839742,0.19065985,0.080571,-0.003360913,0.17223372,0.0069495775,0.039100766
IND396191AAC,-1.6698709,-0.12765625,0.009172354,0.7380248,0.89342105,-0.6251912,0.077448934,-0.10426185,0.12253377,-0.015310884,-0.22131935,-0.26429355,0.1241338,-0.4152289,0.30302796,0.08897558,0.15944873,0.1986957,0.2293125,0.07342004,-0.24830303,0.03971998,0.06036053,0.11541323,-0.37594944,0.11951047,-0.17203882,0.11232486,-0.19485441,-0.4148143,-0.22765258,-0.40728423,-0.014087677,0.123885155,-0.027854081,0.10005252,0.20821336,-0.34208548,-0.02428435,-0.26961988,-0.07632966,0.2055779,0.3239897,0.10004575,-0.35595652,0.1090361,0.36910862,0.25663728,0.48493665,-0.36862752,0.43975657,0.18444791,-0.49884716,0.09277175,0.037206806
IND396232AAA,-1.5490115,-0.10544743,0.00734137,0.84102076,0.8343151,-0.57817864,0.057846986,-0.145363,0.06454164,-0.056610778,-0.41270494,-0.3315692,0.11754496,-0.48844337,0.30289638,0.1683441,0.2999406,0.27793533,0.21379825,0.16069725,-0.21102929,0.0706321,0.14468476,0.17515863,-0.45483202,0.13896912,-0.15849712,0.106086046,-0.013943449,-0.48881674,-0.1708219,-0.41791683,0.031826597,-0.007992879,0.07699692,0.10585761,0.2134197,-0.4196046,-0.113934696,-0.32440758,0.0020323358,0.26186436,0.3124735,-0.106045365,-0.30704084,0.13988408,0.59459937,0.354987,0.390689,-0.30243796,0.679017,0.10310248,-0.57068294,0.023787227,-0.007440716
IND396321AAA,1.7653092,-0.051832095,-0.16502368,-0.13697277,-0.05226522,0.50043297,-0.35250688,0.5078697,-0.30003297,0.51491237,-0.81548536,-0.019189373,-0.65104574,-1.5896667,-0.60481226,-0.8681531,-0.43242964,0.76653445,-0.5735601,0.20176823,-0.15888497,0.38904372,0.29395396,-1.0782621,0.11139773,-0.80598384,-0.5049165,0.18517904,-0.18215583,0.97158843,0.86811084,0.15981722,-0.058131248,0.08661197,-0.1846214,0.046651855,0.006924454,0.252214,0.091228426,-0.38321382,0.19067997,-0.47193527,0.67921966,-0.011555225,-0.404826,-0.2447207,-0.10258281,-0.05790224,0.45098206,-0.08293663,0.25802028,-0.19928268,0.2105902,-0.60329634,-0.13583139
IND396445AAA,1.7517854,-0.03668855,-0.14503965,-0.007389441,-0.06527393,0.3323289,-0.39035133,0.33082977,-0.018246815,0.38128242,-0.933066,-0.1713416,-0.3178032,-1.3586253,-0.6857043,-0.932201,-0.5439878,0.88765395,-0.6845906,-0.048220843,-0.08903324,0.564209,0.32082924,-1.313607,0.16881345,-1.0287161,-0.40288454,-0.13810182,-0.16510645,0.5165476,0.9413857,0.12775499,0.04830122,0.040386662,-0.22560269,0.2487375,0.055794336,0.07132362,0.040457428,-0.25360298,0.12723798,-0.18754119,0.5510463,-0.019047529,-0.28095582,-0.005022764,-0.023464277,0.069478445,0.13830048,-0.16883793,0.13156928,-0.119949445,0.29278094,-0.57566476,-0.20499009
IND396580AAB,1.6343151,-0.020650819,-0.24091381,-0.15244602,-0.088671885,0.4628248,-0.31879982,0.5280524,-0.19514777,0.5079662,-0.94245005,-0.11581851,-0.49720663,-1.4378511,-0.78529316,-0.8366473,-0.4725157,0.95757616,-0.7450714,-0.037909493,-0.17529851,0.5248723,0.29947808,-1.3591394,0.15045027,-0.9645225,-0.510347,0.0097149685,-0.28136,0.8138281,0.92522734,0.1917445,0.015455812,0.12887768,-0.20979103,0.049588636,0.17823324,0.24987753,0.11366144,-0.25964573,0.17553863,-0.25838834,0.68022525,-0.07699165,-0.302947,-0.15630378,-0.19684389,0.07229035,0.23398778,-0.07128122,0.1308916,-0.08053636,0.33816317,-0.65049535,-0.24749598
IND400011AAA,-1.054654,-0.008251704,-0.3711839,0.9657294,0.85092384,-1.2637835,0.146862,-0.03708885,-0.33067608,-0.004683338,-0.13840626,-0.16022459,0.31115142,-0.2514798,0.16558518,0.041875426,0.078074634,0.009106286,0.031595007,-0.12762609,-0.057236776,-0.21002595,-0.67109257,0.34021685,-0.15474187,-0.12053977,0.18653092,0.08515707,0.40564823,-0.18394291,-0.28975824,0.014818579,-0.3313312,-0.09572387,-0.15862182,-0.31259757,0.5548096,0.0602099,0.33388364,0.55857575,0.18978001,0.05321917,0.013081066,-0.3551306,0.5001963,-0.28815705,0.06854899,0.010510616,0.1293305,-0.023776993,-0.27301085,0.20567638,0.014473189,-0.24480303,0.28560817
IND400015AAA,-1.4475663,-0.08339489,-0.3486819,0.7805298,0.9859067,-0.95843256,0.2809155,0.22310498,-0.14789557,0.07562834,-0.25770348,-0.22767435,0.33703497,-0.1338162,0.26186803,-0.28740644,-0.00602011,0.36384347,-0.015140936,0.14359629,-0.05890467,-0.113976054,-0.27248928,0.11503933,0.18925814,-0.15639135,0.25924206,0.19592975,-0.02221942,-0.07455042,-0.024928614,-0.2128059,-0.08728014,-0.13782947,-0.15257376,-0.16526675,0.12117391,0.13711385,0.00961275,0.13362202,-0.4773796,-0.21318725,0.10014547,0.14424235,-0.009690821,-0.030942857,-0.5262443,0.15524179,0.13284083,0.075522356,-0.5192382,0.095856555,0.06243996,-0.2359577,-0.4730357
IND400015AAB,-1.5157363,-0.07470174,-0.4192872,0.88049394,0.9506163,-0.8714434,0.14355557,0.06066346,-0.07924087,-0.09279902,-0.32423806,-0.21378526,0.3540696,-0.3182481,0.049072675,-0.2478208,0.27458152,-0.088889405,-0.15932661,-0.09852273,0.02603064,-0.14801855,-0.15420422,0.13953201,0.024907101,-0.068558894,0.058186367,0.010698404,0.1287875,0.017845353,-0.06825185,-0.18718985,-0.18028481,0.007400617,-0.36714432,-0.12390874,0.16067648,0.09079991,0.100802675,0.34379083,-0.07155811,0.03337131,0.15709984,-0.037190072,0.08187603,-0.27240935,-0.032405686,0.15853477,-0.034125514,0.07694527,-0.16963689,0.23469335,0.0073169246,0.014288887,-0.08366436
IND400016AAA,-1.3494979,-0.017106496,-0.3728872,0.8455481,0.9812301,-0.9378878,0.41031078,0.2867653,-0.2329226,0.08763573,-0.25930846,-0.25949734,0.34332108,-0.36439973,0.2726812,-0.49925506,-0.06826837,0.41049266,-0.072433345,0.17672288,-0.08616973,-0.09566068,-0.4143406,0.14301835,0.3562569,-0.15339549,0.34010026,0.26199228,-0.09086659,-0.17182416,-0.08246569,-0.26071808,0.013352178,-0.034719005,0.0016544312,-0.28923774,0.08882605,0.23650606,0.051926598,0.25184256,-0.5043106,-0.28400677,0.13438863,0.15066943,0.025150836,0.13239348,-0.5574723,0.10162786,0.18670987,0.07032484,-0.7180526,0.012736678,0.059551664,-0.20445861,-0.49300963
IND400016AAB,-1.184265,-0.0043825395,-0.39014915,0.92840844,1.0471545,-1.1011344,0.2865301,-0.07133838,-0.20202239,-0.0007451158,-0.13871314,-0.10777121,0.381365,-0.30614823,0.05545249,0.14095068,0.11924675,0.021326214,0.0122141335,-0.1698666,-0.018586341,-0.20678912,-0.21608678,0.2939422,-0.09984615,-0.120276764,0.10944824,0.094378576,0.15891229,-0.2880236,-0.3482797,0.039614573,-0.1561371,-0.25319988,-0.30591786,-0.13872421,0.15234593,0.064759135,0.24133739,0.7390568,0.18414296,-0.06082581,-0.041708708,-0.32530683,0.50326884,-0.41095966,-0.17690884,-0.010723218,-0.080273986,0.012081012,-0.15004794,0.29391012,0.047134396,-0.047160234,0.12792161
IND400037AAA,-1.4971912,-0.25930142,-0.39318216,1.0091017,0.56558007,-0.9041829,0.11389766,0.2675955,-0.12823416,-0.05515622,0.011236494,-0.56916434,-0.07184521,0.18843968,0.29596922,-0.08535612,0.59872824,0.22893773,-0.10215287,-0.31438935,0.08286252,-0.0923629,0.05186268,-0.06695297,0.20457043,0.4713204,-0.4460355,0.2476298,0.480254,-0.026527897,-0.12700239,-0.19986166,0.24539831,-0.11172153,0.17590496,0.03141863,-0.11173982,0.44627357,0.22936574,-0.34186345,-0.14212605,-0.2479746,0.32734168,-0.21053594,-0.0086980015,0.48420042,-0.093738794,0.52074826,-0.0638151,-0.11650756,-0.27680343,0.12077581,-0.14067563,0.45681322,0.28153265
IND400064AAB,-1.1356286,-0.19354466,-0.52100515,0.9967541,0.9191485,-1.1174136,0.315777,-0.17064196,-0.035885293,-0.01001806,-0.003059797,-0.47299874,0.12807979,-0.17937317,-0.023226846,0.2119053,0.031429265,0.18173918,-0.28202492,-0.20687483,0.04051555,-0.12811089,-0.39213425,0.5240697,-0.37405497,-0.08555129,-0.11749933,-0.13240606,0.18989255,-0.49353915,-0.36293125,-0.2101387,-0.13832743,-0.18511905,-0.10936269,-0.4369408,0.43422082,-0.0024818946,0.34858215,0.7954917,0.15322936,0.17739986,-0.21708176,-0.59845835,0.5069428,-0.26392412,-0.083635,0.031425327,0.21195218,-0.060737237,-0.06195341,0.45145106,0.16192889,0.049128972,0.56026375
IND400072AAB,-1.264892,0.07055479,-0.38154703,0.9649393,0.9294337,-1.0765023,0.26553994,0.21367699,-0.48025632,-0.12194576,-0.15036431,0.071195886,0.53160864,-0.41028446,0.2038745,-0.025681058,-0.043915745,-0.03189028,-0.04612378,-0.13341054,0.20581058,-0.25016922,-0.32828054,0.1717714,0.1187954,-0.03389185,0.028319143,0.14427295,-0.024000823,0.09247998,-0.18426302,-0.045205615,-0.029514283,-0.013854288,-0.23215714,-0.0749158,-0.08124593,0.01804033,0.101119444,0.59311926,0.21085612,-0.09401657,0.14274758,-0.054022253,0.3664875,-0.44523695,-0.19468245,0.11471932,-0.09502131,-0.15007076,0.07428644,0.09393874,0.014986407,-0.17873092,0.030644596
IND400072AAC,-0.9135425,0.043511473,-0.24846578,1.0109707,0.79223233,-1.2329358,0.14641961,0.011782795,-0.34680414,-0.050834157,-0.16825669,-0.21908091,0.25033763,-0.24133989,0.37913018,0.0779475,0.12478608,-0.01585523,-0.018619698,-0.18134338,-0.012487009,-0.2652635,-0.8877201,0.4674698,-0.15381882,0.014912367,0.20544228,0.08039318,0.54793406,-0.22953399,-0.35262185,0.05776471,-0.37150374,-0.14047143,-0.23042145,-0.50027055,0.66124403,-0.05969481,0.4149334,0.57779837,0.05652623,0.04961115,-0.005412832,-0.23198113,0.6349776,-0.3372142,-0.0036017299,0.03317263,0.33975476,-0.015967079,-0.531552,0.23099598,0.08005482,-0.12558828,0.3228427
IND400072AAD,-1.2636008,-0.16743009,-0.48148367,0.8734414,0.8678667,-1.1099429,0.264973,-0.18519637,-0.16844893,-0.053117506,-0.11370781,-0.25521764,0.20151946,-0.15359803,0.05664128,0.090632915,0.13253176,0.1864849,-0.09302117,-0.2819298,-0.07036009,-0.08600813,-0.38581654,0.32821387,-0.3582468,-0.074553534,0.060629338,0.031990387,0.16353929,-0.33920318,-0.3149856,-0.1383535,-0.03884847,-0.09828603,-0.15302444,-0.2672994,0.43950856,0.0006022379,0.27290675,0.5322461,0.0794404,0.05385855,-0.057531394,-0.5490728,0.41734228,-0.18020418,-0.10528028,-0.0511441,0.12831762,0.009616815,-0.23910962,0.31610778,0.10538995,0.025130972,0.41003984
IND400102AAB,-1.7230446,-0.10426281,-0.29834467,0.7216007,0.7062782,-0.7861893,0.13049881,-0.13178459,0.019706968,0.13819295,-0.32746243,-0.46187526,-0.038913086,0.030990176,-0.0060776756,-0.28328633,0.39300755,0.20951638,-0.3845175,-0.17545669,-0.21260357,0.06450725,-0.020034865,-0.046541996,0.090376206,0.12499234,-0.16977352,0.19493689,0.09048718,-0.17860895,-0.046623528,-0.3284251,0.12645999,-0.04319927,-0.10547957,0.06735586,0.17554748,0.082534894,0.22453536,0.09407006,-0.14527097,-0.26100388,0.076763876,-0.016793758,0.080554955,0.06633538,0.075139925,-0.13807982,-0.036587413,-0.0050825104,0.16564287,-0.18911391,-0.05386511,0.03872072,-0.051813155
IND400102AAC,-1.5788082,-0.09541311,-0.3209344,0.9090846,0.6820654,-0.7812308,0.37158144,-0.35896087,-0.15978236,-0.215453,-0.49823278,-0.2568308,-0.5449574,0.053064805,-0.089461476,-0.38051596,0.51536435,-0.037517995,0.06772882,0.16244431,-0.26872838,0.053987987,-0.091618806,0.13543749,0.08376398,0.014977381,-0.18888539,0.3023889,-0.10902488,-0.3541153,-0.03258887,-0.52434707,-0.17196414,-0.23940213,0.07062562,0.16470863,-0.2997652,0.4057846,-0.18281117,-0.058364805,-0.2942838,-0.1615898,-0.20401308,-0.22658837,0.25032535,-0.31166065,-0.31479287,0.07989233,-0.16325763,0.28398383,0.109687455,-0.078559004,-0.1415421,-0.03698573,0.09575881
IND400701AAA,-0.8264564,-0.08212863,-0.31362003,1.1073025,0.76626074,-1.115504,0.24255455,0.2630839,-0.8049513,-0.36738345,-0.5106813,-0.37372768,0.34520426,-0.44035447,0.22327715,0.16771123,0.13985768,0.07940496,0.15715188,-0.3032078,0.3542759,0.108998306,-0.09206017,-0.85772485,0.24348575,-0.3679443,0.13346493,-0.24309441,0.028090864,-0.06941163,-0.18612283,-0.40210316,0.040891632,-0.37350363,-0.17484728,-0.34126675,-0.071383104,0.080924734,0.44767535,0.5597768,0.037579253,-0.4602059,-0.12408849,0.2847819,0.020402655,-0.17447865,0.1335394,-0.41048887,0.4489064,0.27604324,0.35204753,0.21748269,0.15490966,0.15739666,0.099627785
IND400701AAB,-1.5435754,-0.09391397,-0.42364478,0.8622061,0.8856119,-0.89246595,0.21648195,0.027571991,-0.15273994,-0.11318072,-0.40417004,-0.021807041,0.26538655,-0.19811688,0.013828425,-0.20020232,0.33531958,0.1374962,-0.04322123,-0.05126376,0.0207703,-0.11861746,-0.21421528,-0.017735735,0.085974425,-0.045926943,0.04015024,0.05677463,-0.1624856,-0.0077994503,-0.23727098,0.013148677,0.027868446,0.016327761,-0.19075724,-0.16435388,0.13239872,0.08561508,0.18143523,0.31759673,-0.21163109,-0.14141114,0.13487662,0.01130604,0.14724872,-0.13959917,-0.13100994,0.104822956,-0.02922779,-0.038263462,-0.33377784,0.12619212,0.037725527,0.0034460984,0.06396648
IND400705AAA,-0.9589655,-0.07369352,-0.42514938,1.1200291,0.90050477,-0.79424417,0.17331609,-0.35371608,-0.17759706,0.5770978,-0.6432641,-0.22605118,-0.3720096,-0.12834121,0.3756054,-0.44904047,0.39320385,-0.12719108,-0.41285706,0.31347346,0.35424677,0.36322293,-0.26871255,0.24468845,-0.06149429,0.24834129,0.23709214,-0.25838733,0.15261787,0.472624,-0.6288138,0.17124297,0.025805144,0.5947711,-0.3461069,0.73345506,-0.45354512,0.15863298,0.21799865,0.04166922,0.094449505,0.20745212,0.075729944,-0.07578963,0.39829734,-0.7226144,-0.2875765,-0.014855064,0.5196874,0.0498776,0.47164792,0.09703733,-0.07433325,-0.13624047,-0.5151338
IND401104AAA,-1.3009889,-0.055397622,-0.34915596,0.97767526,0.8788312,-1.0470479,0.16674955,0.17392261,-0.1016334,0.36170694,-0.3425125,-0.26444215,-0.20357895,-0.23891358,0.42654464,-0.1424577,0.34090966,-0.15677121,-0.19502544,-0.020314401,0.118073784,-0.07454279,-0.09183534,0.10076815,0.040565822,0.2478413,0.15420105,-0.0045484453,0.23528938,0.3473326,-0.4687742,0.21235125,0.10104074,0.06285703,-0.18539813,0.081639364,-0.24965993,0.054174222,0.17176291,0.16432917,-0.11336729,-0.089887455,0.11196975,0.13947271,0.38759094,-0.6461171,-0.22651906,0.042657174,0.1808798,0.068285964,0.02160512,0.0028755013,0.08683707,-0.3385633,-0.15063646
IND401104AAB,-1.4773858,-0.10625257,-0.42993835,0.886686,0.86939746,-0.9816092,0.2461895,0.03258899,-0.24091843,0.05346019,-0.33495617,-0.054124113,0.3233163,-0.077132896,0.11464048,-0.26520118,0.3469321,0.092252225,-0.11780541,-0.06407992,0.06672025,0.07588866,-0.20803273,-0.06589727,-0.20485654,0.08742131,-0.048603114,0.07364377,-0.00024579465,-0.023867384,-0.062516645,-0.18938723,0.056236964,3.0770898e-05,-0.20086598,-0.15697938,0.15412766,0.14225988,-0.034794163,0.32204136,-0.005855359,-0.17520164,0.029213976,-0.04268817,0.08732556,-0.2610436,-0.21066326,0.18529657,-0.10000086,0.08655391,-0.24871929,0.064684294,-0.02177791,-0.13829623,-0.018479079
IND401209AAA,-1.238837,-0.10574112,-0.28592557,0.85170555,1.044768,-1.0585923,0.052993886,0.25510597,0.0091709085,0.38592842,-0.30667,-0.3774494,-0.20493865,-0.27250493,0.54925334,-0.046406902,0.44422877,-0.040385947,-0.29565758,-0.21863562,0.028241998,-0.12067175,-0.15468118,0.19087474,0.06464149,0.23907548,0.31172016,0.055206634,0.42035747,0.5426101,-0.46728444,0.33387208,0.11563192,0.03820625,-0.23045877,0.06375387,-0.24608037,0.0017761458,0.20685585,0.16356225,-0.16523768,-0.05586052,0.19915166,0.36510542,0.26405972,-0.7992624,-0.2739583,0.010538388,0.10966623,0.16794893,0.033589438,-0.027819203,0.08796935,-0.2632707,0.081027195
IND401209AAB,-1.3662983,-0.014625676,-0.26411942,0.87269515,0.80278164,-0.97085595,0.09752726,-0.012697585,-0.0062658675,0.29076362,-0.4692431,-0.31421202,-0.19537722,-0.08097591,0.39843976,-0.32073846,0.3123741,-0.04745909,-0.4478129,0.09313845,0.19223365,0.13505845,-0.105868615,0.20816097,0.03153695,0.2772062,0.12798923,-0.12523866,0.22531267,0.32479966,-0.37903833,0.057824552,-0.0058279335,0.22414942,-0.28186664,0.40172815,-0.20021763,0.2633512,0.2015089,0.06479057,0.020797305,0.039211065,-0.020113878,0.19771747,0.31385928,-0.5896366,-0.18959635,0.14787185,0.45482013,0.15662399,0.24939083,0.071215644,0.027329568,-0.22147684,-0.18256488
IND401501AAA,2.0998597,0.07764737,-0.09364095,0.2073464,-0.41277647,-0.051787227,0.30946276,0.014041342,-0.5092023,0.09459192,-0.031200163,-1.0532486,0.69581944,0.60527855,0.75408983,1.3123298,0.123385295,-0.13231021,-0.23245138,0.84651965,-0.12157465,0.048005015,0.2121999,-0.3106405,-0.2583887,0.42685032,-0.009079829,-0.64356345,-1.5107079,0.38901097,-0.06762104,0.6906232,-0.2428154,-0.4301206,0.07118123,0.08083535,-0.52112955,-0.09648122,-0.51261806,-1.3303137,-1.1352966,0.7724327,-0.66434205,0.010770142,-0.6688439,0.8496427,0.67913556,0.7067751,-0.33037654,0.13122967,0.20409517,0.441402,-0.5698629,0.07726979,0.52073824
IND401602AAA,2.1043348,0.08376296,-0.10378349,0.20170881,-0.39812618,-0.03593552,0.31449482,0.026791178,-0.49489516,0.09581802,-0.049422726,-1.0259535,0.70153105,0.6346049,0.75780976,1.308886,0.11091055,-0.11815563,-0.22511473,0.8858438,-0.11748481,0.050266236,0.24242842,-0.3697638,-0.24763544,0.41605097,0.011924401,-0.6456777,-1.481322,0.39420468,-0.037022606,0.68852216,-0.26805207,-0.48503315,0.07981443,0.11756702,-0.5233208,-0.0970012,-0.5248159,-1.316944,-1.1458117,0.7668412,-0.6704237,0.03438032,-0.6650943,0.83944756,0.7021533,0.7373756,-0.3065643,0.08735492,0.20205991,0.42750785,-0.56124526,0.09068228,0.53308064
IND402107AAA,2.1600728,-0.028447673,-0.20146713,-0.0069024414,0.059329826,0.10049975,-0.50336987,0.27201417,-0.13170709,-0.07970863,-0.21031041,-0.4851876,0.79241097,0.02547428,0.40226346,-0.92072594,-0.74808663,-0.7978525,-1.1986575,0.77692574,-0.80719304,0.42490864,0.03334669,0.6069925,0.26225674,-0.7661682,0.3259757,-0.78927,0.6470368,0.041940287,-0.41007304,0.41777995,0.46029598,-0.8311223,-0.25695255,0.5634643,1.0552691,-0.035657004,1.1737312,0.4999402,0.8787141,0.21944666,-0.73936874,-0.35252553,0.2104389,0.14081481,-0.032926336,0.10004436,-0.09349187,-0.69269073,0.17471866,-0.2215667,0.43449908,0.6964199,-0.3124753
IND402109AAA,2.1645784,-0.028790101,-0.20115569,0.009460345,0.10623335,0.09823558,-0.54940826,0.31698707,-0.14857548,-0.079095356,-0.2504838,-0.5286649,0.79778886,0.010665759,0.41343388,-0.9213146,-0.75817066,-0.83006036,-1.1862615,0.83930826,-0.84066516,0.4306551,0.034978844,0.6375895,0.24083407,-0.7570889,0.32027358,-0.7907665,0.6108705,0.0016188473,-0.41118032,0.46881202,0.4973264,-0.8196023,-0.23359272,0.5998787,1.0564078,0.007851452,1.1805675,0.49882522,0.9172722,0.21230632,-0.7008001,-0.3690674,0.20883656,0.12659688,-0.05198145,0.10606115,-0.12084031,-0.7437361,0.19702487,-0.18037269,0.42584878,0.7502556,-0.34743002
IND402301AAA,2.1312752,-0.0023777932,-0.1902133,-0.004610881,0.09348784,0.109432794,-0.51331276,0.283928,-0.1469771,-0.14331502,-0.18183996,-0.469339,0.7064583,0.015686378,0.41128367,-0.8897265,-0.68581444,-0.7492429,-1.1447481,0.7823101,-0.77412945,0.39308503,0.022260375,0.61490685,0.24646206,-0.7579458,0.3269306,-0.7619032,0.6581246,0.04817061,-0.3821509,0.40126228,0.4818407,-0.79750144,-0.26789927,0.55164516,1.0548156,-0.042072907,1.1600217,0.5016174,0.8554591,0.23466206,-0.7410491,-0.3833018,0.16598362,0.13490723,-0.038757354,0.102346174,-0.13407217,-0.7182945,0.17309742,-0.22177711,0.44127592,0.6980759,-0.3152926
IND403401AAA,1.8597986,0.08569032,-0.21458378,0.026230305,0.07244927,0.44400844,0.9541304,-0.42918152,-0.46581465,0.25819525,0.3641309,0.2596686,0.48930869,-0.5509263,-0.6017881,-0.47546944,-0.2912955,-0.40004098,-0.96928036,0.7172775,-0.06999585,-0.48783675,0.23889184,-1.5004473,0.43524075,1.0376616,1.0262735,-0.30499947,-0.38272572,-0.24544583,0.10055534,0.6840627,-0.032626994,0.44847822,-0.034160405,0.123449236,-0.6192798,0.55409896,-0.43486065,0.29614124,-0.1404748,0.4256381,0.91251236,0.18223988,0.019795597,-0.2011257,-0.13739206,0.12686932,-0.4751852,-0.031564176,0.33805785,0.16928682,0.05397643,-0.156727,0.23744655
IND403507AAB,1.8561071,0.07278225,-0.21819058,0.023550808,0.0568361,0.4443311,0.9634941,-0.42107338,-0.49987912,0.25260094,0.3889625,0.26952767,0.5053073,-0.56150544,-0.60258716,-0.48279247,-0.2898949,-0.38819283,-0.9924097,0.7486022,-0.017144695,-0.46141773,0.26870388,-1.5011771,0.46189433,1.062325,1.02477,-0.25410104,-0.3753174,-0.2028408,0.07793267,0.655087,-0.02168833,0.46181077,-0.039178807,0.12673782,-0.6244933,0.53183216,-0.41671288,0.34837496,-0.15236191,0.41985315,0.93750036,0.17052685,-0.02210939,-0.21692698,-0.14434472,0.121820986,-0.48856565,-0.030223258,0.3606726,0.17015561,0.07872483,-0.14992014,0.23794669
IND403601AAA,1.8431693,0.09120652,-0.23527554,0.04355046,0.08825302,0.42121258,0.9318406,-0.4304694,-0.4824633,0.28368658,0.40117073,0.24979012,0.4968045,-0.56701356,-0.5969968,-0.4862666,-0.278742,-0.38514057,-0.97183305,0.7117918,-0.04866734,-0.4422208,0.21922359,-1.4644101,0.41267574,1.0399232,1.0381956,-0.26107532,-0.354922,-0.20895973,0.09779771,0.6593819,-0.018952977,0.45496243,-0.011063756,0.08809513,-0.5918047,0.528564,-0.42527118,0.3259372,-0.1077594,0.4248317,0.9540677,0.2063722,-0.009129748,-0.20482168,-0.13651593,0.10912296,-0.47775617,-0.027685167,0.3612551,0.16412184,0.09984926,-0.14829011,0.23095694
IND403702AAA,-0.99225193,0.8857366,0.82887447,0.10514416,0.76062715,-0.36535817,0.41183627,0.34732887,-0.2301939,0.057961904,0.30440652,0.53345174,-0.028125565,-0.027522579,-0.35739586,0.25167406,-0.36181828,-0.35179168,0.35935223,0.5191847,-0.47196016,-0.46501318,-0.47206017,0.4019723,-0.25377965,-0.5191637,-0.55619335,-0.23522016,0.38147253,0.13659796,0.19579473,0.55942005,-0.04801815,0.0460835,0.45973334,-0.4348402,-0.059126932,0.41396248,0.24035642,0.20880319,-0.29073462,-0.29020727,0.20468163,0.1940596,-0.07214594,-0.07005727,-0.5128291,-0.1810242,0.19899443,-0.030313846,0.098079965,-0.20469871,0.054471556,-0.04988635,0.13599391
IND403726AAA,-0.9653175,0.89363664,0.621698,0.36614156,0.64346397,-0.54541945,0.2779046,0.31984195,-0.3590603,0.25926968,0.21552874,0.8107611,0.10817918,-0.11135707,-0.57547754,0.2726468,-0.4870262,-0.18035343,-0.0487584,0.46976352,-0.67310715,-0.08412841,-0.28561097,0.3096506,-0.24646492,-0.5021897,-0.419331,-0.18577033,0.32529932,0.10371957,0.3848381,0.7284768,-0.040594373,0.039017934,0.34851697,-0.08915396,-0.086665176,0.16432515,0.27089718,0.027035674,-0.15609026,-0.060962453,0.33740574,0.53371966,0.05091188,-0.21442159,-0.23566672,0.10786554,-0.081152394,0.113194965,0.26380476,-0.12614664,-0.062943324,0.106062874,0.0039224625
IND403726AAB,2.0586948,0.10947031,-0.17210653,0.048296005,-0.028970681,0.2517273,0.6656116,-0.29115525,-0.2616455,0.25488457,0.31420666,0.15849645,0.44104463,-0.47352606,-0.29713508,-0.45707607,-0.20948249,-0.38566554,-0.8713804,0.57091403,-0.22053325,-0.5229646,0.21308658,-1.3342872,0.41979027,1.0674865,0.95042235,-0.3165511,-0.38873333,-0.24508105,-0.03141874,0.79192096,-0.011000618,0.3366531,0.04962229,0.11251569,-0.56884193,0.61952734,-0.39566672,0.30453703,-0.0848172,0.5697919,0.88398653,0.1862003,0.19803725,-0.253496,-0.102962226,0.12789771,-0.5500594,-0.02756095,0.4445274,0.23599419,0.016865082,-0.09876843,0.22857581
IND410206AAA,-0.90886045,-0.05335602,-0.30379537,1.0070374,0.84610313,-1.0871089,0.22249725,0.26045159,-0.78844947,-0.43357065,-0.4557565,-0.48425734,0.50593483,-0.35881656,0.23713705,0.26727518,0.23997201,0.03536811,0.08763763,-0.23853607,0.465737,0.18616687,-0.29389128,-0.85904634,0.28526807,-0.33952722,0.14009048,-0.15145077,0.0032536238,-0.05610366,-0.2001906,-0.2673475,0.19284491,-0.22182225,-0.23973915,-0.34095454,-0.076781645,0.11730896,0.5433799,0.42993686,0.012217253,-0.39675128,-0.060521297,0.2512279,-0.06838448,-0.16786969,0.009108052,-0.4402106,0.53751975,0.27777755,0.4497246,0.30218187,0.12166895,0.09195556,0.10042202
IND410206AAB,-0.948422,-0.06474672,-0.2073927,1.0656794,0.7162757,-1.2322447,0.34681067,-0.0164221,-0.5685212,-0.39184946,-0.44405413,-0.492642,0.24066296,-0.57271343,0.03589333,0.005407531,-0.058533546,-0.028233066,-0.0015525788,-0.33569407,0.37541482,0.19557735,-0.22065485,-0.903451,0.056678876,-0.36276466,0.07048324,0.0139694065,-0.19141255,0.047155097,-0.12849191,-0.3766659,0.08242057,-0.2711264,-0.6102791,-0.19400655,-0.24266496,-0.16385062,0.26785326,0.35576198,0.037037686,-0.5310165,-0.12716177,0.306768,0.17926916,-0.07390797,-0.06206558,-0.38978484,0.43963447,0.17271474,0.30254292,0.42853728,0.04475813,-0.034970965,0.04548444
IND411014AAA,-1.3515646,0.576186,0.44629028,0.85659117,0.25171703,-0.6559862,0.07899908,0.3615694,-0.33396983,0.1408898,0.19486655,0.9128087,0.033103377,-0.6523694,-0.1815717,-0.012750354,-0.70165634,-0.13882084,-0.0063141705,-0.067967445,0.05102799,-0.3039828,0.041120864,-0.26585826,0.36623555,0.2494637,-0.17271875,0.04982643,-0.045101568,0.10112934,-0.18635017,0.50785846,0.24729191,-0.014406264,0.21893096,0.08867006,-0.034321822,-0.25671458,0.7506137,-0.0316385,-0.4061839,0.16163191,-0.36078963,-0.18129826,-0.1227833,0.19650841,-0.02220872,0.5849483,0.270855,0.21120977,-0.21591975,0.0024188682,-0.032194305,0.25700572,0.12094638
IND411017AAA,2.3661957,0.15722544,0.49243936,0.049997255,0.18474686,-0.23444274,0.021546269,-0.8013269,-0.14886214,-0.115878135,1.3481965,-0.61390316,-0.5412404,-0.20927854,-1.5822922,0.6279319,-0.3372227,-0.29886028,-0.0044815405,-0.046976253,0.47870764,0.5057074,-0.25149244,-0.19335052,0.23379086,0.25300503,-0.2539756,0.33371103,-0.41681892,-0.33829457,0.67242825,-0.09558311,-0.20682786,0.012686901,0.66657966,-0.43709636,0.08625557,0.33252317,-0.4713103,-0.9920153,-1.3628957,-0.9302151,0.36270756,-0.86337006,0.4699167,0.42177677,0.28163737,0.6523064,-0.145121,0.4013147,-0.35506755,0.35784605,0.32502905,-0.45605928,0.30677593
IND411021AAA,-1.5844388,0.52952343,0.38641778,0.7596132,0.24108589,-0.72026765,0.17978632,0.16642499,-0.33274007,0.15787053,-0.15281604,1.018996,-0.016002238,-0.41030598,-0.2774203,0.38235006,-0.22878395,-0.07227379,-0.0030712988,0.16148932,-0.12745622,0.08667395,0.15281731,0.044843897,0.19455318,0.0787313,-0.21939567,0.045262992,0.35495722,0.02556984,0.08375512,0.119457334,0.01829525,0.09375716,0.1657168,0.026196025,-0.24221966,-0.2408289,0.26523343,0.24467474,0.24718463,-0.07518889,0.066636294,-0.042597532,-0.17298526,0.03712848,0.047827154,0.06872289,-0.007410001,0.072040476,-0.1381806,-0.012351563,-0.0049604364,0.059809048,0.19163656
IND411033AAA,-1.6175985,0.55389404,0.32500663,0.7327104,0.25943077,-0.65176594,0.085869886,0.13790035,-0.279086,0.1944707,-0.05249556,0.89983535,-0.0578821,-0.40426618,-0.33656162,0.2621757,-0.34299487,0.09264295,-0.09651859,0.089445084,-0.17846164,-0.14724723,0.044431575,0.06775476,0.1262792,-0.05396928,-0.028413683,0.044384256,-0.0047932863,0.09459029,-0.026089981,0.15785849,0.037464418,0.06542562,0.0072848387,0.03533709,-0.04013373,-0.0016194563,0.14578196,-0.12785938,-0.090349674,0.029883914,0.18281823,-0.07707451,-0.12568516,-0.059884667,-0.030343674,0.18289675,0.089752436,-0.22719067,0.091172665,0.094847314,0.19446717,-0.09484568,0.004172012
IND411036AAA,-1.6426,0.5042409,0.2654888,0.71829283,0.34269366,-0.73146963,-0.08518751,0.30124253,-0.16929027,0.32177714,-0.021004222,0.9597144,-0.016033476,-0.37960893,-0.24853402,0.3090204,-0.4616325,0.03852838,-0.008801378,0.10320913,-0.082157336,-0.08682379,0.1758939,0.061739743,0.14628801,-0.011452071,-0.08111874,0.30643207,0.16391188,-0.115182385,-0.057146117,0.31225646,-0.11633329,0.09982909,0.080862105,-0.11026123,-0.09272589,0.15694124,0.17507184,-0.0015637204,-0.049796484,-0.14069548,0.17687032,0.121817715,-0.321252,-0.121381864,0.35761595,0.16684444,0.06984989,-0.15422401,-0.19129209,-0.14482197,0.11936186,-0.060432736,0.043704405
IND412105AAC,2.3425574,0.13844703,0.47986394,0.07106109,0.21323419,-0.24329695,0.094956316,-0.7746875,-0.15559901,-0.11934023,1.3197031,-0.6001063,-0.5225012,-0.2512325,-1.5878828,0.63746333,-0.33899775,-0.3114328,-0.021803055,-0.066428185,0.43988872,0.46710446,-0.24688333,-0.14386147,0.2630437,0.25011888,-0.24856801,0.38353604,-0.42904085,-0.37204605,0.6136476,-0.08829504,-0.21026593,0.003434658,0.65442646,-0.4008054,0.1323427,0.30613542,-0.46838975,-0.99930054,-1.3588822,-0.9310849,0.32914907,-0.82214385,0.51084256,0.4127668,0.2264645,0.6196772,-0.14373064,0.3948476,-0.329462,0.37795973,0.29583132,-0.44362003,0.30946648
IND412210AAC,-1.6293318,0.54397273,0.18277824,0.7137261,0.3281479,-0.60825205,0.21255374,0.061201807,-0.4926328,0.15772739,0.03293406,0.95722437,-0.18678473,-0.56217563,-0.52980006,0.35639536,-0.24365102,-0.06723504,0.10196249,0.010630499,-0.20521805,-0.13600618,-0.070924416,0.119617686,0.15111418,-0.17138016,0.048709944,0.060153842,0.1380354,-0.032441065,-0.12973374,0.19476569,-0.0758186,0.23971628,-0.08262494,-0.03052514,-0.21841991,-0.1323714,0.15012847,0.058818985,0.13645722,0.074421115,0.097415894,0.10430908,0.028527007,0.18653284,-0.0016011223,0.21344209,-0.1086939,0.019763287,0.051680624,-0.12522815,-0.011740696,-0.057825137,0.037166044
IND413002AAA,-1.573138,0.6892046,-0.34748214,0.7186116,0.094953194,-1.0184692,0.08204083,-0.23937124,-0.23110846,-0.014573113,0.07385319,0.34328216,-0.16237772,-0.21302521,-0.38126376,0.10034956,0.013627628,0.1405142,-0.12881535,0.20345925,-0.088146515,-0.02940544,0.47044584,0.27042118,0.046520244,0.21731511,0.12519789,-0.079045996,0.32671982,0.15885548,-0.022804275,-0.008410906,0.1622183,0.082075775,-0.11857532,0.04759968,-0.05298961,0.32719678,-0.13188188,0.027445491,-0.3058705,-0.030019566,0.050702497,0.046971638,-0.3637614,-0.02131081,0.08628824,-0.32820565,-0.051983964,0.07033182,-0.04155016,-0.08858631,-0.03491414,0.049661633,-0.00037303567
IND413304AAA,-1.1056548,0.7509603,-0.39646146,0.8476369,0.040615823,-1.1387362,0.17207776,-0.44515437,-0.42986196,-0.07483145,0.20546217,0.28806728,-0.36186168,-0.15683615,-0.5475804,0.30012628,0.00915038,0.271376,-0.26846796,0.07002652,0.023740165,-0.10705266,0.6469982,0.52763003,0.22776262,0.24427527,0.2774344,-0.069345295,0.46156198,0.3286671,-0.4766037,0.1236289,0.16980445,-0.12103669,-0.1701146,0.104367286,-0.012423083,0.4772727,-0.17245609,0.1805082,-0.46712467,-0.010287553,0.17541718,0.00224334,-0.49388313,-0.12113481,0.13614406,-0.48901266,-0.14143239,0.16068575,-0.025029227,-0.4441186,-0.34296018,0.07584751,-0.058220014
IND413307AAB,-1.0218304,0.66845864,-0.42655,0.8359288,-0.021424253,-1.2006174,0.21485665,-0.6293222,-0.5698885,-0.10767673,0.21155743,0.3317545,-0.39804724,-0.09098099,-0.55972207,0.29969537,-0.11028157,0.3076453,-0.17006998,0.10204646,-0.10876883,-0.10565721,0.71208495,0.55584115,0.25446707,0.18923935,0.35430703,0.006557584,0.46643913,0.31516403,-0.49694127,0.16763474,0.15833911,0.010326043,-0.35172737,0.15396327,0.031096451,0.32382834,-0.19441533,0.20610449,-0.3738009,-0.08214034,0.22419426,-0.13568291,-0.4517963,-0.16422777,0.14090884,-0.65091306,-0.12668997,0.27361828,0.008593395,-0.33317205,-0.39153248,0.11328609,-0.23982221
IND413307AAC,-1.5145957,0.8086155,-0.43026045,0.758202,0.05824975,-0.98463976,-0.0016704258,-0.16343188,-0.41754758,0.016111426,0.01566051,0.3333246,0.01445666,-0.31272084,-0.39528447,-0.11377703,-0.19318499,0.09990657,-0.30552703,0.3163817,-0.14605743,-0.11140377,0.51082283,0.16957846,0.013697028,0.3910879,0.2046763,-0.17382123,0.5082913,0.123598784,-0.07625228,-0.09776452,0.13374639,0.18195745,-0.045725025,-0.030612364,-0.051056344,0.30053622,-0.103135,-0.043942567,-0.41982576,-0.13264614,0.14573172,-0.03312008,-0.5148155,-0.014296807,0.118804395,-0.30994684,-0.07733047,-0.019544967,-0.036202803,-0.11448599,-0.14669713,0.12136106,0.20643403
IND413531AAA,-0.44257665,0.65845174,0.4379266,1.0105408,0.22713155,-0.89420927,0.02254779,0.2146212,-0.56360877,0.53323764,-0.23289667,1.0068216,0.0052240193,-0.081325725,-0.033750966,0.8911065,-0.32464966,-0.31446975,0.34820038,-0.09534523,0.31605205,-0.0030783713,-0.8498804,0.060054086,0.32607907,0.36893147,-0.14514393,-0.17079596,0.18708174,0.26347178,0.0021998733,-0.097303264,0.5804149,0.164062,-0.6128663,-0.18358724,-0.46795785,0.2114258,0.26944524,-0.51839906,-0.0058517903,0.75832635,-0.035036117,0.34467405,-0.3973772,0.45139852,0.0039555803,0.17849055,-0.31571513,-0.52899617,-0.27406132,-0.2644077,0.03844211,0.19701153,0.581478
IND413709AAA,-0.6490303,-0.0369964,-0.36204058,0.6757719,0.750628,-0.7290584,0.07993551,0.35066873,-0.37146145,-0.7051092,-0.22710533,-0.5261326,-0.10123259,-0.15246017,-0.1094586,-0.7301305,0.7892941,0.27195203,0.14717506,-0.48732358,-0.4201494,0.822237,0.22222117,-0.0875262,0.58766127,-0.17079417,-0.026708908,0.36212856,0.42189753,0.11196263,-0.31498528,0.11732352,1.0516849,-0.023427822,0.27336574,0.5853122,0.124182634,0.18668622,-0.2774255,0.0030461885,-0.5133332,0.75336254,-0.38574842,-0.13873269,0.2965529,-0.73266894,0.8246745,0.08516567,0.02669609,-0.5450427,-0.43558544,0.22997922,-0.15496139,0.03304886,-0.16378531
IND414001AAA,-1.3940187,0.55115587,0.5037639,0.9027899,0.20627311,-0.7115488,0.09038963,0.3223205,0.05802697,0.028550811,-0.29166353,1.0019687,-0.008157343,-0.6984964,-0.71639794,0.3749711,-0.25564885,-0.122165784,0.068469,0.13234009,0.28851125,0.091062546,-0.054901384,0.35961705,0.42589712,0.037595034,0.06760344,0.07866256,0.1342034,0.008814476,-0.40837353,0.32231894,-0.06319108,0.22642343,0.13166618,0.45711803,-0.012601774,0.09616823,0.012806892,0.28161785,0.13083845,-0.13922559,0.30877,0.21557714,-0.3072901,0.17636018,0.14355847,0.06519259,0.04023123,0.09614117,0.06547786,0.361582,0.35805035,-0.035727125,0.10368909
IND415003AAA,-1.0087415,0.603119,0.5792812,0.46211022,0.9253714,-0.24681827,-0.016949886,-0.39014137,-0.17482914,0.78700644,0.23051658,0.36090213,-0.15070042,-0.6342481,0.085344926,0.8671447,0.086854145,-0.12937218,0.051647957,0.41085297,-0.18592253,-0.18372373,0.06705973,0.12554938,0.19376425,0.070170105,-0.082144946,-0.2560447,-0.34521943,-0.21386214,0.10144141,-0.01751661,-0.40636006,-0.24403591,0.19489905,0.86484003,0.50210905,-0.56444806,0.2362946,-0.47460568,0.71668994,-0.16535394,0.17579263,-0.31364137,-0.0051255524,0.445795,0.22183858,0.050180316,0.3256201,0.054689877,-0.4448592,-0.22790039,0.2531126,-0.021736894,-0.34501553
IND415124AAA,-0.6729522,0.5916151,0.6587162,0.34269017,1.0019994,-0.08747959,0.47055724,-0.07429161,-0.23819526,0.5333291,0.14808217,0.5414925,-0.7474645,-1.0051016,0.008968161,0.22041203,0.10699928,0.06972855,0.11836685,0.020847946,-0.23960173,-0.19371197,0.08727602,0.31887573,0.34517962,0.35422045,0.31422356,-0.54142535,-0.49967682,0.30086505,0.09012838,-0.11571112,-0.22203818,0.04556935,0.11089591,0.6224163,0.27976492,-0.4369343,-0.05386605,-0.48507917,1.0061483,0.121028066,0.0020291284,-0.21215868,-8.057058e-05,0.33855146,0.6901869,0.09893497,0.3408976,-0.4056018,-0.47918397,-0.09961922,-0.568992,-0.107869,-0.07200849
IND415408AAC,-1.1455495,0.512961,0.701308,0.3828941,0.85234445,-0.014744356,0.32894158,-0.24654222,-0.002856426,0.5066519,0.3092851,0.39545327,-0.24230859,-0.90599155,0.17819887,0.72171825,0.13325125,-0.1842416,0.06924014,0.09575757,0.0710317,-0.28634715,0.16509905,-0.0905528,0.65136576,0.2729009,0.15038657,-0.43190134,-0.26206535,-0.17826612,0.013144553,0.18772116,-0.34894076,-0.0737645,0.11306129,0.4321342,0.2860718,-0.3853035,0.30144733,-0.26740575,0.60398173,0.13402525,0.061190583,-0.009151541,-0.02128549,0.23634848,0.10750477,-0.3308995,0.33845854,-0.20267871,-0.22949181,-0.11165256,0.08003862,-0.323599,0.27341926
IND415409AAB,-0.88793343,0.56477475,0.65806234,0.32899034,0.90164495,-0.081202924,0.38775548,-0.16186151,-0.24406143,0.40928072,0.20343196,0.5335819,-0.63731617,-0.89875144,-0.0028623864,0.29095188,0.14198388,-0.017180733,0.032190103,0.19961612,-0.26692915,-0.17638512,0.033175386,0.3099827,0.34931165,0.30148003,0.23538649,-0.5639511,-0.40184766,0.124095105,0.07103668,-0.011310058,-0.31207743,-0.08130731,0.10224628,0.5705198,0.3862269,-0.42455935,0.084250115,-0.38297373,0.894313,0.17555074,0.06494185,-0.33984813,0.055141635,0.37025347,0.50024456,0.025884815,0.22324312,-0.47410884,-0.26060003,0.00894507,-0.38404357,-0.12180273,0.018807039
IND415605AAA,-0.6620463,0.55490315,0.64119387,0.33315474,1.0315889,0.04743854,0.41721198,-0.17984098,-0.3623618,0.6357585,0.097080104,0.46312958,-0.69381714,-0.90278375,0.045978837,0.36913675,0.06506601,0.061894316,-0.10093564,0.16130787,-0.09615667,-0.0903226,0.18597564,0.16160105,0.46029145,0.18486735,0.37958434,-0.35520208,-0.49381876,0.4180935,0.187122,-0.24687333,-0.3692719,0.13023143,0.2625475,0.5365094,0.26818827,-0.42376488,-0.022865279,-0.5582824,0.97312427,0.22089343,0.15374428,-0.02626691,-0.19575691,0.3675133,0.74758136,0.22913614,0.34717342,-0.2400288,-0.50474614,-0.041884266,-0.44729617,0.0953494,0.120981954
IND415612AAA,-1.0894692,0.5626963,0.69584143,0.37050992,0.864881,-0.082232565,0.29841405,-0.346858,0.013525937,0.5018127,0.22020288,0.43498868,-0.2534236,-0.8482392,0.20105512,0.6382687,0.15838179,-0.23315904,0.16208696,0.08204783,0.011839608,-0.22585721,0.26613644,-0.034426913,0.6463087,0.20219076,0.11536725,-0.2879961,-0.32510218,-0.3443045,0.004066035,0.23505878,-0.4037461,-0.19914623,0.2268717,0.3778836,0.27942872,-0.43319595,0.27484173,-0.44959486,0.4900053,0.13142343,0.18273188,-0.15789238,-0.056249738,0.17668924,0.2905972,-0.36364537,0.13830592,-0.26605618,-0.2351387,-0.19631487,0.05275087,-0.23129083,0.35360116
IND415709AAA,-0.91140723,0.59675044,0.6022755,0.36601895,0.99308777,0.059630528,0.40495303,-0.10322391,-0.21182424,0.6505566,0.04547122,0.36680913,-0.54116416,-0.7825355,-0.022470495,0.5334154,-0.014154289,0.08187123,-0.08266357,0.22957385,-0.004026317,-0.08794416,0.1467461,0.10409738,0.45145184,0.0825887,0.30937552,-0.34791487,-0.5341839,0.23600742,0.095750436,-0.16022214,-0.25456935,0.18810666,0.28292045,0.4152215,0.31985968,-0.3929178,0.1623762,-0.5589264,0.6567826,0.2207146,0.07001196,-0.045637056,-0.24409145,0.35578376,0.8396671,0.04039885,0.45075855,-0.14043292,-0.4485594,0.03768862,-0.21481165,-0.093512446,0.09692185
IND416012AAA,-1.2837553,0.4857759,0.61665,0.4150166,0.9066985,-0.20730853,0.20803766,-0.10574452,-0.07583467,0.3993772,0.21086457,0.34175748,-0.21249872,-0.7159082,0.04523725,0.47068247,0.033466816,-0.034037866,0.089556776,0.19255328,-0.08592942,-0.17679487,0.19703656,-0.04654468,0.41736937,0.15009078,0.07736987,-0.4618041,-0.26660562,-0.030416474,0.039245047,-0.12656811,-0.33721855,-0.014914773,0.2614413,0.3237633,0.16024956,-0.45507777,0.041301697,-0.37299502,0.6045896,-0.008771338,0.15395547,-0.1583854,0.026282996,0.32357454,0.27162015,-0.035774328,0.23046389,-0.30497634,-0.32869178,-0.023076331,-0.0850627,0.0059230626,-0.02720423
IND416404AAA,-0.8709241,0.6120854,0.7707541,0.39374906,0.9431312,-0.45849457,0.23208222,0.026267081,0.19213377,0.40572435,0.568327,0.07903291,-0.26655513,-0.48122787,0.038006365,0.65083915,-0.15499298,0.14850771,-0.08715666,0.3427046,-0.623291,-0.36011398,0.16375884,-0.23602799,0.74044687,0.34195632,0.2151132,-0.34473062,-0.15273261,-0.091012284,-0.13631505,-0.17887343,-0.1595439,0.39790744,0.6056601,0.5355544,0.46505085,-0.612924,0.09572816,-0.4003706,0.619619,0.017443568,-0.03814625,-0.22100061,0.23325635,0.396917,0.4127587,-0.1727323,0.076609835,-0.1994172,-0.19135596,0.00858185,-0.048121195,-0.22633095,0.14747986
IND416510AAA,-0.9332372,0.7914703,0.39242718,0.66106075,0.51957446,-0.593555,0.4614422,0.088527165,-0.3104477,0.3172901,-0.0032914765,1.0562099,-0.18296778,-0.34360182,-0.2701667,0.31066644,-0.39143792,-0.30470374,-0.25627112,0.15368514,-0.5858584,-0.13924462,0.08537308,0.2688861,-0.12216325,-0.86882454,-0.7247105,-0.12556402,0.5469697,0.03412921,0.42673898,0.50524336,0.23804817,0.1768329,0.56877685,-0.08979128,0.0046280883,0.3261295,0.4078904,-0.06457399,-0.31555566,0.05414875,0.48380122,0.36082166,0.22793801,0.053440392,-0.29389113,-0.09122921,-0.08866581,-0.049806945,0.18412082,0.03695892,0.060755257,0.119634144,0.2203888
IND416602AAC,-1.2888992,0.64870876,0.3363313,0.74856704,0.38793632,-0.5916847,0.3271226,0.08680012,-0.2991627,0.25081405,-0.063655466,0.92669475,-0.103190124,-0.4537288,-0.37074018,0.31079867,-0.3146286,-0.2897702,-0.12169015,0.0518839,-0.4475389,-0.118729785,0.059200384,0.17843875,0.13337736,-0.6842772,-0.5591709,0.047219083,0.45819134,0.02001441,0.2188078,0.32301337,0.32272962,0.10485597,0.35131845,-0.12766361,-0.007467866,0.06852507,0.21220237,-0.055524666,-0.24136567,0.07894615,0.43586326,0.1660402,0.13869318,0.24363828,-0.09877245,0.051811416,-0.14241318,-0.14520058,0.053800665,0.060365006,0.11778146,0.024560887,0.09651505
IND416606AAA,-0.8031436,0.68597203,0.4630165,0.6496827,0.5022601,-0.6646142,0.57074404,-0.0134371,-0.35098404,0.32383218,0.123815075,1.129815,-0.16159391,-0.37854195,-0.27619237,0.31357083,-0.3935851,-0.359231,-0.24673335,0.14395058,-0.5116678,-0.15229666,0.30754036,0.34443253,-0.01558451,-0.92835236,-0.78977853,-0.09959267,0.5446143,0.07126258,0.4139421,0.512547,0.34015462,0.057942912,0.54274833,-0.06462123,-0.011384323,0.3755952,0.57652295,-0.008929241,-0.28178355,0.025651261,0.50399756,0.34528387,0.29057753,-0.046432927,-0.29826474,-0.06500105,-0.18112853,-0.017547913,0.18588714,-0.041649632,-0.014332112,0.011736926,0.18793337
IND421301AAA,-0.18853962,0.007063374,-0.40078667,1.1867884,0.81481224,-1.23001,0.66051954,0.38496414,-0.27450317,-0.0037211925,-0.20233099,0.3119616,1.229959,-0.09016305,0.37361145,-0.23119181,-0.14994681,-0.26532575,-0.59204614,-0.12676765,0.24147123,-0.47001252,-0.4152605,-0.24343792,-0.3142966,0.037206665,-0.16962874,-0.11178142,-0.16926117,0.16030008,-1.0303824,-0.19335389,-0.3313127,-0.4379915,-0.27080145,-0.3947851,0.10930023,-0.35263336,0.39371464,0.61904556,-0.20206147,0.03397453,0.45014033,-0.18123883,-0.23059237,-0.65265363,0.11859672,0.19761428,-0.12207121,-0.05883562,-0.64634997,0.1052416,-0.23507687,-0.65490484,-0.40321606
IND421302AAF,-0.20000434,0.048511043,-0.1739873,1.1232477,1.0308944,-1.1156013,0.5027853,0.38088855,-0.27023983,-0.097419806,-0.48704588,0.38326323,1.1493347,-0.007317826,0.16936533,-0.18380466,-0.084879994,-0.47370502,-0.65134007,-0.18915655,0.22125977,-0.40774295,-0.39377207,-0.12719342,-0.17637174,0.06407404,-0.0455468,-0.3069921,-0.28859663,0.26642507,-0.7494579,-0.37779045,-0.4027209,-0.46520424,-0.120063685,-0.3146245,-0.024244962,0.04396771,0.30582452,0.5231788,-0.52972054,0.15980177,0.35954303,-0.2751316,0.11054364,-0.88651437,-0.024284333,0.32770875,-0.12791573,-0.06610839,-0.4463536,-0.06170471,-0.39536235,-0.6396544,-0.21038324
IND421302AAG,-1.7644346,-0.10428852,-0.35641658,0.64372104,0.6762467,-0.77341175,0.18374127,-0.10401521,-0.1244921,-0.115650944,-0.2698952,-0.3456502,0.07163875,0.17316692,0.115687296,-0.1310141,0.24413908,0.064099446,-0.08928723,-0.023942169,-0.042850837,0.06444009,0.110501684,0.043277144,0.16434906,0.11950858,0.04057169,-0.07550217,-0.07975617,-0.11046362,0.012018323,0.012986716,0.04412239,-0.0406138,-0.1068357,0.26412106,-0.044803247,0.048747264,0.0808607,0.07684478,-0.09791921,-0.04271307,0.07252844,0.01722598,-0.11670695,0.029564157,0.033364847,0.10686751,-0.118129656,0.0053369664,0.21635221,0.009986624,-0.058346782,-0.039749395,0.23652601
IND421302AAN,-1.2340584,0.11084129,-0.30700225,1.0351614,1.064635,-1.1290784,0.2205857,-0.019090228,-0.35857856,-0.03861032,-0.3205437,0.14904912,0.3117259,-0.39370352,0.04530085,-0.015432449,0.33562797,0.15755937,-0.057490773,-0.0022945215,0.04452361,-0.34475678,-0.42719778,-0.11660048,0.060204618,0.23652333,-0.0057388693,-0.07756212,0.027386464,-0.124269485,-0.16447476,0.0033382867,-0.0697535,-0.22235163,-0.26492473,-0.29065752,0.054052226,-0.06612466,0.17010237,0.6033975,0.17404553,-0.0780794,0.24687722,0.10780662,0.32894856,-0.42915052,-0.11998711,0.32382703,-0.015087891,-0.0119018685,-0.25072432,0.36561042,0.25519037,0.029337022,-0.22249866
IND421302AAR,-0.2797767,0.10816172,-0.3335787,1.1272761,0.8489093,-1.1700326,0.59839994,0.30183172,-0.23331122,0.056973666,-0.38033086,0.3586644,1.0404248,-0.13868725,0.416677,-0.14924805,-0.013047732,-0.27652055,-0.49407434,-0.12539245,0.39530623,-0.4994948,-0.47539693,-0.16387115,-0.06738892,-0.06250267,-0.030631647,-0.1254521,-0.23083974,-0.003659889,-0.7599274,-0.47449082,-0.1896827,-0.32911617,-0.30542055,-0.22380914,0.062420122,-0.09456523,0.38851798,0.4658162,-0.13958724,0.013850298,0.24398828,-0.07184677,-0.08236919,-0.8890643,0.011337243,0.35266727,-0.2779882,0.025582,-0.31648904,0.06355972,-0.35130402,-0.31332245,-0.24993712
IND421401AAC,-1.6748139,-0.101454735,-0.3580387,0.7221055,0.7941919,-0.80940056,0.05161807,0.013838284,0.034820132,0.054447465,-0.54896325,-0.514541,-0.022431383,0.23098439,-0.12943293,-0.20341688,0.27860546,0.15433711,-0.11557598,-0.08911711,-0.25206622,0.118236706,-0.012264639,-0.20579892,-0.1393246,-0.15717523,0.08413872,0.07480355,-0.24152401,-0.18221785,0.09854931,-0.12651715,0.26012883,-0.087476045,-0.2296508,-0.036523633,0.21100652,0.33827174,0.29320565,-0.05000801,0.31906378,-0.20717439,-0.02351866,-0.29382443,0.15458432,-0.36949614,0.15036397,-0.012341157,-0.08471483,-0.19479719,-0.042865828,0.13250428,-0.12854302,-0.084139585,0.06630851
IND421502AAA,-0.09804952,-0.054708473,-0.34412643,1.1278586,1.0496569,-1.3107693,0.52443945,0.1875101,-0.594395,0.10836557,-0.21514256,0.2385811,1.1255629,-0.08487064,0.36177674,-0.04505878,-0.23214088,-0.38978165,-0.8605643,-0.011618302,0.23349577,-0.40017223,-0.40855432,-0.14544562,-0.29214776,0.07927124,-0.12799528,-0.12828769,-0.23651081,0.19608453,-0.84430623,-0.3996371,-0.32551816,-0.3124336,-0.29313537,-0.3471409,0.021190442,-0.15112089,0.49311122,0.33895838,-0.28022993,0.2723471,0.35140827,-0.28423172,-0.059221,-0.5820862,0.010133281,0.26837122,-0.14963374,-0.06680288,-0.44813985,0.031603754,-0.25356093,-0.49663985,-0.30124965
IND421601AAB,-1.7197113,-0.13796936,-0.36981374,0.7530468,0.7591151,-0.7321559,0.05549235,0.034393333,0.07059807,0.03205382,-0.59365594,-0.44356126,-0.040103003,0.13378057,-0.12735042,-0.086913936,0.31973633,0.22423175,-0.3021298,0.0043055997,-0.22639704,0.18388763,-0.086709216,-0.19563039,-0.09695952,-0.1510744,0.14597994,0.039209604,-0.10736073,-0.14638187,0.11024836,-0.17493531,0.17778775,-0.08392094,-0.39072657,-0.11724983,0.18352425,0.33117718,0.15866764,-0.07765955,0.30887762,-0.32221428,0.069643855,-0.23574597,-0.02817382,-0.45448938,0.052851677,-0.14312348,-0.13375662,-0.13249227,-0.1618077,0.17773831,-0.22256443,-0.21388061,0.13015804
IND421802AAA,-1.6262435,0.5206711,0.30099553,0.6338975,0.3131313,-0.66359484,0.056872204,0.075435184,-0.24693199,0.26058468,-0.1191358,0.9459857,-0.0048290044,-0.47730845,-0.44938463,0.22416966,-0.38328293,-0.053867728,0.037033275,0.056892652,-0.21857402,-0.09201788,-0.04190992,0.03716755,0.2569072,-0.03363225,0.018909477,0.1947368,0.33874106,0.06697788,-0.065716356,0.34881082,-0.057270803,0.11637014,0.033841446,0.0066890754,-0.040287636,0.007969957,0.1394774,-0.11039835,0.09640156,0.15784067,0.1804505,-0.04569573,-0.09275165,0.18005301,0.17497642,0.17700377,-0.13703685,-0.030755654,0.040848136,-0.0358677,0.029860718,-0.026456859,-0.0012657493
IND422011AAD,-1.0969864,-0.16056567,-0.30504182,0.7680947,0.6422726,-0.85494685,0.04833003,0.24672574,-0.31276196,-0.38663802,-0.16301359,-0.5574298,-0.037514523,-0.192943,-0.082481235,-0.68335754,0.37055403,0.38635492,-0.03254301,-0.454291,-0.29179847,0.7291939,0.17116249,0.091539875,0.453412,-0.1081063,-0.1449175,0.117336825,0.37032008,-0.13382794,-0.06472185,-0.12630944,0.69973695,-0.1264513,0.058718562,0.30065858,-0.015035078,0.20053408,-0.17500584,0.024044266,-0.40918902,0.7209733,-0.41043502,-0.025572881,0.09531521,-0.54988354,0.54231346,0.06636339,0.060381804,-0.2594783,-0.28170657,0.3440065,-0.10496399,-0.25648782,-0.08493379
IND422103AAC,-0.81985915,-0.04343091,-0.2540526,0.7580115,0.5947484,-0.8596072,0.102825254,0.24004394,-0.49485195,-0.43474585,-0.18672243,-0.7607599,0.07226057,-0.13712712,-0.20181458,-0.5965682,0.37670872,0.39062035,-0.003564897,-0.3399055,-0.29691944,1.0353938,0.13967547,0.22752216,0.5252674,-0.17413433,-0.013909273,0.06378829,0.53499043,-0.011340294,-0.0709701,-0.113104284,0.99623823,-0.1915669,0.2450993,0.45270985,0.02815611,-0.046049677,-0.14686868,0.030563843,-0.50877523,0.8100156,-0.5026553,0.0041229054,0.20111287,-0.62024915,0.52908826,0.14856324,0.16329582,-0.54408234,-0.41867733,0.40373397,-0.023874711,-0.033031534,-0.16140789
IND422605AAA,-0.5774158,-0.0095115565,-0.3087549,0.7496112,0.62590665,-0.86290133,0.034154512,0.27143413,-0.5262345,-0.59259814,-0.38886613,-0.677334,0.0002657324,-0.21967871,-0.21927546,-0.6559684,0.5570958,0.40855846,0.03699575,-0.4387896,-0.362197,1.074225,0.14288223,0.05378463,0.57500166,-0.093574286,-0.0015018731,0.16623735,0.4524817,0.0421342,-0.1556445,-0.08061991,1.0619411,-0.25489944,0.30912232,0.4889984,-0.040225886,-0.020784318,-0.18778357,-0.10417421,-0.4429496,0.8046739,-0.45428088,-0.096230716,0.27791467,-0.6864546,0.7420104,0.21685475,0.1579463,-0.5568329,-0.4083501,0.3971303,-0.049702395,0.032990716,-0.09680717
IND423106AAA,-0.51481664,-0.07042353,-0.4567791,0.9587379,0.7250634,-0.95089316,0.22878571,-0.14124271,-0.026681617,-0.17295438,-0.6444332,-0.51666546,0.3060236,0.32863396,0.14582099,0.34103176,0.8391929,-0.0052075163,-0.15207234,-1.0006549,-0.55331177,0.5486069,-0.09833256,0.705336,0.23510137,0.1284621,0.15058525,0.05994922,-0.49124384,-0.2193665,0.35269436,0.30007443,-0.20231985,0.6306992,0.07359821,0.35916406,-0.45465052,0.22235699,-0.15337107,-0.12803067,-0.1882817,-0.5823679,-0.2090824,0.45384428,-0.2974814,0.19333534,-0.041551594,-0.13338965,0.11317693,-0.043084275,0.054602385,0.6285772,0.24442872,-0.25404835,-0.25810373
IND423601AAA,-0.8088411,-0.11428858,-0.18492557,0.7565575,0.82133543,-0.943719,0.11397592,0.2612194,0.024920806,-0.50499,-0.27792245,-0.7410275,0.02601502,0.060949743,-0.09978982,-0.7139962,0.16157931,0.18181573,-0.044665813,-0.62504715,0.039974652,1.2311456,0.30537796,-0.017347436,0.48953712,-0.19351628,-0.5909386,0.41046184,0.44512135,-0.3620609,-0.038531616,0.15678981,0.6183493,-0.4124652,-0.05853779,0.26617205,-0.1152212,0.20093279,0.012314096,0.08602494,-0.6604172,1.004513,-0.008352667,0.07592653,-0.18126467,-0.5091754,0.7262492,0.082094,-0.054737832,-0.007909911,-0.2484561,0.41164625,-0.17834078,-0.47684795,0.07052592
IND423701AAB,-0.86650693,-0.16098279,-0.19485351,0.81279844,0.8151233,-0.92465293,0.025478965,0.32164398,-0.11419271,-0.58001435,-0.21660028,-0.66212416,-0.14489643,-0.033865288,-0.015817706,-0.8407648,0.16839871,0.22702138,0.13016137,-0.604782,-0.037201777,1.0989059,0.19732687,-0.12292273,0.38940156,-0.14480537,-0.52467775,0.3013723,0.4061187,-0.46906638,0.012966499,0.042718485,0.62255347,-0.29586464,-0.14415541,0.30657202,-0.0010540374,0.3235702,0.042056754,0.03657489,-0.556345,0.9489229,-0.14889076,0.029217668,-0.022073701,-0.48661405,0.5922701,0.007714059,-0.055986542,-0.14275572,-0.31166583,0.46363813,-0.1192957,-0.4144851,-0.06264445
IND424006AAA,-0.681888,-0.20277765,-0.421478,0.9537104,0.7490706,-1.0445088,0.07342105,-0.32399327,0.013575926,-0.14000475,-0.57697123,-0.45077986,0.065325275,0.40550894,0.06162694,0.18890752,0.55228794,-0.0928555,-0.02465142,-0.95341086,-0.48438254,0.3570428,-0.019414019,0.5051476,0.081772834,-0.03192675,0.026364215,-0.09260965,-0.1933811,-0.32055128,0.22912619,0.24880713,-0.22693609,0.54290926,0.08038714,0.16801928,-0.34188175,0.27819973,-0.014055272,-0.24344392,-0.11085974,-0.48652595,-0.08859765,0.08670794,-0.08804868,0.15919966,0.041673303,-0.32544234,-0.058430333,-0.22243786,0.03744538,0.38664934,0.29381627,-0.15380292,-0.13545832
IND425201AAA,0.43945158,-0.23949072,-0.51342285,0.85444957,0.8363629,-1.3259652,0.3952797,-0.37444603,0.4291175,-0.48819885,-0.6168498,-0.56682,0.2816647,0.1321909,-0.24894479,-0.22060844,0.26120368,-0.46606115,-0.04209825,-1.1126515,-0.7645639,0.65958154,0.10803025,0.6745865,-0.09950873,0.10755499,0.31616476,0.314224,-0.0014739931,-0.46713,0.5548843,0.32588208,-0.20195141,0.714843,-0.09677344,0.3784775,-0.5162293,0.42202044,0.18756314,-0.29637292,-0.58543515,-0.74563247,0.17212623,0.013093367,-0.025236174,0.39688155,0.40286028,0.21927544,-0.13213505,0.28301528,-0.38733733,0.23929211,0.52617216,-0.0018962584,0.17321184
IND425405AAA,-0.6045989,-0.22792526,-0.46430692,1.1550792,0.83750063,-1.1499785,0.15798555,-0.24681729,-0.07959865,-0.008553017,-0.6520113,-0.5265163,0.24190368,0.6156594,-0.17552924,0.41187292,0.6563447,-0.24553654,-0.21246803,-0.75296074,-0.6120444,0.3583069,0.1465806,0.53213215,0.24746273,0.2006172,0.0041096807,0.053506374,-0.4620635,-0.36500484,0.23240052,0.18797502,-0.18670459,0.7383598,0.26500776,0.16293247,-0.2522984,0.06104672,-0.29682764,-0.22747354,-0.17166357,-0.44719702,-0.11022032,0.15107962,0.12518884,0.13750565,0.23936476,-0.4062354,0.010001638,0.059922606,-0.03926857,0.46087638,0.49548158,-0.28886697,0.017261669
IND425412AAA,-0.32688594,-0.31584978,-0.36503676,1.1887561,0.4373934,-1.3022398,-0.07627646,-0.111110814,0.3939674,-0.19817549,-0.49045968,-0.40643704,0.18108311,0.89699906,0.051929966,0.113133594,0.6796773,-0.11491352,-0.06038742,-1.1656958,-0.5393033,0.24583623,-0.022234641,0.61660343,0.11307839,-0.108299136,-0.2033487,-0.17562442,-0.6580921,-0.23916279,-0.041068316,-0.019173041,-0.03972201,0.7756789,0.109169476,0.0165045,-0.6653644,-0.07717109,-0.41141877,-0.38984865,-0.021585897,-0.81321365,-0.34462065,-0.018663988,0.014590785,0.09207973,0.3150196,-0.55038285,0.08466905,-0.0054666176,-0.04582843,0.32154295,0.5505182,0.25590843,0.1572509
IND425508AAB,0.57551515,-0.14653224,-0.50924873,0.89079446,0.6957163,-1.3601868,0.3400454,-0.38391116,0.3504486,-0.5794149,-0.70211256,-0.69498897,0.3408464,0.1735314,-0.0068471264,-0.19696468,0.16863757,-0.47180483,-0.05103348,-1.1533512,-0.7212042,0.7965603,0.15000594,0.5364311,-0.2788458,-0.13983561,0.262619,0.2802232,0.16669187,-0.4948836,0.3964561,0.50876373,-0.31705454,0.88873756,-0.2600008,0.44846028,-0.35825285,0.5696221,0.08318189,-0.2664995,-0.3943257,-0.632571,0.22897765,-0.026976556,-0.108383685,0.2705551,0.48229605,0.009609185,-0.18573156,0.09577868,-0.42928576,0.13010585,0.6098429,0.18268473,0.26750004
IND431001AAB,-0.7925148,0.44987065,0.36850142,0.8382599,0.26811552,-0.874982,-0.10257814,0.4522968,-0.098918095,0.59214956,-0.46459436,1.3636293,0.22655389,-0.4463097,-0.61133474,0.49236062,-0.20732814,0.07388189,-0.28448826,0.16741021,0.3388377,-0.3135124,0.20572144,-0.32131174,0.2432519,0.3080611,-0.10692416,0.19842727,0.28215396,-0.59788,0.50338566,0.5123925,-0.01763044,0.022400938,-0.39716375,-0.36584902,-0.038109075,-0.1432449,-0.42550737,-0.12529095,-0.14219128,0.20507194,0.43098226,-0.61874115,0.31006303,-0.22462642,0.25274622,0.013244532,0.14365701,0.14214683,0.18114913,-0.4010214,-0.24853045,-0.19496818,-0.5698615
IND431131AAB,-0.44856715,0.57971686,0.30898052,0.9080327,0.2309551,-1.2417773,0.051006988,0.5483096,-0.36552036,0.60542506,-0.30670655,0.9893552,-0.08216894,-0.045594707,-0.15046348,1.0609825,-0.42612073,-0.38042778,0.23782468,0.0946428,0.4743485,-0.07675123,-0.7330001,0.082096964,0.23229398,0.22239473,-0.51020443,-0.25557894,0.036550134,0.1859999,-0.16988286,-0.11590259,0.68225265,0.2046734,-0.3962751,-0.36475325,-0.27395287,0.12424213,0.3375671,-0.62831765,-0.041625068,0.5323659,0.07418064,0.2886514,-0.1512497,0.34302515,0.16677265,0.0015594512,-0.2665979,-0.17530742,-0.26777476,-0.4089258,0.06432749,0.51502544,0.33716786
IND431136AAC,-0.93928385,0.50305486,0.22256957,0.8413093,0.38680878,-0.7571126,-0.0760015,0.4100781,-0.20382972,0.5416365,-0.2566555,1.1942658,0.21957546,-0.42601967,-0.60020125,0.52919567,-0.30271468,0.09658954,0.042457543,0.11474863,0.263901,-0.19387394,0.19235542,-0.15732832,0.20052554,0.2595069,-0.082664594,0.32766467,0.14484517,-0.41047817,0.53679717,0.49272484,0.008330775,0.043917477,-0.40975305,-0.32776803,-0.09916581,-0.35494173,-0.24267377,0.09344073,-0.19260803,0.2318777,0.36421707,-0.6130357,0.18356779,-0.08498447,0.28850663,-0.14614913,0.14998691,-0.010767497,0.23119646,-0.4167711,-0.18702552,-0.27219823,-0.29834363
IND431203AAA,-0.6054832,0.62390715,0.27952626,0.9747992,0.339784,-0.8208077,-0.021351289,0.39908183,-0.14056058,0.62557155,-0.38966876,1.4079641,0.12594911,-0.38190347,-0.5357512,0.3575094,-0.18254542,0.15053992,0.21214996,0.16308002,0.33402333,-0.41220498,0.3572256,-0.0939005,0.2931447,0.3510682,-0.19530071,0.33185488,0.1310758,-0.5899204,0.5625691,0.28798014,0.10019993,-0.118183345,-0.39726776,-0.5508256,-0.09087078,-0.14332397,-0.40737966,0.09861066,-0.14196113,0.21594492,0.35265967,-0.7650777,0.49397385,-0.19184354,0.27906364,-0.21569699,0.25881162,-0.067928486,0.25770813,-0.4432669,-0.23189902,-0.064479664,-0.32647496
IND431517AAB,-1.6568604,0.5273316,0.27323574,0.6688157,0.34046113,-0.8165065,0.11346338,0.1778718,-0.1887252,0.25805897,-0.025587872,0.8896231,0.09024211,-0.26396894,-0.19579643,0.23724218,-0.47314417,-0.12966672,-0.030693952,0.2461788,-0.007865659,0.048628896,0.10573757,0.11286089,0.28917086,-0.18932004,-0.13263279,0.12590612,0.14970599,-0.08562751,-0.018584892,0.22018382,0.050961837,0.19249886,0.04991158,-0.06849677,-0.23919946,-0.3185438,0.17798969,0.07243202,0.2211727,0.08926002,0.084171206,0.05084025,-0.25686264,0.11885221,0.2593038,0.06493369,-0.12784512,-0.039450675,-0.0503245,-0.016429082,0.23626721,0.023013983,0.09674821
IND431603AAA,-0.63738286,0.61575675,0.32414064,0.84864837,0.33197,-0.94366276,0.09357773,0.24026778,-0.42361277,0.53779733,-0.22881909,0.91199946,-0.19124725,-0.21890184,-0.20785934,1.0276042,-0.49689412,-0.27973363,0.17202798,-0.05309586,0.18163043,0.0656327,-0.7350944,0.011445619,0.19103305,0.3125692,-0.2749892,-0.12114212,0.059531406,0.17951392,-0.11510429,-0.08648747,0.3847611,0.23950526,-0.46762484,-0.35814422,-0.4332901,0.23380877,0.34505704,-0.24020822,0.065570496,0.5902262,-0.055999123,0.20638068,-0.34332424,0.33865854,0.21373554,0.1483779,-0.21137084,-0.33632296,-0.07212053,-0.20908368,-0.0074692927,0.3191211,0.23833244
IND431708AAA,-0.26120806,0.7379189,0.25808123,1.0471765,0.20801368,-1.0653417,0.20049082,0.35650086,-0.7338105,0.4779241,-0.28976375,0.83780414,-0.15769371,-0.3205102,-0.4733239,1.2598859,-0.51988214,-0.27480632,0.35413212,-0.09913284,0.3697067,0.17255962,-0.9304708,-0.011388201,-0.14808133,0.31687757,-0.33503208,0.076197505,-0.08597753,0.26172966,-0.4584446,-0.33864766,0.44788882,0.056273825,-0.32040274,-0.35170227,-0.72254825,0.12572527,0.23757109,-0.65677303,0.16623044,0.4684846,-0.10025407,0.20875654,-0.31640813,0.40444973,0.40490025,-0.13204667,-0.29216182,-0.28101,0.0051941574,-0.367422,0.111004755,0.5246859,0.10791938
IND431717AAA,-0.5556778,0.5235681,0.40355,0.97428256,0.2881679,-0.96284866,0.07247351,0.2682554,-0.25217918,0.5291609,-0.24591886,0.9379467,-0.1859407,-0.008403417,-0.22994971,0.99468887,-0.59132963,-0.35360464,0.13489324,-0.14149217,0.32217494,-0.13248777,-0.7735652,0.04084675,0.013335678,0.30085292,-0.28565356,-0.12382736,-0.03664008,0.15175554,-0.35562783,-0.01274962,0.7000338,0.23950112,-0.34940603,-0.36517137,-0.6054239,0.01770432,0.3175422,-0.41627318,0.029845035,0.8745615,-0.10118856,0.19365495,-0.1348956,0.28515625,0.2830311,0.043106176,-0.36022285,-0.40081137,-0.18724947,-0.19881451,-0.08797604,0.35333887,0.32632944
IND441206AAB,1.8339032,-0.14386511,-0.12979351,0.074859574,-0.1883772,-0.04977067,-1.0570598,-0.25041887,0.43854094,-0.29235017,-0.35838073,-0.27323413,0.32921794,0.70560753,0.04234723,0.7940484,0.53278935,-1.4562055,0.4392696,0.25198495,-0.18363497,0.54525757,-0.15336818,-0.6783168,1.0326568,-1.4008412,0.067832306,0.21426027,-0.29686922,-0.2641905,0.60366595,0.851092,0.18698947,-0.22390075,-0.5071115,-0.057534404,-1.0207676,-0.09755715,-0.20301853,1.2613741,-0.4526518,-0.17538637,0.1704072,0.14399081,0.07189003,0.07662707,0.57088876,-0.01847694,0.09313142,0.14264971,-0.4667939,-0.09884266,-0.41167927,0.2131337,-0.0074298084
IND441614AAA,2.2557745,-0.350107,0.19728474,-0.17409849,0.5767657,0.31071636,-0.41755918,0.8263248,0.02424458,-1.0022635,0.34534103,-1.2752556,-0.49061432,-0.33265877,-0.7644029,-0.135551,-0.30106407,0.14517069,1.139155,-0.5511676,-1.140738,0.6583235,-0.21027002,-0.78117007,0.5575355,0.28779364,-0.06293153,0.8069681,0.5324996,0.10009007,-0.81141424,-0.12328827,-0.1320294,0.3958832,0.7459425,1.0272223,0.372311,-0.343754,-0.3909948,0.53687334,0.073729575,-0.27255148,0.091417566,-0.47180885,0.42573404,1.0235523,-0.10287225,0.9734626,-0.107709944,-0.13495073,-0.39772117,-0.28306976,0.27237287,-0.09839836,-0.066104606
IND441904AAB,1.9260594,-0.06315617,-0.12994485,0.16286375,-0.34147346,-0.2011334,-0.2985425,0.22466862,-0.6981328,1.6182318,0.24430765,-0.22644289,-0.854673,0.85960037,0.8930454,-0.43857583,-0.35998836,-0.46030584,-0.27246946,-0.2471442,-0.638536,-0.3859397,0.23565197,0.7926207,-0.74220544,1.07869,-0.22991532,-0.4900626,0.32892114,-0.21539141,0.96646243,0.21394414,0.08477172,1.0308259,-0.42292547,-0.25892505,-0.3611598,-0.50909823,-0.5955472,-0.047871064,0.28911245,0.4921187,-1.157174,-0.16751322,-0.31772053,-0.25139824,-0.68137336,0.8253024,0.18634477,-0.102120645,0.063098446,0.06269505,0.2249895,-0.2556406,0.015920714
IND441912AAA,2.1375928,-0.06761883,-0.16657984,0.18685777,-0.34128264,-0.21692392,-0.30063662,0.22167552,-0.74229723,1.6657181,0.2179177,-0.25207105,-0.867269,0.92097217,0.9098356,-0.45776734,-0.37643683,-0.4939576,-0.28305256,-0.2682954,-0.620466,-0.43307087,0.23815283,0.83890253,-0.7893189,1.1387804,-0.24192289,-0.43047708,0.3318085,-0.23887877,1.0551094,0.25834888,0.13636592,1.065514,-0.45125666,-0.22736034,-0.3830544,-0.5160001,-0.6246344,-0.044008028,0.23424014,0.5292194,-1.2141151,-0.2163791,-0.35234445,-0.23584867,-0.71114695,0.82445186,0.22653608,-0.13769674,0.07862444,0.06922119,0.20302388,-0.26762477,0.011636034
IND442101AAB,2.0665154,-0.012477651,0.19666514,0.059567615,0.39264336,0.1135515,0.1899369,-0.8057763,-0.69662803,-0.80817753,0.21140759,0.9791188,0.23480096,1.0376476,0.030357795,0.21288382,0.5510346,-0.35490426,0.4001525,0.2715243,0.5041545,-0.066777304,-0.24539712,0.019185424,1.9816599,0.40953737,-0.00412786,-0.4997248,-0.44476128,1.0451645,0.018254116,0.07758355,0.24070162,0.9242846,0.30325317,0.6246007,-0.4099703,-0.5047208,1.0634332,-0.48982352,-1.1419296,-0.29439574,-0.64595675,0.20022056,0.09427619,0.85786146,-0.6198953,-0.3979429,-0.19456199,-0.7354551,0.31003118,-0.37109703,-0.6628452,0.09948794,-0.21312991
IND442605AAA,2.114943,-0.15401529,-0.15329279,0.08046007,-0.18401495,-0.047344595,-1.148266,-0.28898084,0.53642607,-0.33772135,-0.3907488,-0.26509312,0.3341574,0.7661722,0.055162244,0.88436913,0.5321378,-1.5712321,0.5070966,0.24883197,-0.17621872,0.6101402,-0.17250481,-0.7410515,1.1055443,-1.4322639,0.08081514,0.19787918,-0.31176198,-0.27084792,0.63228756,0.90106815,0.25651404,-0.26780665,-0.5235017,-0.063418254,-1.1436437,-0.08122325,-0.20718253,1.2717266,-0.5106666,-0.16297221,0.16416657,0.15325344,0.02413717,0.094134,0.62828016,0.012443647,0.10011889,0.14927316,-0.5516843,-0.07906808,-0.4466773,0.20757419,-0.03004238
IND443301AAA,-0.6521834,-0.054179646,-0.6106273,0.9679133,0.65029305,-0.68796337,0.28430805,-0.106887035,0.15350394,-0.5491834,-0.82358414,-0.62335867,0.025038458,-0.45547044,-0.388126,-0.6361412,0.45262384,-0.05390291,0.13272971,-0.09077686,0.070046715,0.25723708,0.1694651,0.3631833,0.31830525,0.34405863,-0.3436056,-0.18749562,0.26109636,0.00481268,-0.15275118,0.36226135,0.31680867,-0.03524282,-0.5618099,-0.08178164,0.6905455,-0.27560866,0.4504482,-0.25942826,0.16829692,-0.19461182,-0.15505347,0.11367844,-0.009977549,0.4436883,-0.38547635,0.11424445,0.3097591,-0.1791755,0.015837297,-1.2458689,0.16141377,-0.33921453,0.13503729
IND444005AAB,-1.0160923,-0.11344056,-0.44747803,0.9527996,0.62645483,-0.7601595,0.25017646,-0.15271017,0.098465055,-0.45326376,-0.6495157,-0.5936501,0.13284484,-0.29879642,-0.28498706,-0.36973745,0.34969413,0.059940036,0.09549324,-0.20191272,-0.077135734,0.20785947,0.15597022,0.32687628,0.26764905,0.14041772,-0.26515737,-0.22686508,0.025513738,0.09013774,0.02474083,0.116450876,0.39244577,-0.12409578,-0.55540013,-0.08276099,0.6295566,-0.2890547,0.42290202,-0.3836885,0.065740824,-0.06521188,-0.24311563,0.32697678,0.05380307,0.16048503,-0.41645938,0.18248242,0.20412208,-0.042204686,0.029723257,-0.87737644,0.26615855,-0.4363374,0.17880327
IND444203AAA,-0.96432775,0.032238416,-0.36045927,0.9080779,0.50245297,-0.9426459,0.10107542,-0.0983117,0.12938821,-0.55834424,-0.73413235,-0.69055724,0.17197143,-0.1967301,-0.1509435,-0.45815423,0.29652873,0.21912959,0.10681024,-0.45193964,-0.21296331,0.16782917,-0.028554209,0.32854652,0.19114098,0.18156856,-0.36556366,-0.29132503,-0.13687772,0.048293762,0.12550557,0.013089668,0.57701945,-0.08816607,-0.6726923,-0.17979002,0.6292486,-0.080142334,0.57641757,-0.27408355,0.15911481,-0.025365926,-0.3657311,0.55326617,0.14346138,0.34264243,-0.45654744,0.1925154,0.099987045,-0.12444082,0.14080124,-0.97898,0.42043883,-0.4884588,0.2350834
IND444602AAA,-0.905664,-0.18923108,-0.34621963,0.9569288,0.6230803,-0.8526552,0.23447818,0.035573237,0.18167882,-0.38384497,-0.62541085,-0.554978,0.06326255,-0.4093809,-0.345767,-0.62579304,0.34401914,-0.028952546,0.16168849,-0.38526237,-0.07347701,-0.090246044,0.3710986,0.234164,0.37085134,0.18346223,-0.42861137,-0.42563337,0.0661501,0.23727985,0.15657917,0.04736162,0.40527102,-0.06100151,-0.6449946,-0.05326335,0.8444058,-0.26483455,0.38576508,-0.54796225,-0.058218725,-0.2522964,-0.33473605,0.23834947,0.23999967,0.16162778,-0.5526168,0.30465734,0.23127523,-0.108520485,0.11679131,-0.8465006,0.33419514,-0.3399599,0.027148351
IND450331AAA,0.40907156,-0.12403718,-0.49741378,1.0413268,0.64411604,-1.2481352,0.1252218,-0.35509032,0.31528574,-0.4814895,-0.73273724,-0.56520575,0.30522037,0.2868253,0.09168686,-0.26993373,0.16956186,-0.40339172,0.079497084,-1.170409,-0.70320696,0.7232851,-0.03149094,0.57878155,-0.1533374,-0.0780513,0.3830658,0.35075176,0.04444217,-0.3996758,0.52541375,0.41595122,-0.17729665,0.88164556,-0.31096533,0.5309649,-0.35918373,0.35803777,0.038755357,-0.13681163,-0.5881778,-0.65643525,0.26352578,-0.098702714,-0.1344493,0.12786476,0.3976032,0.10371045,0.02633885,0.09438755,-0.27706617,0.22531721,0.34819177,0.1757505,0.16915649
IND451666AAA,-1.2895999,-0.23093586,-0.34930933,0.85368365,0.6513992,-1.0131917,0.13527125,-0.11491003,0.021452025,-0.18187594,-0.4205556,-0.49496323,0.08628363,0.31970727,-0.049309343,-0.008492241,0.436598,0.061369635,-0.13248432,-0.50749063,-0.408496,0.10270956,-0.00026087277,0.53088903,0.12544316,0.09464888,0.036601312,-0.07491119,-0.14636192,-0.15759453,0.1243354,0.0608332,-0.035365358,0.37293977,0.18868586,0.22156061,0.0706772,0.28661293,-0.06893401,-0.29671276,0.032781098,-0.43030775,-0.004305266,0.12515545,-0.0897827,-0.12622996,0.093030944,-0.1583986,-0.033689566,-0.08972185,0.14521849,0.13527364,0.26734778,0.002772417,-0.060590953
IND452001AAC,0.040562272,-0.21357602,-0.50809646,0.9835711,0.70430595,-1.2501144,0.17492913,-0.27608928,0.18849686,-0.4815047,-0.64095086,-0.61572707,0.34400567,0.3072453,0.012091722,-0.1023151,0.27389222,-0.3211121,-0.010437106,-1.0186841,-0.64268684,0.67548025,0.14321947,0.55017406,-0.050008625,-0.11247666,0.3554295,0.10397309,-0.14776406,-0.43940574,0.2163454,0.3199594,-0.3853856,0.58744943,-0.018503495,0.58805376,-0.5262788,0.39480126,0.028521627,-0.30376056,-0.51057506,-0.58314294,0.21234784,-0.17402236,0.021286666,0.21470854,0.24921851,0.09006073,-0.2400083,0.16881368,-0.22645484,0.33971357,0.47070485,0.13374424,0.12678175
IND454001AAA,-0.856886,-0.5694611,0.27418858,1.5282438,0.74056417,0.15118498,-0.7919708,-0.614513,0.72733104,-0.0830985,0.011953295,-0.2015432,-0.16120239,-0.045223385,0.62111336,-0.06813343,-0.33695945,0.36490697,0.017257767,-0.025397642,-0.27403027,0.5077027,0.3480762,-0.05775132,0.13500485,0.25968316,0.10289386,0.052590743,-0.159529,0.09709929,0.02528666,0.16389753,-0.17464323,0.015038267,0.1390545,-0.19396493,-0.31240046,-0.040543582,-0.19727488,-0.38076118,0.5057583,0.53162724,0.5273915,-0.32904634,-0.11414875,-0.16916895,0.04503888,-0.4044552,-0.5157897,0.3357044,0.19024956,-0.25232548,-0.28243622,0.043133795,0.5173948
IND457001AAA,-0.98158497,-0.59231615,0.2933391,1.4714631,0.6897923,0.14515066,-0.6406676,-0.5353142,0.5796811,-0.033279084,0.024754122,-0.21038234,-0.12243551,-0.0055309758,0.4947083,-0.020641368,-0.43724263,0.3303123,-0.043151837,-0.008623734,-0.32819483,0.48406056,0.34606296,-0.15468034,0.13002521,0.3081501,0.117102236,0.0047772303,-0.3544184,0.079125226,0.06871264,0.106683075,-0.13149908,-0.08131969,0.12727079,-0.23527075,-0.28599128,0.026215814,-0.14208502,-0.33457923,0.39593527,0.4344239,0.53788435,-0.19984984,-0.07609667,-0.16710833,0.05492957,-0.3822566,-0.4300031,0.29182854,0.089421794,-0.18939593,-0.32887426,0.056947786,0.3504457
IND457226AAA,-1.1480516,-0.5819326,0.5969956,1.394535,0.5606328,0.25637105,-0.5895353,-0.52492625,0.33176655,-0.21554717,0.30922568,-0.19499627,-0.0024676844,-0.11482981,0.636992,0.009183813,-0.20258197,0.26828635,0.15759763,0.1727658,-0.36787516,0.3974995,-0.014023505,0.20667839,-0.072065495,0.13980237,0.08590016,-0.09754295,-0.39020985,0.061960716,0.12228346,-0.20903753,0.23541394,-0.01664555,-0.087144084,-0.12883282,0.122076415,0.028924637,-0.18215565,-0.071696535,0.36311242,0.19355187,0.5127221,-0.034867674,-0.04493794,-0.09741031,0.026007779,-0.06527526,-0.043597993,0.39643508,0.002109021,-0.011320129,-0.06553778,0.07550896,0.0660151
IND458664AAA,0.43739522,-0.19970301,1.060175,1.5165237,0.7297845,1.047777,-0.6959999,-0.6892218,0.74277407,0.6297347,-0.13659792,-0.37030596,-0.106399685,0.18681394,0.040616885,-0.77229476,-0.37822482,0.58349586,0.8777937,-0.16390593,0.00085327774,-0.40563783,0.6354023,-0.2047747,0.2902767,-0.6417068,0.06490609,0.043853283,-0.38715446,-0.61180127,-0.51045,0.23376584,0.093403175,-0.1510874,0.014016829,-0.1896972,0.0858177,0.2328807,-0.08894399,-0.11979018,-0.6266053,0.19993818,-0.41312358,-0.084914565,-0.27812535,-0.27968806,-0.9588476,-0.42466643,0.28086904,0.15126699,0.3480721,0.3677741,0.29687956,0.20764454,0.19749409
IND458990AAA,-0.024160266,-0.5967492,0.87936044,1.3607374,0.6906202,1.1953019,-1.0428156,-0.84250873,0.01185827,0.5503712,0.14077902,-0.75775856,0.0426172,-0.13239013,0.21629255,0.14191295,-0.6520873,0.06547525,0.13119209,-0.27468246,0.5107255,-0.2609646,0.60183585,-0.17469063,-0.21822928,-0.27044532,0.15790327,0.16238265,-0.2637785,-0.7600861,-0.50788146,0.23726627,0.038640574,0.3483318,-0.03331039,-0.033049498,-0.058488317,0.2677986,-0.12430245,0.23497058,0.25239462,-0.40111458,-0.18116441,0.018808242,-0.24555546,-0.10881853,-0.1995049,0.34288567,0.39954612,0.46379584,-0.030190483,0.046646502,0.048911605,0.12917413,-0.09114444
IND460001AAA,2.3117895,-0.04551902,0.060810596,0.12888594,0.4889448,-0.30443728,-0.15580572,0.086482026,0.63093626,-0.9377671,-0.17044096,0.7509825,-0.0660702,-0.17090465,-1.048279,-0.49824575,0.9165836,0.35715532,-0.25130546,-0.55306,0.19307351,-0.6483693,-1.1447858,0.018067032,-0.17352174,-1.5551727,0.2873798,0.23833768,-1.1619439,0.7363902,-0.5507856,-0.32962283,0.12450975,-0.032784104,-0.2693267,0.10793945,0.6506754,-0.33176947,-0.04583627,-0.13515802,0.37162337,-0.55143124,0.6693192,-0.54798883,-0.71627694,0.5763384,0.069265306,0.005826406,0.37258974,0.9929979,0.46477455,-0.51298916,0.28659132,0.2947199,-0.23826429
IND461111AAA,2.0881252,-0.042860255,0.027454935,0.13551463,0.48438066,-0.31040427,-0.1281264,0.084862985,0.59038705,-0.9170605,-0.23092544,0.67314494,-0.041590303,-0.16475536,-1.0085975,-0.48448804,0.84029466,0.30442834,-0.27337527,-0.48945308,0.20562738,-0.59264183,-1.112361,0.003689915,-0.15480675,-1.4958537,0.24191016,0.2279055,-1.1098901,0.71971107,-0.5743435,-0.3189184,0.12778983,-0.0328978,-0.28848338,0.095969126,0.62172294,-0.32493544,-0.044185504,-0.13797386,0.34787658,-0.51185524,0.6473847,-0.5226053,-0.6657565,0.5237173,0.026045673,-0.037672974,0.3583449,0.9668932,0.44326502,-0.45243517,0.26228628,0.29486322,-0.22844416
IND462001AAA,-1.5775132,0.15722267,-0.14762862,0.40481263,-0.3982322,-0.11011672,1.1467098,0.30423668,0.29801196,0.13424963,0.024753455,-0.6337425,-0.04891123,0.5208359,-0.3289655,-0.4396768,0.33941513,-0.08559944,0.48280776,-0.058811434,0.089874305,-0.015403128,-0.059915893,-0.16851017,-0.06695796,-0.2714848,0.37536246,0.103350624,-0.0996787,0.28196654,0.406947,0.12813823,-0.42087856,0.23524524,-0.1563566,-0.07461077,0.34225565,-0.11269404,0.12624325,-0.20218317,-0.16218041,0.08964569,0.11584702,0.17982024,-0.0041454285,0.00947465,-0.16633877,0.19045454,-0.1296016,-0.09646024,-0.16534139,0.104274176,-0.06137861,0.10923813,0.10937797
IND462011AAA,-1.6144584,0.23175089,-0.06320905,0.4728722,-0.51856554,-0.19563258,1.1922907,0.44464308,0.284514,0.10365232,0.03333173,-0.4007308,-0.12798125,0.65767497,-0.15081482,-0.62757593,0.32910338,0.09860149,0.41627473,-0.1636109,0.15278181,0.003722516,-0.031245664,-0.11971796,-0.19730513,-0.27113843,0.0682019,-0.06319093,-0.041296326,0.09390433,0.21005107,0.00695201,-0.09925746,0.1303758,-0.03971261,0.0055018626,0.29466903,0.10205323,-0.04311557,-0.2303252,-0.025477193,0.11836611,-0.09153431,0.14068034,0.055882297,-0.08987055,-0.2676943,-0.06296379,-0.3386046,0.031624116,0.09373943,0.16331795,-0.14774887,0.08824397,0.07940903
IND462022AAA,-1.6094677,0.21066736,-0.16110668,0.31398463,-0.45618218,-0.16707177,1.1609098,0.33190176,0.08055557,0.22629064,0.17373785,-0.548889,-0.10665118,0.43022776,-0.16723365,-0.4203604,0.32218575,0.098074056,0.4233988,-0.12418719,0.083656274,-0.17636548,-0.02960081,-0.059655026,-0.2115992,-0.3998995,0.14578512,0.013839252,-0.16828486,0.109592676,0.22915146,-0.05104284,-0.44882593,0.095224105,-0.19206947,0.08979975,0.092806436,-0.0020183735,-0.14317247,0.03386959,0.049530167,-0.0654024,0.14282706,0.21082607,-0.08652072,-0.093708,-0.09823884,0.0489033,-0.17612241,-0.13895911,0.028249547,0.056946583,0.02042155,0.05952592,0.22603117
IND464001AAA,-0.62670064,0.18313335,-0.29342762,0.30656034,-0.43957943,-0.15474842,1.4906657,0.91755235,0.23254816,0.39279166,-0.054209575,0.06140045,0.16299054,0.49304295,-0.14377396,-0.9795509,0.5003757,0.85216403,0.5635899,-0.021177549,0.21819925,0.18086796,-0.11249641,-0.0015030764,0.072550945,0.0056191087,1.2144227,-0.7228758,0.20042597,-0.17795153,0.005261317,0.3261464,-0.14170799,0.08843859,0.12073723,0.15674193,0.779311,-0.3299768,-0.7054826,0.31703585,-0.08634722,-0.5473379,0.29362917,0.29359606,-0.09753919,0.6040332,-0.23954988,0.21154141,-0.064381525,0.058880202,0.4515078,0.2828184,-0.09420781,0.125111,0.42355004
IND464221AAA,-0.764573,0.2068815,-0.2707437,0.4007045,-0.44713122,-0.13231432,1.4873575,0.80574715,0.2698604,0.38369212,-0.012341473,-0.073014095,0.16012247,0.5303573,-0.09218712,-0.785202,0.50543207,0.5929744,0.4900391,-0.05173332,0.24445644,0.20212694,-0.12325586,-0.02555105,0.015968397,-0.02868849,1.1597109,-0.6652174,0.17353545,-0.27710497,-0.03540209,0.37173846,-0.16925527,0.08850491,-0.059366412,0.1277501,0.688184,-0.33721578,-0.64164305,0.09281422,-0.0041644387,-0.47945714,0.24917528,0.30394715,-0.105245635,0.5480857,-0.25188014,0.15677053,-0.12537234,-0.050341643,0.39247125,0.3599385,-0.18532708,0.07735786,0.43796632
IND464668AAA,-1.2996607,0.19017534,-0.33775613,0.20407574,-0.39870322,-0.29222268,1.269191,0.4671905,0.2374701,0.45671242,0.46558768,-0.70778143,-0.13505776,0.52010256,-0.078673355,-0.41967767,0.29214045,0.32126218,0.7443309,-0.026784902,0.19384035,-0.1793298,-0.1654579,-0.3422725,-0.26008457,-0.30152982,0.26876733,0.15618919,-0.4103067,0.044539727,-0.06789054,0.090581916,-0.2676601,-0.026885435,-0.213112,0.19726421,0.3027635,-0.04427137,-0.20743598,-0.08843918,-0.13413738,-0.13498536,-0.39233842,-0.038405545,-0.27696493,-0.054744035,0.05954224,0.08040179,-0.4607683,0.047939867,0.15560146,-0.33401716,-0.06647505,0.22268188,-0.2252774
IND465001AAA,-1.4535992,0.18908443,-0.21352208,0.5407176,-0.60085523,0.039548412,1.3644241,0.15981957,0.24544568,0.19841638,0.15275145,-0.35344929,-0.08206919,0.6291949,0.13345544,-0.3933464,0.6241813,-0.20186871,0.42259157,-0.08524152,0.32304558,-0.14222695,-0.14415625,-0.09455395,0.053600535,-0.1961011,0.21356964,0.23161297,-0.54908323,0.28977692,0.044271708,-0.09644833,-0.34231412,0.33328438,-0.16160873,0.32860613,0.37883636,0.07729516,0.046323493,-0.08268966,-0.088388816,-0.09842329,0.004831694,0.299173,-0.046289787,-0.038919795,-0.17971322,-0.086742215,-0.36161247,-0.16751236,0.10043725,0.13441503,-0.034264933,0.17697808,0.29989624
IND465333A1B,-1.5820236,0.24079649,-0.19683537,0.4785133,-0.530421,-0.09778386,1.1523017,0.34585783,0.2566648,0.26194304,0.0746544,-0.58835524,-0.053709805,0.44052792,-0.2787916,-0.4008226,0.39242387,0.08715848,0.33326006,-0.21681602,0.24711448,-0.05654627,0.0005254373,-0.20723152,-0.22528349,-0.14456604,-0.045914054,0.016354188,-0.030347824,-0.03212762,0.21825185,0.12741843,-0.34240153,0.090109885,-0.02997505,0.25119972,0.33188626,0.029368296,-0.07410045,-0.1335627,0.06906338,0.032633416,-0.049340837,0.24376388,0.042536676,-0.073779695,-0.1565116,0.115215495,-0.29659513,-0.052544355,0.088702664,0.2182832,-0.23085499,0.12522978,0.15952966
IND465333AAA,-1.6699542,0.17226982,-0.09899905,0.37788302,-0.4298839,-0.10145682,1.3364528,0.48860657,0.12884334,0.10307961,0.16694182,-0.48217434,-0.13704297,0.5095509,-0.05205714,-0.37274662,0.309,0.15892918,0.33831453,-0.07073051,0.15909898,0.087745845,0.0440974,-0.18245915,-0.19962454,-0.41022182,0.22188148,0.0055459887,-0.14973032,0.05474653,0.5524759,-0.068152845,-0.24721858,-0.02933018,-0.12437006,0.11150564,0.18044782,-0.0016963445,0.09196366,-0.11383298,-0.07053861,0.009046514,-0.11005946,0.13846862,-0.15606588,-0.14318374,-0.091665,-0.07416732,-0.16686232,0.04666134,0.01698032,-0.14608756,-0.3723654,-0.0767685,0.109917656
IND465669AAB,-1.4883721,0.25590235,-0.15669611,0.39752406,-0.6177684,-0.1891858,1.3101759,0.12369134,0.33862263,-0.0041616485,0.20676492,-0.42272788,-0.17221533,0.64413005,0.02989238,-0.45577005,0.54580677,-0.21141064,0.47303826,-0.024931569,0.43801686,-0.24064615,-0.26711395,0.035600096,0.036887452,-0.28671786,0.22221804,0.30542368,-0.27004033,0.24963969,0.23868394,0.10844755,-0.20718466,0.35806203,-0.24749091,0.13299395,0.24719045,0.06771594,0.014962915,0.03643476,-0.10317999,-0.20060885,-0.11499032,0.38740134,0.0077160522,-0.17717701,-0.37278414,-0.1630469,-0.22632918,-0.2620534,0.06438323,0.21661621,0.077958696,0.34724632,0.2202631
IND465683AAA,-1.385209,0.18844242,-0.20150211,0.46656173,-0.5188238,-0.056574956,1.3452429,0.17360154,0.31749058,0.09841607,0.14795654,-0.4096707,-0.078921534,0.6761621,0.19597015,-0.4125112,0.6702966,-0.3518152,0.37694317,0.02300191,0.45158228,-0.29048702,-0.13594273,0.043685853,0.04038131,-0.11099387,0.26253876,0.40458393,-0.628164,0.35276276,0.054729596,-0.050200015,-0.21856497,0.31844544,-0.1853165,0.2877406,0.2811033,0.08735831,0.021153715,0.012500692,-0.18099934,-0.21075645,-0.0150970295,0.3405028,-0.104778245,-0.13059372,-0.30811924,-0.11824537,-0.32669017,-0.26265156,0.094570726,0.25140795,0.10550557,0.20786789,0.39605418
IND466001AAA,-1.501863,0.26904488,-0.17101349,0.42880017,-0.5131996,-0.051666275,1.1541741,0.5146011,-0.017784018,0.3640191,-0.07595621,-0.673456,-0.17151889,0.51514894,-0.2085202,-0.5512197,0.4038425,-0.03307929,0.48429024,-0.3260929,0.04480309,0.039908648,-0.20384544,0.0008304417,-0.5417121,-0.24474278,0.20977461,-0.12679277,-0.105774805,0.08634126,0.4144213,-0.40389714,-0.5980034,0.057908148,-0.1874418,0.2737136,0.25105605,0.019080184,-0.07792414,0.063603595,-0.11912787,0.1354425,-0.04159966,0.29178214,-0.2748099,-0.09484287,-0.1033982,0.12897438,-0.3184514,-0.1888377,-0.026371151,-0.0030777976,-0.095859304,0.11297065,0.06596235
IND466116AAA,-1.5630687,0.28513968,-0.17012027,0.35632306,-0.4930098,-0.07665818,1.127532,0.5587863,-0.05006529,0.34488496,-0.028428469,-0.73285484,-0.21138695,0.4852764,-0.2827956,-0.4803507,0.42640027,-0.04060678,0.37380922,-0.20842282,0.13192192,0.061462805,-0.14111525,0.022474337,-0.45010787,-0.2101623,0.18679002,-0.101705596,-0.10844952,0.04528736,0.53360283,-0.41239643,-0.51875603,-0.059667498,-0.051420182,0.12560867,0.3295129,0.023910753,-0.014486075,0.16258946,-0.22223401,0.087322384,-0.009234093,0.3074326,-0.24340954,-0.122204036,-0.16734116,0.17059249,-0.30944863,-0.24870282,-0.07801275,-0.0043751188,-0.06489991,0.2382597,0.14323704
IND470004AAA,-1.0679288,0.21572568,-0.2054103,0.47003376,-0.4812004,-0.17025155,1.4034328,0.5435928,0.04408221,0.29646504,0.18625194,-0.10451606,0.1358841,0.6368308,-0.14646362,-0.63292587,0.68571293,0.38781157,0.4413365,-0.093302734,0.23303065,0.027438771,-0.06176751,0.048668474,-0.02373267,-0.31194362,0.8978315,-0.60375816,0.21360536,-0.2383235,-0.11593029,0.22174713,-0.23242718,-0.03151144,-0.053554304,0.15500659,0.593412,-0.3155905,-0.45581952,0.019770572,0.012621239,-0.2558212,0.29067513,0.17227587,0.029635362,0.21010397,-0.07679885,0.05687706,-0.17134984,-0.03514915,0.28932256,0.33234477,-0.048410896,-0.13173161,0.122765504
IND470117AAA,1.2954723,0.092324466,-0.010456465,0.039761543,-0.008232739,-0.045966245,-0.019348726,-0.085537665,0.008619361,0.04977584,0.02063518,0.009589717,0.03606471,0.015945433,0.007479774,0.030770045,-0.037812266,-0.024697453,-4.25661e-06,0.0019570328,0.010469606,-0.017048981,-0.010525763,-0.00055805966,0.031719588,0.0875871,0.016202077,-0.008552678,0.0343891,-0.004250642,-0.07914853,0.014271095,-0.016414795,-0.043215692,-0.0053516775,0.033052564,0.04555124,0.070173435,0.03691967,-0.08136752,-0.042590715,-0.06994349,-0.007076718,-0.051992126,-0.08830483,0.007816713,-0.011846915,-0.034461886,-0.02074188,0.029054992,-0.12653036,0.022402413,-0.029194493,-0.06613226,-0.06879148
IND471001AAA,0.1661073,-1.1405798,0.17924128,0.41353095,-1.0497957,0.8758631,0.92085004,0.36620855,0.61192477,0.017257027,0.022837695,-0.1369962,-0.40042862,0.31601578,-0.25586826,0.5487,-0.27015626,0.6877768,-0.6367302,0.0009026181,0.48201805,0.10204826,-0.88018185,1.1185296,0.05660103,-0.43550086,-0.10260814,0.33221245,0.28778493,-0.24598889,0.042787045,-0.032075413,0.39640656,-0.1889004,0.056853175,0.52398396,0.3716726,-0.68077564,-0.05467613,0.2238022,-0.28990647,0.0954791,0.6264546,-0.20103553,-0.4182703,-0.25213796,0.2888047,0.0054939985,0.2583753,0.08144208,0.19084011,-0.16763571,-0.14724559,0.31644282,0.16684006
IND472001AAA,-0.2727983,-1.0248222,-0.09139405,0.38684416,-0.9778291,0.86684084,0.5773281,0.021679454,0.509441,-0.059450418,-0.00956635,-0.019427389,-0.36572966,0.041110426,-0.24086688,0.6241164,-0.11434725,0.72906554,-0.5096219,0.034756247,0.5061042,0.18633224,-0.8986869,1.016715,-0.056267522,-0.31893384,-0.13777351,0.48590088,0.28254628,-0.23811735,-0.03658837,-0.105046794,0.16320282,-0.19938315,0.014957964,0.58995163,0.15733328,-0.6815565,-0.12792033,0.1607038,-0.22289142,-0.0678366,0.46969432,-0.31224176,-0.32329607,-0.22823976,0.23018716,-0.020868734,0.13098763,0.106718875,0.22694936,-0.021730201,-0.118594795,0.30786902,-0.07333876
IND473226AAA,-0.36547124,-1.009593,0.20904157,0.29341102,-0.77552056,0.63307035,0.42876488,0.057678886,-0.029838376,-0.34207785,-0.08419717,-0.016227888,-0.5869195,0.029862337,-0.2248307,0.86749834,0.08244459,0.5700238,-0.22816852,-0.16246398,0.4955068,0.27961653,-1.0518485,0.49497068,0.4132607,-0.030411005,0.15661635,0.32548404,0.4226718,-0.17364325,-0.30169335,0.0092722215,0.4333345,-0.819082,-0.0015632082,0.9475275,-0.40466422,-0.525047,0.13427785,-0.37264127,-0.4044882,0.026274499,0.736326,-0.5006446,0.16184771,-0.012596805,-0.3633793,-0.2678908,-0.16971797,0.41142964,0.10049276,-0.08545287,0.1702849,-0.17798077,-0.08979103
IND473331AAA,-0.32852626,-0.9863251,0.26607996,0.2268322,-0.76969683,0.46392837,0.33705315,0.008014627,-0.0682001,-0.35063368,0.057589963,0.11359508,-0.49334127,0.0892079,-0.095933005,0.9446698,0.016907658,0.6742867,-0.119180866,-0.2870226,0.8247545,0.061174057,-1.2257093,0.50837004,0.17354332,0.07912274,0.06486903,0.49050796,0.3643313,-0.33672273,-0.36972177,0.023448352,0.48505905,-0.7022797,0.059994936,0.6882158,-0.38384107,-0.596529,0.23197076,-0.081707016,-0.29379296,-0.03607913,1.0227692,-0.48920327,0.055143364,-0.14612854,-0.5606216,-0.24013916,-0.016503341,0.35016614,0.21181682,-0.37803686,0.20725197,-0.31193504,-0.063682064
IND473443AAA,-0.6981182,0.10524173,-0.25033662,0.49146605,-0.580374,-0.19557264,1.4497321,0.5127301,0.034703285,0.45287758,0.10412569,-0.22372137,0.23275426,0.9375114,0.14321284,-0.5251634,0.8433464,0.20123167,0.34987444,0.19281726,0.30046698,-0.08014715,-0.032186694,0.18215574,-0.05958654,-0.531178,1.2192044,-0.78355753,0.26886797,-0.60798764,-0.40882427,0.2446639,-0.2816645,-0.052446514,-0.07849284,0.43021858,0.5710439,-0.3755625,-0.7015908,0.113974914,-0.23096517,-0.28987062,0.12798224,0.25543624,0.22760504,0.11770716,0.13399146,0.4433611,0.025744475,0.014386445,0.18210658,0.18917495,-0.03844646,-0.29642263,0.06718679
IND474003AAA,-0.8995759,-0.9391585,0.18225013,0.20921256,-0.73879826,0.60121477,-0.009729682,0.350285,0.21658225,-0.2693994,-0.072625175,-0.030145667,-0.22001591,-0.020650625,-0.086511075,0.557668,-0.012356125,0.6204803,-0.5032954,-0.10491409,0.2654792,0.28675127,-0.72356004,0.5747622,0.08474704,-0.23219122,-0.15814617,0.24680398,0.12123194,-0.30422968,-0.026889712,-0.003427077,0.07286969,-0.54659534,0.082637765,0.62712985,-0.24125668,-0.73148036,0.21579687,-0.024756994,-0.33810496,-0.04315991,0.57218647,-0.4881472,-0.31490263,-0.12585352,-0.33915073,0.06714442,-0.22274786,0.13059628,0.19854055,-0.111673035,0.046782456,0.15582657,-0.09295167
IND476111AAA,-0.6461929,-0.95726186,0.17007014,0.24986257,-0.79460055,0.49217436,-0.016169166,0.08994392,0.4132164,-0.37274864,-0.09407663,0.13642389,-0.4289266,-0.09994686,-0.24540944,0.48424348,0.056056235,0.61830664,-0.2311615,0.10299427,0.24791479,0.09069655,-0.7705988,0.42810822,0.0832226,-0.46703574,-0.03424566,0.2769447,0.32921338,-0.7420794,-0.039022908,0.0025736615,-0.006792253,-0.6195924,0.087879434,0.73829824,-0.2041983,-0.83009285,0.21843576,0.00796856,-0.31941423,-0.35428268,0.53148526,-0.5982066,-0.4649725,-0.15710579,-0.47440857,0.08399262,-0.30496907,0.18442202,0.27490902,0.107585765,0.056267362,0.4288557,-0.39615494
IND477001AAA,-0.7400614,-0.9566103,0.21385595,0.15482391,-0.7596964,0.6545774,0.057098366,0.21686989,0.26329434,-0.28011617,-0.07485483,0.08296871,-0.5249017,-0.08852315,-0.22228584,0.6590905,0.19752067,0.75205123,-0.2721483,0.009055501,0.28167418,0.14649849,-0.63096976,0.2248312,0.3427835,-0.454425,-0.104930446,0.340433,0.27556688,-0.55093133,0.07240771,-0.02987612,-0.030969754,-0.6509593,0.20229173,0.81400806,-0.13919543,-0.7960495,0.28297973,0.11039257,-0.23072904,-0.33660468,0.5999696,-0.56236035,-0.4588821,-0.19027829,-0.24233525,0.060458317,-0.40772986,0.23216036,0.345892,-0.039968234,0.025319725,0.2044938,-0.30987567
IND477001AAB,-0.64431715,-1.0251652,0.22112618,0.14729078,-0.77916706,0.7588773,-0.049281992,0.14242145,0.2390985,-0.27357924,-0.12735687,0.14203465,-0.4850719,-0.08216432,-0.08820112,0.47928992,0.046554577,0.6542653,-0.18248032,0.10397494,0.23571026,0.27161703,-0.74720836,0.58806217,0.24573581,-0.5370586,-0.17403623,0.40541065,0.20443626,-0.50736856,-0.088613495,0.11102906,-0.15567985,-0.6919342,0.21157622,0.7180783,-0.1930657,-0.6916834,0.15063898,0.20381169,-0.2127369,-0.24924871,0.34144038,-0.50891256,-0.29340193,-0.13566545,-0.34250504,0.11020303,-0.29661152,0.3735004,0.21328492,0.04605732,-0.1680876,0.42856184,-0.32743287
IND480001AAA,0.31001747,0.22568105,-0.3888985,0.6632696,-0.30965045,-0.23895353,1.481001,0.7075735,0.11808421,0.12963247,0.9534252,-0.7838839,-0.71763754,0.5115079,-0.057217255,-0.5270343,0.78980017,0.3667346,0.606888,-0.45692968,-0.2731237,0.042230804,-0.52954257,-0.2016302,-0.38090158,0.2515252,0.31896725,0.14334846,-0.65580165,0.43981147,0.08851086,0.8995442,-0.12656063,-0.7311591,-0.10797477,-0.58325326,-0.31285685,-0.28732854,0.03921313,0.07445072,0.05670904,0.19460094,-0.11399435,-0.014591955,0.18160774,0.13120012,0.23517178,-0.04832545,-0.091254726,-0.031244108,0.19231777,-0.32508463,-0.14870135,-0.22053571,0.14907801
IND480661AAA,0.18367136,0.113214135,-0.4144406,0.6416505,-0.40133658,-0.120596066,1.5126132,0.7062076,-0.015935928,0.017312415,0.9615794,-0.7908024,-0.73345363,0.5770117,-0.06643905,-0.6611332,0.59569526,0.26571047,0.59949434,-0.53837854,0.045701094,-0.045635782,-0.52989256,-0.20891815,-0.6983927,0.25296748,0.32677642,0.11592516,-0.68684703,0.38705766,0.031959727,0.60939777,-0.075523324,-0.9067336,-0.09756975,-0.40616602,-0.39883292,-0.31217498,-0.0812995,0.11512643,0.31480682,0.031033374,0.02642344,0.10025773,-0.02939643,-0.037200566,0.37282312,0.11745705,0.040128373,0.06879727,0.12558909,-0.18980101,-0.13671546,-0.13182293,-0.002644971
IND480886AAA,-0.0073640347,0.1875118,-0.17645845,0.58237207,-0.41432863,-0.18091302,1.4884346,0.53695637,0.05756265,0.18614686,0.91644883,-0.70191675,-0.930425,0.38943642,-0.092072085,-0.7189558,0.733941,0.3124298,0.53095376,-0.3262812,-0.043796998,0.099692225,-0.540253,-0.3926501,-0.6471462,0.26888326,0.28330055,0.23338364,-0.6377451,0.51361585,-0.047963604,0.7403785,-0.037628297,-0.7020037,-0.09686856,-0.41762793,-0.26100063,-0.025394123,-0.14330176,-0.051908385,0.04837101,-0.19768617,0.1880849,0.08484682,-0.11860669,0.26847312,0.25492036,0.032066926,-0.037439235,-0.026524764,0.2482576,-0.39198077,0.04317829,-0.24418776,-0.0041178614
IND483225AAA,-0.26152694,0.124279186,-0.23267192,0.60386944,-0.4247217,-0.32157815,1.341525,0.7997716,-0.0038824081,0.5667928,0.87909967,-1.0713623,-0.52247685,0.54295594,-0.010265512,-0.5795953,0.7031002,0.1465672,0.3002619,-0.3406862,-0.18510401,0.038503498,-0.13872829,-0.33863008,-0.620729,0.23412001,0.43498397,0.2148742,-0.532162,0.26690942,0.035503358,0.7985739,0.0146702975,-0.10474776,0.29081875,-0.37596446,-0.21526003,-0.016297966,-0.12014419,0.053727675,0.61206424,0.040388554,0.18718511,0.24755017,-0.044084847,0.3075201,0.27326888,0.14212511,-0.34591493,0.4414972,-0.021669045,-0.042149834,-0.05520318,-0.26024744,-0.28954124
IND483770AAA,-0.3301698,0.3945703,-0.24211106,0.66549337,-0.46484745,-0.20165876,1.5618553,0.8458523,-0.05662583,0.41611207,0.8741061,-0.7861848,-0.55163676,0.45659107,-0.038357794,-0.434045,0.5669388,0.1674046,0.31766534,-0.17250784,0.12311977,0.035871208,-0.6439815,-0.46557924,-0.7266794,0.14335394,-0.037975825,0.22102745,-0.29285526,0.29044193,0.12324125,0.8245977,-0.062189832,0.09206064,-0.034111418,-0.53667563,-0.25172392,-0.04044649,-0.10387179,-0.17405574,0.078823134,0.30650982,-0.06878134,0.08267854,-0.11857563,0.24783933,0.3669747,0.1988312,-0.23597124,0.32341552,0.3132869,-0.26927716,-0.08406633,0.012916185,-0.1227518
IND484001AAA,0.08358669,0.19577701,-0.260723,0.68315274,-0.4654007,-0.363253,1.5217905,0.6092059,-0.1240146,0.4105621,0.9043449,-0.6933547,-0.18245226,0.4231695,-0.0077208113,-0.9178626,0.57349247,0.087314695,0.2821958,-0.21694855,0.44067153,-0.0679504,-0.6886942,-0.71638703,-0.9526103,0.47783965,-0.06850118,0.42027968,-0.15279211,0.19761686,-0.055711806,0.42240524,-0.17236379,-0.31712902,-0.07215839,-0.41935825,-0.04209979,-0.538246,0.24531987,0.26657522,0.8413379,-0.2946307,-0.4729953,0.23912798,0.056113675,0.38912094,0.27548808,0.15667218,-0.23127416,0.6132135,0.2567793,-0.33317548,0.14433646,-0.08811407,-0.033390075
IND484446AAA,-0.0953387,0.27478516,-0.23677903,0.6718548,-0.47969288,-0.22802344,1.4754603,0.6763338,-0.15939759,0.46670035,0.6926514,-0.89311194,-0.38532102,0.3592934,0.12475596,-0.8664494,0.56410205,0.06716063,0.484663,0.005887039,0.29787615,0.017403066,-0.5966392,-0.5062946,-0.98214287,0.31170952,0.14148894,0.32193857,-0.2626347,0.34085953,-0.057352662,0.4899841,-0.0852718,-0.23912172,-0.029003717,-0.4838161,-0.3707919,-0.5766238,0.23348483,0.13346396,0.57993317,-0.11705272,-0.5362569,0.14603409,-0.03678769,0.31110936,0.2532854,0.1682226,-0.14255735,0.51104546,0.30409294,-0.13248086,-0.17314152,0.0549066,-0.021034986
IND484661AAE,0.06742549,0.36091077,-0.44652614,0.60523206,-0.5488967,-0.42488578,1.5066701,0.60414046,-0.06180124,0.56761235,0.85555756,-0.56983876,-0.12681016,0.46885347,-0.09575288,-0.8555436,0.71989733,-0.022269145,0.24737905,-0.020816162,0.13711384,-0.21307161,-0.5332279,-0.3767833,-0.77974945,0.60279936,-0.07913624,0.24672846,-0.3510028,0.25675035,-0.025070071,0.6337001,-0.25282636,-0.2155901,-0.19151014,-0.32465452,-0.13624263,-0.5441704,0.084868126,0.28117305,0.7886156,-0.14783294,-0.35787258,0.21538447,-0.027133808,0.5020772,0.308977,-0.13024816,-0.2469751,0.5344925,0.25322592,-0.28114262,-0.14955461,-0.047312584,-0.18655565
IND485001AAC,0.091279745,-1.1748115,-0.05256346,0.3093806,-0.9456946,0.8250184,0.99557513,0.49027205,0.65396154,0.2003836,0.034790725,-0.23359098,-0.5068538,0.0203031,-0.20513378,0.67222416,-0.3651507,0.6620619,-0.4113167,0.15281223,0.6034521,0.26144722,-0.6998578,0.96047074,0.048667297,-0.37296867,-0.38424873,0.42970055,0.3690161,-0.35431415,0.061515197,-0.03306505,0.2621194,-0.08720137,0.13838336,0.5164036,0.15919584,-0.5917513,-0.08732433,0.1435944,-0.14771359,0.21040517,0.26428038,-0.22887182,-0.32134056,-0.16901319,0.054087356,0.19617474,0.2936943,0.11401444,0.014699295,-0.17953566,-0.29489213,0.32944974,-0.005489096
IND486661AAA,0.053340673,-1.1901888,-0.4342423,0.2074184,-0.69089615,0.4492457,1.574468,0.41693506,0.87345594,0.24703106,-0.0826867,-0.24568719,-0.0044381972,-0.02294418,-0.23936391,0.5022045,-0.40223336,0.22995603,-0.3138153,0.13157667,0.7653811,0.60447943,-0.14732072,0.7623101,-0.056653693,-0.7379237,-0.36567417,0.36725014,0.28850305,-0.09089963,0.3568674,-0.38209903,0.1521334,0.46678042,-0.094228774,0.256002,0.44598898,-0.29354966,-0.38743225,0.18640473,-0.101748124,0.2065526,-0.051757745,-0.2756128,-0.27413327,-0.17368509,0.06315479,0.22273973,-0.15120624,-0.06803363,0.30561462,-0.15937048,-0.16212626,0.08877214,0.06135861
IND486889AAA,2.067359,-0.15269245,-0.16449793,0.32308996,-0.31030077,0.101951085,0.11662126,0.6879642,-0.16673051,0.20199874,-1.31123,0.87830025,0.25742537,0.9628457,-0.05704598,-0.1165389,1.4578954,-0.64665055,-0.37794763,0.64089507,0.4483239,1.2227474,-0.13104156,-0.3532881,0.022860363,0.07432668,-0.27359107,-0.21721633,0.0694222,0.46042448,-0.11872423,-0.97890884,1.947424,-0.9442302,0.53493494,-0.39190197,-0.013896301,0.77949417,0.051451914,0.06489813,-0.27071798,0.41048104,0.25440356,0.06752735,-0.053235814,0.7668863,-0.036183413,-0.22040504,0.41895714,0.6708575,0.2576221,-0.46431845,0.37711415,0.2229988,-0.094855875
IND487001AAB,-0.62131023,0.17549221,-0.38826555,0.30836695,-0.47640342,-0.32641286,1.3323193,0.7191636,0.103890866,0.38174683,0.9056954,-0.9721759,-0.4090256,0.484214,0.0074892286,-0.60381836,0.40694258,0.51021415,0.8141127,-0.19259703,0.22776121,-0.09447503,-0.29836917,-0.41484356,-0.4008063,0.05722353,0.053584024,0.22969405,-0.50609976,0.10203494,-0.19706967,0.6556529,-0.18295507,0.115709275,-0.20306766,0.14574073,0.06782629,-0.19630848,-0.0148101095,-0.0059787855,0.27919734,-0.039643288,-0.3240208,-0.049272783,-0.34215257,-0.03635869,0.22022738,0.27945507,-0.37957948,0.19230673,0.16116054,-0.69814545,0.013589602,0.11901211,-0.4306088
IND487551AAA,-0.9380779,0.2309853,-0.36979276,0.31348968,-0.4684987,-0.31129608,1.3504313,0.6748666,0.26598597,0.4774276,0.6282895,-0.89882106,-0.24439707,0.5062246,0.011539267,-0.47141942,0.3019551,0.46547836,0.78402406,-0.076072775,0.11905281,-0.22505158,-0.3257757,-0.5242336,-0.27881634,-0.16145273,0.15764374,0.24358942,-0.48072547,-0.098038375,-0.20850301,0.25963044,-0.09873166,-0.07011756,-0.22392207,0.19414686,0.13619366,-0.17245907,-0.13754734,0.027379975,0.0983824,-0.07125719,-0.41317192,-0.004429303,-0.44028252,-0.07382732,0.23172764,0.16970414,-0.501407,0.041247666,0.17816944,-0.5592664,-0.021326851,0.17070094,-0.3826394
IND488001AAA,0.1826433,-1.1670045,0.12527125,0.43913054,-1.0735093,0.8577517,0.97516763,0.31434557,0.5536918,0.16677961,0.11819625,-0.042903803,-0.50659907,0.114656664,-0.31066498,0.66998297,-0.38070673,0.80555844,-0.7069765,0.16953346,0.5304103,0.25953656,-0.7801215,1.0473654,0.07348883,-0.35405248,-0.13849944,0.43931156,0.26455873,-0.31609005,-0.011930734,-0.081929214,0.4587382,-0.057988957,-0.0016312562,0.5051649,0.43036088,-0.6139355,-0.18188596,0.31239966,-0.395133,0.10110925,0.62651175,-0.09770313,-0.21291393,-0.37080207,0.106696755,0.080647014,0.2009161,0.26917246,0.20378688,-0.23191899,-0.2098448,0.4166841,0.16079962
IND492001AAB,2.138753,-0.014173288,-0.31169245,-0.2226797,0.06266099,-0.0661604,0.34040672,-0.35700074,-0.034979433,-0.49317494,-0.6787512,-0.22861812,0.9481093,0.44187975,-1.0468493,0.2070862,0.28481314,0.25224885,-0.26621658,0.09607824,1.1184958,0.40858668,0.11109569,-0.36935443,-0.17086454,0.6990313,-0.21749288,-0.32444274,-0.15034065,-0.052867487,-1.0146558,-0.51182985,0.80196345,0.22116074,-1.2556028,0.29171097,-1.0710518,0.40635997,-0.805125,0.28091016,0.015357507,-0.3272942,-0.78957313,-0.012879267,-0.23728907,-1.1463044,0.49258882,-0.8893472,0.1834896,-0.22269228,0.20165372,-0.2685614,-0.585053,-0.044368017,0.22694585
IND493118AAC,1.8836268,0.065825954,0.041814327,-0.0570464,-0.2908708,-0.37709954,0.281459,-0.39194864,-0.08699207,1.3473401,-0.85856223,0.3373673,-0.4134262,0.865761,0.60695285,0.92526543,0.9607434,-0.23152679,0.2347095,0.10098045,-0.86024106,-0.5967983,-0.74932516,-0.49253434,-0.14958064,-0.6163434,0.19556385,-0.075768426,-0.1659389,-0.21052541,-0.71190804,-0.16739103,0.1956143,0.5774106,0.60919017,0.9699832,0.62521654,-0.5240668,0.9835042,0.50086594,-0.6590301,-0.30663678,0.053343557,1.133029,-0.49335992,-0.21768698,0.32659626,-0.09600649,-0.15400271,-0.6324874,0.51557076,0.50020343,-0.22302917,-0.28480625,-0.014690682
IND494334AAB,2.02989,-0.16663463,0.1782383,-0.46277267,0.29739743,-0.37403822,0.014117027,-0.45628977,-1.0221479,0.34550875,-0.23697658,0.035919115,-0.57026094,0.007624969,0.44553047,0.97170067,0.18286633,-0.5320059,-0.021764286,0.22971822,0.067651354,0.6895144,1.092289,0.030994207,-0.31226695,1.1996005,-0.032056697,1.4547471,0.7191662,-0.48996413,1.8723161,-0.09387867,0.68384707,-0.10901733,0.25709024,0.8694427,0.36623022,0.02683793,0.088944964,0.7598264,0.7131822,0.030039817,-0.37105885,0.12959266,-0.010100126,0.2122347,0.029747903,0.088203564,-1.138574,0.19952008,-0.5298247,-1.4153047,-0.21263602,-0.3134353,0.12745257
IND495004AAA,2.1291423,0.016694061,0.013542563,0.038234964,0.016300224,0.46044695,0.7561011,-0.7439329,0.03947155,-0.8609429,-0.589337,-0.043437548,-0.6222878,0.837189,-1.2840503,-0.011538673,0.19765836,-0.89722943,0.13541417,-0.45905042,-0.069309,0.100002885,0.8001141,1.2142787,-0.23687528,0.5564634,-0.8062809,0.20586444,-0.9275505,-0.23301624,-0.6971639,0.046913266,0.036854953,-0.106625214,1.0583848,-0.377818,0.9246449,-0.10638909,0.32083607,-0.76258135,0.53156286,0.70910037,0.7541033,0.1556561,-0.23037356,0.17396542,-0.90385133,-0.46563244,0.38891786,0.3785349,-0.3022616,0.10942802,0.07309133,-0.4184316,-0.26724842
IND495334AAB,2.0810704,0.089707896,0.054512158,-0.06821431,-0.30086124,-0.4301754,0.27615497,-0.39145917,-0.10779369,1.4151744,-0.894483,0.37589228,-0.4461602,0.92175245,0.6622147,0.9941217,1.0433977,-0.2301194,0.27075005,0.06167659,-0.8909981,-0.65883565,-0.81074953,-0.55471665,-0.13500519,-0.6046634,0.21869957,-0.077833846,-0.13430747,-0.22153436,-0.74344873,-0.13696468,0.18672195,0.6017137,0.61733925,1.0487785,0.6574673,-0.5570475,1.061561,0.4835074,-0.7318007,-0.32158503,0.080397256,1.1685638,-0.53093505,-0.22632976,0.29736328,-0.10085448,-0.16434951,-0.6841545,0.53275377,0.5105256,-0.22228092,-0.29904988,-0.028683186
IND495677AAA,2.072402,-0.13446079,0.51395047,0.16510554,-0.16023433,-0.17446539,-0.04315243,0.7274243,0.28439736,0.046786435,0.071563534,-0.48678446,-0.5353639,-0.9330975,1.1319097,0.6585653,0.0610545,0.17886925,0.01207217,-0.57831925,-0.1009825,0.062650055,-0.6977778,-0.58137804,0.24372774,-0.19273013,-0.19201866,-0.75599384,0.15060051,-0.88654244,1.0870142,0.4833107,-0.25411654,-1.3448966,-0.32558864,0.12693532,0.53743726,0.8004068,-0.10995951,-0.3812531,0.30988452,-0.55646694,0.15257198,-1.8002362,0.29831523,0.79154134,-0.3190252,1.0580573,0.10792717,0.11000291,-0.42880327,0.712497,0.4067139,-0.5687668,-0.11526361
IND500008AAC,-1.4379315,1.2562283,-0.6775143,0.058556616,-0.7047364,-0.437023,-0.10045866,-0.15238553,0.374,0.067306034,0.010545433,-0.015021741,-0.108929925,0.085770085,-0.56463915,-0.4108934,0.10177213,-0.24134445,-0.33757174,0.115787454,0.60602844,-0.049166143,-0.025259204,0.13554266,0.16902782,-0.22027293,0.13020399,0.054916516,0.05427715,-0.22419499,-0.032602876,0.15805791,-0.15689613,-0.28458548,0.14049059,-0.1052313,-0.053776387,-0.04621473,-0.20501074,0.13204153,0.16205016,0.33731514,0.13902453,-0.16205715,-0.23016018,-0.26607978,-0.12332431,0.30057886,0.025031332,0.3293407,-0.46939093,0.14263564,0.23763141,-0.59731144,0.07603147
IND500008AAD,-1.6313521,1.0387901,-0.7699996,0.008096859,-0.6597175,-0.44640294,-0.28645295,-0.020799108,0.4169472,0.2430641,0.33777118,0.14328939,0.073150925,0.2362419,-0.12631798,-0.14812721,-0.14829274,0.010819878,0.009218205,0.052835297,0.12973386,0.18460205,0.16211411,0.04115878,0.17261875,-0.31150365,0.09485772,0.115975186,-0.10273704,0.11533026,0.104852095,-0.13799539,-0.046872713,0.04742876,-0.099601135,0.20174274,-0.04507569,-0.1590065,-0.036379833,-0.15875983,-0.0015309751,0.09367362,-0.092344515,0.061680302,0.09760916,0.2688071,-0.09310088,-0.0031814612,0.12642956,0.20594957,-0.124463305,-0.11266565,-0.06277536,0.024381056,0.023486614
IND500008AAF,-0.562451,1.166352,-0.8184601,0.07585502,-0.8684528,-0.4210806,-0.25336346,-0.007687658,-0.16012375,0.20079419,0.17249505,0.39309162,-0.6242281,0.048254434,0.18970829,-0.26507798,0.20834208,0.50593895,-0.6230854,0.08144294,0.3575522,0.030003317,0.6144237,-0.13226257,-0.16906598,-0.11610625,0.40995532,-0.5924938,-0.09798586,-0.4110831,-0.13508171,-0.19383341,-0.0018598884,-0.015585735,-0.23075864,0.5511534,-0.23991993,0.22305828,0.09662693,0.36261448,-0.16440317,0.37539914,-0.16442555,-0.076658055,-0.16330624,0.2906855,-0.5328402,-0.36064845,-0.021537293,0.6838387,0.0945746,-0.16160884,-0.17681684,-0.69277847,0.10323563
IND500010AAA,-1.2737384,1.1311448,-0.6798804,0.24632813,-0.8697399,-0.2887573,-0.24619026,0.18891451,0.20339274,-0.24680361,0.1703379,0.3007384,-0.21048081,0.29502213,-0.30252308,-0.17679855,-0.21294226,0.1523956,0.016391503,0.006281486,-0.18375143,0.12326117,0.32783216,0.24628326,0.23578686,0.028470159,0.06970216,0.06878801,-0.29486609,0.13195747,0.32409018,-0.05547021,-0.39633846,0.17969513,0.09741721,-0.10951869,0.017597951,0.2435338,-0.60262835,0.51211,0.41070697,0.48713502,-0.21837786,-0.09647535,-0.14185005,0.31300417,-0.31453317,0.24639457,0.07740715,-0.052359473,-0.3107301,-0.045039292,-0.24881098,0.04896234,-0.0805286
IND500010AAB,-1.6165603,1.1115798,-0.63533616,0.021713585,-0.7018032,-0.36532247,-0.27865556,-0.12398826,0.074084185,-0.030546198,0.15333399,0.23384728,-0.18221761,0.047833543,-0.30380958,-0.2412842,0.049871106,0.070843935,-0.20794757,-0.08120426,0.14951643,0.040535364,0.17876592,-0.11614077,0.066280946,-0.3370642,0.17080909,0.045466505,0.018204316,-0.032068565,0.32840618,-0.31375703,0.069930285,-0.120198846,0.07847483,0.0004662387,-0.05414263,0.20923907,-0.033406444,-0.11184421,-0.025464155,0.31032342,0.057299178,-0.039617904,-0.0125339925,0.035927393,-0.15035367,-0.007028155,0.09751357,0.084717855,-0.09700222,-0.07568894,-0.016950171,0.23197432,0.027559362
IND500018AAA,-1.5024122,1.1784902,-0.7222297,0.16617022,-0.85108453,-0.36781502,-0.3745328,0.15075299,-0.35219926,0.26238102,-0.0348159,0.08908218,-0.42151946,0.014875565,-0.21473736,-0.06013724,0.18669605,-0.11298217,-0.0010382301,-0.07055568,0.13615578,0.40029508,0.041133236,0.010902096,-0.094916776,-0.28619206,0.30772114,0.3367402,-0.16674575,-0.2424954,-0.2560854,-0.33862886,-0.12116645,0.5348568,-0.35906103,0.5176551,0.13874975,-0.1111313,0.015685767,-0.3622191,-0.12781374,-0.12181464,-0.34914777,-0.29635042,-0.2966005,-0.16858286,-0.3301376,0.30302128,0.3427999,0.3456301,-0.17079087,-0.4067206,-0.045001063,-0.113870636,0.041293263
IND500032AAA,-1.0558177,1.2821947,-0.9481437,0.057612628,-0.50750077,-0.3738716,-0.2605579,0.25364202,0.5341269,0.3619438,-0.06969057,-0.0041824505,0.15410474,-0.16985643,0.2645625,-0.25672293,-0.12944052,-0.026827961,0.048925668,0.087016165,-0.007991292,0.15100539,0.51066923,0.07440372,-0.017086523,-0.6110368,1.0701153,0.4479596,-0.3484385,-0.025517985,0.5101088,-0.03576713,0.5192057,-0.1332929,0.7845148,0.045715667,-0.11149325,0.20116596,-0.0022028536,0.37382537,0.07036989,-0.14917631,-0.3902131,-0.13729739,-0.55392843,-0.12805933,0.30636138,0.19855765,0.4878043,0.14550501,0.04094453,-0.46476892,0.120030016,0.037745655,0.44300735
IND500039AAB,1.9931778,-0.2112004,-0.12994197,-0.34402952,0.047776736,-0.10748741,-0.101698495,-0.0013871863,0.6159981,-0.16512191,-0.8010663,-0.52297884,0.07658714,-0.15303458,0.70790267,0.30399182,-0.6397939,-0.29817244,1.6148981,-1.2195638,0.2549162,-0.32144707,0.22572544,-0.13501355,-0.43002057,0.50461954,-0.32529354,-0.01547344,0.35322416,-0.077374056,-0.26483226,-0.3355087,-0.71980023,-0.059486434,-0.5296453,0.40864557,-0.3542703,-0.43526715,2.3768528,0.14420561,0.47755498,-0.43701714,0.8217229,0.08866176,-0.5479327,-0.2740178,-0.20437562,0.4788217,-0.06103323,0.77444994,-0.2754761,0.0910028,-0.4746895,0.64975864,-0.47583675
IND500039AAC,-0.7670721,1.1876115,-0.8002249,0.12426777,-0.78527904,-0.41477945,-0.27615196,0.18675122,0.0647849,0.21178848,0.22977515,0.16656218,-0.40929386,0.04309988,0.21711938,-0.260076,0.13863331,0.44188356,-0.34677452,0.041019842,0.38579124,0.12127477,0.4700288,-0.0064569414,-0.23162471,-0.16231456,0.3185581,-0.25426358,-0.045551628,-0.56908786,-0.08339885,-0.078879505,0.04237767,-0.13573308,-0.24663502,0.35388923,-0.023722362,0.18143673,0.13030905,0.21390481,-0.15660037,0.33691067,-0.26113933,-0.14406286,-0.17600778,0.43303114,-0.48186165,-0.46941692,-0.012705218,0.37216455,0.08917786,-0.24191815,-0.16726345,-0.5070107,0.14102069
IND500039AAD,-1.5861661,1.0975161,-0.7066109,0.22932522,-0.66241115,-0.33591175,-0.33885515,0.07566915,0.075271055,0.21899089,0.33298522,-0.10829227,-0.011165965,0.28147703,-0.24264589,-0.10657126,0.17116404,-0.023604356,-0.0850428,-0.070862904,0.23925015,-0.07724559,0.30234107,0.1563707,0.105895914,-0.13620774,0.15061884,0.000521034,-0.033208027,-0.012502685,0.16916342,-0.26113096,0.09752904,0.049412675,0.10612626,0.16580972,-0.005529158,0.07186395,0.054266177,-0.22075708,-0.046987474,0.17039937,-0.06144219,-0.13428175,-0.1057753,0.11439443,-0.08168545,0.100042604,-0.09837036,0.024947904,-0.1440341,-0.15004519,0.08985716,0.10378614,0.17972574
IND500050AAA,-1.2964325,1.2065779,-0.7774626,0.028191805,-0.6144371,-0.4437814,-0.20806801,0.2340194,0.47000748,0.16278291,0.014021397,0.04602807,0.060601644,-0.10117107,0.19477086,-0.15923606,-0.20066872,0.09629447,0.06618287,0.13437916,-0.033874772,0.13410008,0.34781632,-0.0117329955,-0.018238723,-0.5691206,0.81528276,0.25293654,-0.21206357,-0.0873218,0.31139106,-0.08192085,0.28653392,-0.14177863,0.5084073,0.084017895,-0.092627004,0.16826071,-0.031987846,0.13530119,0.08560736,0.046704553,-0.26172128,-0.061386436,-0.51763064,-0.0037956536,0.16758417,0.18335852,0.33516663,0.21283838,0.14622939,-0.36092547,0.2504093,0.08348546,0.33678693
IND500055AAA,-0.7199464,1.3477572,-0.72761035,0.103596285,-0.8463255,-0.5716474,-0.4188936,0.38767105,0.31137878,-0.36708108,0.1474711,0.491917,-0.28154388,0.3717063,-0.31148347,-0.22826311,-0.17700861,0.18588182,0.05464387,0.09892516,-0.2842607,0.3544895,0.5722791,0.34594962,0.5357809,0.07005063,-0.086123616,0.22401415,-0.27491695,0.151123,0.5292465,-0.22148104,-0.50498164,0.37402582,0.057013176,-0.27826798,0.13305861,0.47696763,-0.8349923,0.7833651,0.55101526,0.7489735,-0.40167984,-0.08722252,-0.21267635,0.44305912,-0.42685592,0.53404784,0.03620181,0.05118288,-0.45142663,0.0029433444,-0.46333,-0.16776282,0.18173258
IND500055AAC,-0.74364674,1.2367873,-0.8202375,0.2562015,-0.88062763,-0.5814563,-0.31054476,0.2683973,0.30540776,-0.33604994,0.08545169,0.51952463,-0.29152134,0.51079744,-0.32432342,-0.15475911,-0.2718135,0.096921265,0.17302017,-0.09526272,-0.37762594,0.13614643,0.48554692,0.37959382,0.30011976,0.098082095,-0.091860235,0.23250987,-0.30467904,0.46607482,0.4025581,0.0133465305,-0.5926894,0.36776918,0.06409537,-0.11964948,0.18201694,0.30197328,-0.75710464,0.9371523,0.57016444,0.6812718,-0.52987176,-0.35762137,0.005108997,0.6074225,-0.26290843,0.34594247,-0.13388887,0.14572838,-0.50708306,-0.056481175,-0.42056885,0.015842393,0.08457677
IND500080AAB,-1.545087,1.1348991,-0.685778,0.11993794,-0.7574012,-0.40888625,-0.34428078,0.14688551,-0.18671942,0.2573283,0.027747624,0.010178745,-0.4641378,0.060290053,-0.18196745,-0.11962184,0.13390401,-0.12588537,-0.030492997,-0.057371087,0.0969644,0.26934046,0.06097701,0.10284093,-0.05223777,-0.22684981,0.33848757,0.27884728,-0.10713466,-0.20730317,-0.20942435,-0.25663933,-0.06870797,0.39910567,-0.33009386,0.38087505,0.047988698,-0.18283685,-0.008164629,-0.36179405,-0.17642859,-0.04505627,-0.35396832,-0.2712187,-0.29850587,-0.04292755,-0.24676687,0.2844417,0.24336055,0.31187242,-0.17606549,-0.25295588,-0.03534704,0.0338837,0.020277157
IND501101AAB,-1.6370412,1.110157,-0.6556734,0.25730324,-0.7754479,-0.30073747,-0.27062204,0.020206824,-0.043064177,0.08579267,0.19373438,0.22094657,-0.06999818,0.10632309,-0.082664266,-0.19807042,0.098000154,-0.1782258,-0.20376246,-0.19302689,0.20045802,-0.111994855,0.1747855,-0.15337035,0.09986054,0.056158096,0.24929467,0.036950007,-0.051444504,-0.056953922,-0.03536448,-0.25263882,-0.05194886,0.012105338,0.09175712,0.030455075,0.12783071,0.042646684,-0.21693075,-0.08286743,0.050862506,0.08939533,-0.053275973,0.056422047,-0.16458163,0.014470264,-0.17893004,-0.023099087,0.034128148,-0.13034865,-0.2548874,-0.067094244,0.017810024,0.09092236,0.059196018
IND501359AAE,-1.6408933,1.046968,-0.65222085,0.1307076,-0.62324786,-0.28883556,-0.24671203,-0.05494561,0.1391626,0.0935068,0.24737434,0.1385512,-0.12646814,0.08274286,-0.23554467,-0.06710222,0.11747092,-0.100892514,-0.063488826,-0.08882432,0.24039155,0.3055092,0.09311328,-0.04658306,0.16522194,-0.05708859,0.086294204,0.019168556,-0.059702236,-0.064637266,0.102995604,-0.12112175,0.07235965,0.018590517,-0.08828083,-0.0272353,-0.026353158,0.07406357,0.010965776,0.028043622,0.008689724,0.044285282,-0.07521238,-0.19323322,-0.24395245,0.22674817,-0.092154495,0.040791504,-0.02869989,-0.016553214,0.077770166,0.050327606,-0.11554022,-0.1272335,-0.020147294
IND501359AAG,1.7378863,0.21775167,-0.008471064,-0.12366897,0.085955605,0.02526052,0.94499767,-0.39383006,0.052515894,-0.9344062,0.97854644,0.6276803,-0.07499721,0.46379322,1.0826358,0.22192691,0.004637528,-0.2162888,0.053490393,-0.58545166,-0.32566842,-0.18319708,1.5200297,0.2853429,1.2700348,-0.68012315,0.43802494,0.5673498,-0.5572565,-0.1243065,-0.35845506,0.5799419,1.0593596,-0.032071307,0.4714871,0.43405312,0.27446577,0.2170881,-0.4014202,0.32904488,0.005240433,-0.2893216,-0.25096574,-0.35863465,0.0083616525,-0.7124924,-0.20620674,0.4363811,-0.005187733,0.03661803,0.37523034,-0.19065815,0.20677795,-0.07793625,-0.3328956
IND501401AAC,-0.847481,1.2681307,-0.7745718,0.24074431,-0.85418063,-0.47523502,-0.39252403,0.32181937,0.24334271,-0.32737783,0.2231582,0.42555755,-0.30619916,0.34425843,-0.28327248,-0.11851436,-0.16536425,0.14188477,0.016316343,-0.019633211,-0.27393633,0.17340165,0.37900114,0.36240873,0.4590711,0.056611404,-0.075389944,0.20281062,-0.37018603,0.28993428,0.40349028,-0.020244846,-0.43509853,0.3529355,0.05305437,-0.013030939,0.10199035,0.32976907,-0.7242166,0.7614781,0.49525714,0.7184281,-0.38852578,-0.21049109,-0.14196646,0.36287227,-0.3339972,0.4322943,-0.011130109,-0.004202634,-0.39673364,-0.060845826,-0.38996673,-0.025562774,0.12374124
IND502220AAC,-1.6485343,1.1190258,-0.6152394,0.05742742,-0.66750515,-0.44639906,-0.346304,0.053191114,0.060036726,0.197083,0.24585436,-0.04681895,-0.07752883,0.27413076,-0.14874479,-0.050178934,-0.09025504,-0.018827237,-0.080486506,0.02664208,0.057272755,-0.09457279,0.17689109,0.14393018,0.055135697,-0.2029913,0.24730769,0.17260897,0.021726795,-0.101439685,0.18946242,-0.049223647,-0.16419889,0.15997139,-0.0017779581,0.054805957,-0.16267115,0.02310555,-0.12901235,-0.09298015,0.091085106,0.028963502,-0.13233116,0.20248288,-0.1076732,0.15076396,-0.1608096,0.00984139,0.18688045,0.33252874,-0.04107088,0.052525036,0.20210539,0.13388832,0.13496372
IND502295AAA,-1.1111506,1.2415026,-0.9336437,0.05086951,-0.5220345,-0.40519848,-0.16266023,0.29909685,0.59182954,0.25584224,-0.022681028,0.03275138,0.11619252,-0.11763803,0.19250111,-0.13403998,-0.20900352,0.053220876,0.03452264,0.14325137,-0.016620241,0.19295514,0.41770226,0.011473566,-0.011715636,-0.6552438,1.0387049,0.41331756,-0.36521488,-0.039929807,0.32685745,-0.066589564,0.40076134,-0.16076095,0.7475464,0.08173016,-0.12000608,0.25805473,0.0062156916,0.25928888,0.1054676,-0.09919119,-0.35131404,-0.18506211,-0.56077695,-0.07706196,0.3260404,0.18206242,0.46329698,0.17274347,0.09937203,-0.43467972,0.15756525,-0.03796063,0.3959286
IND503111AAC,-1.4936715,1.0743493,-0.6806129,0.0036928803,-0.84464586,-0.6095866,-0.11279703,-0.2198132,0.26469523,0.15711507,0.39356798,0.10615483,0.24175791,0.42278165,-0.5436158,-0.06355204,-0.06177963,-0.121592775,-0.44885826,-0.08318053,0.022956438,0.021393105,-0.659083,-0.032267213,0.30324,-0.2925672,0.2318415,-0.18674184,0.25408304,-0.3616134,-0.005339101,-0.39234322,0.056942917,0.018075198,-0.21749741,0.24657644,-0.31871986,-0.044048503,-0.12903203,-0.04785121,0.12193046,-0.043412514,-0.13524336,-0.20623237,-0.09606798,0.20849536,-0.11283842,-0.12726867,0.16395965,-0.032943763,-0.1604044,-0.16199341,-0.32056025,0.15248609,0.2384162
IND503187AAA,2.1838984,0.37688237,-0.6052277,0.35187787,0.11730927,0.15865834,0.3967907,-0.4811988,-0.6982538,0.29996032,0.19642346,-0.90017116,-0.19726431,-0.6974059,0.14673917,0.0040849634,-0.028726157,-1.1918085,0.33419192,-0.60386455,-0.14268294,-0.6384629,0.18360844,0.20332247,0.89909494,0.9698549,0.42675143,1.0009592,0.35660475,0.65358335,-0.7635481,-0.5540145,-0.92049336,-0.062524304,1.4191598,0.24506976,-0.6696555,0.09342827,-0.59655035,-0.80472296,0.48623314,0.009885371,-0.397476,0.94326645,0.05300422,-0.54881334,0.33441436,-0.30678517,0.1839818,-0.36992666,0.11265908,-0.6865737,0.6579688,0.15881091,-0.3733241
IND504208AAB,-0.019822717,1.2879556,-0.8366128,0.10818301,-0.8906829,-0.7629479,-0.4074317,-0.2894863,-0.24471934,0.3160784,0.3698128,-0.03140068,-0.36184245,0.42175138,-0.18746942,-0.3670089,-0.08153948,-0.087141484,-0.0046667317,0.37301075,-0.17772192,0.7489542,0.70623326,-0.07019496,0.481107,-0.2929995,0.10858382,0.4765526,0.460074,0.34147567,0.20050907,-0.57119,-0.4173413,0.04777848,0.050065406,-0.20268025,0.05248256,-0.3520739,0.29645184,-0.41878295,0.018327013,-0.068150565,0.091766275,-0.42558622,0.21118152,-0.63541555,-0.023048423,-0.28362513,-0.22878426,-0.48503444,0.4127848,0.06748999,0.46447307,0.25815693,0.14865321
IND504215AAA,-0.103022456,1.1083729,-0.82787716,0.21656106,-0.803916,-0.4886376,-0.7483097,-0.29812604,-0.17905156,0.4648813,0.42133534,-0.12219849,0.17741947,0.5752712,-0.3678012,-0.3780214,-0.1648094,-0.41701138,-0.27675647,0.71574134,-0.09010116,0.9782069,0.61627305,-0.60947955,0.44767147,0.16507089,-0.05257622,0.32811052,0.594837,0.40744984,0.17724432,-0.45184228,-0.38594887,-0.201306,0.4283401,-0.5479557,0.17009157,-0.22057858,0.41766217,-0.59979975,-0.06381497,0.11196582,-0.070641495,0.0032480732,0.08201343,-0.4248101,-0.101972155,0.09865948,-0.25296882,-0.19228718,0.483149,-0.15725577,-0.23288876,0.15502591,0.1864759
IND504251AAA,0.50742567,1.2480013,-0.75654566,0.07411492,-1.1161395,-1.2215571,-0.32922357,0.09041054,-0.12820703,0.48510402,0.26727927,0.2370476,-0.38218307,0.20242508,0.1086119,-0.5919812,-0.0963683,-0.41739416,-0.114250265,0.368878,-0.25633982,0.81704164,0.59222037,-0.15782619,0.40796423,-0.01776068,0.20696008,0.30589372,0.65482575,0.2550792,0.4639449,-0.581868,-0.5956255,0.21981885,0.046642967,-0.2933913,0.039832905,-0.35068434,0.62029195,-0.4312397,0.54064655,-0.15229937,0.24363267,-0.07021797,0.42683184,-0.5195409,0.05292505,-0.276657,-0.23494357,-0.56411445,0.38940924,0.11531945,0.67533076,0.0675176,0.34456185
IND504293AAA,0.061081886,1.2195659,-0.8437903,0.15862264,-1.0230805,-0.8834901,-0.3205747,-0.12794736,-0.08912724,0.21820173,0.38772255,0.06589728,-0.34902957,0.35832602,-0.092007816,-0.38846645,-0.09237665,-0.31857598,-0.22987321,0.39341784,-0.19703609,0.82837427,0.5282447,-0.1262549,0.26884013,-0.019932508,0.06427769,0.45149547,0.36724222,0.211862,0.33085543,-0.6044991,-0.46390146,0.17340657,0.2721973,-0.27825177,-0.10336342,-0.44404215,0.6767881,-0.5162165,0.08567703,-0.0110149905,0.2174162,-0.26844206,0.10483648,-0.5299452,-0.06920788,-0.2821392,-0.24409357,-0.7061667,0.38551635,0.26229122,0.49238044,0.1829828,0.39765328
IND505001AAA,0.3740908,1.0421747,-0.8119241,0.19839905,-1.0095412,-0.83471036,-0.74545664,-0.3371747,-0.37630194,0.4359665,0.76914084,0.038139112,0.17613114,0.5120318,0.14564298,-0.18024182,-0.32995138,-0.29552728,0.18201795,0.48216832,-0.3344389,0.1660662,0.5980038,-0.32781607,0.45811653,-0.37547624,-0.45503807,0.5821511,0.17369501,0.07888752,0.057677463,-0.6880618,-1.1457299,-0.103973344,0.24592888,-0.69141966,0.17953303,-0.56731004,0.39281875,-0.08063081,-0.2202945,0.03220656,0.2470232,-0.5507893,-0.10753365,-0.08553921,-0.19064173,0.04768818,-0.028226264,-0.14914918,0.50532657,-0.052275658,0.4945442,0.6848218,0.17367762
IND505001AAB,-0.40950406,1.1733936,-0.7956507,0.22909848,-0.88285697,-0.5669066,-0.4978428,-0.12886816,-0.14825967,0.3238905,0.583713,-0.13977212,-0.049590964,0.38150734,0.01888584,-0.30671763,-0.08998945,-0.16020195,-0.14067733,0.49799293,-0.06349121,0.47863504,0.46630856,-0.24226132,0.2767048,-0.07040219,-0.09517256,0.37857324,0.5016333,0.24170832,0.1103428,-0.65153366,-0.34711626,0.1374029,0.16237861,-0.43592185,0.22361568,-0.35561132,0.21426561,-0.3085006,-0.19933486,0.052856553,-0.044318385,-0.19267657,-0.119915366,-0.335128,-0.22177729,-0.10571135,-0.31702366,-0.4422782,0.11212112,-0.15509522,0.3336061,0.27854875,0.19508635
IND505122AAA,-0.524124,1.1869074,-0.9110688,0.41608316,-0.7232194,-0.3500245,-0.14363204,-0.06410325,0.20398091,-0.120136425,0.32601744,0.07947603,-0.14445184,-0.14215341,-0.23782597,-0.12355065,0.40027377,-0.26134062,-0.78202724,0.3934971,0.047543086,0.23063728,0.20958808,-0.047390066,-0.08769497,-0.123487875,0.36482856,0.14847569,0.18903802,-0.8258634,-0.50643474,0.1001752,0.43422776,-0.07006048,-0.035462674,-0.20176707,-0.028440705,0.022737045,-0.2434598,0.07881859,0.46325636,0.634611,-0.16730168,0.09682362,0.3224938,0.17928702,-0.42090124,0.3236427,0.5389271,-0.09989161,-0.33470702,0.291838,-0.128432,0.30102077,0.3687532
IND505184AAC,-0.33221757,1.3553253,-0.87936723,0.21139733,-0.81256264,-0.5777931,-0.36175886,-0.24497369,-0.23956308,0.44799495,0.6699614,0.03676516,-0.12179351,0.4184547,-0.2242644,-0.23329465,-0.07481319,0.044300288,-0.18052664,0.4384148,-0.014390314,0.63494444,0.5018035,-0.41402203,0.2665617,0.10835716,-0.18713525,0.38565654,0.28401154,0.2864104,-0.05365473,-0.5989342,-0.5436665,-0.020584255,0.35883257,-0.51661944,0.025668144,-0.33106273,0.49424282,-0.39930716,-0.14527257,0.10697568,0.25411946,-0.3210289,0.05802469,-0.2837783,-0.11984272,-0.16725162,-0.35925096,-0.46635935,0.17789893,0.010661777,0.20886415,0.31977615,0.2378788
IND505209AAA,-0.13220203,1.1708281,-0.9321307,0.3396523,-0.90279055,-0.4824396,-0.49300733,-0.09642903,-0.043996565,0.20293114,0.7676006,-0.10034433,-0.005473568,0.30529416,-0.05574608,-0.700726,-0.15553665,0.06580882,0.29648685,0.6103914,-0.28347832,0.63569,0.42802995,-0.54318225,0.25983036,0.08502653,0.04052548,0.3597961,0.33127606,0.38448054,0.0412423,-0.6946859,-0.6192088,0.015710406,0.35475206,-0.07943247,-0.023317892,0.06558313,0.659855,-0.16861306,-0.4452401,0.3840408,-0.2486453,-0.3491582,-0.058914393,-0.5013135,-0.028163567,0.033752635,-0.50754225,-0.5714173,0.08934148,-0.14544833,0.3814537,0.4143256,-0.14827457
IND505302AAB,0.330099,1.1153723,-0.83350754,0.28776807,-0.9793643,-0.7828624,-0.6926307,-0.033732943,-0.30851334,0.31350493,0.6960449,-0.16107816,0.13269463,0.5700451,0.08225219,-0.29646337,-0.17034999,-0.03373971,-0.030754719,0.5162454,-0.25816503,0.3154528,0.51513016,-0.16341074,0.37103975,-0.32591832,-0.48532808,0.47608304,0.18539546,0.14899538,-0.02894488,-0.71182185,-1.0872034,-0.10129745,0.38372755,-0.6117505,0.22477546,-0.53674793,0.5758188,-0.3847239,-0.17618373,-0.16327924,0.1742247,-0.47687095,-0.12861958,-0.071899995,-0.096089534,0.28048587,-0.034084454,0.10332086,0.2918551,-0.081153356,0.22533138,0.63256675,0.074406214
IND505327AAA,0.8148271,1.1184868,-0.9739568,0.1848719,-0.8597004,-0.91677356,-0.85230964,-0.26228708,-0.15718678,0.37599507,0.69072276,0.0603583,-0.1061155,0.5695989,-0.062429883,-0.3727592,-0.119442046,0.017748367,0.10453392,0.33092457,-0.34400982,0.2583692,0.42672655,-0.66999686,0.45973122,-0.25830486,-0.49461928,0.43461484,0.055705294,0.13128139,-0.20116282,-0.6146989,-1.1740541,-0.20246406,0.054544978,-0.65218437,0.26738045,-0.83768594,0.4189017,-0.23482446,-0.37206528,-0.26095665,0.2637615,-0.4640785,-0.33866924,-0.052662127,-0.05270952,0.29307792,0.052098125,-0.002817504,0.22869107,-0.19051093,0.4334821,0.53476536,0.43290094
IND505503AAA,2.0582228,0.027293079,0.1168493,-0.42569786,-0.20843017,-0.10478431,-0.20023698,-1.5506333,0.6603091,0.19106072,-1.058892,0.2875145,0.9659,-0.14811829,1.0553362,0.25840753,0.050914034,-1.0428977,0.34306455,0.15015465,0.03975039,-0.20437369,-0.2064558,0.9897843,-0.89201695,-1.4634233,1.1735711,-0.5571667,0.26561195,0.6906326,0.44830382,0.2534734,-0.78444755,-0.21380134,0.5311059,-0.06130061,0.4148551,-0.22975563,0.23933709,0.82328105,0.6761396,0.12642758,-0.59921706,0.22964333,-0.09943141,0.41347116,-0.51078874,-0.20045602,-0.22957149,-0.18486065,-0.5561239,-0.12622929,-0.3857943,0.22714317,0.1346929
IND506001AAC,-0.24504828,1.1995059,-1.0455313,0.5811295,-0.733677,-0.22231343,-0.06599061,-0.24158311,0.11783862,-0.17944768,0.22907868,0.16719964,-0.09743807,-0.28224117,-0.38518438,-0.24181274,0.3502485,-0.32129067,-1.0018351,0.34586716,0.20818019,0.20330691,0.22176734,-0.28040656,-0.07162307,0.0011639446,0.3711848,0.19890979,0.19459455,-0.72985125,-0.5404496,0.100681454,0.57373154,0.08435781,0.03537757,-0.098892674,-0.018907787,-0.095063984,-0.31092536,0.067407556,0.4121531,0.5727964,-0.14281383,-0.03357611,0.5594135,0.20880213,-0.39544737,0.3448575,0.5435632,-0.19219503,-0.5136244,0.14097288,-0.30289626,0.31666094,0.3840006
IND506002AAA,-0.9368668,1.1729378,-0.8780254,0.2842152,-0.8055029,-0.42149964,-0.095473126,0.036201157,0.22014536,-0.12819985,0.35395223,0.017324612,-0.106563106,-0.08288061,-0.10978046,0.05486607,0.21311988,-0.21670705,-0.46183974,0.37325126,-0.013652071,0.37472782,0.34105164,-0.004521519,-0.19587193,-0.076732576,0.35549447,0.095319495,0.22231723,-0.6759519,-0.4360903,-0.028572932,0.2796836,-0.091319695,-0.052452188,-0.17434707,0.018929675,0.14658816,-0.14209867,-0.00037117675,0.4132161,0.5165751,-0.10560701,0.21572056,0.13948524,0.109662086,-0.41582292,0.27843255,0.42689952,-0.22766623,-0.14650874,0.2861578,-0.071015045,0.26538,0.39492282
IND506143AAA,-1.4300033,1.0758456,-0.9120625,0.36072695,-0.8124446,-0.42769182,-0.7853981,0.3965868,0.26788205,0.105869286,-0.016222514,0.21788801,0.1622066,0.2871784,-0.14473633,-0.41058296,0.0021543577,0.4288536,0.38597178,-0.2029062,0.6032151,-0.06808446,0.35358545,-0.05172813,-0.32698554,-0.22782384,-0.36179572,0.05278997,0.4585604,-0.35809958,0.031994075,-0.28576002,-0.011786923,-0.19644381,0.25173235,-0.0742127,-0.23130876,-0.07455133,-0.011872559,0.094980694,0.3165937,-0.017175488,0.34936118,0.0063974187,-0.48776543,0.23178285,-0.41084266,-0.095682986,0.015272364,-0.16804397,0.0692786,0.22518834,-0.10841079,-0.0693773,-0.13715681
IND506167AAB,-1.4940898,1.0965679,-0.9160875,0.31215435,-0.73318505,-0.43864274,-0.6963461,0.37418973,0.2682246,0.21206585,0.022382528,0.27607417,0.13755661,0.21793455,-0.16559803,-0.33181256,-0.008708496,0.36482966,0.31097007,-0.12372358,0.48306292,-0.04847336,0.33484024,-0.087601125,-0.26712835,-0.23947477,-0.29825836,-0.06725428,0.45311588,-0.34683633,0.023584783,-0.22553548,-0.047980167,-0.20569114,0.26316506,-0.0047261342,-0.21189314,-0.0670587,0.040565714,0.014159976,0.2983516,0.003803812,0.3346601,0.11505117,-0.44423497,0.14147721,-0.38276637,-0.0810531,0.0013731141,-0.16726917,0.038387105,0.15949261,-0.17327477,0.081113055,-0.23065978
IND507002AAA,-0.578894,0.3907165,-0.1277596,0.56615275,-0.7849231,-0.28673306,-0.445604,0.19988054,0.21836282,0.34711826,0.21184886,1.0011623,-0.22572675,-0.1886103,-0.28427705,0.6983369,-0.2621417,-0.4577507,-0.6015296,0.0660184,0.13447544,-0.44240466,0.2886171,0.15060072,0.114802375,-0.50512207,0.2900647,-0.04637502,0.059676364,0.5816983,0.30950886,0.38569003,0.38981292,-1.0357548,-0.31238413,-0.16131666,-0.044109963,-0.26626593,0.09602663,0.15401329,0.24628519,-0.575417,-0.59849656,-0.008401439,0.29741234,0.26729137,0.07732323,0.42321208,-0.32771787,-0.3208987,0.1229749,0.3412271,0.12612414,-0.12682016,-0.029294014
IND507111AAA,0.041958213,0.352233,-0.13641408,0.59152377,-0.6055549,-0.2340008,-0.39299545,0.08197562,0.13959526,0.7043118,0.21854235,1.0704719,-0.5975377,0.01790665,-0.34789142,0.66724,-0.2316315,-0.7815269,-0.52122605,-0.11316846,0.5689772,-0.54650104,0.17450318,0.2543195,-0.15057129,-0.44484347,0.24337679,-0.16108732,-0.3223893,0.50613964,0.1959495,-0.099305265,0.63743365,-1.625587,-0.38515463,-0.17000724,-0.048377298,-0.28113967,-0.38768515,0.68642396,0.12039841,-0.7278067,-0.6718877,-0.03479141,0.0061184615,0.7203217,0.19831286,0.49107045,-0.054282296,-0.46761578,-0.17808379,0.25376,0.14305905,0.12217705,-0.4330176
IND507117AAB,-0.12117171,0.4118991,-0.09096128,0.5953815,-0.7840876,-0.20002525,-0.39192465,0.15756553,0.1754258,0.6028891,0.2281566,1.0274682,-0.65295714,-0.07894876,-0.29792747,0.5982745,-0.014649067,-0.69904375,-0.61562157,-0.06537119,0.5097131,-0.62209725,0.13634615,-0.07338833,-0.090112634,-0.33387926,0.31777382,-0.047530666,0.06333859,0.63238835,0.25964952,0.058726504,0.606755,-1.5164542,-0.26211408,-0.102478266,-0.0601395,-0.13602409,-0.2650597,0.5087223,0.13986622,-0.7514186,-0.58379793,-0.05384151,0.16470645,0.39334226,0.21766324,0.56860584,-0.0988093,-0.48468494,0.13684128,0.21329647,0.039965697,-0.16205274,-0.364915
IND507123AAA,1.9339203,0.16483201,-0.1990143,0.11612852,0.169952,0.26653022,0.25376597,-0.53775626,0.3424192,1.1131442,1.2347593,-0.018561497,-0.90772533,-0.08359467,0.43058845,-0.061198365,0.06638854,-0.98451746,-1.7514459,0.033358846,-0.7376211,0.069365144,-1.4448454,0.25000304,-0.6631496,0.021813214,0.17985001,-0.21510719,-0.61953175,0.103660226,-0.73311794,-0.766995,0.3440729,-0.3894453,-0.30262536,-0.32450992,1.674634,-0.046309337,0.26047269,-0.59311837,-0.06365745,0.8844836,0.7735143,-0.5737538,0.49931937,-0.26551962,0.35993445,0.30867767,-0.4628134,0.10274007,0.0014072508,-0.28075325,-0.35498425,-0.08267869,0.8282127
IND507159AAA,-0.05049622,0.5096624,-0.099557996,0.7617029,-0.7711458,-0.4023426,-0.37574214,0.30869374,0.72896254,0.3007165,-0.22386862,1.221221,-0.09938756,0.09097092,-0.32382748,0.9942291,-0.06949039,-0.82092977,-0.6487746,0.018103406,-0.32684577,-0.58235,0.4601991,-0.020222783,-0.011066869,-0.40388343,0.86476064,0.3285048,-0.1989148,0.65849364,0.2659778,0.2969285,0.5792016,-1.131583,-0.13819233,-0.124348454,-0.32515568,-0.19103166,0.24140188,0.33898428,-0.10416025,-0.6490989,-0.8786142,0.06784773,0.23395693,0.115649104,0.15636586,0.16333567,-0.24156296,0.02246619,0.084756106,0.59045434,0.48697746,0.055538036,0.08573446
IND508116AAA,-0.3864473,1.0887915,-0.6966597,0.1650271,-0.8328836,-0.4545143,-0.35612872,0.3375776,0.004502967,0.05992011,0.5942311,-0.07045293,-0.4219785,-0.24286444,0.17058517,-0.47265574,-0.0976436,0.3766767,-0.73792756,0.056335166,0.38795438,0.23813485,0.47967365,0.19223875,-0.1930551,-0.19755311,0.25283137,-0.21950038,-0.046235953,-0.76576346,-0.052966803,0.0687125,-0.016998984,-0.17204733,-0.230903,0.6537644,-0.18146053,0.2671374,0.23626688,0.38017175,-0.23325297,0.22638263,-0.103771366,-0.02770684,-0.31736898,0.39606872,-0.5763555,-0.62536114,0.09714803,0.23388383,-0.10885112,-0.16221577,-0.19209036,-0.67880756,0.25526494
IND508207AAB,-1.555351,0.7114534,-0.43307856,0.37875634,-0.7153218,-0.25250578,-0.49095044,0.23201138,0.08878405,0.38500598,0.27866948,0.68571496,-0.3844697,-0.08536429,-0.20321627,0.3478398,0.09621295,-0.115337506,-0.4803216,0.16005892,0.19565588,-0.04308489,0.04200367,-0.052788913,0.12295206,-0.18411216,0.24988016,0.14952697,-0.0035106763,0.4765194,0.08779374,-0.08425224,0.23419607,-0.17867757,0.038839452,0.080476716,-0.25416917,-0.028284892,0.20384973,-0.23040886,0.1596232,-0.23798978,-0.5178862,0.11684799,0.014427245,0.07890117,0.17595656,0.47491738,-0.3279409,-0.023830213,-0.022473663,0.40352193,-0.21139991,0.19216219,-0.38462907
IND508223AAA,-0.46037078,1.1489409,-0.7263539,0.013724253,-0.84059757,-0.6207442,-0.2949638,0.21813229,-0.07648474,0.37344825,0.49671292,0.27333826,-0.50064903,-0.20932524,0.22616382,-0.44846207,-0.15072803,0.50777185,-0.718272,0.14684545,0.31567267,0.21985458,0.64464605,0.11889437,-0.23795928,-0.1529392,0.123213276,-0.16472854,-0.11281839,-0.72795427,-0.0782574,-0.081262946,0.0425011,-0.20028435,-0.20959723,0.5437523,-0.09235637,0.19637494,0.086341254,0.4025202,-0.38212022,0.27791393,-0.13761723,0.005829118,-0.32295382,0.38183045,-0.41202164,-0.4861067,0.07651155,0.45292914,0.010041967,-0.3206608,-0.15904747,-0.5839855,0.14767869
IND508248AAB,-1.2559311,1.0961072,-0.67270565,0.18652685,-0.7415268,-0.2970258,-0.45962104,0.1285434,0.511532,-0.05205004,0.16454278,0.034675032,0.01864519,0.07732673,-0.4868802,0.21224937,0.3060739,0.21962407,-0.30840027,-0.31283522,0.27524662,-0.029288784,0.4324007,-0.19264609,0.37785703,0.1642204,0.6935627,0.506284,0.11913726,-0.10770607,-0.053467393,-0.1494165,0.0019424446,0.37283558,-0.119820334,-0.24191998,-0.070369095,0.11991568,-0.025392964,-0.24089219,-0.20007856,0.039622024,0.67112625,0.374469,0.13771006,0.6001798,-0.058456346,0.34772527,-0.34423473,0.2604107,-0.11817555,-0.416088,0.27320555,-0.088046655,-0.16020578
IND508252AAB,-1.6024381,0.9061227,-0.582459,0.17789583,-0.6778957,-0.33333126,-0.48471895,0.15522023,0.18600109,0.3232206,0.34726405,0.54206556,-0.32038617,0.10802435,-0.0035429518,0.24748813,0.19835614,0.10900056,-0.422679,0.123513445,0.20625481,-0.02402901,0.077007,-0.029589167,0.11103765,-0.072988555,0.26709735,0.08572583,0.074557275,0.38047314,0.04971493,-0.18049873,0.21613643,-0.073456764,0.05064875,0.028330266,-0.13044432,0.0225694,0.15021016,-0.20226836,0.11367032,-0.21441609,-0.43121585,0.15362501,-0.06733139,0.05731011,0.10610162,0.4111308,-0.21009877,0.0055999197,-0.024389297,0.4096353,-0.18050556,0.23278795,-0.24191594
IND508377AAB,-1.3837022,1.1278197,-0.6617358,0.26447034,-0.7400389,-0.24263567,-0.40265083,0.07123037,0.46194458,-0.06342719,0.19987088,-0.017431611,-0.06326107,0.10251903,-0.371437,0.08885048,0.19851656,0.21815705,-0.2629575,-0.23197931,0.20784998,-0.014799586,0.29713884,-0.20868342,0.2699499,-0.049528114,0.59301275,0.38015127,0.04391674,-0.1266861,-0.08573039,-0.14556211,-0.017314602,0.1718575,0.011089817,-0.19120303,-0.13269404,0.17201404,-0.08845842,-0.18034574,-0.1206014,0.076396614,0.5587971,0.29139036,0.10474841,0.35867187,-0.1356135,0.26796153,-0.22560254,0.25408193,-0.031543657,-0.384537,0.14870572,0.053594325,-0.12748969
IND509001AAA,-1.4226496,1.1157641,-0.8135146,0.115731284,-0.61909133,-0.45920265,-0.29464102,-0.38153583,0.26285207,-0.36517197,0.30461615,0.10176797,0.13059124,0.07680232,-0.17837138,-0.48050588,0.035606194,-0.1529048,0.06231942,0.34529322,0.46339342,0.32656896,0.28033942,-0.20628138,0.14308953,-0.13575922,0.1749374,-0.100598514,-0.15349868,0.018640185,0.45131183,-0.026370188,0.13483083,-0.22102802,-0.36054447,-0.008463513,-0.32166794,0.020106789,-0.23400912,-0.098286614,0.07953206,-0.2429682,-0.121063106,0.12429322,-0.5177067,0.2689813,-0.13240886,0.07284254,0.27304435,0.33434537,-0.32902932,-0.11644798,0.1312317,0.24437827,-0.25001845
IND509301AAA,-1.6838764,0.9888913,-0.6607238,0.10757324,-0.65170264,-0.29041144,-0.28143606,-0.00072851777,0.2211232,0.08728887,0.30203116,-0.06706445,0.09474916,0.18874228,-0.19154167,-0.20798758,-0.08895819,-0.027308948,-0.100813255,-0.09841392,0.21457404,0.053872887,0.2752668,0.038989767,0.18676274,-0.083104014,0.14932875,0.07462776,0.10748598,-0.12313421,0.25394332,-0.13319603,0.054210894,-0.044149026,0.021755982,0.048462987,-0.09965657,0.09383895,0.113125294,0.0034010783,-0.045792267,0.25373963,-0.18225157,-0.046915747,-0.24076343,0.18284798,-0.026622564,-0.021482848,-0.12162012,0.29413268,-0.14587058,-0.041801754,0.06619245,0.078920424,0.06228575
IND509324AAA,-1.1670651,1.1803305,-0.7184738,0.140456,-0.7664007,-0.32532942,-0.31361717,0.052836705,0.50440395,-0.07617368,0.121854685,0.12666337,0.065429784,-0.011181043,-0.5029007,0.28972873,0.16104215,0.14327823,-0.2012106,-0.21709877,0.23919603,0.028389763,0.39416832,-0.13545066,0.3014391,0.11816029,0.7928327,0.6035623,0.11029379,-0.104174584,-0.07729551,-0.06404522,-0.2093944,0.4329267,-0.11182229,-0.21530801,-0.03472906,0.06864673,-0.12611772,-0.30867186,-0.15555769,-0.020886205,0.86519945,0.36658826,0.13905211,0.6583142,-0.25051218,0.47645202,-0.2087086,0.13648519,-0.040062115,-0.41379064,0.25285155,-0.1371002,-0.12982711
IND509358AAA,-1.337318,1.123594,-0.6695024,0.16595028,-0.71731156,-0.3234834,-0.40703592,-0.021329097,0.5166993,-0.10905646,0.14741361,0.124957606,0.045753423,0.17228,-0.38153785,0.15225431,0.35782495,0.11068216,-0.24908629,-0.25032586,0.28350738,-0.013897756,0.40370545,-0.0142486375,0.22813423,0.09244406,0.63244236,0.44556838,0.06826873,-0.11819534,0.025163248,0.009860702,-0.1540481,0.2944004,-0.14642297,-0.09104572,-0.06578513,0.09241391,-0.052483115,-0.2825698,-0.13636087,0.04652965,0.64636886,0.27831808,0.074488685,0.48989123,-0.13506666,0.39105484,-0.22499058,0.19606596,-0.039644912,-0.40765062,0.16424054,-0.028602686,-0.18083858
IND515004AAA,-1.3588392,1.3384253,0.1165383,-0.30624738,0.111372195,-0.27048767,-0.12330694,-0.3272238,-0.024114996,0.029532187,0.40942967,-0.028479835,-0.33838165,0.48133504,-0.15131636,-0.28383163,0.015388599,-0.51068234,0.14028484,-0.14132535,0.20562172,-0.2087924,0.3602991,-0.0094970465,-0.14040862,-0.15459916,0.3818159,-0.08448812,-0.10671886,-0.4590109,0.20708214,-0.56161326,0.02414073,0.1531407,0.21286052,0.11363363,-0.20384797,-0.07554996,-0.11938832,0.16644658,-0.0740247,0.17018193,0.2880887,0.081296735,0.09747474,0.052059688,-0.028215185,0.19034821,0.034700777,-0.18102494,-0.00698708,0.03932745,-0.003120076,0.0030120201,-0.45857793
IND515134AAA,-0.213786,1.4977,0.11951874,-0.39694417,0.11776868,-0.31723177,-0.21225548,-0.19120848,0.52988046,-0.12618461,0.5799523,0.15875758,-0.37056357,0.730338,-0.39778438,-0.061235573,-0.38333195,-0.70927596,0.69931316,-0.13991494,-0.041687466,-0.8970276,0.47693262,-0.23285854,-0.09120707,-0.22248822,0.3721847,-0.19243892,-0.5727764,-0.5151588,-0.11251792,-0.9513584,0.37040716,0.29643264,0.26338342,0.52928,-0.4050254,-0.18022701,-0.005553726,0.26585734,-0.48168078,0.20844725,0.26615876,-0.16964775,0.17247063,-0.23338288,-0.073196106,0.17321548,0.035936132,-0.10260899,-0.41121083,0.34813228,-0.2925791,0.061263703,-0.65823823
IND515201AAA,0.2017678,1.5198103,0.126199,-0.3697827,0.20534876,-0.4380941,-0.20836484,-0.20783305,0.58391017,-0.16651568,0.5819487,0.14709537,-0.4296,0.9870611,-0.4485635,-0.21074852,-0.25836915,-0.9080533,0.77588904,-0.4945193,0.0700162,-1.0276828,0.70402414,-0.3345193,0.20407455,0.021432877,0.1482195,-0.29873723,-0.43411803,-0.30148107,-0.37335527,-1.0306184,0.4292421,0.107603624,0.22485548,0.57183564,-0.4465239,-0.077785745,0.15969253,0.23875485,-0.4710932,0.26208156,0.3690303,-0.33439678,0.17139916,0.003268391,-0.22790386,0.14064974,0.09409945,-0.05620762,-0.68499845,0.048534296,-0.20715502,0.095522076,-0.76628804
IND515301AAA,0.40277565,1.5579786,0.13600305,-0.4432748,0.2037023,-0.514138,-0.23716313,-0.06497569,0.5417779,-0.19310695,0.48877943,0.2506522,-0.4867916,0.9970154,-0.5376668,-0.25865936,-0.11482757,-0.96172345,0.7654285,-0.3539096,-0.04537294,-1.002353,0.4311037,-0.3266554,-0.077885225,-0.07386255,0.62295616,-0.20805253,-0.59704137,-0.5772713,-0.21532989,-1.042249,0.36097565,0.014067844,0.30231535,0.64598775,-0.633416,-0.05393061,0.08312952,0.27159226,-0.5099888,0.16174364,0.45694333,-0.21270984,-0.0073957145,-0.23906815,0.07045594,0.103772275,-0.10124892,-0.055759974,-0.62174886,0.21297437,-0.37341592,0.09145602,-0.58966315
IND515401AAB,-1.0994601,1.4233624,0.057331964,-0.38677222,0.14439979,-0.46632865,-0.14596361,-0.39929038,-0.16127194,0.31944692,0.50486296,-0.10734697,-0.38828254,0.5071947,-0.06819476,-0.37656078,0.18848623,-0.6744094,0.016608072,-0.12911186,0.32496622,-0.0401569,0.5508264,0.09902164,-0.26075655,-0.18723552,0.44290674,0.055825792,-0.09969202,-0.5703694,0.19682744,-0.46740156,0.14975277,0.17391744,0.2644058,-0.14455074,-0.13157576,0.25049722,-0.2737332,0.29779148,-0.10458605,-0.005565837,0.2725937,0.13526964,0.20897809,0.07740165,-0.07378201,0.3381173,0.079845,-0.19495866,-0.01686339,0.008028403,0.009892959,-0.14791496,-0.90170676
IND515591AAA,-0.5393808,1.465465,0.15779105,-0.21492264,-0.14499646,-0.33018982,-0.06954352,-0.5315509,0.15080734,-0.5618611,0.7711302,0.14385666,-0.4671533,0.57870156,-0.18738332,-0.18602622,-0.23507597,-0.5952077,0.61718565,-0.03735073,0.46875784,-0.66086817,0.3448018,-0.17073387,-0.36093038,-0.3507162,0.17910543,0.13420887,-0.22811183,-0.4705721,-0.17995504,-1.0123129,0.17888278,0.32639778,0.38354605,0.5419291,-0.5316886,-0.14829558,0.31600672,0.29471195,-0.09218235,0.058630317,0.2625845,-0.03032276,0.4306508,-0.18586682,0.25389194,0.42575055,0.20811597,0.119164966,-0.069639534,-0.027451195,-0.37199858,0.12373833,-0.4882924
IND515671AAA,-0.85365176,1.4255793,0.1714684,-0.30824602,0.031216372,-0.28720495,-0.20063847,-0.28072146,0.23600687,-0.37509304,0.54587483,0.16113536,-0.41148192,0.6346451,-0.23237874,-0.3332083,-0.15239918,-0.67682004,0.50610757,-0.20872374,0.1286619,-0.4804857,0.39619854,-0.12835096,-0.20185846,-0.22958317,0.26987833,-0.21127136,-0.2866566,-0.39970094,0.07757713,-0.8216218,0.19404525,0.28072017,0.2888676,0.52648365,-0.29832983,-0.21617183,0.30227134,0.20751211,-0.18174092,0.2194981,0.31580323,-0.08216235,0.25031215,0.016354062,0.121747464,0.29252338,0.06995945,-0.021515507,-0.08387852,0.050101265,-0.122508705,0.0031205602,-0.5287049
IND515801AAA,-0.7019744,1.5149524,0.06793181,-0.5296657,0.21588716,-0.50179493,-0.15489326,-0.48245096,-0.40821624,0.4116103,0.5666659,-0.22439794,-0.43575168,0.4307791,-0.015463807,-0.51702213,0.24163586,-0.86029243,0.09844947,-0.16723168,0.37929112,0.025185365,0.6771999,0.17497739,-0.3269018,-0.1148699,0.6343545,0.055618584,-0.14689542,-0.7811592,0.22049296,-0.34887293,0.18675008,0.27598792,0.29934302,-0.28289786,0.048697248,0.40889215,-0.29883188,0.4039494,-0.2255212,0.0661851,0.27097705,0.05435389,0.23681948,0.26994312,-0.13028748,0.5770856,0.0879142,-0.31772506,0.19365409,-0.11504087,0.046820335,-0.12223612,-1.064276
IND516101AAA,1.7383043,-0.017849278,0.12031778,0.0350025,0.07050884,-0.19956155,0.0514754,0.4223819,0.91330373,-0.29157582,0.33691263,-0.46666008,0.13072303,-0.3863706,1.1726882,-0.28700304,-0.83513016,-1.9395739,-0.2888624,0.2861036,0.14804381,0.015450476,-0.11819894,0.10470168,0.04153622,0.31221887,-0.9240208,0.8659798,-0.0024995133,0.003908191,-0.7670699,0.77815306,0.0015062802,0.12237752,-0.28276956,-0.28604472,-0.20407796,0.04042734,0.050569825,-0.19363537,0.46558708,0.061699234,0.25265828,0.29099396,0.26379675,-0.10459155,0.5351063,0.21448079,0.90956914,0.5716439,0.7980141,0.010187372,0.03551838,0.24800675,-0.2679515
IND516115AAA,1.8006974,-0.029697392,0.15150544,0.05188915,0.008537445,-0.39310065,0.22178842,0.5901088,0.84307224,-0.30787915,0.098503366,-0.55725586,0.14060636,-0.47412765,1.0590413,-0.3108919,-0.8465286,-1.9243282,-0.06625176,0.15608777,0.1313361,0.036555894,0.051621832,0.30401862,-0.21998155,0.32127562,-0.9917965,0.82636636,0.026779503,-0.18813236,-0.7524278,0.61710095,-0.038547322,-0.069277674,-0.15359008,-0.36758167,-0.102914736,0.03351213,-0.05776446,-0.06994514,0.5040049,0.16115999,0.33188733,0.24988186,0.46226475,0.024907,0.31915843,0.27206892,0.76783067,0.5550965,0.7488487,0.09575649,0.09677154,0.13836187,-0.19902557
IND516269AAA,-0.27486813,1.4484342,0.10007024,-0.20504865,-0.18219867,-0.28602263,-0.10672194,-0.5572014,-0.031683456,-0.7844512,0.86467856,0.04076051,-0.5674982,0.7758074,-0.052037567,-0.05010725,-0.25826985,-0.8691088,0.67616415,-0.029077714,0.46867517,-0.6266122,0.12719554,-0.1956094,-0.61219335,-0.353559,0.27904484,0.24801894,-0.27574405,-0.4813888,-0.13448527,-1.0276871,0.10140132,0.39507812,0.48078877,0.6202713,-0.41846013,-0.27060837,0.2492044,0.38725102,0.062035047,0.092431724,0.33282557,-0.10181074,0.5167341,-0.06136744,0.28015214,0.5121927,0.19002512,0.26233205,-0.14066069,-0.24388081,-0.68021935,0.023628198,-0.49500012
IND517325AAA,2.1319575,0.03975573,0.027044319,0.33176512,-0.050580323,-0.22069472,0.13002859,-0.30789635,0.43490124,0.2107161,-0.1557042,0.37625855,-0.89642805,0.21294524,-0.013770675,-0.16456442,0.69246405,0.7047672,0.43414354,0.10674537,0.5739779,-1.5842199,1.4053675,-1.1365299,0.71726686,0.9617894,-1.1398885,0.17341612,0.03687405,0.44128454,-0.008321181,0.77637786,0.13145523,-0.2158504,-0.20365047,0.65302265,-0.6185988,0.13623393,-0.057001073,-0.22155206,0.09317398,-0.04079842,-0.34424013,-0.13244082,-0.15063104,0.37540585,-0.58042717,-0.13962722,-0.6105586,0.38776597,-0.09733309,-0.0051034335,0.8880206,0.38823465,0.70316476
IND517501AAB,1.8666557,-0.025895879,0.09358409,0.09610452,-0.036638178,-0.22792056,0.070253484,0.5088899,0.84489435,-0.26922917,0.19709341,-0.54400045,0.13580912,-0.454634,1.0469613,-0.22893423,-0.7768157,-1.6284775,-0.15429448,0.27456594,0.06073182,0.057327628,0.008816399,0.13122043,0.11341594,0.35580784,-0.91214496,0.84867096,-0.032589823,-0.14184399,-0.69641846,0.7305929,-0.06562376,0.0029973984,-0.25835454,-0.28318453,-0.28658274,0.11661507,-0.070475295,-0.09139271,0.30414274,-0.07387012,0.2744661,0.4193466,0.24912977,-0.04791683,0.50223845,0.19959477,0.9130286,0.707728,0.7367908,0.08717232,0.0839141,0.094250716,-0.078767106
IND517583AAA,1.7748338,-0.0059556216,0.12743859,0.095488295,-0.0832734,-0.3975151,0.1747535,0.4722448,0.8942427,-0.2577233,0.188438,-0.43764728,0.06820834,-0.3971036,1.1134412,-0.23292549,-0.8660293,-1.949673,-0.085035615,0.13147041,0.11824348,0.069459766,-0.055011652,0.1625094,-0.30943954,0.4368993,-0.9565671,0.84468305,0.04730317,-0.120342985,-0.806621,0.58069974,0.026661396,-0.030913696,-0.16061819,-0.32577962,-0.08282681,-0.0033574104,-0.029843397,-0.0557505,0.47242567,0.1682204,0.26039925,0.17864642,0.46854943,0.037639737,0.38360882,0.23109168,0.72337043,0.506902,0.7361644,0.014662467,0.0793826,0.21457009,-0.20853317
IND518002AAA,-1.2842207,1.3836461,0.081055425,-0.256316,-0.026015066,0.046951942,-0.019043483,0.26273733,0.4212485,0.009876452,0.3049265,0.078356475,0.13279003,-0.078548275,-0.44424534,-0.4858085,-0.20990494,-0.00055284053,-0.30449444,-0.14841115,0.27557194,0.20158708,0.2897826,0.024901569,-0.089377895,-0.29861143,-0.072665766,0.3330263,-0.09228223,0.30673444,-0.5004529,-0.035166502,-0.1935779,-0.22889973,-0.1450068,0.39820206,0.055105403,-0.24582256,-0.47036728,-0.20869775,0.43189403,-0.25628176,-0.1590186,-0.26369417,0.020478636,0.21762165,-0.38039392,-0.5420199,0.2026204,0.21670935,0.07325271,-0.06459991,-0.09932616,0.5713351,0.0401334
IND518102AAA,-1.0469997,1.4015762,0.10390906,-0.25899518,-0.017969891,-0.18378246,-0.16037628,0.56388587,0.5497182,-0.15749827,0.6285908,0.11439501,0.2240729,-0.26542354,-0.44584087,-0.6412363,-0.00639648,-0.06268367,-0.36815017,-0.20057167,0.07166261,0.51511204,0.33348155,-0.05841106,-0.0131249875,-0.61008203,-0.12726721,0.20592774,-0.102533415,0.5214735,-0.88528067,0.017038643,0.028120458,-0.3589055,-0.017540343,0.36876035,-0.08353603,-0.37635994,-0.5673232,-0.14807394,0.28772837,-0.36483288,-0.26099014,-0.29101402,0.20530017,0.18495813,-0.3693586,-0.56842506,0.30327597,0.15348443,-0.026738718,-0.07748731,-0.15300916,0.45977038,-0.17173749
IND518422AAB,-0.96059,1.4166753,0.118181646,-0.25359935,0.011892073,-0.19445308,-0.19842023,0.6501796,0.6951956,-0.16823521,0.47996265,0.13110693,0.2619558,-0.22510312,-0.49978435,-0.6592153,0.05889999,-0.09095679,-0.24530631,-0.16393124,-0.090115465,0.655035,0.25613254,-0.0625999,-0.094488904,-0.72658783,-0.056098036,0.26251447,-0.13673444,0.5639049,-0.97323555,-0.06862509,0.021799013,-0.34274888,0.08689689,0.33636504,-0.13086045,-0.2445453,-0.60568476,-0.1349151,0.3320561,-0.4011025,-0.3303566,-0.16626889,0.21804878,0.14077161,-0.28448856,-0.6695207,0.20875691,0.13523543,0.00069637597,-0.021702312,-0.21545306,0.5245466,-0.109677434
IND520011AAA,-1.2156126,0.49489105,-0.15135746,0.4569149,-0.65760905,-0.33723524,-0.40761822,0.29317978,-0.19913307,0.013197668,0.27077228,0.83650947,-0.35724202,-0.34597117,-0.65863216,0.20674945,-0.056254227,0.17375764,-0.57611066,-0.026784733,0.07042948,0.03869783,0.16678181,-0.11274788,-0.22263761,-0.56600225,-0.029498126,-0.1339881,-0.5082919,0.3401422,0.54982543,-0.035332754,0.2509178,-0.73931587,-0.34107316,-0.40365446,-0.3584692,-0.33349836,0.4545943,-0.33541298,0.48472628,-0.10672715,-0.45629498,0.30276328,-0.540338,-0.29613936,0.29584998,0.5847725,-0.5633916,-0.124561675,0.16345994,0.1744284,0.03686889,0.059463307,-0.04892476
IND521001AAA,-1.5051426,0.4171942,-0.10887924,0.5698444,-0.7061651,-0.29130432,-0.3837921,0.04703232,-0.03466339,0.32583222,0.22445208,0.94226766,0.011199072,-0.2617054,-0.2706495,0.28372288,0.04089038,-0.15750308,-0.5874161,-0.19948472,0.19168407,-0.25626835,0.12933894,0.18692714,0.11115868,-0.32117826,0.1568592,0.09881657,-0.0640243,0.2703418,0.30017266,-0.15310365,0.007857609,-0.46347165,-0.108669065,-0.15680054,-0.3069504,0.015493497,0.5461527,-0.0039659105,0.20799102,-0.1698952,-0.5727042,0.013555199,-0.16136742,-0.15352249,0.094625175,0.60989267,-0.52590865,-0.031287823,0.1225373,0.005620843,-0.014425371,-0.08851062,-0.25487384
IND521185AAA,-1.2644794,0.5216171,-0.10823788,0.46546918,-0.6606535,-0.3275161,-0.43041763,0.30717865,-0.18227592,0.10611864,0.27311367,0.8821714,-0.30220953,-0.2949134,-0.5345082,0.23587684,-0.026004408,0.14092824,-0.5838274,-0.08269304,0.1166474,-0.067464724,0.25451282,-0.030943349,-0.20754272,-0.56391764,0.07295774,-0.11610322,-0.46001107,0.31164902,0.58020514,-0.0036867335,0.19129522,-0.59437346,-0.25510803,-0.33969194,-0.3830099,-0.26374334,0.48690274,-0.22977294,0.2692451,-0.11737676,-0.4037471,0.22184467,-0.54156786,-0.24597308,0.22305481,0.61819863,-0.5112486,-0.08409309,0.11877455,0.17805311,-0.014562096,0.06419547,-0.15098473
IND521225AAB,-1.6087213,0.43320644,-0.09534727,0.36142248,-0.6286928,-0.3301003,-0.36832663,0.18821432,-0.044212826,0.3368391,0.3155111,0.8017503,-0.23745579,-0.29620796,-0.29558885,0.30754724,-0.12965995,-0.09774782,-0.43472672,-0.12237679,0.079821095,-0.24781036,0.064455375,0.06973268,0.048176214,-0.42375982,0.17716175,0.031820998,0.056847796,0.4381541,0.25268847,-0.016921677,0.09922549,-0.38258207,-0.19306636,-0.20693466,-0.35794732,-0.062621936,0.22097836,-0.030339893,0.24108994,-0.17254496,-0.45419148,0.026872583,-0.1397059,-0.093869135,0.069423914,0.4083492,-0.30278793,-0.16011012,0.119840816,0.21022278,-0.030002583,-0.0007871017,-0.20181116
IND521333AAA,-1.4600146,0.39180964,-0.14269458,0.3959555,-0.7196308,-0.34333462,-0.3016978,0.31019846,-0.20769647,0.36059332,0.300502,0.95420074,-0.13366498,-0.18810005,-0.4523278,0.30863148,-0.0032968484,-0.075700894,-0.6073037,-0.119870886,-0.040854957,-0.30388033,0.11211403,0.11651048,0.10767055,-0.42631778,0.080657676,0.045227684,0.0066155046,0.33328885,0.18830276,-0.045133144,0.17006986,-0.5079456,0.008349333,-0.25400758,-0.43715766,0.3064354,0.2220406,-0.22417875,0.23510408,-0.21956524,-0.4505342,0.023361951,-0.13580999,0.05831708,-0.020083472,0.599232,-0.42780912,-0.15115932,0.011625826,0.33245257,0.21956675,-0.02464651,-0.34356707
IND522647AAA,-0.20129776,1.3921906,-0.33901778,0.018384293,-1.1325427,-0.16199839,-0.4206719,-0.34746826,-0.3440922,-0.045073304,-0.02079473,-0.33151412,0.3632989,0.37384236,0.39742202,0.010310929,0.1844738,0.47158393,0.101427175,0.34757113,0.011601403,-0.14645115,-0.009597544,-0.073974125,0.94936657,0.014781639,-0.12889865,0.74487484,-0.6110439,0.5237309,-0.4036758,0.12561373,0.30209014,-0.14477064,-0.0535288,0.12820825,-0.36616674,0.2888779,0.38459948,-0.09550649,0.34045082,0.8076296,0.29276487,0.6471666,-0.924792,0.01943485,0.12496148,-0.52636963,0.76420724,0.37151125,-0.19902258,0.2512275,0.05093661,-0.37159878,-0.392671
IND523002AAA,-1.0976491,1.2525903,-0.32739982,-0.17568527,-1.0766007,-0.090111434,-0.28707626,-0.10639172,-0.37323278,0.055971608,0.046485007,-0.20180161,0.60314935,0.21609817,0.29254112,0.2289,0.27558187,0.2512632,0.10765789,0.021845924,-0.050037723,-0.24666558,0.19642606,0.101491645,0.42292213,-0.07527073,-0.010431118,0.38074893,-0.08318485,0.4839638,-0.27222556,-0.07769915,0.39080232,-0.10979682,-0.08139509,-0.030039467,0.10542933,0.19012983,0.39418516,0.048198123,0.227593,0.36738434,0.121337146,0.22262052,-0.39596677,0.04633958,0.0942072,-0.48735613,0.3459199,0.27633736,-0.45759678,0.0064210123,-0.06493142,-0.41279504,-0.25498375
IND523226AAA,-0.7876643,1.2462372,-0.31511277,-0.1852369,-1.1853458,-0.039704874,-0.37986615,-0.21347764,-0.43494254,0.04414074,0.14110407,-0.28978312,0.6558359,0.36665457,0.37036696,0.18430193,0.16811074,0.33683085,0.1462305,0.03090182,0.08270185,-0.16126198,0.29080167,0.04501623,0.7538896,-0.1319033,-0.1358257,0.42961335,-0.35154635,0.37075645,-0.2790028,-0.11942932,0.3549519,-0.17380007,-0.09704868,0.029530175,0.11098515,0.18712671,0.3179949,0.016365487,0.37404516,0.37515193,0.31049424,0.37957758,-0.7357449,0.061631233,0.09129174,-0.5050459,0.55485153,0.30548292,-0.4145217,0.25047347,-0.015169587,-0.5185272,-0.34222767
IND523316AAB,-0.57774353,1.3809184,-0.3018721,-0.10550607,-1.1266161,-0.19397508,-0.31502095,-0.2746921,-0.31019127,0.062229984,0.008306369,-0.3129037,0.35959482,0.4161024,0.32763916,0.21271028,0.14115344,0.3094845,0.14437962,0.26180005,-0.020951338,-0.15532285,0.24427643,-0.028076008,0.89915633,-0.054283485,-0.18706347,0.57787716,-0.47101247,0.4808088,-0.29379678,0.021765694,0.49043605,-0.18161179,-0.073205836,0.051321663,-0.09512031,0.23901059,0.3868815,0.008156825,0.37914282,0.5657854,0.2915756,0.5529275,-0.7882834,-0.008982398,0.12828912,-0.47287792,0.7194802,0.31559962,-0.33270663,0.26244202,0.027436908,-0.38346872,-0.37274635
IND524003AAA,-1.5776718,1.28571,-0.28432631,0.015081331,-0.88643575,0.0023197643,-0.2439636,-0.09376394,0.11561708,0.10821801,-0.006652221,-0.046854977,0.15328382,-0.14389227,0.09464553,-0.13350037,0.2994745,0.14595333,-0.047445897,0.14449282,-0.16152072,-0.06406434,-0.051665388,0.32100046,-0.065058105,0.4118893,0.096572846,0.11856891,0.21827291,0.09223786,0.2309155,-0.0788587,0.12237619,-0.04934007,-0.05116222,0.051849946,-0.05896697,0.21771124,-0.1656085,-0.2632566,0.013277724,-0.11379434,0.047963597,-0.1956189,-0.048854113,-0.0035855062,-0.31730092,0.076690964,0.22427954,0.01606179,-0.28879267,0.056805678,-0.062327143,0.11153448,0.060073003
IND524101AAB,1.6275538,-0.016997918,0.13006502,0.11353354,-0.039632484,-0.44613293,0.22998159,0.6173157,0.8547857,-0.41045183,0.31345743,-0.4329434,0.028836548,-0.4742198,1.1904435,-0.147116,-0.90834045,-1.9874634,-0.1533984,0.26648813,0.16854382,0.07151118,-0.05827003,0.2555528,-0.13345666,0.588383,-0.9648928,0.67841125,0.074001834,-0.014944151,-0.7092025,0.5721598,-0.16067913,-0.13014902,-0.17193007,-0.33269066,-0.18725991,0.043600425,-0.24403419,-0.041282725,0.47225574,0.06293854,0.2488445,0.3425329,0.44521305,0.059491098,0.44598633,0.22736338,0.8817227,0.6392649,0.6500207,0.09380021,0.14459398,-0.053269852,-0.06989455
IND524201AAA,-0.98865235,1.4227775,-0.17985418,0.034622014,-1.1575907,-0.039028406,-0.41244635,-0.18200397,-0.34435743,0.14610866,0.01898481,-0.3477248,0.78874546,0.4154238,0.24399142,0.24882378,0.27637032,0.124020055,0.020980934,-0.03565853,0.10829861,-0.3500022,0.087368645,0.057232037,0.439429,-0.39139768,0.028110556,0.27455246,-0.16906714,0.57479256,-0.31264916,-0.087487966,0.53927255,-0.353468,-0.003337033,-0.020547738,0.06482269,0.2823773,0.35739473,0.1423259,0.29208142,0.35090256,0.2737556,0.19839376,-0.38365722,0.12738208,0.12242101,-0.61596173,0.21648653,0.23176315,-0.3319552,0.12096931,-0.18277813,-0.39180118,-0.05189231
IND530012AAA,-1.0059806,1.2161319,-0.49325392,-0.26018828,-0.98792887,0.102951735,-0.57224584,-0.20623955,0.37130195,-0.08844846,-0.084839344,-0.32352453,0.08960207,-0.4427597,0.23856519,-0.04420842,-0.07010697,0.2774132,-0.016707312,-0.21112016,0.26139238,0.09733579,-0.17411199,0.1349806,0.004712507,-0.064847216,-0.3243403,-0.6712673,-0.2981645,0.052111313,-0.22189638,0.22344792,-0.025467217,0.3480302,0.24577019,-0.3414507,0.19983372,0.040672347,-0.1467905,0.2745286,-0.34905264,-0.2281647,-0.20908922,0.2495007,0.34604394,-0.055958092,0.1454206,-0.10888863,-0.1181249,-0.012837917,0.1335269,-0.06329512,0.06489429,0.14500783,-0.10722461
IND530012AAC,-1.5983852,1.0805342,-0.7599305,0.09355533,-0.47761393,-0.16709942,-0.3277089,0.0011292696,0.077470385,0.1538083,0.20185503,0.03400816,-0.012191441,0.016370298,-0.32066453,-0.12159042,0.11211844,0.072215736,-0.07171962,-0.2058438,0.27897856,0.039612595,0.048549958,0.092337936,0.18561943,-0.18146402,0.16155665,0.07853451,0.07612614,-0.037023664,0.18378419,-0.09974556,0.04770806,-0.11217061,0.04161848,0.14443669,0.17952034,0.19554152,0.16746408,-0.11842537,0.0927047,0.1577244,-0.14211562,-0.010618903,-0.23717177,0.14641973,-0.3025674,0.21331221,0.118226066,0.020671647,-0.106194034,0.04121085,0.18922599,0.18319294,0.12699479
IND530026AAA,2.1036935,0.027477518,-0.17497133,-0.15185912,0.009645775,-0.27336365,-0.66427445,0.6890749,0.7535028,-0.29284787,-0.0856371,-0.63219064,0.71554047,-0.12497719,-0.2878678,0.7567724,-0.2629672,0.42956403,0.1750363,-0.57103646,-0.8901158,1.4245874,0.102420785,0.0025815442,-1.3909795,0.86836255,0.10107981,0.78800064,-0.33758974,-0.45933115,-0.25552127,0.008392729,-0.5252048,-0.95811534,-0.23448044,0.08667302,0.6887089,0.15197903,-0.737417,-0.34601957,-0.6339767,-0.5320993,-0.1527189,-0.08111581,-0.07521382,-1.2036686,-0.5920592,-0.28707334,0.5726788,-0.8642949,0.22668886,-0.87911934,0.65323484,-0.04949334,-0.21081
IND530043AAA,-0.73966575,1.2790046,-0.7220243,-0.42426276,-1.1305505,-0.08299912,-0.6332778,-0.21080148,0.18361641,-0.22973922,-0.27812165,-0.18327227,0.2779521,-0.7786753,-0.091177575,-0.16453822,-0.19071123,0.3711792,0.1470583,-0.28172517,0.3663177,-0.061771955,0.01124742,-0.15370592,0.1917252,-0.065612994,-0.4807694,-0.8133294,-0.4066419,0.067364894,-0.25531375,0.2662259,0.09760653,0.027492132,-0.20492983,-0.4222842,0.2675169,-0.32189465,-0.1463176,0.48988834,-0.23409289,-0.3120593,0.13710481,0.039834067,0.4160141,-0.41321367,0.36717302,0.05990199,-0.011709109,0.13134429,0.39729425,-0.43399683,0.53475577,-0.017468806,-0.11462891
IND531001AAA,-0.78203416,1.3493798,-0.60384095,-0.53932434,-1.020522,0.025074612,-0.47960708,-0.20536292,0.4796003,-0.07147072,0.30579454,-0.18169156,-0.103075564,-0.69105864,0.15114574,-0.1616886,-0.10884291,0.5161816,0.05389099,-0.12733059,0.21756825,-0.2374688,-0.5771949,-0.20666534,0.24882409,0.17181325,-0.41924402,-0.7884772,-0.06936425,-0.062130325,-0.4512146,0.4208991,-0.026946172,0.22236468,0.21034041,-0.2197225,0.03134308,-0.15972763,-0.026739586,0.34439325,-0.4003683,-0.3661262,-0.6558656,0.35013768,0.3157102,-0.43858728,0.34666502,0.18134801,-0.13508087,0.19637132,-0.06275453,-0.32850116,-0.07872121,0.10360565,-0.065724775
IND532001AAB,0.16500461,1.1800889,-0.59580433,-0.36375046,-1.117865,0.14413989,-0.83120865,-0.1445643,0.76693016,-0.14620554,-0.23359929,-0.4079244,-0.015363758,-0.379398,0.18719196,0.26117605,0.29799572,0.22539811,0.09260695,-0.45167315,0.3147514,0.043071013,-0.24899963,0.30578852,0.18399148,0.10580301,-0.2769882,-1.5594735,-0.31307706,-0.049344562,-0.34764573,0.23070478,0.07266723,0.44089007,0.23848626,-0.36219633,0.23865086,0.13179326,-0.051669218,0.09966344,-0.16472746,0.15216549,0.14153752,0.22670813,0.07266547,-0.22216524,0.27388966,0.4362273,-0.4007759,-0.0756214,0.12649034,0.26924464,-0.11726546,0.07316016,0.05644784
IND532127AAA,0.4353279,1.0174917,-0.37990168,-0.2461768,-1.07298,0.18867852,-0.93332607,-0.36382243,0.4320764,-0.25108677,-0.43927115,-0.4453591,-0.15455282,-0.5925063,-0.08755239,0.12721995,0.034433313,0.25609782,0.25749028,-0.5949059,0.43001556,0.251134,-0.21919703,0.3941652,0.16089854,0.08292985,0.11300406,-1.91324,-0.64486974,0.039223216,-0.43550253,0.14515689,0.06427641,0.8733769,0.19362736,-0.13551259,0.14123163,-0.17510752,-0.05855332,-0.30076844,0.0916938,0.07564538,0.0444749,0.34160358,0.1556247,-0.16996758,0.3126626,0.2901912,-0.41368514,-0.18131277,0.027200952,0.17703328,-0.111328736,0.073965386,0.3969351
IND532222AAA,0.5085405,1.1519122,-0.63356483,-0.44383603,-1.2134571,0.31828293,-0.90144557,-0.23653185,0.78218913,-0.18500811,-0.18851723,-0.5552764,-0.0104885865,-0.26170194,0.10639854,0.59300774,0.13727942,0.17982516,-0.029585358,-0.7362425,0.56254923,-0.26112697,-0.09904995,0.5773978,0.40164912,0.32127565,-0.4632542,-1.3339821,-0.6660581,-0.04479243,-0.5014595,0.029591486,-0.004455894,0.645097,0.2730374,-0.17410722,0.45789006,0.15645015,0.2196134,-0.027272578,-0.10855283,0.03130786,0.23394185,0.071812436,0.14787167,-0.32993314,0.22237934,0.4437776,-0.28495198,-0.18673676,0.067262866,0.08178562,-0.08399649,0.2736823,0.044940926
IND533003AAA,-0.34631026,1.4951149,-0.94011533,0.21125565,-1.034315,-0.3929164,-0.65137,-0.25781444,0.18594134,0.24495032,-0.021803167,-0.43440652,-0.20128296,-0.5515598,-0.16058667,-0.25229183,-0.43191645,-0.1760701,-0.2958898,0.17429273,0.22315082,0.13278753,-0.49548313,-0.019778669,-0.31486535,-0.3320586,-0.43718016,-0.0037878305,-0.5017249,-0.2680884,-0.33032477,-0.40392414,-0.16838323,0.25054342,0.20176473,0.15750313,0.51176846,0.4078262,-0.32421407,0.3520845,-0.21516094,-0.5628777,-0.14995244,0.43254074,0.2881713,0.27028614,0.7698874,-0.11775946,-0.58294326,0.21941906,-0.07279557,0.13293457,0.1202523,-0.0072536506,0.043005474
IND533106AAA,-0.67038953,1.3698988,-0.83395004,0.11036709,-1.01297,-0.37986228,-0.44755667,-0.18727896,0.3284582,0.07586696,-0.04797463,-0.099451974,0.00639827,-0.484325,0.056868598,-0.3142828,-0.33873495,0.054606277,-0.10587202,-0.15376915,0.510212,0.107938245,-0.36517075,0.049771965,-0.19661374,-0.16733894,-0.3291031,-0.033041045,-0.3902322,-0.21102543,-0.3123504,-0.29577428,-0.13258396,0.21516314,0.06734254,-0.12553166,0.36898103,0.43442994,-0.1014965,0.20996986,-0.38008878,-0.36757296,-0.15925589,0.09756755,0.1823547,0.140983,0.79309493,-0.038341254,-0.46746144,0.26081267,-0.10414751,0.13489377,-0.02107748,0.06915961,0.013122618
IND533201AAA,-0.49669945,1.4093372,-0.8382417,-0.14244318,-1.0060731,-0.47539178,-0.4567851,-0.38913938,0.22876392,0.026343312,-0.019118581,0.025755472,0.0202285,-0.64091486,0.3798674,-0.39607307,-0.3141945,-0.0103765875,0.04728146,-0.0031976253,0.6831095,0.1210199,-0.52847946,0.22230834,-0.0554479,-0.3332921,-0.28973758,0.12069996,-0.37231684,-0.26825094,-0.48068577,-0.39787903,0.08857463,0.16878644,0.123653345,-0.05919259,0.5821288,0.4392578,0.05907595,0.2501955,-0.6982962,-0.1580527,-0.042334408,0.21896073,0.11809017,0.4108263,0.7554581,-0.023087151,-0.5851717,0.2826513,0.3067642,0.48026985,0.08219744,0.19835562,0.2813292
IND533308AAB,-0.36416018,1.3947787,-0.8747258,0.1743728,-1.0619866,-0.23198569,-0.6019131,-0.15300414,0.3474608,0.08029395,-0.021431357,-0.38748938,-0.24366549,-0.47843164,-0.042417854,-0.36380318,-0.51959383,-0.17380345,-0.3550036,0.09148841,0.19575238,-0.049759895,-0.38392857,-0.028254837,-0.35496163,-0.41051582,-0.48438153,-0.15047617,-0.57001436,-0.06900944,-0.15101844,-0.48744872,-0.07877448,0.27911484,-0.002030559,0.21653785,0.5200046,0.5108031,-0.30213934,0.33087438,-0.29258695,-0.3923979,-0.035360545,0.46106392,0.29776326,0.21378489,0.848469,-0.11350105,-0.6521711,0.3522907,-0.11848332,0.22775134,0.23397744,-0.0419049,0.09006332
IND533401AAA,-0.3279096,1.5014813,-0.8870927,0.2160741,-0.97515357,-0.25438404,-0.5683028,-0.15394336,0.37939793,0.24535346,-0.0144144725,-0.39979154,-0.19383292,-0.4399408,0.090320975,-0.23423721,-0.5125666,-0.19144735,-0.3510139,0.106964804,0.17540812,0.17422926,-0.38588372,0.045534223,-0.33759934,-0.48166203,-0.52578354,-0.12053685,-0.41190386,0.011314079,-0.23999912,-0.4645962,-0.04050829,0.22200309,-0.13463172,0.073710404,0.4487641,0.43753248,-0.32209465,0.46441358,-0.3529311,-0.44348288,-0.11806383,0.3206125,0.14865446,0.25402907,0.79165375,-0.17407224,-0.63628954,0.3808751,-0.13298373,0.20027119,0.22491576,0.020784792,0.2925275
IND534260AAC,-0.6919726,1.2915876,-0.82438636,0.0680763,-1.0504065,-0.5515857,-0.4228345,-0.28035188,0.30318594,0.20841923,-0.020692762,-0.44526368,0.025458217,-0.6538959,0.18811403,-0.2833369,-0.4080493,-0.05984679,-0.18151423,0.10327789,0.46065918,0.14912552,-0.33881375,0.14958107,-0.23191603,-0.18154809,-0.44080037,0.05985175,-0.5720307,-0.12370342,-0.2397885,-0.55538964,-0.023598567,0.20447674,0.13898674,0.0068863034,0.4230623,0.41151,-0.12754935,0.29629156,-0.5501101,-0.2688519,0.013067864,0.3962676,0.2816503,0.22032239,0.6043386,0.048211906,-0.6995682,0.4772814,0.14198607,0.19682631,-0.2882294,0.11678093,0.13429618
IND535001AAA,-0.92120653,1.2637472,-0.67600346,-0.2786731,-0.98169065,0.1682514,-0.2643103,-0.4044612,0.16211021,-0.1242608,-0.12848143,-0.18550432,-0.105551906,-0.58998543,0.20921373,0.14022474,-0.09011246,0.33933803,0.09720341,-0.31863183,0.3792992,0.039557487,-0.02040162,0.19257626,0.057405725,0.05325274,-0.23626973,-0.8290081,-0.3714046,0.02182594,-0.17267609,0.2263264,-0.14065188,0.031007059,0.18066844,-0.23884852,0.42045572,0.060217954,-0.039335467,0.39998505,-0.50480354,-0.18128148,-0.04637134,0.34490988,0.46590018,-0.416579,-0.010969043,-0.085113086,-0.16340193,-0.030106744,0.2239733,-0.192736,0.3364672,-0.043655034,0.13722412
IND535501AAB,0.5870935,1.035356,-0.6173055,-0.34323007,-0.9469133,-0.04896444,-1.0234909,-0.3681456,0.52260727,-0.3407626,-0.35134107,-0.40321076,-0.010795593,-0.7272518,0.2671466,0.50064963,0.14217003,0.28153396,-0.1459242,-0.6376505,0.1859461,0.02002875,-0.24607384,0.589486,-0.046424143,0.087052956,-0.7364072,-1.7616465,-0.24582489,-0.55975276,-0.24889925,0.48045492,-0.0024937876,0.28112397,0.1699594,-0.2305638,0.19867891,0.32682222,0.23884982,0.16542174,0.17711058,0.16341406,-0.08741478,0.44984612,-0.01938112,-0.13274118,0.14946543,0.39209357,-0.21143907,-0.02479211,-0.033209935,0.096233785,0.09280911,0.13765448,0.42212683
IND560002AAA,-1.3658696,1.0970136,0.7844361,-0.5247735,0.43437725,0.6098329,0.38150913,0.025961414,0.16202365,0.11374859,-0.22944766,-0.2311735,-6.914139e-06,0.044267744,0.20767894,0.005145628,0.33852398,0.20768884,0.11115461,0.13143238,-0.022496678,-0.060999982,-0.005260341,-0.28470287,-0.2747612,0.042571723,-0.24695255,-0.14491908,0.013479382,0.115723304,-0.053354695,-0.009449154,-0.10122475,0.32636786,-0.2038844,-0.033002015,-0.364838,-0.10062903,0.111546814,-0.07739158,0.11363205,-0.1176147,0.21819443,-0.15887934,0.059457853,0.3178828,0.08521843,-0.076485164,0.045374244,0.10580882,0.01980783,0.20113936,0.022951126,-0.15698098,0.026232347
IND560027AAA,2.138338,-0.06232238,-0.5135586,-0.59925807,-0.41922745,-0.6873282,1.1089388,-0.37807447,-0.027779385,-0.8727231,-0.017967924,0.87442225,0.5718174,0.012534484,1.1219089,0.33867136,-0.22577561,-0.14634632,0.06999989,-0.28461808,-0.6582028,0.3449032,-0.22303715,0.27287582,-0.22846778,1.6452532,-0.28197905,-0.15542848,-0.277522,0.050746664,0.9591785,1.1440964,-0.51274216,-0.672784,-0.14383224,-0.48287588,-0.20825791,-0.045295384,0.7828671,-0.38692945,0.13858795,-0.536122,0.6180596,-0.6077893,-0.1259416,0.6390096,-0.08360629,-0.28555048,-1.1513922,-0.40469056,0.25259286,0.36164245,-0.33171478,-0.12421057,-0.11996028
IND560043AAC,-1.2896187,1.0819799,0.86668694,-0.47628456,0.36744726,0.47941288,0.28304398,-0.21453273,0.0011784248,0.14005059,-0.29785156,-0.19262311,-0.38281167,0.11922811,0.12793802,0.0433393,0.5181824,-0.02451095,0.24611366,0.17303225,-0.17058113,0.10095483,0.12991154,-0.5293652,-0.12899359,0.05485849,-0.31157166,0.13915543,0.32681847,0.061066374,-0.2337257,0.15624923,-0.008410789,0.078994334,-0.3480181,0.12806448,-0.4463403,-0.11986676,-0.058714926,0.3606226,0.2530486,-0.029304624,-0.00038140267,-0.024133489,0.13347325,0.4837675,-0.36421877,-0.18143699,0.06650284,-0.31796142,0.15225253,0.1949904,0.3780866,-0.04775163,0.16926238
IND560048AAB,-1.3130225,1.0360287,0.8272772,-0.5710306,0.57923305,0.54092324,0.41921028,-0.21147165,0.21436806,-0.039871816,-0.12924215,-0.16029796,0.1343877,0.026000887,0.059539333,-0.16115503,0.6563135,0.20535885,-0.104881786,0.2628169,0.042814735,0.11017951,0.06470933,-0.40862772,-0.11219238,0.28062072,-0.28084034,-0.31900746,-0.024976626,0.3385949,0.22952503,0.1054727,0.03249441,0.13922453,0.10368409,0.017670698,-0.3819753,-0.10661016,-0.15149306,0.25844023,0.08365048,-0.1959244,0.35780263,-0.20511338,0.19902597,0.157529,-0.032100067,0.009278022,-0.26105714,-0.047913335,-0.09983836,0.26479682,-0.04801118,-0.45069635,-0.24636298
IND560058AAB,-1.349164,1.093984,0.7960118,-0.48616666,0.48863497,0.5751722,0.33767113,0.24795374,0.0030539073,-0.09819754,-0.1546234,-0.082804784,0.0121242255,0.22108386,0.11228385,0.09451039,0.26758397,-0.021305755,0.10825958,0.23809485,-0.13315135,0.06351961,-0.06641766,-0.14938506,-0.27465862,0.13836709,-0.12669945,-0.13239156,-0.04596145,-0.04209672,-0.17445266,-0.17772558,-0.001353234,0.23729539,-0.18146658,-0.06782021,-0.3349381,0.024552897,0.020263206,0.004056815,0.14926077,-0.09482509,0.28584582,-0.35649538,0.14624602,0.25694495,0.061793566,-0.19469577,-0.20205292,0.079442784,-0.058222964,0.397971,-0.14647785,-0.25385392,0.11593037
IND560058AAD,-1.572289,1.0017127,0.8667408,-0.5666859,0.53421456,0.42690936,0.42067286,-0.12462514,-0.0028648302,-0.22805774,0.0045666695,-0.22164549,0.19379407,0.20829508,0.29189396,-0.11036801,-0.08950102,0.15132868,-0.07517363,-0.30860585,-0.04922603,-0.20288229,0.042835645,-0.08871377,-0.17009564,0.13593578,-0.2746139,-0.025457677,-0.06386082,0.096804895,0.04326144,0.024549633,-0.3757493,0.25226223,-0.13783434,-0.23707297,-0.114204146,-0.26751605,0.055313483,0.082708284,0.29689175,0.062323064,0.1481958,-0.22741336,-0.20465145,0.16145748,-0.024799153,-0.021207154,-0.21455486,-0.27951846,-0.02102302,-0.37197074,-0.053206246,0.15119033,-0.101408765
IND560060AAB,-1.4720966,1.0199833,0.77362907,-0.45840716,0.48546788,0.5440109,0.3851589,0.37526911,-0.04462572,-0.1578382,-0.18309575,-0.10244298,0.059125125,0.2695427,0.07458511,0.01708185,0.31632867,0.050459772,0.066355534,0.17288718,-0.26786715,0.17616194,-0.03298717,-0.109321326,-0.21301176,0.053870857,-0.23635255,-0.11570438,-0.05143387,-0.08831388,-0.24439257,-0.089967296,-0.017591245,0.23851697,-0.20501849,0.031412162,-0.25472856,0.106999174,-0.04066035,0.06237877,0.2110851,-0.10543206,0.07590759,-0.36479953,0.1270921,0.264894,0.008364126,-0.13085392,0.007499706,-0.004175406,-0.18886708,0.31102446,-0.16709115,-0.10772392,0.13183177
IND560064AAD,-1.2806504,1.007928,0.9217144,-0.46747726,0.39054012,0.44939086,0.21497592,-0.2494367,0.042494923,0.08102267,-0.34814286,-0.20081952,-0.4887999,0.018801598,0.15752017,0.16806348,0.48655832,-0.0938303,0.23653476,0.18188652,-0.13179386,0.23682623,0.15612382,-0.590313,-0.111612216,0.08487104,-0.21164988,0.12910321,0.36185002,0.05468264,-0.30822888,0.09860058,-0.0629552,0.13771532,-0.3283198,0.27106124,-0.39820603,-0.15154758,0.071561575,0.42145807,0.31535557,0.018811513,0.06647968,-0.1322833,0.14451224,0.53932345,-0.5028025,-0.25684372,0.08707088,-0.4499608,0.2687142,0.12489355,0.27123532,0.056187768,0.29895383
IND560067AAC,-0.89219874,1.183255,0.84931695,-0.5763497,0.57849455,0.5527139,0.4069695,-0.21390691,0.6845549,0.036370456,-0.076241896,-0.21358901,0.13778955,0.15424779,0.043122485,-0.0937708,0.96685934,0.13949561,-0.32736796,0.62038875,0.12789455,0.06881879,-0.01038852,-0.60958636,-0.027690124,0.47175425,-0.22577265,-0.33160925,-0.045869034,0.45378911,0.25696743,0.38256767,0.06893259,-0.12814718,0.3954313,0.11236738,-0.4830072,-0.16361085,-0.37373748,0.2637531,0.06777175,-0.20301375,0.4977623,-0.6638436,0.41437468,0.04346232,0.1741655,0.399323,-0.4603178,-0.03894083,-0.5090912,0.43468866,-0.024180364,-0.5024396,-0.3778602
IND560077AAA,-1.0800873,1.3143773,0.9371532,-0.5810466,0.28094694,0.64709496,0.35246164,-0.15447128,0.17421956,-0.043251783,-0.35879356,-0.16724631,0.28626063,0.06455284,0.27279124,-0.08772284,0.44072136,0.26455396,-0.028317664,0.23756969,-0.38946754,-0.050431885,-0.049312063,-0.12964627,-0.11767241,0.33296788,-0.3212968,3.3430755e-05,-0.066210456,0.13515708,0.11374448,-0.1398809,-0.06793871,0.16105482,-0.3875488,-0.17651784,-0.31570905,0.1337837,0.15319943,0.10692816,0.41979137,0.003768459,0.090142265,-0.20296776,0.015049934,0.14084235,0.052527577,0.04597096,0.20549296,0.24924684,-0.045839727,0.27695432,0.28502366,0.19822288,-0.029632017
IND560078AAC,-1.362277,1.183471,0.8453553,-0.48903596,0.5380329,0.4569318,0.27187142,0.09717743,0.15772496,0.11262726,-0.10921174,-0.19641742,0.12680231,0.13115881,0.1375087,0.043915015,0.26933154,0.19231397,0.002288926,0.10187737,-0.14572269,-0.0131478235,-0.0537491,-0.33547089,-0.20568946,0.12745473,-0.25147122,-0.03481177,0.08032027,-0.066225104,0.019240588,-0.20171456,-0.039913774,0.29755968,-0.1957753,-0.074989274,-0.3047766,-0.13176496,0.005682988,-0.013969906,0.09750808,-0.19978154,0.18183693,-0.2502328,0.16208747,0.31759605,-0.056923576,-0.10780197,-0.087512836,0.05764077,-0.0202083,0.20935261,-0.0073465966,-0.18473932,0.18620032
IND560083AAB,-1.4543722,1.1588393,0.89493346,-0.53118414,0.40502065,0.4591447,0.3159465,-0.03480939,-0.01869664,-0.29698908,-0.0789698,-0.3047399,0.14743157,0.18631877,0.25447676,-0.103107676,0.089328766,0.138299,-0.033608645,-0.24795151,-0.29751763,-0.27437213,0.008092225,-0.119357266,-0.182258,0.14757222,-0.38272867,0.05084277,0.021279156,0.1291743,0.043264642,0.10482974,-0.4876682,0.2805766,-0.21173999,-0.1692238,-0.08009502,-0.1954571,-0.01210522,0.121055186,0.3140994,0.102009445,0.21340409,-0.29173172,-0.10758357,0.10531211,0.00087001175,0.064565115,-0.32523343,-0.115912974,0.012395397,-0.13211086,0.018474843,-0.0035779476,-0.1906819
IND560099AAB,-1.2363389,1.237435,0.89653146,-0.559634,0.25931495,0.56604385,0.34651685,-0.046274595,-0.056033507,-0.086053126,-0.27497107,-0.2552297,0.24416347,0.04653521,0.3424799,-0.021225628,0.3759102,0.042131506,-0.0020118977,0.3020308,-0.31548017,0.1485095,-0.020822845,0.13138375,-0.02768521,0.13307801,-0.16776446,0.008987308,-0.13000438,0.13160683,0.07688642,0.005995244,0.077566355,0.40904635,-0.43259266,0.065312415,-0.11111517,-0.0045570806,0.16791922,-0.052087184,-0.031670265,-0.10959029,0.0758059,-0.2645721,0.24953532,0.29255128,0.044494003,-0.14412874,-0.18231878,0.054003946,-0.13878624,0.007853437,0.1744411,-0.21142994,0.010233939
IND560099AAG,-1.094197,1.316269,0.89131415,-0.5811564,0.24594897,0.6092702,0.45130086,-0.21136531,0.1557097,0.062482767,-0.28660882,-0.22839744,0.20217714,0.054235235,0.23265235,0.0043255277,0.41964328,0.27369845,-0.22411019,0.40221113,-0.4798806,-0.019095846,0.10293179,-0.012249785,-0.13105467,0.27343953,-0.3513201,0.06944114,0.110987425,0.0010417588,0.1483742,-0.16822225,0.023144469,0.3219205,-0.3551249,0.004594665,-0.38326147,0.054806292,0.26529592,0.14635538,0.30856833,0.05987668,0.046172444,-0.36046213,0.013100594,0.2157273,0.013933256,-0.10409213,0.05263738,0.37658566,-0.040297076,0.09836645,-0.060347926,-0.09912065,-0.06895006
IND560300AAA,-1.1818727,1.1801597,0.7909719,-0.6313266,0.47015718,0.4847278,0.2497598,0.038099118,0.058565244,0.184342,-0.11440675,-0.3614549,-0.21983486,0.08041759,0.014229985,-0.0022436492,0.43899587,0.30141455,0.30456406,0.29694748,-0.086089544,0.20523752,-0.09625887,-0.2741232,-0.22525193,-0.19235808,-0.41861352,-0.1164305,0.02182109,0.037144132,0.032994457,-0.20880246,0.12791923,0.26408172,-0.29677796,-0.0076457895,-0.6032166,-0.22660656,-0.053216405,-0.16882041,0.066272326,-0.13298142,0.30534646,-0.38383228,0.32112205,0.26405525,-0.029268667,-0.1499385,-0.087972194,0.063485526,-0.07546042,0.3880123,0.32932776,-0.040830623,0.09669613
IND560300AAB,-0.6286974,1.122881,0.8216244,-0.66534984,0.4873656,0.51133883,0.16906083,-0.032157876,-0.08843027,0.31222954,-0.30971807,-0.43715864,-0.33172324,-0.047885254,-0.080936536,0.10584588,0.37957612,0.3359053,0.44303954,0.2616583,0.13961151,0.18274567,0.024710167,-0.5483272,-0.4873957,-0.22042891,-0.6767493,-0.08933655,0.22794534,0.18410443,0.05102107,-0.42130613,0.111998536,0.64120775,-0.16811758,-0.11048279,-0.94000214,-0.35253865,0.15399517,-0.47993666,-0.122727424,-0.40478802,0.6092995,-0.47133964,0.36970448,0.44121522,0.012688175,0.06555224,-0.07268439,0.0018618777,-0.13729505,0.73385763,0.50603396,-0.2321166,0.063116536
IND561202AAB,0.21877897,1.5402156,0.10068026,-0.43532175,0.12672955,-0.39181498,-0.2490631,-0.24555597,0.6845396,-0.17548472,0.4512841,0.3016085,-0.54909617,0.93242455,-0.5368686,-0.13829124,-0.18972299,-0.82876086,0.7924508,-0.32040787,-0.05228094,-0.79917026,0.50161064,-0.24835332,-0.23024382,-0.19016281,0.4940462,-0.27079505,-0.47920233,-0.5351703,-0.2909385,-0.8936203,0.46059504,0.13318571,0.37918887,0.82608765,-0.5897645,-0.19519956,0.1323693,0.59293056,-0.648155,0.24034125,0.41526446,-0.09377298,0.04616788,-0.09998664,0.17166694,0.16803505,-0.14187598,-0.33449942,-0.53111416,0.27485248,-0.39548814,0.09203157,-0.45570886
IND561203AAB,-0.9964068,0.8650001,0.80697787,-0.4282403,0.7545301,0.45853642,0.23429763,0.45688716,0.045248434,-0.2172896,0.011563227,-0.019698933,-0.1315336,-0.053812947,0.29995275,-0.07145779,0.37513578,0.05482693,-0.25238597,-0.20424081,0.69666946,-0.17683855,-0.2912126,-0.3521204,-0.7007602,-0.26513156,-0.4278129,0.07271649,-0.06078495,-0.3779052,0.30415988,0.2117023,0.54499495,0.010834917,0.5659787,0.6366869,0.5197548,0.33840007,-0.4139491,0.011905689,0.47637692,-0.21578169,0.33033612,-0.22016004,-0.16911983,-0.030146904,0.52462626,-0.08027201,0.17743318,-0.55191267,-0.46857744,-0.474144,-0.030372377,0.42214844,-0.21679339
IND561207AAB,-0.8281405,1.0736771,0.91066456,-0.39717108,0.56516653,0.36857617,0.28775778,0.5507368,-0.024581086,-0.12677214,0.01002948,-0.09747053,-0.27011976,-0.21522608,0.21925771,-0.28303772,0.36262065,-0.03226617,-0.21937826,-0.079200566,0.8849123,-0.10434768,-0.28770867,-0.46156645,-0.23627211,-0.33923885,-0.6204979,0.13998803,-0.058935232,-0.6412725,0.37465715,-0.021687692,0.5674695,0.14469734,0.55015,0.66802293,0.64479274,0.57706326,-0.3690407,-0.021485556,0.7152368,-0.2443546,0.2659078,-0.1567573,-0.18829697,-0.07955419,0.45904797,0.158885,0.018262357,-0.4430113,-0.33432758,-0.5485421,0.2257468,0.40713015,-0.42773432
IND562101AAA,-0.841071,0.93664116,0.8139627,-0.44120902,0.6473453,0.42560837,0.28870675,0.5240762,-0.07448222,-0.19831786,0.067140356,-0.056485925,-0.19327997,-0.11465424,0.24167298,-0.19964476,0.41969553,0.1084297,-0.29704636,-0.2114439,0.8015535,0.03365533,-0.2011987,-0.34998655,-0.5846445,-0.30730242,-0.5513859,0.12842877,0.031676024,-0.5030113,0.38060933,0.077482395,0.6043508,0.003676027,0.60884476,0.6160633,0.5874075,0.38537586,-0.36881104,0.1844094,0.71561956,-0.2781538,0.3055942,-0.23513949,-0.24090049,-0.043978803,0.56226885,0.08440022,0.069092736,-0.51508427,-0.35471493,-0.49894306,0.15319979,0.52945095,-0.365494
IND562108AAA,-1.0571187,1.111801,0.9436095,-0.3109063,0.46900102,0.2773702,0.19212715,0.44449157,-0.08816274,-0.21430296,0.012264889,-0.19165102,-0.21209395,-0.14006312,0.18040112,-0.13177474,0.37646103,0.042925067,-0.101994336,0.04602165,0.78479546,-0.15000843,-0.21513131,-0.41075397,-0.1805286,-0.30653232,-0.5330586,0.13511145,0.08388245,-0.6332907,0.3347679,-0.050624553,0.45550022,0.15637961,0.6313538,0.58844644,0.55258846,0.4386571,-0.21314366,0.02821671,0.7197145,-0.11025295,0.25226733,-0.13783841,-0.16525704,-0.031778377,0.42076832,0.04541144,0.10226017,-0.5735452,-0.1616116,-0.53732866,0.13502017,0.55178136,-0.27039087
IND562114AAA,-1.0799325,1.1173575,0.8297508,-0.6157715,0.51517045,0.5123747,0.4206039,-0.25695142,0.55237174,-0.06677528,-0.14769664,-0.19191593,0.17970017,0.20277621,-0.07057654,-0.108293936,0.8144569,0.1042228,-0.22659297,0.50673264,0.077599086,-0.01639882,0.13162285,-0.5860847,0.020060569,0.4636659,-0.2768549,-0.34986067,-0.07841183,0.5076075,0.24056938,0.2677703,0.055538412,-0.06822991,0.32338777,0.02763275,-0.44061735,-0.23914175,-0.22585341,0.2781052,0.029286418,-0.2051759,0.4843815,-0.57374305,0.24532339,-0.022416372,0.10424648,0.2573017,-0.38222575,-0.03725807,-0.38815713,0.31718615,-0.03152242,-0.5037602,-0.29685393
IND562117AAA,-1.7870708,0.9009965,0.6919216,-0.47840428,0.6519008,0.20776121,0.17211182,0.031317167,-0.0074808486,0.06809963,-0.045830905,-0.23575653,-0.05802706,0.21552728,-0.053378157,0.059134368,0.11888793,-0.033377998,0.15252784,0.063666165,0.14574432,-0.012477413,0.09080155,0.19711944,0.02366604,-0.070201255,-0.09419292,-0.09266441,0.148729,-0.11458203,-0.08419746,-0.04716737,-0.31268698,0.1704434,-0.015547051,0.061050966,0.11754448,-0.09337534,-0.055374954,0.109539,0.096703485,0.011948723,-0.06814995,-0.03150844,0.024812944,-0.00032204576,-0.034397025,-0.19896013,0.061495233,-0.16241616,0.011055216,0.037895646,-0.081487164,0.11095703,0.13244899
IND562132AAA,-1.6689769,0.90409595,0.7291578,-0.4445082,0.5460314,0.2696628,0.14020109,0.016907804,0.074230686,-0.08855373,0.021180455,-0.13342601,-0.15562792,0.1934984,-0.14952329,-0.084911376,0.13455161,-0.02416186,0.075798854,0.11561318,0.12854446,-0.12954366,-0.017892972,0.04727251,0.03971155,0.09486379,-0.32152486,0.030898541,-0.054972008,-0.026313163,0.0037460625,-0.029332327,-0.14993733,0.043153685,-0.027752321,-0.022672674,0.04836288,0.032407485,-0.038363703,-0.21127905,0.06482297,-0.12054312,-0.005754888,0.08812966,0.037447713,0.009283647,0.03511703,0.088493064,0.18104725,0.050093167,0.26400095,0.06210942,-0.06601851,-0.22820412,0.119093604
IND563131AAB,-0.8223417,0.975692,0.80083275,-0.6135383,0.5054804,0.49129528,0.23621884,0.10005099,0.10930896,0.30297792,-0.37261033,-0.29936653,-0.08906877,0.0710976,0.0154595245,0.28294644,0.3900491,0.3532585,0.4911909,0.13972679,0.18816864,0.1386343,-0.007767994,-0.5530995,-0.47150642,-0.1739769,-0.61795056,-0.07014528,0.16020483,0.25118768,0.020506889,-0.37206936,0.18308476,0.43350393,-0.18727762,0.12034899,-0.9141047,-0.27666974,0.14490813,-0.31669658,0.034619316,-0.43391764,0.43392244,-0.3249626,0.43771714,0.4123817,-0.042471275,-0.01684437,-0.1213768,-0.017224457,-0.03767477,0.6837627,0.20812616,-0.33640504,0.22869347
IND570020AAA,-1.1955096,0.9621776,0.8201276,-0.46691203,0.6502481,0.16283666,0.21430326,0.19777727,0.051142864,-0.28230396,0.0097879935,-0.015947178,-0.054517195,0.19618991,0.15345371,-0.07507995,0.0017779768,0.38084292,0.5478579,-0.0098304,0.41197374,-0.32442653,0.82153875,0.48798364,-0.24979912,0.19726717,-0.1933087,-0.04305292,0.23248173,-0.4488656,0.030026644,0.18317935,-0.221358,-0.3363276,0.19292119,0.0026805438,0.22794178,-0.4247564,0.14094813,-0.5353852,0.3826248,-0.30086678,-0.80559224,0.078803346,-0.051773965,-0.21146356,-0.34964222,0.15007353,-0.17373148,-0.14799705,-0.30343765,0.48128375,-0.25777146,-0.285881,-0.15581363
IND571111AAB,-0.59699726,0.8098957,0.9019321,-0.32652178,0.48737815,0.1627596,0.14249024,0.07618784,0.0024401993,-0.81219715,-0.13437608,-0.04754938,0.12768567,0.2771206,0.27062616,-0.075010136,0.21256037,0.024812728,0.7963717,0.36799693,0.66629803,-0.23028724,1.194796,0.61324996,-0.3496049,0.23985597,-0.403699,-0.030562371,0.2475069,-0.56757784,0.19427966,0.6503001,-0.23819983,-0.7364557,0.3343046,0.119331956,0.07496509,-0.4788885,-0.04446107,-0.6074957,0.15064467,-0.53108543,-1.0847282,0.019907955,-0.21554944,-0.121344216,-0.3164482,0.06578288,-0.1425637,0.09303553,-0.30247712,0.3371249,-0.10952899,-0.14785601,-0.16502258
IND571213AAA,1.9689487,0.22081627,-0.09913741,-0.058966607,0.19517949,-0.34158635,0.5111024,-1.4616226,0.79427207,-0.0874592,0.9120761,0.5946281,0.8629954,0.13669436,0.80484754,-0.9517057,0.06725787,1.1129273,-0.8093215,-0.5864611,0.5251196,-0.30174658,-1.0168636,-0.24921381,0.25069648,0.4036916,-0.12991238,-0.16573454,1.0267721,0.39774293,-0.20873651,-0.620241,-0.088264525,1.1628009,0.20268837,0.7012238,0.67601776,0.041058503,-0.017421607,0.031530607,0.7567661,-0.44391274,-0.09345826,0.01998967,0.3819227,-0.4779232,0.22138996,0.53217673,-0.74554586,0.7902441,0.23734166,-0.0036511049,0.77608633,-0.012728367,-0.4441182
IND571301AAA,-0.88408613,0.876677,0.89783573,-0.32320696,0.4893728,0.2163116,0.17524773,0.2143212,-0.101749845,-0.64638543,-0.14745767,-0.05529417,0.103084624,0.21417977,0.15822588,-0.05586229,0.12574802,0.23444282,0.8000631,0.056228023,0.67907786,-0.3000405,1.025177,0.51075584,-0.27150947,0.17690066,-0.18994188,-0.18458381,0.2162501,-0.41495496,0.12288422,0.42707506,-0.2556386,-0.52769226,0.35969234,0.109733164,0.04911013,-0.33006996,0.035214998,-0.500588,0.21262611,-0.44589794,-1.0755625,0.077866316,-0.23457116,-0.2682728,-0.33721644,0.03270156,-0.14943187,-0.0063415915,-0.33206385,0.46242484,-0.21549112,-0.3066179,-0.09775177
IND571401AAA,2.1979284,0.19974925,-0.18376364,-0.357714,-0.26557878,-0.3153246,-0.019115543,-0.19536692,0.097998396,0.2888158,-1.1614136,1.253204,-0.67336035,0.010737404,0.3523971,-0.3017408,-0.63074845,-0.20480806,1.1640247,0.8306257,-0.39634567,0.33958527,-0.4281486,0.57794434,-0.14008509,0.012000501,0.56755394,0.041793868,-0.92127794,-0.34692,0.6956056,-0.5763138,-0.29650947,0.184819,-0.4527235,0.5777583,-0.82385576,0.6977969,-0.7509043,0.43841606,0.5351082,-0.17670962,-0.30437803,1.3351536,-0.21493968,-0.4718728,0.07133092,0.13121334,-0.25321496,-0.15716898,0.23681997,-0.24850881,-0.07435325,-0.11947799,-0.57024
IND571426AAA,2.1557217,0.11804056,-0.3176609,-0.007459596,0.22128779,0.040644515,0.68939954,1.5294279,-0.7133519,0.48137194,0.54492146,1.0867057,0.8532527,0.30904162,0.6925967,0.022993848,-0.4244783,0.87992096,-0.18792367,-0.881969,0.046735987,-0.41066995,-0.5227544,-0.27133584,0.4505393,-0.3978767,0.37202445,0.14124998,0.26827943,-0.47769684,0.084193885,-0.22425494,-1.4417361,0.26128167,0.005144395,0.4695332,0.2347984,1.205266,0.18196484,0.34477562,-0.33828607,1.1779379,0.044222802,-0.9032659,-0.13928622,-0.3925885,0.41296893,-0.16336715,0.67108023,0.22305301,0.23641035,-0.5698265,0.18721358,0.92099637,-0.38616973
IND571432AAB,1.9082841,0.12643859,-0.29489008,-0.0005912855,0.22265711,0.022517623,0.6197753,1.4376732,-0.6661457,0.4682079,0.4966359,1.0189136,0.79530674,0.27228814,0.654594,-0.018827666,-0.38567692,0.82648253,-0.18241046,-0.84011626,0.037105672,-0.35442498,-0.5065439,-0.26041716,0.44894987,-0.36394364,0.37197298,0.12598626,0.23587297,-0.43609017,0.078933485,-0.21371375,-1.3287683,0.26183587,-0.032980986,0.46266335,0.19630176,1.1232364,0.1481228,0.32376197,-0.30944732,1.0987723,0.044042636,-0.8848529,-0.113382205,-0.36308655,0.42679632,-0.14569032,0.6356548,0.20433623,0.21558274,-0.559769,0.19052762,0.864295,-0.37808347
IND571438AAB,2.0069437,0.21598898,-0.18639354,-0.3142702,-0.25817,-0.30756155,-0.034449153,-0.19351485,0.07138379,0.26668876,-1.1284635,1.1436263,-0.6219077,-0.045553837,0.32037932,-0.3054298,-0.6189016,-0.17794935,1.1110914,0.81641096,-0.4435691,0.2995142,-0.40624565,0.4892528,-0.16804235,-0.032818794,0.5787821,0.022064641,-0.89078486,-0.32730228,0.6663472,-0.5260365,-0.30303037,0.18888174,-0.45963898,0.6001809,-0.8015904,0.68453634,-0.7263254,0.4206404,0.5765573,-0.19555274,-0.31418046,1.3327198,-0.2190015,-0.4495821,0.020694025,0.124868825,-0.21701904,-0.17900246,0.22820124,-0.24325222,-0.07934731,-0.14784952,-0.5618174
IND572101AAA,-1.2962234,0.97548896,0.83607876,-0.350027,0.6528287,0.33417428,0.1690543,0.34308472,-0.092962414,-0.124101296,0.09197243,-0.13115433,-0.18546575,-0.1064109,0.28154778,-0.07428567,0.29979637,0.047153033,-0.063333705,-0.050000135,0.6017694,-0.20448612,-0.17997047,-0.31184998,-0.3542381,-0.1632667,-0.38269222,0.16324347,0.107317835,-0.41007203,0.27406582,0.098728895,0.3540375,0.13081178,0.43860763,0.5280958,0.44686612,0.26817608,-0.27748945,-0.061269548,0.35902497,-0.19487917,0.1800957,-0.12884964,-0.18587452,-0.03786528,0.39217466,-0.08404321,0.10035533,-0.60640854,-0.23414291,-0.43275312,-0.028980497,0.4425133,-0.16391078
IND572201AAB,-0.80339813,1.2265606,0.7598853,-0.44206303,0.6463597,0.35954025,0.42621884,0.29905632,0.3111782,0.044188023,-0.27577686,-0.20330904,0.06720942,0.22275475,0.15397157,-0.79066175,-0.40407482,-0.5739347,0.7378191,0.42189127,-0.17196062,-0.0040303525,-0.5707204,-0.28926447,0.23764785,-0.073719665,0.13416742,-0.36497384,0.4436797,0.06001533,-0.6078268,0.03818305,-0.021962896,-0.8614315,0.024321698,0.37885278,0.15056506,0.17571357,-0.16617884,-0.48200023,-0.1267288,0.14998245,0.0600792,-0.08126257,-0.7608997,0.004874911,0.42600387,0.3026811,-0.20939827,-0.33508912,0.38390684,0.0778056,0.26512417,-0.18967193,-0.43477547
IND573103AAA,-0.7734617,1.1614101,0.7431481,-0.52286386,0.6666581,0.3702978,0.4122021,0.34762627,0.20787105,-0.10533373,-0.26855534,-0.28148723,-0.11377441,0.21545686,0.18773809,-0.70737267,-0.4083423,-0.49560866,0.7266468,0.36458468,-0.27341932,-0.033084467,-0.57736564,-0.32855576,0.14704406,-0.18636271,0.032915898,-0.31987572,0.38921583,-0.0046209283,-0.64879274,0.007177267,-0.15534298,-0.7874676,-0.001000978,0.45007306,0.09720565,-0.016779054,-0.4602158,-0.4982922,-0.046380892,0.10027857,0.13012932,-0.07144496,-0.7833616,0.022298448,0.40561318,0.46202913,-0.10922049,-0.54789394,0.3782045,0.16416463,0.18123567,-0.27660966,-0.4886477
IND573201AAB,-0.9948211,1.0305265,0.7163991,-0.40326905,0.6534797,0.31193572,0.33593938,0.2369822,0.13033581,-0.18907857,-0.2504568,-0.1855608,-0.042393684,0.10851892,0.2670884,-0.58497065,-0.336459,-0.475907,0.52695394,0.3423707,-0.07338351,-0.06596711,-0.34744152,-0.17921427,0.0071855783,-0.14138111,0.05064273,-0.37389004,0.52221423,0.11166118,-0.5807341,-0.05291772,-0.14851664,-0.67714393,-0.090046115,0.4115023,0.16808063,0.15957424,-0.32743493,-0.46984893,-0.014663607,0.0685354,0.15379226,-0.11618146,-0.6302481,0.2355505,0.17429619,0.22973785,-0.080202416,-0.3799392,0.34261927,0.06591133,0.17059128,-0.2177112,-0.32963467
IND574104AAA,-0.97680235,1.0683842,0.8678967,-0.34492552,0.669502,-0.016621478,0.32533053,0.1607238,0.102767035,0.09341938,0.28483677,-0.04744816,-0.24740273,0.21305777,-0.027677028,0.31687245,-0.1084601,-0.33289903,0.4778661,0.16668934,-0.26980165,-0.42078322,-0.40462282,0.12559873,-0.3084705,0.15429735,-0.28118333,-0.3182751,0.26475763,-0.17045707,0.23581827,0.3144638,-0.115017325,-0.15449049,0.5507586,-0.32517534,-0.062269967,0.50779295,0.4622316,0.030088503,-0.07443007,-0.71120673,0.37941855,0.21619605,-0.44618034,-0.045740306,-0.8905557,-0.54337054,0.11965242,-0.01879352,0.3018884,-0.39184737,-0.34613675,0.06878214,0.116922185
IND574117AAA,-0.50126684,1.131334,0.7849102,-0.09488694,1.0323887,0.031086706,-0.100340895,0.40703225,0.0654556,0.19630408,0.21387374,0.45834357,-0.26264238,0.24181752,-0.16007464,0.049375627,0.09359042,-0.13400252,0.36276907,0.050095707,-0.8370788,-0.31847826,-0.64243406,0.3550874,-0.45611197,-0.24907534,-0.31243235,-0.25442272,0.31989026,0.14511926,0.2935722,0.68719774,-0.12922904,-0.052495077,0.9549124,-0.60672975,-0.23103079,0.50060207,0.082456514,0.04429116,-0.26381427,-0.15831468,0.08782785,0.22137894,0.21533206,0.19624436,-0.52350044,-0.32225913,0.42164335,-0.033523556,0.25664264,-0.26487806,-0.33008286,-0.0732076,0.4451922
IND574202AAA,-0.19628203,1.0714638,0.79861605,-0.274261,0.8582587,0.121625334,0.28242725,0.6637519,0.21846281,0.11934272,0.69578755,0.23305486,0.28472027,0.19945131,-0.3771447,0.22940178,-0.22458075,-0.05186268,0.06711716,-0.17789553,-0.76397645,-0.3553132,-0.22224614,0.40617636,-0.020477787,-0.794907,-0.34753883,-0.2847036,0.594857,0.051546052,0.13897635,0.68955046,-0.25209615,0.25414973,0.7222744,-0.53526825,0.3135836,0.11958648,0.49835566,-0.0017317869,0.047302276,-0.5001215,0.49247557,0.34059164,-0.64644206,0.06898722,-0.39034587,-0.71749634,0.7456811,-0.48767602,0.47504812,-0.22690177,-0.30969903,-0.31037873,-0.13932666
IND574211AAA,-0.5033423,1.1109613,0.7807404,-0.2791329,0.77528846,0.02222927,0.27982703,0.48054045,0.16686814,0.071923055,0.5797537,0.30226463,0.11515632,0.21573047,-0.2492735,0.2742638,-0.12919989,-0.07659997,0.1525989,-0.09121342,-0.68415844,-0.33381322,-0.3761193,0.4566307,-0.19964309,-0.70786977,-0.39320022,-0.17519616,0.5780953,-0.028182335,0.16348048,0.74358046,-0.20849505,0.14986876,0.6423514,-0.5671603,0.27320686,0.14573626,0.36625913,0.043493018,0.045336455,-0.38314164,0.36563933,0.23317222,-0.51124847,0.04597515,-0.32974625,-0.49073565,0.86711323,-0.34235376,0.40475714,-0.101971515,-0.19855508,-0.37698123,0.14661388
IND574216AAA,-1.2083372,1.071934,0.8353057,-0.3225905,0.65451735,0.06921551,0.32319537,0.114602655,0.1407,0.113169186,0.29320294,-0.1075784,-0.16987798,0.19655742,-0.036751308,0.16618282,-0.049868066,-0.3863349,0.36862636,0.1406739,-0.27712965,-0.3325464,-0.2272127,0.12619482,-0.21975046,0.05619423,-0.25466174,-0.18021503,0.2512228,-0.05615689,0.21149537,0.32739896,-0.18074983,-0.038544208,0.47082877,-0.2166646,-0.09840917,0.37845415,0.39755347,-0.04171526,-0.07288553,-0.59190905,0.22079074,0.17073673,-0.16147143,-0.084963135,-0.681469,-0.5347181,0.1306783,-0.085449085,0.26659274,-0.3520371,-0.29388306,-0.042571146,0.21587479
IND574221AAA,-1.6778047,0.9618586,0.7512146,-0.36899763,0.6654832,0.18619624,0.21451229,-0.023997165,0.2755503,0.049237303,-0.22130112,-0.16303572,-0.1470768,0.16048494,-0.022696242,-0.037497453,-0.04540016,-0.051086657,0.020993765,0.11902864,0.27202216,-0.0096811615,0.075482264,0.18651831,-0.10137234,0.044327125,0.057960004,-0.09175801,0.024720684,0.11808778,0.091657214,0.15101302,-0.14360642,0.12658945,0.15560561,-0.073660016,0.0900617,-0.13637933,-0.08199535,0.13291407,-0.11997135,-0.057680175,-0.066269584,-0.17303911,0.20620906,0.23107228,0.040542275,0.082968876,0.16676079,-0.29217765,0.007406026,-0.02600982,-0.17318814,0.04048276,0.15763223
IND574227AAA,-0.8674393,1.0420533,0.79548895,-0.25466865,0.6812404,-0.045984313,0.22914805,0.3792593,0.1349326,0.0447971,0.33762342,0.17510895,-0.17428024,0.11008849,-0.13194486,0.24426956,-0.20875256,-0.39081895,0.49454927,0.16683406,-0.42128754,-0.41798067,-0.54191685,0.12712945,-0.26948476,0.06935611,-0.5058358,-0.19695699,0.25378877,-0.1199114,0.37284398,0.49485648,0.013287822,-0.21362676,0.5615775,-0.48495674,-0.045958493,0.43502575,0.46473208,-0.007844716,-0.034428924,-0.59302324,0.23221359,0.07707098,-0.29492342,-0.08038744,-0.7754942,-0.4480626,0.08858448,0.11081021,0.24580815,-0.6145667,-0.4837328,0.19790892,0.09586125
IND575004AAB,-0.95402163,1.0697632,0.8541795,-0.24909097,0.78178406,-0.09018476,0.29127365,0.32119066,0.030610517,0.3061452,0.3034889,0.35067165,-0.07282191,0.17285216,-0.2493569,0.11057779,-0.113942415,-0.13813193,0.31819928,0.13475698,-0.51798457,-0.18874264,-0.46026075,0.18227279,-0.2246911,-0.23027706,-0.40043256,-0.09819381,0.40110618,0.084065214,0.1525409,0.37505877,-0.010796197,-0.12743795,0.75488234,-0.4385426,-0.15022933,0.33302563,0.21388926,0.101576015,-0.15139546,-0.32246926,0.14088655,0.13974509,-0.09560089,-0.19973907,-0.6332528,-0.37257078,0.18647684,-0.17209479,0.21098927,-0.39389506,-0.27133504,-0.13547163,0.1939236
IND575014AAA,-0.8309407,1.0243912,0.73688126,0.36124235,0.7620054,-0.61483705,0.2796137,0.39670175,-0.1804149,0.1841985,0.374757,0.82871366,0.018596299,-0.15023074,-0.5587178,0.36138427,-0.2963046,-0.21782127,-0.017458942,0.639836,-0.5141814,-0.13174151,-0.42831412,0.3324564,-0.33519006,-0.55632186,-0.43483678,-0.13282363,0.5471295,0.011671558,0.23391975,0.4781279,0.15593769,0.07707998,0.46437806,-0.12963966,-0.10639098,0.45783395,0.18102431,0.17911333,-0.11165285,-0.16583999,-0.019588277,0.19018036,0.09512011,-0.17727715,-0.4332046,0.118046686,-0.17152187,0.20785946,0.07088387,-0.16099286,0.26121688,-0.12518753,0.21581678
IND576101AAA,-0.60615635,1.0437268,0.8265121,-0.074762136,0.9219786,0.022931272,0.3243684,0.41479388,-0.013798876,-0.016967181,0.12612714,0.19080824,-0.041984297,0.13068104,-0.43049574,0.020108301,-0.16059066,-0.17517631,0.15049867,0.3044331,-0.70403564,-0.4440081,-0.4542301,0.0787112,-0.3069769,-0.22187397,-0.16714251,-0.29526943,0.49027622,0.062212247,0.235089,0.59714127,-0.1649668,-0.02404403,1.0256416,-0.538639,-0.23475298,0.52962065,0.2078256,0.12592332,-0.28060967,-0.156505,-0.09091941,0.4877482,0.23196737,0.24005371,-0.57619023,-0.31575704,0.36605507,-0.005771823,0.1317129,-0.45887476,-0.43176642,-0.054263543,0.39513254
IND576201AAA,-0.3453908,1.2529324,0.7425643,-0.042074583,1.0027198,0.03076912,0.19891645,0.399107,0.055424184,0.17930394,0.115975395,0.3682214,-0.13413128,0.18650292,-0.5239972,0.08343552,0.020052098,-0.24967116,0.2493831,0.25962937,-0.8775937,-0.19342528,-0.6660208,0.12311375,-0.07001629,-0.33119154,-0.1614672,-0.0696454,0.27796847,0.0668003,0.16283502,0.61656165,-0.094099976,0.018850662,1.2189463,-0.6181987,-0.06352257,0.704347,0.2068294,-0.19619091,-0.30478466,-0.2698881,-0.053467043,0.33735523,0.33472788,0.11991532,-0.41118675,-0.31486535,0.29340816,0.1166992,0.17906755,-0.33751827,-0.45368394,-0.15895513,0.41410494
IND577002AAA,-1.1681472,1.1055559,0.7033721,-0.36423546,0.857405,0.1503064,0.28920183,-0.27059406,-0.13332725,-0.03764856,0.07882099,0.35544747,0.2296806,0.14304003,-0.38194272,-0.14005566,-0.29807943,0.17464736,0.15087974,0.33991855,0.38764104,0.20046714,-0.2892036,0.059412695,-0.531169,-0.03443122,-0.1686787,0.47061706,0.2570864,0.13038215,0.20944482,0.36140496,-0.044609644,0.3736195,-0.2062473,0.2846254,0.07148081,-0.21236363,0.20613106,-0.017894875,-0.15395351,0.2635226,-0.0730217,0.35610688,0.037480257,-0.21011525,0.21113028,-0.21972004,-0.10435018,-0.32503614,0.11603059,0.15212727,-0.23142216,-0.048250917,-0.26582465
IND577101AAA,0.29731262,1.0644641,0.7654309,-0.7187812,0.8881894,0.3182958,0.11680957,-0.25086308,-0.5536379,-0.39433974,-0.15617418,0.24744354,-0.25088498,0.024916507,0.23658782,-1.0213219,-0.26758406,-0.23675433,0.7743013,0.101324804,-0.19149476,-0.2154899,-0.08655087,-0.29810145,-0.1584896,-0.2911979,0.07503323,-0.25468653,1.060318,0.09042408,-0.73058265,-0.37869832,-0.36797985,-0.6362572,-0.21434906,0.89603704,0.28422317,1.0106202,-0.5293726,-0.9816362,-0.017439246,0.31855077,0.3137354,-0.035347104,-0.6951509,0.40706846,0.09906277,0.21320209,-0.25529113,-0.37677297,0.061554626,0.01579998,0.44258517,-0.6266091,-0.23509926
IND577116AAA,0.4275416,1.1731341,0.7490519,-0.70472157,0.7843699,0.55179584,0.22590347,-0.26542932,-0.6195756,-0.32687804,-0.09370239,0.2209291,-0.3225087,0.2661149,0.2314479,-0.9213799,-0.3566449,-0.078387976,0.8737666,0.24058397,-0.20163307,-0.32310903,-0.17280161,-0.37209395,0.04944581,-0.4003526,0.18229106,-0.18321624,1.0592841,0.12961581,-0.7332793,-0.53599274,-0.4071653,-0.84285945,-0.31298444,0.82454544,0.40026277,1.0875988,-0.4400477,-1.1685028,0.15277457,0.38664898,0.20704132,-0.12425327,-0.66144055,0.35786095,0.17674409,0.1973632,-0.16002597,-0.44365823,0.15005337,-0.034202017,0.5012981,-0.58641756,-0.2147536
IND577132AAD,-0.09874022,1.0644302,0.8270465,-0.70683384,0.82888794,0.28225583,0.15540415,-0.10992346,-0.33707422,-0.37807354,-0.4494509,0.14523838,-0.13732417,-0.093431294,0.21612072,-0.97718096,-0.30079958,-0.28559896,0.6251531,0.095504925,-0.12162841,-0.25596756,-0.16379032,-0.29013458,-0.1252017,-0.2016696,0.017334953,-0.3287524,0.9242291,0.078337,-0.7859184,-0.28619453,-0.28851226,-0.75164694,-0.06121905,0.7357888,0.33547604,0.7411643,-0.37671396,-0.8411814,0.0128518045,0.18672465,0.30654916,0.09135696,-0.6786639,0.314558,0.08719085,0.2554923,-0.34486568,-0.39355522,0.016814455,0.022550743,0.24207626,-0.5852585,-0.24394038
IND577201AAA,-1.2761904,1.0545026,0.9283259,-0.42390525,0.68921924,0.24783093,0.2958334,0.23252353,-0.07049487,0.2564596,-0.1126011,0.42690557,0.2779101,0.24275257,-0.37643668,0.12378205,0.03834394,-0.09415431,0.09057381,0.13638937,-0.23773023,0.06330852,0.3238712,0.078219086,-0.24753083,-0.07862599,-0.15284261,-0.51555353,0.17733873,-0.29672492,-0.38232517,0.15574661,0.038098123,0.39603603,-0.43231502,0.2852869,0.08957004,-0.111502774,-0.39116445,-0.08223952,-0.01060468,-0.0034847856,-0.0579916,0.18796737,0.14059108,-0.42325214,-0.09379606,0.33328834,-0.18931156,0.08375332,0.48822552,-0.3112042,0.05397052,0.18659247,-0.011189789
IND577401AAA,-1.6950294,0.90236884,0.7489693,-0.3969,0.509262,0.33473155,0.39609224,0.023590147,0.15740338,0.16087851,-0.15480624,0.04100366,-0.06585846,0.23894934,-0.11059867,-0.06492515,0.18841079,-0.08115497,0.2631895,0.09056531,0.30989492,0.021799548,0.19809109,0.022721142,-0.08938615,0.24814647,-0.079124875,0.045739755,0.09634349,-0.24957056,-0.24872884,0.09250323,-0.182222,0.16892482,0.0010844134,-0.104180425,-0.024703512,0.069627404,-0.111605644,-0.06670329,0.09963286,-0.14437148,0.08820428,-0.08700803,-0.11737499,0.00016377121,0.0184469,-0.090453304,0.03937137,-0.14091283,0.00887081,-0.03499331,-0.2303538,0.16664676,0.035640538
IND577501AAA,-1.3952614,1.0566086,0.8315723,-0.48490572,0.6663834,0.30272517,0.20109583,-0.4720608,0.18962593,-0.29624882,0.116148904,-0.0031660646,0.019006772,0.26467097,-0.31372744,-0.030693527,-0.13025832,0.18556097,-0.10294592,0.113971636,0.45997044,-0.022488354,-0.2864786,0.10733734,-0.4739644,0.10095395,-0.12935042,0.40034372,0.36200976,0.034201697,0.20085871,0.28120822,-0.19721381,0.21302426,-0.26111314,0.3600154,0.03404475,-0.12286304,0.2628188,-0.048422884,-0.21370107,0.093224645,-0.066346444,0.45524096,0.01364693,-0.13164836,0.3782401,-0.30598015,0.14276354,-0.50627285,0.084603675,0.08003289,-0.14199114,-0.113510475,0.07830888
IND577522AAA,-1.6788146,0.8437252,0.7424853,-0.45053917,0.60536397,0.3601598,0.30072168,-0.023299597,0.050304346,-0.059504785,0.00096998364,-0.14424628,-0.17589469,0.2327167,-0.036820237,-0.18373086,0.059108995,-0.18238235,0.062037967,-0.0955883,0.07845115,0.08318455,0.0073927566,0.059948653,-0.10052642,0.20098257,-0.03921631,0.029622115,0.2215075,0.02085963,0.028208911,0.05075573,-0.23983747,0.18828811,-0.007332746,0.031232841,-0.19824108,0.03439592,-0.13899155,-0.08562207,0.122736886,0.08021819,-0.18156514,-0.08760162,0.009789951,0.09838325,0.083036914,0.028613627,0.058152687,-0.11993713,0.08322484,-0.21301246,-0.119698495,0.12644377,0.1476257
IND577598AAB,2.405601,-0.34108633,0.123246655,0.05847518,-0.27057317,0.27461305,0.0017414913,-0.5308213,0.3802545,-0.7049331,1.1134676,0.3631004,-1.0790057,0.5579347,0.13451187,-0.045657948,-0.38591912,-0.53934777,-0.51152235,0.8572686,-0.4830894,-0.39819503,-0.49202874,-0.8932378,-0.2871101,0.33594647,-0.50709105,-0.6047589,0.40586513,-0.51401824,0.118052,0.07257413,0.57680345,-0.70782804,0.79786545,-0.610484,0.1947146,0.20508009,0.8542776,-0.109339625,0.07662992,0.36917642,-0.7349717,-0.5860792,-0.5788835,-0.42995661,-0.20110902,-0.2551836,0.57374066,1.3008999,-0.23397668,0.030795012,0.32856888,0.49898067,-0.20014134
IND577598AAC,-1.545991,1.0133876,0.73766565,-0.45667338,0.645951,0.31347072,0.23843968,-0.34784982,0.28405792,-0.12052209,0.06922041,-0.08804242,-0.0025115404,0.23615699,-0.25849733,-0.062287375,-0.13148582,0.06607632,-0.02853603,0.17169964,0.43107817,-0.07216596,-0.23826098,0.09034854,-0.26826006,0.035298616,-0.024451114,0.25577468,0.37515968,0.068053015,0.22080672,0.27110514,-0.17225458,0.06144638,-0.19060081,0.42101097,-0.06856916,-0.1116714,0.16709387,-0.1758162,-0.22740114,0.03628124,-0.08121946,0.35177997,0.24705419,0.009002563,0.22296803,-0.3042785,0.11960435,-0.4986613,0.021445304,0.15658528,-0.13719873,-0.04717086,-0.006794393
IND580028AAA,-1.0190365,1.1376109,0.7394297,0.16598393,0.6306808,-0.1432595,0.4995391,-0.03985075,-0.32578695,-0.01259052,-0.040839978,0.8324933,0.24371932,0.032060906,-0.72659343,0.24559726,-0.28994155,0.1300467,0.1596555,0.5177604,0.006918527,0.001581654,-0.06206318,0.10163781,-0.25174373,-0.29889342,-0.3324163,-0.021957453,0.23151179,0.08844824,0.042693406,0.5927487,-0.10032638,0.37417817,-0.18574473,0.024289206,-0.15842819,-0.070467055,-0.04158941,0.047590505,-0.024766423,0.06195294,-0.07383589,0.08411458,-0.0025681257,-0.3088398,0.042409644,0.37549323,-0.11088736,-0.0007540509,0.43253267,0.043047342,-0.15562572,0.15791003,-0.17600411
IND581110AAE,-0.9145038,1.134243,0.71092653,-0.36640185,0.8241702,0.14313933,0.32643393,-0.011058904,-0.21589972,-0.033630483,-0.008057326,0.31220162,0.3496072,0.26794153,-0.31132153,-0.33032742,-0.31019476,0.1258531,0.15358552,0.40495658,0.6549,0.33144778,-0.41766348,0.20807189,-0.6000409,0.018394232,-0.13231352,0.4937175,0.2887373,0.20892143,0.16208053,0.4871602,-0.084651984,0.48639417,-0.12227816,0.31810653,0.14343241,-0.26343733,0.43646693,-0.18302774,-0.101552695,0.3682993,-0.10994681,0.46163833,0.012054428,-0.041647732,0.16199459,-0.37492165,-0.21303193,-0.086033545,0.080940194,0.41040036,-0.17821512,-0.034547303,-0.38890523
IND581115AAC,-0.9246085,1.1613966,0.6030797,-0.23794916,0.8491064,0.25699204,0.33480343,-0.11150471,-0.11312748,0.029562347,-0.023458045,0.28489923,0.2999912,0.31686312,-0.35583878,-0.30894205,-0.30456668,0.10972813,0.26489836,0.45877713,0.58599144,0.3314553,-0.35754266,0.037601456,-0.5976007,0.01380153,-0.3211274,0.5735997,0.3586132,0.17762455,0.22619727,0.49302322,0.019633926,0.4053585,-0.121211745,0.41580278,0.14555597,-0.34777635,0.34571445,-0.20809968,-0.1600095,0.3482959,-0.24528852,0.5068889,0.05039709,-0.103790745,0.28516734,-0.3879459,-0.17505598,-0.09684919,-0.037927985,0.20905867,-0.24071342,0.10600223,-0.36556876
IND581119AAB,-0.9394535,1.206109,0.6579455,-0.43143213,0.8675581,0.064013526,0.32302886,-0.23283401,-0.15865567,0.053519078,0.052316375,0.3050437,0.50734967,0.20642959,-0.424272,-0.16911693,-0.32163846,0.05344549,0.29135352,0.3872782,0.5558815,0.28213397,-0.3885716,0.019834638,-0.56164604,0.040528566,-0.04695788,0.5975113,0.25353193,0.07889019,0.18004116,0.4174826,-0.022682548,0.35517085,-0.14184591,0.42738074,0.191571,-0.2625267,0.4250078,-0.07931709,-0.13929752,0.30010045,-0.14114824,0.46796036,0.051314212,-0.11035681,0.14673433,-0.21173531,-0.05590662,-0.16791475,0.086491555,0.4051318,-0.114269555,-0.050031047,-0.34397367
IND581303AAA,-0.7153746,0.93454975,0.7014762,0.28409982,0.8460583,-0.61609733,0.242363,0.4507624,-0.42077798,0.188158,0.33829093,0.798647,0.17056906,-0.06920086,-0.59856844,0.39218995,-0.61554664,-0.04140301,0.06443838,0.7068193,-0.5189557,-0.13253453,-0.41728637,0.23522177,-0.7457704,-0.5499525,-0.38696316,-0.17664362,0.350029,0.25143936,0.3189288,0.6382049,0.23691642,0.24113007,-0.013130255,0.1065405,-0.071613476,-0.0065612793,-0.008852795,-0.05448893,-0.22374761,-0.3698614,0.033456832,0.28659073,0.26585877,-0.45323384,-0.30177736,0.14580838,-0.07117033,0.1926915,0.14846078,-0.23029238,0.006448332,0.02073336,0.05788338
IND581314AAA,-0.5851625,1.0415977,0.63538134,0.37506825,0.7444266,-0.41908702,0.1194466,0.4292635,-0.49026507,0.44619352,0.24537086,0.73617625,-0.064668864,-0.30798972,-0.70507306,0.18896474,-0.3859211,0.11130786,0.22106764,0.20179938,-0.7275013,0.011947796,-0.4820033,0.2764708,-0.34199923,-0.30352128,-0.46523,-0.1650524,0.6478331,0.04993148,0.3587954,0.3940586,-0.32515627,0.05483184,0.9179765,-0.09836177,-0.41249242,0.81383014,0.1473917,0.04017098,-0.11735864,-0.0546526,0.2370761,0.4483805,0.08066339,-0.19566698,-0.31147733,-0.060183294,0.12831736,0.3359394,0.2327889,-0.19821432,0.16068687,-0.10801783,0.07219509
IND581320AAA,-0.4737531,1.2651877,0.9389101,0.14114498,0.82796353,-0.15038389,0.21510375,0.56210715,-0.27382046,0.27349433,0.13203579,0.4107123,-0.21929777,0.16313674,-0.46266997,0.024881974,-0.09102467,-0.18203446,0.17424265,0.12923838,-0.8340731,-0.22997664,-0.6552046,0.19019102,-0.1679712,-0.45082787,-0.06839372,-0.31571227,0.64903045,0.046162374,0.31929642,0.4045898,-0.14478745,-0.16404028,1.1553495,-0.45502633,-0.2897336,0.55344915,0.07079867,-0.06790973,-0.177157,-0.23987621,0.09502296,0.2807771,0.1074354,0.023719363,-0.36457843,-0.45967168,0.35568467,0.29896477,0.1415091,-0.24770284,-0.1787271,-0.06958456,0.2127317
IND581325AAA,-0.7929449,1.0650768,0.7774861,0.18596636,0.7395486,-0.4620209,0.1581406,0.24036217,-0.41902304,0.16633946,0.17610802,0.85026884,0.2472886,0.1582645,-0.66367,0.358313,-0.6415219,0.06930778,0.025292216,0.63562554,-0.3258638,-0.0013746142,-0.34458855,0.05388283,-0.70945114,-0.39944878,-0.3858192,-0.18158235,0.38695842,0.410268,0.327752,0.48423326,0.09991727,0.3687002,0.0016366802,0.31511873,-0.061094195,-0.0072201556,-0.10314775,0.0007360503,-0.17359431,-0.16486177,-0.028507888,0.31451404,0.18085581,-0.38268897,-0.22387499,0.32203612,-0.064848125,0.24317634,0.20016083,-0.20627558,-0.10800621,-0.0924162,0.037835523
IND581334AAA,-0.4513551,1.1701027,0.81489325,0.22089161,0.82529956,-0.42465174,0.12389939,0.33344632,-0.38453102,0.30747348,0.23019063,0.75822216,0.011862879,-0.16070078,-0.7324074,-0.0102288965,-0.15030335,0.068930715,0.34658736,-0.017170882,-0.85871524,-0.117415726,-0.73368764,0.16129974,-0.39588827,-0.48224974,-0.13990429,-0.3461488,0.36596686,-0.08183246,0.37377483,0.5747831,-0.31726873,0.05871282,1.0154383,-0.34509474,-0.38845116,0.7005091,0.23698744,-0.23218839,-0.23348302,-0.142137,0.10089181,0.39354947,0.015123673,0.000120930374,-0.374246,-0.36136875,-0.0043343995,0.6110546,0.11674739,-0.26434028,0.043203115,-0.26213482,0.26739252
IND581402AAA,-1.1105881,1.0270483,0.8655648,-0.2260518,0.7675895,0.060709827,0.36015248,0.25784066,-0.24175555,0.30346936,-0.17836712,0.7178686,0.4414672,0.07363304,-0.58925277,0.2165793,-0.08458258,-0.0453216,0.054109924,0.20021082,-0.08401184,0.053942204,0.23599562,0.10383858,-0.3115372,-0.110230654,-0.264838,-0.47284108,0.32531154,-0.13825305,-0.14731279,0.4322738,0.18728055,0.515943,-0.337478,0.1433871,0.0060442686,-0.097125106,-0.35787505,-0.009531833,-0.025975384,0.065976895,-0.15886605,0.2146424,0.13833126,-0.45914906,-0.047634527,0.4668726,-0.20146632,0.08762767,0.60801196,-0.23257983,-0.08869533,0.14133032,-0.09366733
IND583101AAA,-1.3130933,0.98561853,0.92444265,-0.45646566,0.4806233,0.14055446,0.2922473,0.14793499,-0.47474438,-0.19637907,0.0803206,-0.14004141,0.11304149,0.3582487,-0.028396798,-0.14456101,-0.25770837,-0.1456536,0.054943506,-0.21264423,0.5105622,0.1902807,0.023058169,-0.123161785,0.22951032,0.77739567,-0.45292482,0.11150126,-0.50754225,-0.05743566,0.04679413,-0.032078713,-0.49709156,-0.47199446,0.29372105,0.029933043,-0.24083471,0.10684134,-0.4012839,0.020548545,-0.22354904,0.122896135,0.072567135,0.0788488,0.4305851,0.119491324,-0.051364757,-0.03139194,0.18315296,-0.114768304,0.31211653,-0.38157138,-0.0005539842,-0.075218216,0.49204963
IND583201AAA,-0.9440466,1.0222613,0.9365561,-0.5207973,0.5927258,0.13520713,0.2979868,0.27779478,-0.5234555,-0.091833234,0.2650491,-0.14703724,0.18702455,0.39161587,0.19009078,-0.21943443,-0.48502517,-0.24927855,0.028714225,-0.3487773,0.4827236,0.07442537,0.04697822,-0.113966115,0.28228486,0.97711354,-0.37915456,0.08296724,-0.57594097,-0.23721136,0.10553713,0.09409997,-0.3278062,-0.5223148,0.46794507,0.08938432,-0.34748164,0.1104874,-0.6094582,0.084150165,-0.41858175,0.20288609,0.17820132,0.013662167,0.34583604,0.039665557,-0.038393054,-0.1917266,0.36381358,-0.22237161,0.29449046,-0.19432977,-0.05220102,-0.020394687,0.72452986
IND583227AAA,-0.6227335,1.1458918,0.9834908,-0.50434333,0.6193401,0.20301709,0.39322448,0.19922641,-0.4922403,-0.07663152,0.35159564,-0.1932596,0.11661984,0.31531173,0.21156065,-0.23511504,-0.61830014,-0.33392373,0.06620527,-0.38982582,0.45835644,0.15825334,-0.14015266,-0.2601349,0.36040545,1.0746794,-0.36996222,0.25892198,-0.51488644,-0.27789795,0.17468199,-0.021665975,-0.17025088,-0.49289304,0.44930014,0.2146263,-0.3447988,0.10876997,-0.9588553,0.14407358,-0.6204113,0.16831513,0.32979023,-0.0057593733,0.3572148,0.079991356,-0.09791516,-0.4101816,0.5230646,-0.26986617,0.30227494,-0.022694446,-0.09997642,-0.023274552,0.781809
IND584101AAA,-1.0214125,1.4075352,0.007342171,-0.27043575,-0.010831572,-0.05776094,-0.03824585,0.2676205,0.516522,0.0706174,0.49476355,0.20402737,0.45907503,-0.033844363,-0.39857548,-0.62716764,-0.25958836,-0.08975749,-0.35059536,-0.18665174,0.35596496,0.25228322,0.49824038,0.2678023,-0.3483364,0.00014822185,0.012896523,0.41134864,-0.26837486,0.27225077,-0.6353116,0.13236311,-0.32199728,-0.3303212,-0.25407,0.4310627,0.46952924,-0.25838023,-0.4309775,-0.28107095,0.7027868,-0.16742224,0.029535756,-0.36056483,0.23423702,0.14614992,-0.45168793,-0.6024775,0.19335403,0.18984061,0.337953,0.15796569,0.08663884,0.69605297,0.11427853
IND584128AAA,2.0725355,0.07153435,-0.13377121,-0.24757476,-0.09908008,-0.80619454,0.25305495,-0.7924108,-0.37257773,-0.18327564,0.04634291,-0.37857056,0.7650437,-0.44069076,-0.0641219,0.32237595,-0.98560536,-0.0053726137,0.7255487,-0.2538013,0.58987296,-0.46219224,1.2536181,0.65595037,-0.62413484,-0.9781593,-0.024210393,0.42370433,-0.11668036,-0.9229645,-0.58020586,-0.67816454,-0.027400114,0.6876167,-1.1480958,-0.20796286,0.26098132,-0.71511483,-0.49205354,-1.2125317,1.0299922,-0.71340793,-0.22570974,1.1369884,-0.46652162,0.52795833,0.4447673,0.615316,0.23361644,-0.09317682,-0.5670311,-0.113216676,0.07871744,0.040788807,-0.13957414
IND585104AAA,-0.8275635,1.1338454,-0.6992495,0.23975022,-0.65965724,-0.7271584,-0.2407792,-0.009716459,0.2428075,-0.059228666,0.49317777,-0.14759928,0.2048292,-0.11506125,0.16361031,0.59959567,-0.13695376,-0.35428295,-0.138999,-0.7382358,0.35122395,0.16330859,0.14513034,-0.5919606,-0.41784424,0.0010663122,0.07299924,0.30198944,0.21370785,0.20069398,0.43092835,0.16322607,-0.31070712,-0.114383325,-0.21003515,0.658778,0.08934563,0.27474892,-0.51711065,-0.36764866,0.16919988,0.4833496,-0.03900022,-0.26267612,-0.22604755,-0.14108151,-0.22805245,-0.17266616,-0.13661447,0.26450923,-0.037559092,0.17771983,0.08992803,-0.1153823,-0.1979397
IND585307AAB,-0.71488965,1.0848941,-0.7483096,0.25982326,-0.758083,-0.6232302,-0.47312233,0.12344336,0.39308703,-0.009270262,0.7652657,-0.31761914,0.16168723,-0.14335284,0.044264592,0.5646794,-0.15989089,-0.20353565,-0.17069677,-0.8486555,0.49870992,0.1662041,0.22897393,-0.7719766,-0.42127413,-0.035445273,0.067406595,0.51908123,0.282924,0.06869985,0.5813593,0.16223142,-0.26271534,-0.06918126,-0.09766144,0.81949705,0.26785564,0.4937058,-0.5146649,-0.34621716,0.04883086,0.40181786,-0.096855514,-0.3408481,-0.29962635,-0.18092391,-0.26900047,0.034621827,0.07143527,0.07651753,-0.07251714,0.43023762,-0.09672712,-0.101598606,-0.19925421
IND585314AAA,-0.5612192,1.2184068,-0.80218875,0.40339118,-0.7589902,-0.5650525,-0.2287535,-0.25434873,0.17377828,-0.118153736,0.6494198,-0.28821605,0.31907204,-0.072225995,0.17000908,0.8416333,-0.31056482,-0.5936104,-0.4258471,-0.87015456,0.123728976,0.112903476,0.2006487,-0.8994525,-0.5428255,0.009309784,0.056007236,0.38449657,0.0271132,0.15063275,0.5615918,0.24492341,-0.2259754,0.019288585,-0.17532957,0.6892044,-0.049341608,0.5539764,-0.5217056,-0.32382596,0.024722382,0.44876394,-0.17132819,-0.42791384,-0.15987,-0.13278913,-0.2364149,-0.18765843,0.14217739,0.28102654,0.28611925,0.31365183,0.027685734,-0.20643835,0.021328509
IND585330AAE,-0.551697,1.2213846,-0.86131644,0.23421477,-0.6667587,-0.7596427,-0.44941512,0.041153133,0.3362823,0.010431856,0.6250289,-0.12220702,-0.018114937,-0.012646337,0.06325111,0.85543156,-0.120093375,-0.42895463,0.0053096456,-0.71705407,0.32928193,0.2483542,-0.09441392,-1.0975966,-0.61288345,0.35279548,0.009142496,0.4221859,0.24313043,0.31310803,0.18087102,0.25613862,-0.22831413,-0.09117514,0.07716297,0.82247204,0.072774775,0.28731382,-0.520654,-0.26220405,0.20907365,0.22631581,0.03388091,-0.42535427,-0.37415773,-0.05947689,-0.31374267,0.01786105,-0.119703054,0.5999086,-0.18927006,0.39823663,-0.067547604,-0.20665313,-0.063084364
IND586101AAA,-0.45715642,0.6525236,0.8086283,0.46349984,0.9938199,-0.51123357,0.249037,0.08578543,0.1369066,0.43481895,0.61775625,0.035112858,-0.07591489,-0.55499613,0.009756496,0.70492107,-0.08360696,0.28836295,-0.07218751,0.33137584,-0.7862992,-0.41132718,0.19510946,-0.45557362,0.787602,0.67517656,0.30389586,-0.48436946,-0.017394785,-0.12735103,-0.021680504,-0.16921815,-0.007180404,0.43567264,0.6745254,0.37091285,0.7173274,-0.86434,0.028770473,-0.34299088,0.57904565,0.102308385,-0.35643318,-0.41068965,0.03746842,0.3614677,0.31002533,-0.3600254,0.09837863,-0.17482752,-0.34609592,0.09581744,0.08711056,-0.13668355,0.33429354
IND586128AAA,-0.56113744,1.2191876,-0.75582075,0.29636973,-0.7203212,-0.5891801,-0.19364774,-0.15514049,0.25676525,-0.10088465,0.4963677,-0.14872749,0.33472806,0.019705685,0.30955994,0.7686116,-0.3789366,-0.5484872,-0.37215948,-0.79705936,0.17233333,0.04684798,0.26432902,-0.9257392,-0.609162,0.024658427,-0.004862942,0.25366235,0.22935317,0.13202673,0.48707792,0.37711915,-0.19105962,0.04711714,-0.14875504,0.67552596,0.061440423,0.49643552,-0.49856573,-0.47662163,-0.045648746,0.5408722,-0.023764797,-0.21636683,-0.18805006,-0.12586065,-0.13485733,-0.2870819,0.16698287,0.38669327,0.18849507,0.37202078,0.04087921,-0.18608128,-0.19667488
IND586211AAA,-0.44588172,1.3003105,-0.859529,0.43184018,-0.7685046,-0.47456786,-0.16480808,-0.2307955,0.2750085,-0.09320703,0.56732655,-0.23139296,0.27907324,-0.06193195,0.29300445,0.76371974,-0.42757994,-0.7061274,-0.45829237,-0.88842875,0.049046937,0.00026920903,0.32314813,-0.9322216,-0.65228915,-0.055730022,0.13342915,0.20777446,0.09650822,0.07620471,0.57665765,0.42108768,-0.09708024,0.14957227,-0.16226295,0.78761595,-0.11008355,0.47944248,-0.49040622,-0.43726552,0.04686437,0.44682902,-0.12780866,-0.26492593,-0.13998255,-0.16787091,-0.12919253,-0.2626065,0.14462985,0.3606109,0.39846712,0.2581495,-0.003127426,-0.16057605,-0.057869628
IND587103AAB,2.035789,-0.00090692565,0.27264565,0.5553533,-0.16718107,0.1955161,-0.3414041,1.816207,0.9719872,0.049218476,0.5353593,-0.47274107,-0.57067275,0.546677,0.22117059,-0.7455838,0.4177717,0.24837555,-0.5948459,0.36178964,-1.6773988,-1.4499847,0.4262552,0.31657213,0.5089524,0.57600176,-0.1562368,-0.26257068,0.178355,0.39999104,-1.1823318,0.6766892,-0.69576144,-0.44489038,-0.011344653,0.060841024,0.46188453,0.8580046,0.677992,0.04203514,-0.23669264,0.5979643,0.39141282,0.12364224,-0.21563828,-0.14393029,0.13383327,0.5252656,0.49267435,0.041109018,-0.14991845,0.14175141,0.33932316,-0.12590857,0.23285761
IND591102AAA,-0.181018,1.2064253,0.5569819,-0.057543512,0.6029727,-0.3389441,0.59678686,-0.75366056,-0.4185332,-0.1030897,-0.21078174,1.3263402,0.2737209,0.3039562,-0.46543667,0.4377513,-0.61865765,-0.14494883,0.28310835,0.6160035,-0.106061995,-0.14671123,-0.045123287,0.064632766,-1.0646874,-0.46191368,-0.6684447,0.23952018,-0.24218285,-0.025549032,0.057846226,0.70390975,-0.33349556,0.3784902,0.06637641,0.007670749,-0.05814606,-0.1420842,-0.45995718,0.06293296,-0.20410931,-0.019978598,-0.25205055,-0.25540057,-0.4335237,-0.42789772,-0.20370163,0.512351,-0.08317457,0.2232835,0.20856017,0.33115023,0.28689998,0.55868644,-0.07167299
IND591126AAA,-0.100052714,1.1285064,0.55286396,-0.12954657,0.68337345,-0.34058267,0.68004435,-0.90038997,-0.35523438,-0.13813615,-0.096970424,1.3209548,0.48491007,0.27255255,-0.3683676,0.57233965,-0.7229673,-0.14909367,0.31687576,0.54765564,0.025544621,-0.12890705,0.107320555,-0.03728339,-1.2236309,-0.5350846,-0.55667603,0.02738887,-0.20189548,-0.12956145,0.1964796,0.76046205,-0.28261724,0.28951296,0.10989886,0.062178664,-0.019429522,-0.2590798,-0.50016034,-0.01858462,-0.22752059,-0.025102347,-0.2893953,-0.29877225,-0.3177418,-0.34154212,-0.08933392,0.33980826,-0.11635132,0.20028704,0.2792164,0.2443963,0.3280812,0.74607426,-0.13314801
IND591201AAA,0.24246824,0.63503593,0.7705034,0.589141,1.1577977,-0.46597847,0.29087937,0.33386114,0.27168626,0.5850708,0.66977125,-0.017330041,0.06409854,-0.36141908,-0.013355752,0.94296813,0.041641086,0.4473957,0.055227786,0.5728185,-0.9311921,-0.4483688,0.3357211,-0.514869,1.1691827,0.5833434,0.16713077,-0.46957558,-0.1134158,-0.3162704,-0.032943577,-0.1343384,-0.17218584,0.43761933,0.6856094,0.013541028,0.64335024,-1.0955286,0.05312738,-0.386701,0.51347727,0.24194083,-0.42894125,-0.28530943,-0.09189463,0.56410074,0.25054926,-0.3747985,0.0075095072,-0.3176371,-0.3995059,0.43502444,0.17541431,0.3344321,0.23621942
IND591302AAB,-0.9048288,1.2093316,0.7790781,0.17116652,0.7463137,-0.25689188,0.28250983,-0.14746022,-0.60453683,0.08390037,-0.023441091,0.7237303,0.33793452,-0.028783575,-0.82914954,0.24631183,-0.09494461,0.1789185,0.30466074,0.3443849,-0.07516369,-0.17119858,-0.04682263,-0.1504625,-0.6572909,-0.1302022,-0.27326038,-0.042983405,0.5006936,0.30685234,0.12552129,0.4319927,-0.17590888,0.45410258,-0.11845588,0.08690043,0.11207288,-0.19472204,0.04607659,0.23085992,-0.042786285,0.060519576,-0.03657178,0.25015754,-0.1243934,-0.38760772,0.14273316,0.5064186,-0.17840037,0.050395355,0.34690422,-0.120271906,0.15928622,-0.046471152,-0.282914
IND591304AAA,0.080418706,0.70865077,0.8735956,0.5832747,1.0190471,-0.54522836,0.3570574,0.2719077,0.254938,0.5410355,0.78225195,-0.15260103,0.25184888,-0.5487457,0.011026019,0.72026855,0.060926773,0.3605116,-0.019478375,0.6128398,-0.80090535,-0.432507,0.18800566,-0.4185701,1.0956844,0.7075262,0.12842675,-0.56248546,-0.12219102,-0.21690543,-0.165288,-0.12461747,0.054669067,0.6736786,0.49437636,0.37078148,0.78329116,-1.1360233,0.02707006,-0.36898118,0.40960553,0.17713511,-0.5255346,-0.45190734,0.17742349,0.31563804,0.4214908,-0.3341657,0.12856166,-0.35993984,-0.262707,0.27835694,0.2018652,-0.0145945735,0.3529155
IND591307AAC,-0.5444808,1.1869956,0.6622325,0.01492165,0.6017407,-0.20074216,0.536957,-0.5918756,-0.48348886,-0.17738804,-0.25530952,1.0761871,0.28367528,0.11622845,-0.61431396,0.44265965,-0.58255714,-0.115043,0.34535098,0.49820656,0.022533074,0.08076021,-0.0036799833,0.08331001,-0.8491766,-0.5421138,-0.5609137,0.18635961,-0.12698875,0.13370511,0.056342527,0.69141316,-0.1269224,0.3471486,0.041970924,-0.005610537,-0.05751706,-0.041632026,-0.31930435,0.025223792,0.009900071,-0.093058094,-0.28691232,-0.17205699,-0.24077362,-0.40983757,0.095073104,0.46869546,-0.17479989,0.30476165,0.15984933,0.15592179,0.10960488,0.31157485,-0.10544895
IND600008AAA,1.6280268,0.057948984,0.025780171,-0.25486296,0.075405605,-0.28312877,-0.0529716,-0.38818106,-0.59224117,-0.70862633,1.6526868,-0.9239249,-0.07733393,0.558652,-1.2129118,1.4725991,-0.13706934,0.68992007,0.9490306,0.60911286,0.21754628,0.39881182,-0.21540156,0.3255637,0.41954207,0.3056845,0.39587572,0.4226429,0.4619267,-0.18652959,-0.047881246,-0.34879896,-0.0726459,-0.59204066,-0.59905326,0.79122066,0.099051945,0.77097386,0.8861996,0.412226,0.45245007,-0.1985105,-0.12282383,0.37486738,0.2605339,-0.21534199,-0.01457566,0.24623287,-0.09049776,0.1630353,0.63088787,-0.06767491,0.02204052,-0.415805,0.17534007
IND600008AAC,-1.2434602,1.0392755,0.28303307,-0.52222043,-1.1165446,0.21594664,-0.3045356,-0.48346895,0.12009631,-0.16753662,-0.36434662,-0.332318,0.3465729,-0.4126454,0.12657295,0.03629731,0.39907902,-0.08171669,0.43294263,0.3871259,-0.47015318,0.031528063,-0.12897864,0.146928,0.3087896,0.6693242,-0.32805613,0.047691807,0.067949325,0.17035994,0.15271203,0.1315496,0.37010965,0.055757083,0.36933914,0.5193815,0.017416775,0.24195458,0.6736016,-0.019008536,-0.32638043,-0.1795454,0.29733655,-0.12071872,0.05813387,-0.5281891,-0.23517014,-0.16080105,0.0930386,0.23330334,-0.31865925,0.26173902,0.08635278,0.069189005,-0.043545544
IND600016AAA,-0.6250459,1.0808525,0.31767333,-0.67944735,-1.429654,0.355128,0.00703709,-0.6209954,-0.26795623,-0.044493936,-0.35149825,-0.4106809,1.0345759,-0.05018961,0.38347667,0.39015716,0.45749053,0.4570332,0.28187025,0.1012216,0.1813991,0.0032001957,-0.06690665,0.50905555,0.18750806,0.36064512,0.21018627,0.2177452,0.2352872,0.47567576,-0.32167763,-0.11344374,0.10843806,-0.10532914,0.17066684,0.24268447,0.006084785,-0.06149707,0.13600765,-0.058970902,0.07894906,-0.7076673,-0.087698914,-0.14608082,0.48068026,-0.13039958,0.053620636,0.554007,0.96779907,-0.4053042,0.6810285,0.18448904,-0.27602538,-0.025217373,0.0072556734
IND600016AAB,1.6278502,0.06712805,0.0430244,-0.2390863,0.10345887,-0.28595063,-0.09039904,-0.42048752,-0.5264806,-0.6951463,1.6777852,-0.91574687,-0.10768939,0.62768453,-1.1508129,1.5191245,-0.1515514,0.6842027,0.9461776,0.6246523,0.20602766,0.42371714,-0.20134154,0.36641243,0.3879702,0.27729574,0.38521132,0.3977394,0.4239239,-0.20894818,0.007557124,-0.32154793,-0.08440409,-0.5519749,-0.6168184,0.76240027,0.09480517,0.7980908,0.8942431,0.46422842,0.46559608,-0.18426576,-0.13450623,0.38593668,0.24722698,-0.22030807,-0.017088532,0.22246078,-0.13319969,0.19715151,0.60064447,-0.07417465,0.018612053,-0.4428571,0.19673966
IND600016AAC,-1.0465617,1.0640259,0.35900766,-0.5153517,-1.2587297,0.44418794,-0.15980121,-0.5916623,-0.19350398,0.05509761,-0.22983566,-0.38289922,0.64895934,-0.010019632,0.43033668,0.16227016,0.2827638,0.39014232,0.14531173,0.06295809,0.0027613475,0.020357067,-0.061678655,0.57328856,0.15244535,0.35045406,0.06724246,0.14797223,0.10461213,0.48864228,-0.07625499,-0.18391794,0.24179067,-0.106923,0.055386893,0.1550425,0.00903156,-0.11824476,-0.036820635,0.09166363,-0.01976534,-0.50426584,0.010137979,-0.09236398,0.40834385,-0.18486628,-0.10117787,0.35606658,0.8492079,-0.13731894,0.37492314,0.12843773,-0.19035676,-0.025774453,-0.10125896
IND600032AAB,-1.0700839,0.974101,0.27008754,-0.4795906,-1.137919,0.39835262,-0.2680324,-0.21360394,-0.28094473,0.32425287,-0.497805,-0.18775694,0.43206984,-0.09118683,0.5836302,0.0551478,0.1739538,0.1646269,0.19542804,0.2604699,-0.30522892,0.31726462,0.06571458,0.5825703,-0.01755454,0.7443391,-0.13508391,0.10117267,0.33712888,0.036260657,0.13775924,0.17504114,0.45129454,-0.045594573,0.052023225,0.21934019,-0.014782008,-0.11618298,-0.48080635,-0.007353127,-0.093370736,0.1479624,0.36780965,0.18798973,-0.019698933,-0.32063773,0.20302586,-0.27042502,0.029905228,0.06013316,-0.3216145,-0.11618635,0.0060959496,-0.06711447,0.083387345
IND600044AAD,-0.70890534,1.1182199,0.26174742,-0.48386395,-1.2730826,0.5167353,-0.09905358,-0.36803678,-0.17244709,0.40276518,-0.6095232,-0.1294722,0.47836125,-0.029489333,0.6987703,0.15170707,0.16673341,0.1456109,0.14652169,0.18857366,-0.33370095,0.30577415,0.12637952,0.45558864,-0.073890254,0.7907398,-0.25816357,0.15281522,0.11415194,0.0029035397,0.15750444,0.35221004,0.7614857,-0.2366967,0.07746751,0.26530898,-0.13328585,-0.075208806,-0.28893504,-0.3491074,-0.05047915,-0.013669893,0.36265588,0.32307574,0.16947837,-0.11210303,0.12907238,-0.12477886,-0.20789932,0.1649704,-0.25952363,-0.4496712,-0.11029291,0.12326512,-0.057452634
IND600044AAE,-1.2371557,1.1570505,0.2928081,-0.38372517,-0.9341445,0.44373897,-0.42829996,-0.31816554,-0.062364936,0.19366056,-0.31918395,-0.2583105,0.36465955,-0.27223116,0.15234642,-0.010882344,0.48138344,0.41233945,0.27379906,0.13375479,-0.23563811,0.11134702,-0.33589223,0.40009716,0.21991621,0.5411058,-0.09761202,-0.052894264,0.29882008,0.20742719,-0.046724766,-0.056897074,0.087627225,-0.0398629,-0.0872168,0.074042864,0.043992065,0.17383628,-0.048113674,0.070699915,0.011853792,-0.027082399,0.0067841485,-0.07264277,-0.06882697,-0.032956406,0.040842593,-0.032661296,0.36286083,0.09628702,-0.21164556,0.04554365,0.05844944,-0.19432144,0.031416968
IND600048AAA,-0.5680709,1.0770828,0.2545452,-0.48906183,-1.1914221,0.438884,-0.12812358,-0.3183533,-0.1950006,0.47023818,-0.70507246,-0.28716743,0.49149254,-0.25085288,0.58369976,0.062027115,0.26813003,0.042095102,0.24931814,0.23569743,-0.34440526,0.42682657,0.2279486,0.44747674,-0.27766412,1.0118525,-0.06775135,0.18091439,0.20161964,0.17232473,0.1984542,0.48657775,0.595266,-0.16540702,0.05634185,0.27369875,-0.11224254,-0.16955994,-0.442149,-0.40264794,0.13078517,0.044342488,0.47062948,0.4805866,0.022048473,-0.17325412,0.32973295,-0.072155975,-0.2953696,0.15887189,-0.20055406,-0.52450824,-0.5962934,0.08756798,-0.13700023
IND600056AAA,-0.28928816,1.0603123,0.31763756,-0.62760204,-1.1709863,0.2997734,-0.8744295,0.46076548,0.1782058,0.20295241,0.30796725,-0.9313917,0.8498921,-0.8016426,0.5011888,0.24561317,-0.17654076,0.28238466,0.21440773,0.2540267,-0.34367493,-0.44297528,-0.391289,0.34205115,0.23540656,0.38626403,-0.16357177,0.31009853,0.47415912,-0.03798105,0.40732378,0.046182454,0.2632026,-0.28869003,-1.0857099,0.67452157,0.17800745,0.21107434,0.08949454,0.38209724,-0.1309045,-0.13631298,0.15522917,-0.14303467,-0.15432581,0.21582095,0.030263163,0.22235927,0.13805752,-0.19473585,-0.14438976,-0.0516252,-0.36455652,0.39606413,-0.304416
IND600056AAB,-1.3977642,1.0106071,0.30563265,-0.49477637,-0.98744607,0.4032345,-0.23801327,-0.28666046,-0.24180861,0.04663443,-0.1698141,-0.3382874,0.34655106,-0.28773755,0.27214772,0.0047199614,0.29463917,0.19483,0.32359034,0.19890429,-0.33958694,0.075415924,-0.17381397,0.322546,0.18349832,0.30945665,0.09293538,-0.04574567,0.022274315,0.025751054,0.07838826,0.21101242,0.037883162,-0.2855454,-0.22697094,0.18272132,-0.13941476,0.16931333,0.050992884,0.21148115,0.023856878,-0.03344875,0.16074535,0.11536795,0.30402365,-0.07327968,0.11446585,-0.15171379,0.04881053,0.08467244,-0.157999,0.18887305,0.1176115,0.21813989,-0.15219805
IND600076AAB,-1.2041202,0.9812259,0.2840593,-0.52544755,-1.1350038,0.34206718,-0.24815848,-0.13876644,-0.1629258,0.13155374,-0.4952923,-0.27942953,0.44902277,-0.1653567,0.5714399,0.016320247,0.17225954,0.117803566,0.24238405,0.32744497,-0.27246436,0.27746743,0.047546484,0.5591161,0.04437399,0.6126746,-0.054161638,0.09299114,0.31266767,0.087351,0.06590389,0.09663917,0.43001607,-0.007806316,0.051937006,0.19808118,-0.06491289,-0.030640505,-0.41459462,0.013145823,-0.063640386,-0.067925245,0.44688597,0.00034967065,-0.054241985,-0.4103914,0.051423013,-0.2177574,0.20481408,-0.011557378,-0.38128877,-0.14859554,0.08289763,-0.12841664,0.07528129
IND600083AAA,-0.5401169,1.0421491,0.07604468,-0.530906,-1.0497609,0.2695486,-0.72882324,0.16537935,-0.22946444,0.42942733,0.11483062,-0.96961135,0.7829637,-0.76113766,0.44419235,-0.029507946,-0.16270153,0.36799097,0.21176699,0.32755357,-0.43386382,-0.37435496,-0.0007073954,0.2857068,0.25756943,0.6815528,-0.28975707,-0.005503796,0.51026106,-0.0047694743,0.33116728,0.17873427,0.30310693,-0.28934228,-0.98564625,0.51898116,-0.15875465,0.011572838,0.39857998,0.5331163,-0.36631376,-0.22611657,0.11431253,-0.29136172,-0.23471737,0.21879795,0.0026551336,0.25100148,0.33879623,-0.3034315,-0.16899861,0.033086233,-0.39518842,0.41339466,0.08006207
IND600110AAA,-1.0658355,1.1194929,0.32572213,-0.54566497,-1.0048792,0.4412895,-0.47726175,-0.3182462,-0.2352218,0.08961195,-0.17564346,-0.4935127,0.31510735,-0.5883322,0.37175214,-0.11665931,0.52570766,0.19985981,0.3544292,-0.20470783,-0.40074143,0.25634268,-0.01978705,0.2121307,-0.116858855,0.45213932,0.12401901,0.051042803,-0.044636764,0.44987363,0.41055357,0.45337215,0.24040903,-0.43589276,0.20858884,-0.22948062,0.21790072,-0.22612445,0.39028367,0.19469936,0.044393696,-0.1968942,0.1980975,0.120800585,-0.06694381,0.020118553,-0.038818248,-0.01228112,0.42232534,-0.106229566,-0.46703064,0.1583924,0.43545964,0.21694022,0.26276433
IND600116AAB,-0.5891373,1.0363005,0.2071895,-0.53690815,-1.1095638,0.33762714,-0.74962306,0.26549655,-0.04387088,0.4050375,-0.04017499,-0.8344339,0.6975417,-0.65769154,0.2992958,0.06628233,-0.17411228,0.40784034,0.27958024,0.22169362,-0.54798466,-0.36749765,-0.18204507,0.30845958,0.27694368,0.49620032,-0.24553055,0.20823967,0.38001466,-0.048632406,0.46643904,0.1963233,0.16660099,-0.17870446,-0.8105401,0.41147715,0.049765997,-0.0669851,0.19399339,0.5192821,-0.30803633,-0.17649472,0.12368259,-0.121798575,-0.08177686,0.19607435,-0.06358423,0.12918897,0.44096392,-0.23979679,-0.23251577,0.15982848,-0.21415186,0.3198117,-0.10571769
IND600119AAA,-0.76980627,1.0995919,0.3730696,-0.53858805,-1.3452395,0.39813048,-0.039795484,-0.6480721,-0.20264375,-0.08383523,-0.21914242,-0.5410072,0.9184097,0.076230645,0.44759175,0.3501647,0.41391218,0.43218735,0.24161762,0.16440995,0.105258524,0.041394122,-0.08917389,0.5693833,0.22670776,0.35103965,0.05549355,0.1902057,0.19088955,0.47587115,-0.23308119,-0.06826033,0.2622217,-0.19215022,0.15086237,0.29147345,-0.07286228,-0.16182643,0.08072338,-0.023825977,0.032811433,-0.6351535,-0.07957136,-0.12639412,0.4331093,-0.20625675,-0.048237763,0.5263574,1.027623,-0.3075421,0.4762724,0.10512767,-0.18443914,-0.027602028,-0.060470223
IND602001AAA,-0.368881,1.0027212,0.27283764,-0.52565855,-1.142607,0.23227648,-0.55647266,0.2678951,-0.085072145,0.416698,0.017847108,-0.9680844,1.1838126,-0.6566312,0.34123224,-0.17701218,-0.3228038,0.38773263,0.15754193,0.32551247,-0.7152011,-0.42175025,-0.3503758,0.22840658,0.25242013,0.7227676,-0.22197312,-0.14928775,0.40187293,-0.18081823,0.39897108,0.26704994,-0.043264166,-0.04775843,-0.9548009,0.54138386,-0.13693558,0.012242932,0.34144843,0.564388,-0.44117606,-0.14006591,0.2887175,0.01305943,-0.09892802,0.2405152,-0.169537,0.3371999,0.2558194,-0.28992724,-0.16697453,0.17171681,-0.071181476,0.20651644,-0.0633962
IND602001AAB,1.9220315,-0.034887046,0.21984947,0.6223804,-0.14830554,0.0193769,0.37465638,-0.17908818,0.5267997,0.22053882,-0.019857783,1.1288726,0.4818089,0.46659052,0.8895564,-0.44236267,-0.112116605,1.040171,-0.9776904,1.0667008,-0.79700667,-0.6543498,-0.8881255,-0.10151152,-0.6385597,-0.19684108,-0.5917166,-0.3723455,0.8063864,-0.7095022,-0.21941468,-0.6439049,0.55140877,0.23005119,-0.45272204,0.05860921,-0.9457944,-0.27174938,-0.9040971,-0.026455391,-0.5968988,-0.73586255,-0.3618852,-0.37706867,-0.3943491,0.31745565,0.4075185,-0.51303476,0.6056131,-0.19054726,-0.17169131,-0.62328064,-0.29092473,-0.24391814,0.12971072
IND602024AAA,-0.36452067,1.1210289,0.25658208,-0.5297161,-1.1720698,0.32273382,-0.52951974,0.17002961,-0.14439544,0.3040703,0.020766485,-0.9629049,1.0494261,-0.61524475,0.31529367,-0.035769552,-0.3317468,0.3129286,0.39520323,0.29913038,-0.7612358,-0.3571322,-0.16793838,0.22361678,0.18586998,0.63437706,-0.3912763,-0.1587008,0.6664962,-0.09067704,0.47019014,0.3086123,0.09541028,-0.18125509,-0.9041912,0.33138508,-0.032653477,-0.005997224,0.32338214,0.5504214,-0.32587186,-0.12423782,-0.059248395,-0.060515016,-0.32091787,0.21868539,-0.20125481,0.2485924,0.36693776,-0.33152008,0.06814698,0.23240668,-0.13286938,0.33280972,-0.07469018
IND603001AAA,-0.52204144,1.1027237,0.29568958,-0.53159237,-1.336766,0.49609658,-0.15344214,-0.40605772,-0.35043478,0.48171115,-0.7608764,-0.20770516,0.37296203,-0.10759949,0.56950045,0.19985409,0.20353146,0.19628778,0.077971086,0.04596611,-0.39191976,0.2544747,0.2866283,0.33813646,-0.110050246,0.849573,-0.26434523,0.28878152,0.22955789,-0.138953,0.07828226,0.5344057,0.73386765,-0.30793566,0.17986646,0.30375636,-0.20514268,-0.17260785,-0.3821146,-0.518138,-0.16560687,-0.017215043,0.42880538,0.27449512,0.10168181,0.043751106,0.15599918,-0.02723322,-0.20143157,0.45645452,-0.26347697,-0.7475991,-0.094059706,0.04116544,-0.003926754
IND603102AAA,-1.1720215,1.1129868,0.38551995,-0.4613223,-0.88995504,0.347945,-0.46364057,-0.16842255,-0.17668203,0.024753496,-0.36292702,-0.3730482,0.33529454,-0.40611202,0.21897392,0.15397751,0.39453676,0.15366939,0.49324864,-0.17009112,-0.083249986,0.01667245,-0.29131004,0.49501872,-0.25495285,0.6140065,0.27021888,0.100621834,-0.26867497,0.56307966,-0.2557485,0.0008969456,0.07728723,-0.084015206,-0.04627355,0.23276903,-0.69301236,0.43745643,0.08629212,0.04747759,-0.028516352,-0.2832407,0.17038062,0.07974619,-0.04082872,-0.10102233,-0.36409777,-0.08191586,0.20074157,0.15991557,-0.2116517,0.16741234,0.0010268204,0.012625851,-0.5029171
IND603203AAA,-0.627,1.0265085,0.07325981,-0.59587866,-1.3777297,0.44939566,-0.09769124,-0.53437144,-0.056597076,0.527983,-0.70259804,-0.3287136,0.4510096,-0.20364936,0.70245945,0.15620692,0.06464942,0.08307643,0.18733437,0.042827144,-0.24189827,0.24242146,0.0724973,0.4445307,-0.10969796,0.8262559,-0.40602586,0.24596654,0.1962793,0.10160726,0.063840434,0.43694133,0.5113119,-0.1505374,-0.06333248,0.21611257,-0.09621968,-0.31340635,-0.32308963,-0.55586416,0.08078916,0.05600524,0.53737503,0.4544152,0.058039725,-0.12716328,0.3105194,-0.23494259,-0.057584774,0.24003491,-0.24276339,-0.49283895,-0.39146695,0.2269272,0.10179494
IND603301AAA,-0.44349253,1.1369959,0.22817686,-0.5829925,-1.3381747,0.6127862,-0.05371142,-0.41609383,-0.34692216,0.5223137,-0.7987821,-0.07657611,0.35987362,0.04770593,0.5217356,0.11755043,0.09361906,0.291622,0.06884413,0.07165289,-0.39191055,0.3863089,0.19619009,0.30399868,-0.041936416,0.8504965,-0.15734544,0.30111557,0.14578624,0.15327072,0.1731166,0.41907963,0.9589324,-0.34141386,0.13163143,0.43649757,0.018883198,-0.17598926,-0.35099372,-0.4116718,-0.23368326,-0.16329989,0.3407718,0.26200658,0.14288858,-0.049143977,0.19236977,-0.2589221,-0.21342959,0.4434424,-0.28658217,-0.66286236,-0.14823636,0.12539575,0.014755309
IND604303AAA,-1.0262659,1.1689863,0.4186773,-0.45433336,-0.88288355,0.42905048,-0.42502043,-0.06020377,-0.19069307,0.021181222,-0.34481835,-0.34573185,0.33304477,-0.4338317,0.23985468,0.25451165,0.27844912,0.19798759,0.6064386,-0.22217016,-0.030435536,0.08133479,-0.3950347,0.6407411,-0.3319307,0.59556776,0.34414193,0.22446348,-0.45210165,0.5499425,-0.33586726,-0.018045658,0.066204876,-0.12912011,-0.123015665,0.22209288,-0.8948335,0.4841473,0.12851295,0.038534988,-0.020502746,-0.58162063,0.18990335,0.06968433,-0.029870719,-0.2866301,-0.4560849,-0.19318694,0.1806753,0.16691408,-0.32385075,0.013930075,0.066866696,-0.08148931,-0.5697088
IND605601AAA,-0.6960335,1.0890357,0.21604162,-0.5818748,-1.0996333,0.3135547,-0.45863983,-0.5320314,0.12001902,-0.03619154,0.22390166,-0.13692686,0.2831541,-0.18747735,0.13417976,0.20097141,0.5815294,0.29113677,0.34815657,0.25099325,-0.90468556,-0.42414802,-0.33491954,0.7868296,-0.30526537,0.3056538,-0.29689983,0.2747929,-0.16752051,0.22922166,-0.060325935,0.31034514,0.562793,-0.17811783,-0.35543033,0.06019444,0.34056908,0.29469812,-0.06186442,-0.1238489,-0.0018836707,-0.11879435,0.4434264,-0.331043,0.033547714,0.13079439,0.16862465,-0.13541901,0.0011050142,-0.28525788,0.11964668,0.24064723,0.65263265,-0.08305818,0.07391315
IND606105AAA,-0.17880797,1.065686,0.03613802,-0.5296311,-0.9124064,0.43434754,-0.4110627,-0.723828,0.32968485,-0.000834791,-0.07748346,-0.28534395,0.5008112,-0.15617445,-0.18469937,0.14485903,0.7485301,0.560701,0.16796847,0.36267275,-0.8682455,-0.45565853,-0.5352413,0.96254665,-0.47080982,0.60652447,-0.22639565,0.6303653,-0.23709619,0.31183064,-0.3303262,0.39536464,0.7202234,-0.33249903,-0.71564424,0.032773525,0.29653114,0.4706155,0.04283963,-0.11317034,0.06163837,-0.1891318,0.6301247,-0.35244474,-0.095523134,-0.13056663,0.25708455,-0.20934749,-0.15648468,-0.51595044,0.062348112,0.13112134,0.43019772,-0.32015306,0.43048862
IND606201AAC,-0.3078314,1.132794,0.07957707,-0.5130974,-0.9711449,0.43077764,-0.43559372,-0.5406848,0.29066533,0.023363099,-0.0040754583,-0.16635239,0.52462393,-0.10759308,0.07517669,0.09107995,0.765437,0.24547206,0.29074907,0.31996053,-0.922893,-0.53907394,-0.5229736,0.9010397,-0.44395405,0.46139264,-0.12531123,0.56626135,-0.19292822,0.25562727,-0.18831101,0.51275975,0.6643528,-0.1937976,-0.52369714,0.041825503,0.31560418,0.45736164,0.106668994,-0.13399886,0.063846245,-0.2381047,0.54005104,-0.39155495,-0.040325582,-0.10973433,0.34912187,-0.18612534,-0.042330902,-0.4071619,0.06704719,0.026417717,0.5250475,-0.1796429,0.20079385
IND606801AAB,-1.2905555,1.3022968,0.7218431,-0.65197057,-0.14479437,0.59244764,0.09282458,-0.22152913,0.2290652,0.45708165,-0.24742164,-0.04794693,0.08209221,0.16405675,0.8401041,0.1057484,0.3452296,0.16292024,0.11076805,0.19300996,-0.25939536,-0.12192057,0.26414233,0.14576073,0.07476735,0.3915652,-0.16339117,-0.1638043,-0.21441895,0.3170038,0.2007889,0.117688686,-0.13626248,-0.14205134,-0.52633727,-0.08049913,-0.13448125,0.7579121,0.026990011,-0.25992268,-0.00821536,0.058062077,0.09353763,-0.17014782,0.16720179,-0.46640345,0.14737503,-0.1623047,0.42443463,-0.33897856,-0.2744558,0.3539466,-0.14249556,0.16802217,-0.036537513
IND607001AAA,2.0228462,-0.05062342,-0.22405091,-0.43835402,0.038199194,0.142288,-0.4976546,-0.184389,0.6816045,-0.8946946,-1.1408051,0.44466394,0.1837086,-0.84284014,-0.1687053,-0.23301351,0.658169,0.545225,0.40514958,-0.25221038,-0.2204073,0.980885,0.7864917,1.0577297,0.7953462,-0.2763491,-0.7302763,0.7915448,0.94437677,-0.49575794,-0.42552638,0.39770985,-0.74117064,0.24824461,-0.7458302,-0.35875064,0.10689249,0.807348,0.4080132,-0.5525095,0.27894276,0.3673451,-0.56699663,0.06569281,0.43347827,-0.1131137,-0.4172964,0.16570437,-0.60224295,-0.6715371,0.9336112,0.43126172,-0.68958217,-0.40712607,0.47544667
IND607801AAA,2.400607,-0.026121572,-0.5135393,0.8672832,-0.074777655,0.36765805,-0.27805367,0.39919752,0.6916787,0.7971689,-0.058549806,0.764673,-0.20751762,-0.21990497,-1.3993987,-0.41355607,0.022991564,0.46449205,-0.92529947,0.17936276,-0.8202719,0.11932252,-0.0743235,-0.0025233328,0.40358037,0.5276406,-0.1151631,0.72935295,-0.4773612,-0.4997188,0.37085888,-0.11830771,-0.7757224,0.68754447,-0.5422119,0.2766009,-0.21781197,0.27708822,0.3851576,1.328371,-0.4647173,-0.64434046,-0.5600737,-0.66270703,0.28718305,1.1837811,0.493325,-0.66308993,0.7994372,0.34129685,-0.20226292,0.4511645,-0.1905236,-0.08215165,-0.3566652
IND608301AAA,1.3265477,0.094124615,-0.012457058,0.04826452,0.0004440844,-0.086523026,0.012671599,-0.048442,-0.064554736,0.076043196,0.042064622,-0.004572913,-0.040853888,-0.03572516,0.023803094,0.03812175,-0.028771821,-0.025999784,0.0020217174,0.02049942,-0.012293428,-0.01979047,-0.02180823,0.048225522,0.0043241233,0.061910495,-0.071920134,-0.06337529,0.04166764,0.017560735,-0.008051112,0.0109472275,-0.043839894,-0.030506998,-0.055453874,0.059224024,0.017019972,0.06419168,0.030230358,-0.06881209,-0.052516654,-0.04984799,-0.055029653,-0.10542132,-0.0066921264,-0.019815803,0.12914978,-0.096776165,0.004404541,0.054214455,-0.06592052,0.062998794,0.011161987,-0.09745,-0.14902252
IND609001AAA,2.2032804,0.006490454,0.22705136,0.6723651,-0.22314858,-0.0024056435,0.37522188,-0.18230277,0.56312984,0.21670076,-0.06702094,1.2281005,0.44695282,0.52154535,0.9889161,-0.48124516,-0.13678566,1.0826999,-1.0931135,1.1047591,-0.8388189,-0.67748475,-0.92308545,-0.11014257,-0.6595204,-0.20792574,-0.59620607,-0.40311652,0.870738,-0.74265313,-0.20627263,-0.6907026,0.55619955,0.1921507,-0.5012768,0.0687345,-0.9961551,-0.28353637,-0.9847264,-0.007904004,-0.609957,-0.80416006,-0.37969446,-0.39399368,-0.40346467,0.32273197,0.43121135,-0.5406999,0.6385629,-0.19714236,-0.19826774,-0.59158814,-0.29657924,-0.25656518,0.14936362
IND610001AAA,-0.45336592,1.0538836,0.45496503,-0.4945829,-1.3965305,0.4918411,-0.02742604,-0.50818986,-0.10537107,-0.47729915,-0.37716347,-0.20936036,0.41618812,-1.0022254,0.5116608,-0.6552662,-0.06659149,-0.12826416,0.7941682,-0.15755987,-0.1294162,-0.34905308,-0.19141746,0.30517244,0.48174876,0.28018734,0.20943081,0.16064103,0.32441336,0.053151175,0.19624208,0.2426692,0.729535,0.44006944,-0.06425745,-0.079815134,-0.5044741,0.24897514,0.04846032,-0.15943117,0.49241084,0.47819775,-0.064509265,-0.5202633,0.47613037,0.10741532,0.25198054,-0.16880542,0.42763484,0.38543397,0.08011125,0.21202683,0.14007773,-0.16636671,0.35786438
IND611001AAA,-0.38697362,1.0575114,0.31247798,-0.32555518,-1.2567937,0.51492846,-0.027842632,-0.63232595,-0.33114606,-0.46756893,-0.21015629,-0.29191744,0.2893396,-1.2831491,0.57968795,-0.6067301,-0.1342482,0.15152243,0.86067,-0.20764562,-0.2235255,-0.4148115,-0.21458629,0.5230543,0.40621358,0.25585234,0.2267591,0.2874812,0.259418,-0.11413613,0.15020265,0.2706046,0.85246575,0.547405,0.051166706,0.0012363456,-0.59596545,0.4043855,-0.047024384,-0.1892079,0.5106214,0.530597,0.02043613,-0.7854088,0.41657174,0.3065689,0.36496806,-0.11804173,0.41105366,0.36835366,0.09238216,0.11117663,0.04923204,-0.052970957,0.10961416
IND614620AAA,1.7888948,0.033380643,0.07547089,-0.006849773,-0.10949155,-0.3257391,-0.12516941,0.24534088,-0.7115142,-0.59417516,1.1551476,-0.6579235,0.23021159,0.0063516125,-0.6359813,0.6314267,0.16534561,-0.84069407,-0.16657126,-1.056073,-0.089952596,-0.30004272,0.088841975,0.3764271,0.004778235,-0.32546887,-0.6721124,-0.31427258,0.9393359,0.40788662,-0.4060642,-0.010812962,0.44724384,0.6187524,-1.013059,-0.4777316,0.2539799,-0.7087374,-0.92350435,0.44486564,0.15234043,0.28636855,0.0922742,-0.107302025,-0.15671483,0.19078013,-0.0487476,-0.062459327,-0.269565,-0.20546141,0.80873156,0.0897975,0.23740889,-0.012731705,0.098821506
IND614804AAA,2.3553514,0.3475002,0.7949512,0.4745685,-1.3291531,-0.84549356,0.12378278,0.7453359,-0.49351895,-0.8472882,-1.1097147,-0.71146464,-1.0989661,0.21705307,-0.10664633,-0.16565824,0.7556673,-0.0009993091,0.026340565,-1.4427692,-0.24259815,-0.43120405,-1.1664912,0.15585022,1.3506205,-0.23067883,-0.09231875,-0.28858513,0.45299512,-0.1903672,-0.009128556,-0.7926059,0.24313554,-0.38050205,0.44501972,-0.6300882,-0.36435488,-0.365269,-0.1566164,-0.5132829,0.78070164,0.007941514,0.49411133,0.37891883,-0.023284107,-0.34660864,-0.50757265,-0.17890084,-0.32173878,-0.08423956,-0.21342747,-0.31944144,-0.32053092,-0.5097357,0.14375748
IND614809AAA,-0.32079244,1.0856423,0.17409018,-0.5678679,-1.3629276,0.6922709,0.027916761,-0.49438715,-0.15145981,-0.46458894,-0.2954687,-0.16314703,0.54428536,-1.2424145,0.6173047,-0.6638752,0.10729486,-0.12049368,0.77500176,-0.20500204,0.10205757,-0.5183302,-0.12696499,0.18955204,0.6980385,0.19195768,0.14476071,0.10617894,0.21394031,0.1602884,0.21495914,0.2629145,0.7768439,0.3910731,0.053271674,0.0141809955,-0.5591116,0.21656011,-0.02152042,-0.025174838,0.5505433,0.48617643,-0.17718795,-0.5651842,0.42555207,-0.09201293,0.22496812,-0.19837129,0.36343905,0.42817685,0.16967596,0.20858201,-0.19777235,-0.12746465,0.30733454
IND620020AAA,1.9715804,0.101495236,-0.2154313,0.26882368,-0.20796877,-0.07247341,-0.06312566,-1.0102644,-0.4536879,-0.7090129,-0.17015353,0.15639137,0.6927616,-0.1744745,-0.570072,-0.31494725,-0.25347623,-2.089512,0.4142763,0.6650275,0.18117666,0.29557988,-0.8069376,0.10786159,0.04931061,0.065715685,-0.1928472,-0.6971628,-0.0015963987,-0.35765254,-0.06333858,0.7473053,-0.56113327,-0.60470015,-0.33718982,0.73155195,0.25843453,-0.24533641,-0.77055836,0.44560474,0.6579554,-1.7792023,-0.10047614,-0.89168423,0.21340229,-0.07397154,-0.13253003,-0.5214558,0.4123911,0.14570159,0.31103605,-0.3421469,0.083030105,-0.82973033,0.5007163
IND621010AAA,1.9633929,0.0021181665,0.16344213,0.16990907,-0.14453325,-0.030650504,0.004683852,0.1532658,-0.28146672,-0.21998233,-0.4543193,0.01525249,0.6966464,0.09359971,-1.1889604,0.25207588,-1.0023879,1.033343,0.1339798,-0.7337753,0.35396588,-0.6206043,0.5144277,0.5257177,0.080379136,0.56985784,0.72426856,-0.08155689,-0.49030071,0.44948328,0.3962965,0.41331926,-0.8897116,-0.32202947,-0.5246414,-0.6044703,0.23910952,-0.17350158,-0.3536481,0.089923345,0.32017606,-0.13726766,0.85408986,1.0710273,-0.16206908,-0.07930583,-0.31402302,0.33133012,0.24204841,0.62174857,-0.07654157,-0.072924614,0.057749197,-0.32043108,-0.07297765
IND621211AAA,1.8525232,-0.038320526,0.16031408,0.15424581,-0.019706488,0.047705784,0.069627054,0.3618526,-0.335613,-0.38463527,-0.54649985,0.040937215,0.74372756,0.0122516975,-1.2483405,0.4178359,-0.9185449,0.8924267,-0.026170757,-1.0723605,0.37820935,-0.6747259,0.5043411,0.6757549,0.1374858,0.6018217,0.65776116,-0.030530166,-0.4375447,0.49458498,0.40076542,0.51550597,-1.0068287,-0.15116312,-0.40445766,-0.3211215,0.27275476,-0.0076521877,-0.41566932,-0.03285909,0.49077177,-0.12056233,0.708666,0.9667332,-0.18746513,0.101524115,-0.18716179,0.40037876,0.24790977,0.5005171,-0.19121228,-0.10510302,0.18014012,-0.11441165,-0.10531525
IND621212AAA,2.0409622,-0.004315257,0.15107667,0.097069725,-0.09263001,0.049812943,-0.051049925,0.18640688,-0.35182583,-0.448111,-0.66342676,-0.034778982,0.50820374,0.08481763,-1.1084923,0.39382017,-0.9674313,0.8681135,0.27152425,-0.7422992,0.32042918,-0.5827451,0.5729529,0.3685732,0.33451855,0.8578719,0.6504165,-0.053416014,-0.3257289,0.22411002,0.2877534,0.28285676,-1.0694137,-0.14232291,-0.4729215,-0.40176147,0.17123166,0.031767454,-0.48788846,0.22902738,0.28186765,-0.1030992,0.60955995,1.0117474,-0.3722039,-0.029048413,-0.15989669,0.4031325,0.2517986,0.58855206,-0.0550272,-0.17463884,0.1377394,-0.1944011,-0.110066116
IND621306AAA,1.7365152,0.032351404,-0.056583464,0.11180031,-0.044074573,0.06144461,-0.12033919,0.32934394,-0.11215271,0.633733,0.020180449,0.08943166,0.1851641,0.6650062,-0.034458145,0.17063011,0.21486016,1.4083877,-1.0117432,-0.8401051,-0.9362367,-0.045449674,0.9036495,0.10267384,-1.3535419,0.18908739,-1.243284,-0.16265514,-0.74189705,0.34526753,0.2351432,-0.16162047,0.4738638,-0.30012792,0.7946807,-0.11788239,-0.675582,0.09717369,-0.07661286,0.037334014,0.59606516,-0.17790495,0.27010095,0.044647977,-0.021481067,0.04462061,0.08921255,-0.031469353,0.24277966,-0.37375546,0.54421467,-0.01715625,-0.31894633,-0.049943034,0.09508702
IND621802AAA,1.817098,-0.001708664,0.11392823,0.10103077,-0.035741523,0.041315645,-0.118847854,0.059796177,-0.2884125,-0.45563114,-0.5891321,0.037498325,0.7684962,0.001097098,-1.3287541,0.19015348,-0.9944073,1.0412972,0.07815704,-0.6226606,0.38764608,-0.7225933,0.42328066,0.5111383,0.12808557,0.7026625,0.8107757,-0.059617415,-0.35662484,0.27963674,0.3166703,0.4179947,-0.9001056,-0.39865243,-0.42332026,-0.5520897,0.23073462,-0.11738771,-0.32733804,0.1573367,0.28459084,-0.11351207,0.80016595,1.1508203,-0.24470955,-0.07343361,-0.20756425,0.32296285,0.26601547,0.7087933,-0.08681537,-0.07712011,0.03823409,-0.31029928,-0.15158394
IND623315AAB,1.8305134,0.026741855,0.059772328,-0.016107753,-0.17423296,-0.31027445,-0.041418754,0.2143578,-0.53497905,-0.6266658,1.1758555,-0.55200386,0.019416638,0.041527316,-0.7817454,0.48225418,0.12646206,-0.8548763,-0.2809065,-1.203574,-0.21608359,-0.3837538,0.10683858,0.28969997,-0.04942797,-0.17806023,-0.6930506,-0.27075619,0.94515663,0.3472275,-0.30569318,-0.08251232,0.6723083,0.5240093,-0.79901063,-0.47048724,0.39716843,-0.74045765,-0.7761431,0.50938165,0.16920152,0.31378996,-0.023464285,-0.09549099,-0.029031351,0.18962713,0.03407605,-0.14335012,-0.18517078,-0.43293357,0.8232259,0.13330999,0.14864606,-0.05389944,-0.08768022
IND623407AAA,1.7682885,0.023990951,0.05048397,-0.026578344,-0.091558985,-0.3409574,-0.15084802,0.25687012,-0.70501953,-0.59832615,1.1426103,-0.6584281,0.22509556,0.00814794,-0.63981664,0.64337945,0.1867802,-0.85968053,-0.14179946,-1.0378857,-0.10574936,-0.3105051,0.059807133,0.34362414,0.0013638884,-0.37321502,-0.6795586,-0.30975652,0.9074181,0.40316087,-0.39729315,0.014978886,0.44639325,0.63606644,-1.006377,-0.5039509,0.28531343,-0.73830825,-0.93157613,0.4649979,0.18637383,0.2665711,0.09023682,-0.111661345,-0.12580746,0.20858926,-0.07900667,-0.048026018,-0.28940663,-0.22295281,0.8371878,0.08334356,0.24876305,-0.006249603,0.08207053
IND623503AAA,1.8230911,-0.012369249,0.36508468,-0.035748407,-0.2429238,-0.35021567,-0.050463684,-0.1866417,-0.6806915,-0.57010186,1.1194851,-0.62362134,0.39560854,0.0095395595,-0.92604506,0.45061573,0.05539546,-0.70453215,0.081293814,-1.1332827,-0.114114165,0.06454337,-0.023767553,0.7815174,-0.34003007,-0.35393396,-0.6615831,-0.42474532,0.77129954,0.6654911,-0.25229508,-0.5509432,0.7703686,0.5637939,-0.7917159,0.05018042,0.011318795,-0.5310272,-0.98973906,0.25214028,-0.19778854,0.3356728,0.26392958,-0.14193705,-0.15284014,0.4015946,-0.023944333,-0.32816875,-0.28764072,-0.14814894,0.1949284,-0.1043056,0.37442493,0.009868957,0.072276056
IND623526AAA,1.8127414,-0.033051465,0.49098054,0.024847075,-0.24702072,-0.38125995,-0.048160523,-0.20200536,-0.62458223,-0.7147144,1.1053866,-0.65684724,0.4547015,0.078947544,-1.0710104,0.40318257,-0.18563125,-0.61960137,0.16047324,-1.0785141,-0.06017054,0.12336305,-0.059300534,0.80519724,-0.36970007,-0.46821624,-0.6141881,-0.42859685,0.7363604,0.6969991,-0.152058,-0.6353808,0.88012326,0.5210028,-0.7698683,0.23483194,-0.17775196,-0.5102016,-1.0035114,0.2817529,-0.1672411,0.40676144,0.32966417,-0.07318635,-0.20467424,0.40408978,0.18393312,-0.28837454,-0.270733,-0.11696198,0.031003319,-0.09631972,0.39068252,-0.0640813,0.13443401
IND623701AAA,1.8161076,0.0034002438,0.29321724,0.024016544,-0.16821653,-0.38302663,-0.12758924,0.09598632,-0.561474,-0.71502995,1.2056379,-0.70515823,0.33619687,-0.024504986,-1.0088471,0.46776846,-0.24474172,-0.7296201,-0.10699454,-1.1544933,-0.19842157,-0.18724519,0.13268685,0.55297226,-0.16268164,-0.39349517,-0.6182674,-0.299006,0.84960324,0.3776852,-0.31594223,-0.34932297,0.7372135,0.5332212,-0.6769422,-0.09463476,0.019834027,-0.63378376,-0.81562936,0.479358,-0.060147934,0.5443499,0.19361037,-0.061789647,-0.18558756,0.21870597,0.13003843,-0.17774433,-0.24885514,-0.2478455,0.3697121,0.09822522,0.23185973,-0.1094899,0.030255564
IND624001AAA,2.4493618,0.06130819,0.62445843,0.5527961,-0.58315897,-0.089668915,0.33420667,-0.7869481,0.3966226,0.43857032,0.51312065,0.018505324,-1.0471911,-0.25172883,0.24967949,-0.72321975,-0.25771424,-0.9284042,-0.30941105,-1.044213,-0.29902107,-0.9606619,-0.85574335,0.44451717,-0.20825663,-0.15126564,0.5290527,-1.3829646,0.6198304,-0.54796153,1.550123,0.23981151,-0.6425098,-0.5159902,-0.17947462,0.44247037,0.66247076,0.2491043,0.5168675,0.027088067,-0.10519405,-0.22889656,0.46391663,0.78694654,0.68037456,0.50024915,0.2600441,-0.18921345,0.1377396,-0.52509564,-0.063299626,-0.031491138,-0.33176532,0.43575662,0.12597762
IND624601AAA,2.2247205,-0.14241484,0.6457764,0.21251895,0.34448627,0.39911637,0.5372076,-0.8825532,0.048985906,-0.5413459,-1.2713771,-0.28496677,-0.70872045,0.4137944,0.78267634,1.149993,-0.3092641,-0.9186019,0.21623753,-0.26572347,0.6554809,-0.914155,-0.33310562,0.6869211,0.16383189,-0.18263048,-1.1650963,0.14106926,0.1268381,0.5813722,-0.49034035,0.7553542,0.24038449,-1.1016669,0.9488789,-0.32826263,-0.93924695,0.4802342,-0.1827884,0.25481442,-0.021131508,0.14498018,0.10645504,0.01089745,-0.10630475,0.10850848,0.19729348,-0.5204648,-0.7168966,-0.1675615,-0.24924593,0.7541375,0.53487027,0.1449076,-0.39771974
IND625008AAA,2.0042524,0.0066643395,-0.018446624,0.132345,-0.10495434,0.025449477,-0.019218089,0.39368457,-0.17698276,0.66608673,0.029661395,0.08542848,0.13223653,0.5147375,0.019495754,0.34047124,0.139821,1.3902887,-0.72743124,-0.8807022,-0.9084264,-0.07822292,0.9034863,0.37639272,-1.1035105,0.043595538,-0.99129444,-0.08355479,-0.8173164,0.5514224,0.026106149,-0.21019529,0.48294726,-0.26392853,0.55646276,-0.05907186,-0.45890805,0.10235908,0.04213932,0.058996342,0.46469972,-0.07522483,0.27358997,0.14167306,0.0870198,0.10517387,-0.09781519,-0.026462078,0.23119372,-0.34075853,0.32016778,-0.063754894,-0.34417868,0.0748304,0.31255692
IND625106AAA,1.8742713,-0.0064519867,-0.02918446,0.047199324,-0.08072704,-0.032579824,-0.07462291,0.2224815,0.008803662,0.65686524,-0.042856287,-0.031729646,0.23693796,0.67378294,-0.1603062,0.27786592,0.18677703,1.1453943,-0.9650113,-0.7979115,-1.0172904,-0.08067994,0.85962796,0.021766413,-1.432423,0.017552942,-1.1400957,-0.14363341,-0.79684705,0.34120446,0.12245838,-0.13243951,0.60381734,-0.15422432,0.73284584,-0.007764291,-0.35473657,0.19751443,0.120954886,0.11451815,0.6842916,-0.08620112,0.33304963,0.10425867,-0.0070624948,0.18408309,0.096585006,0.015721805,0.2954044,-0.26596305,0.52711153,-0.19034436,-0.30578008,0.08741258,-0.017615512
IND625531AAA,1.9596444,0.18320508,-0.16824046,0.10003096,0.1673651,-0.016326964,-0.3480615,0.48130044,-0.48400086,0.76076037,0.07963978,0.05425985,0.9716404,0.5404876,0.31844682,0.1633455,-0.057065856,1.1907771,-0.3327731,-0.9068595,-0.9997859,-0.3787679,0.7549706,0.51837724,-1.0418924,-0.5698879,-0.8464913,0.077599,-1.0589471,0.8511926,0.109505594,-0.51612425,0.23097354,0.011604741,0.31300282,-0.22769712,-0.29412475,-0.32834673,0.38015386,0.2674111,0.2523371,0.15793067,-0.09827555,-0.080019966,-0.0051665753,0.2669775,-0.15234093,-0.10567037,0.13179961,-0.014763199,0.44948643,0.16777602,-0.33631054,0.40592158,0.25609756
IND625532AAA,1.921368,0.104515046,-0.10081704,0.029269174,0.01224865,-0.09847,-0.10138366,0.15777797,-0.34757757,0.7570204,0.1659808,0.067885816,0.8616556,0.64063984,0.15449123,0.31243336,-0.004313629,1.2561618,-0.47754925,-0.8737694,-0.9357162,-0.20007929,0.76350313,0.45052716,-1.2560201,-0.3442508,-0.6934515,0.0305349,-1.0584286,0.67671835,-0.017578185,-0.39827365,0.40650958,-0.019053563,0.37169218,-0.12793803,-0.121622264,-0.012365639,0.3927027,0.12132542,0.46802607,0.08448485,-0.20981076,-0.09745675,-0.04077916,0.29182824,-0.038502187,-0.07007582,0.16374218,0.028950445,0.41032338,-0.03606648,-0.26107153,0.21876045,0.39765653
IND627005AAA,2.0166497,0.113609,0.0024414659,-0.009687722,0.11008114,-0.03928879,0.41427445,-1.0016927,1.369723,0.17119825,0.13537419,0.5474422,-0.6612425,-0.7760381,-0.91804004,-0.24202706,0.3718409,0.14488748,-0.0375726,-1.2490951,0.28931218,-0.40799668,-0.690128,-0.46487916,-0.31314653,1.2719858,-0.0709016,0.35410988,-0.15291303,-0.2605862,0.044280738,-0.13912347,0.6337203,-0.15320085,-0.08227936,-0.18351337,0.12385652,-0.074482754,0.2930608,0.3202268,-0.013389807,-0.12551948,-0.06591343,-0.24016154,-0.27760252,-0.53644514,-0.2516632,-0.020869412,-0.09150061,-0.29454094,0.009214535,-0.011273999,-0.07281986,-0.08343649,0.036236912
IND627401AAA,1.6152967,0.09977475,-0.031846672,-0.0550431,0.20426029,0.11110732,0.6109833,-1.4415072,1.7039917,0.09126011,0.1900189,0.5752549,-0.8052837,-0.85144645,-1.083302,-0.23995167,0.4693178,0.2479215,0.029336005,-1.2837207,0.2859876,-0.3969673,-0.80172163,-0.49915493,-0.2494765,1.2950671,-0.05029893,0.32389992,0.009376466,-0.46459574,0.05358784,-0.08995283,0.6590055,-0.1843905,-0.004627265,-0.33565181,0.06918629,-0.12352547,0.42460915,0.26656538,0.003888633,-0.061370224,-0.14302206,-0.25125998,-0.3651737,-0.46953624,0.032279387,-0.13160115,-0.052491795,-0.21601787,-0.08281435,0.025258526,-0.021812674,0.009048212,-0.01572749
IND629179AAA,1.6191272,0.09853017,-0.01666969,-0.06617291,0.1857954,0.12482828,0.58420044,-1.3907601,1.6823475,0.11037297,0.20913868,0.5621383,-0.7789588,-0.85333914,-1.0561057,-0.24086164,0.45795,0.21635652,0.021225963,-1.2546164,0.31954643,-0.39204565,-0.7768101,-0.49810475,-0.2620119,1.2974184,-0.06897381,0.32335472,0.027528584,-0.46846372,0.06459634,-0.123223335,0.66398466,-0.19220527,0.0076795146,-0.28546745,0.056800924,-0.1321151,0.38765547,0.27814168,-0.020858817,-0.09838265,-0.19138455,-0.27418616,-0.35647917,-0.47000566,0.0032204539,-0.118537344,-0.04490645,-0.19424334,-0.111390784,0.02092198,-0.049088147,0.0139389075,-0.021452248
IND630561AAA,1.8667649,0.0056557357,0.057873305,-0.031281203,-0.19137126,-0.25483286,-0.036857612,0.051860467,-0.4743178,-0.64575475,0.9930305,-0.54954517,0.05753416,0.11287935,-0.8045769,0.49657074,0.1519279,-0.89599884,-0.1573562,-1.1458038,-0.08098524,-0.25815797,-0.06154634,0.40669334,-0.1388929,-0.29699242,-0.716355,-0.4172246,0.8277129,0.63808787,-0.21044338,-0.2194745,0.78870654,0.43655366,-0.8945072,-0.3453253,0.35700497,-0.6905721,-0.80250335,0.3924843,0.13509238,0.30210546,0.05275996,-0.15637964,0.096209705,0.3964159,0.09865956,-0.2340002,-0.22189653,-0.47097754,0.63940674,-0.021174349,0.22340837,-0.08299151,-0.06978372
IND631102AAA,-1.1620433,1.0737926,0.40722948,-0.4826787,-1.2326921,0.4108683,-0.15035975,-0.2304458,-0.110739514,0.21960145,-0.27907777,-0.3742417,0.33455276,-0.30103582,0.10372744,0.046171594,0.17442302,0.3061458,0.41231924,0.5989152,-0.47586685,0.20365885,-0.44264963,0.13749145,0.27031016,0.601566,0.36666197,-0.22003114,-0.07844569,-0.09391087,-0.0012270361,-0.041514136,0.35931247,-0.10235228,-0.06075681,-0.20188028,0.36945248,0.2734787,0.10887696,0.027894106,0.44199145,-0.30450073,0.27581283,0.13968185,0.09212683,0.13390364,-0.38260376,-0.25614044,0.16519853,-0.035314016,-0.23123272,0.038895812,0.08308004,0.036012255,-0.10792646
IND632006AAA,-1.3992301,1.2574444,0.64119506,-0.53206646,-0.1545128,0.489357,0.0702423,-0.18569592,0.087081976,0.34345263,-0.25100446,-0.17295006,0.17756543,0.09945726,0.4691487,-0.040279295,0.3161595,0.24049693,0.22634873,0.17773159,-0.29611546,-0.054135326,0.15405658,0.14564648,-0.11436246,0.3202832,-0.12448646,-0.16855633,-0.17585784,0.21676368,0.10967553,0.15607257,0.0077742403,-0.109380916,-0.41735387,0.014265992,0.034165025,0.47072732,0.13825041,-0.1242674,-0.09482533,0.061262567,0.08814336,-0.1853261,0.219699,-0.3769013,0.050470784,-0.131627,0.41329163,-0.2384651,-0.27180457,0.20952809,-0.20469725,0.06077073,0.05458179
IND632402AAA,-1.030544,1.1092198,0.38666773,-0.46324462,-1.3218918,0.43369633,-0.18517691,-0.14701915,-0.09764885,0.40611753,-0.21195167,-0.48691273,0.26905608,-0.37994546,0.13977961,0.00031916797,0.16258122,0.18761876,0.47073382,0.7882099,-0.48083436,0.18077718,-0.4156878,0.18313034,0.363658,0.68894166,0.418504,-0.22129922,-0.07198763,0.01424641,-0.0074341297,-0.105116755,0.30727658,-0.1842237,-0.09627888,-0.34789777,0.49475494,0.2570799,0.052139208,0.036109883,0.59623516,-0.39547405,0.33381364,0.07830143,-0.0040139407,0.19955783,-0.4593323,-0.28448427,0.23172538,0.106590785,-0.175148,0.011192956,0.12886296,0.116293356,-0.026257858
IND635001AAA,-1.4656835,1.0973607,0.9126475,-0.4978209,0.59052515,0.33164364,0.29470685,-0.10005232,-0.038878947,0.060868062,-0.17174062,-0.38432872,0.3448713,0.21675013,0.08465392,-0.12357126,0.16159752,-0.04459978,-0.08312202,0.19129007,-0.0016435608,-0.21475044,0.158524,-0.19246578,0.026563406,0.16238123,0.099795446,0.057946444,0.011596635,0.16594183,0.25905955,-0.07718684,-0.15107729,0.31134748,-0.15466978,0.045817338,-0.06308769,0.121153995,-0.09259023,-0.10014449,0.026661387,-0.4775114,0.0691579,-0.15233168,-0.007627636,0.20915192,0.14382152,-0.20650929,0.10088521,0.2986664,0.095404565,0.039712287,0.016423598,0.11476748,-0.016443342
IND635802AAB,-1.538513,1.141867,0.580377,-0.5797603,-0.16751885,0.45555854,-0.08778786,-0.2153345,-0.042608783,0.3530647,-0.3004921,-0.13724637,0.15001681,-0.019007225,0.4296598,-0.20446622,0.22076252,0.15347913,0.21826054,0.057188746,-0.38640478,-0.12000395,-0.10715512,0.32352892,-0.075132936,0.3106543,-0.18314028,-0.091563776,-0.11097756,0.054834813,-0.11898723,0.09830031,-0.19490235,-0.08725181,-0.14157072,0.25927496,0.32958344,0.1711033,0.12808219,-0.1331618,-0.0983402,0.11740503,0.19375443,0.10617093,0.31421694,-0.28406954,-0.10154313,0.084246665,0.36820436,-0.20020512,-0.36409467,0.081165954,-0.26472178,-0.03531811,0.005853817
IND636005AAA,1.5942909,-0.010808632,0.054479443,-0.27879995,0.3277715,-0.068198174,0.27745968,-0.34279114,-0.42141294,-0.69748217,1.0514823,-0.8199695,-0.2298973,-1.5269703,0.1821594,0.39650226,-0.26282984,1.1012039,0.45002395,-0.36738396,-0.20713723,0.32079282,0.85602045,-0.48997375,-0.9678485,-0.9806143,0.5742574,0.3297636,0.54106134,0.23157807,-0.19575813,1.3157976,1.088621,0.40705824,0.7200681,-0.09977074,-0.014831912,-0.46684337,0.29541293,-0.23665498,-0.37709436,0.49646872,-0.085411005,0.2666031,-0.35841438,0.4514076,0.3823952,-0.18535593,-0.020652674,0.44645166,0.055083185,0.0559132,-0.02760167,0.02135627,-0.12948766
IND636016AAA,1.8671321,0.0010691434,0.0063628107,-0.27150926,0.253215,-0.020011604,0.23841771,-0.41025233,-0.40192878,-0.6725715,1.033546,-0.78731346,-0.336551,-1.5609424,0.24560158,0.37425286,-0.34807637,0.9952307,0.41562396,-0.35526323,-0.10037733,0.3376883,0.82500154,-0.48888284,-0.90893507,-0.9110241,0.43814844,0.38855553,0.59467137,0.16968484,-0.20915976,1.2697368,1.0754304,0.32988083,0.66556036,-0.11347674,-0.07446421,-0.37724257,0.28057393,-0.26179898,-0.31824833,0.4611758,-0.0098648295,0.3336304,-0.43905962,0.35936862,0.42410463,-0.10139675,-0.023892146,0.4669339,0.1575452,0.11895466,-0.017823245,0.076741815,-0.12058133
IND636102AAA,-0.5407857,1.2457339,0.21018362,-0.518804,-1.0661025,0.26138836,-0.41578674,-0.4815927,0.06649035,-0.1049859,0.20058917,-0.12877262,0.33357033,-0.15556495,0.263491,0.14681439,0.57223874,0.2501873,0.3656382,0.10181084,-1.0362697,-0.38126144,-0.38638785,0.7169141,-0.28587347,0.5352718,-0.30945393,0.41679806,-0.28601652,0.17563671,-0.1506094,0.20036134,0.46248123,-0.24470575,-0.3841104,-0.030197755,0.48657277,0.20952788,0.1112047,0.027116764,0.12359063,-0.15985,0.54515177,-0.5897247,0.12245467,0.054965258,0.28732085,-0.12932411,-0.14459926,-0.45623088,0.13370247,0.13559684,0.6487297,-0.18562734,0.18747659
IND636705AAB,-1.474802,1.0343051,0.87217593,-0.5416431,0.6613772,0.34993204,0.3206229,-0.07645168,-0.0026694685,0.079905644,-0.27296913,-0.23496816,0.24787149,0.22443207,-0.03791388,-0.09488331,0.05828276,-0.10357933,0.044440284,0.16839418,0.19925049,-0.22732419,0.18662941,-0.1884301,0.012285009,0.1221267,0.1027717,-0.041374296,-0.09195292,0.1781018,0.30347142,-0.007944584,-0.18769185,0.26523483,-0.103373595,0.09435414,0.12612528,0.14761503,-0.09101955,-0.0720247,0.041464396,-0.57742226,-0.10494023,-0.120627865,0.04011661,0.27441585,0.22827004,-0.1974853,0.19318318,0.3929848,0.121502146,0.017365359,-0.12760824,0.13426852,-0.08408651
IND637211AAA,1.7258466,-0.027219221,0.052070282,-0.2828138,0.36844304,-0.07045719,0.27925968,-0.4398284,-0.37623495,-0.6180573,1.0734628,-0.8594211,-0.23193318,-1.5764964,0.20678648,0.39588904,-0.3605792,1.0487685,0.38572627,-0.3474958,-0.16289243,0.29929835,0.8106321,-0.52205133,-0.98048717,-0.9237938,0.51848775,0.38945568,0.6381491,0.23779581,-0.20204777,1.3132572,1.1105207,0.38353515,0.7416805,-0.104932874,-0.02646008,-0.44043094,0.3053155,-0.2360111,-0.35189912,0.47306478,-0.04466117,0.2669224,-0.43419665,0.41049796,0.40520173,-0.17988062,-0.022846472,0.5234623,0.06241803,0.08235391,-0.040263917,0.055714272,-0.17118752
IND637408AAA,2.2542753,-0.022096917,-0.033142492,-0.2962532,0.6954253,0.9310398,0.4012483,0.46005753,-0.29573995,-0.5480879,0.5164157,0.89469963,0.58785325,-0.7703461,-0.7563816,0.47186682,0.26784533,0.9877511,-1.0852591,-0.69544524,0.63237023,-0.37868118,-0.5351282,1.24421,0.69500536,0.325557,0.8222353,-0.9069507,-0.649649,0.12031104,-0.5021622,-0.056865394,0.09428507,0.5042603,0.8805631,0.19931528,-0.64343554,0.5043092,-0.32149133,-0.11078967,1.2314376,0.09718892,-0.3806795,-0.93560225,-0.10180804,0.50714195,-0.2851503,0.18930721,0.2303372,0.2286995,-0.47883087,-0.3357143,0.5642805,0.3789757,-0.41246957
IND638401AAA,1.6977061,0.06369677,0.31206736,0.16241987,-0.46482623,-0.3918205,0.025789464,1.0643891,0.5478709,-1.2539593,0.093133554,0.17104693,1.5993783,0.8579584,0.14135899,-0.25469142,-0.13003194,0.2556739,0.07251111,0.51398194,0.04434392,-0.006105691,-0.35850775,-0.43971884,0.17470266,-0.06341846,-0.19255328,-0.124634504,0.14595763,-0.35446233,0.5787841,0.040426016,0.3929166,0.07858698,0.6323648,0.0072245523,-0.2594783,-0.18679996,-0.03733027,0.15925618,0.1766679,0.18250525,0.14512399,0.38677135,0.076673806,-0.22600117,0.09746571,0.48410803,-0.22183934,0.16463327,0.20704888,0.2960785,-0.102208376,-0.50885695,-0.3203914
IND638501AAB,1.5851189,0.009983085,0.24174984,0.21732824,-0.26394024,-0.34560424,-0.17208026,1.1272541,0.65722716,-1.2871411,0.1983869,0.28031284,1.7146306,0.7850821,0.06066923,-0.22150229,-0.009873368,0.41314018,0.116040744,0.3920815,0.07508874,-0.1559768,-0.37295023,-0.41619548,-0.04872361,0.026389703,-0.09135737,0.0010931417,0.20598035,-0.4134267,0.6656553,-0.0771305,0.44634253,0.12351824,0.44865957,-0.2159196,0.07765349,-0.04524368,0.1955376,-0.020104278,0.48728463,0.056109555,0.053578302,0.31330985,0.1068711,0.04578086,-0.20164484,0.10239228,-0.18426374,-0.27740487,-0.042152435,0.09853244,-0.07509291,0.012135513,-0.08522771
IND638657AAA,1.7079035,0.11144468,0.15083575,0.42712831,-0.22061062,-0.09269211,-0.3389312,1.5967693,0.5453008,-1.5582793,0.5127118,0.33474523,1.4268072,0.58914655,0.32219988,-0.6036902,-0.07258052,-0.07817374,0.26789796,-0.201668,0.56668216,0.10727316,-0.35096967,-0.08352423,0.4537912,-0.13692696,-0.38412735,-0.08610693,-0.06892255,0.3669783,0.13524115,0.32999846,0.07837641,0.22000748,0.11233092,0.07691136,0.105075605,-0.018695928,0.4778879,-0.5056029,0.23064297,0.03741306,-0.07273919,-0.036370434,0.12156515,-0.13402571,0.048581243,0.25848755,-0.19179237,-0.2348316,0.19484055,-0.2552195,0.29650262,-0.57615906,0.661113
IND639001AAA,2.1986523,0.034126386,0.60147953,0.51601094,-0.5527285,-0.06186065,0.31649843,-0.71763945,0.3876655,0.36050966,0.5145947,0.03127946,-0.93112886,-0.20730518,0.18012181,-0.6899711,-0.24714108,-0.8922497,-0.23601454,-0.9685639,-0.2780069,-0.89416003,-0.8209274,0.4470185,-0.21464638,-0.1409001,0.51205075,-1.2790724,0.53201187,-0.53366435,1.454673,0.24804336,-0.627213,-0.45991242,-0.1274623,0.42024755,0.6377912,0.23888291,0.51003027,0.07133596,-0.0647431,-0.22003826,0.47738916,0.79032373,0.650589,0.45771617,0.24889593,-0.1720213,0.12846765,-0.50128126,-0.033837527,-0.05371489,-0.3214431,0.4054326,0.11509157
IND641001AAA,1.6636981,-0.042999078,0.128878,0.22748183,-0.16385126,-0.21496022,-0.060370542,1.2746825,0.61776656,-1.4084605,0.21139517,0.39031672,1.5324254,0.8702544,0.054718725,-0.20607872,0.18485044,0.6006113,0.117594644,0.384391,0.25865358,-0.09069218,-0.18166235,-0.25093666,0.17797175,0.19629645,-0.04471314,0.09579271,0.39834422,-0.12686649,0.6806057,-0.025190677,0.3934626,0.11325305,0.49368834,-0.35213834,0.18700764,0.10286229,0.22709617,0.19587173,0.4779038,0.048583195,-0.15769085,0.2827799,0.14012866,-0.33551538,-0.08842348,0.06995469,0.045119345,-0.108152434,-0.059346497,0.026546896,-0.26012447,0.07672583,-0.14368191
IND641006AAD,1.5957669,0.008134488,0.19901043,0.23661546,-0.29137114,-0.30977434,-0.15122811,1.1830707,0.701972,-1.2399218,0.14397179,0.30107152,1.6220856,0.95033336,0.1320996,-0.35480562,0.0083478205,0.3401869,0.015948525,0.35443425,0.102357015,-0.10048307,-0.28561014,-0.407528,0.012504235,0.0054778457,-0.13875993,-0.031121679,0.1542874,-0.36382622,0.7103666,0.0006806478,0.45283192,0.16713974,0.4858386,-0.20392711,-0.022663167,-0.08400509,0.274195,0.018732062,0.4239998,-0.04340101,0.111243695,0.25336832,0.12776718,0.003042426,-0.11005063,0.14550027,-0.15831473,-0.27507338,-0.043935493,0.11706639,-0.0048130304,-0.09899296,-0.11753169
IND641008AAA,1.7119113,-0.05747971,0.19020656,0.26142353,-0.23925626,-0.21593973,-0.016083097,1.0738049,0.4716974,-1.3217326,0.33923298,0.27264524,1.6513779,0.89235336,0.21583347,-0.30725497,0.035787735,0.51003253,-0.07492131,0.36629057,0.24729443,-0.11461585,-0.06846691,-0.2848059,0.19761504,0.16740155,-0.15725334,-0.2229073,0.3185752,-0.23825715,0.7654105,0.1699659,0.45596477,0.2676438,0.4073281,-0.33538002,-0.057168815,-0.032382976,0.3886424,0.17587899,0.60133934,0.058918357,-0.2196832,0.23455107,0.08149128,-0.38192204,-0.19237317,0.121854335,0.027680388,-0.20939898,-0.28649306,0.30129772,-0.2559503,-0.061555225,-0.048620343
IND641011AAA,1.6138643,0.030176587,0.21467757,0.22915198,-0.31181082,-0.32918817,-0.16058427,1.1785882,0.66446626,-1.262521,0.15328027,0.3057282,1.6608946,0.9338602,0.099258915,-0.30295694,-0.008800253,0.37784338,0.060355827,0.3865381,0.043472704,-0.13172679,-0.31447017,-0.4345399,-0.029637843,0.01585646,-0.062292255,0.0018396638,0.1673981,-0.40521008,0.6901288,-0.06516676,0.41880038,0.12129854,0.49022233,-0.19926195,-0.009842828,-0.049818214,0.24418119,0.070196524,0.47527564,0.02734064,0.09921966,0.29684675,0.11935124,-0.041362546,-0.17311463,0.16146219,-0.14282583,-0.2453227,-0.07613355,0.13804758,-0.046156313,-0.044448484,-0.11692569
IND641062AAD,1.746426,-0.008739039,0.10621129,0.18864931,-0.21085605,-0.21415007,-0.13230321,1.092362,0.5697736,-1.1834924,0.2606666,0.1645711,1.3964305,0.6664234,0.049954325,-0.23690431,-0.099809796,0.4365017,-0.016326897,0.3799258,0.10249882,-0.041523885,-0.4353963,-0.54128146,0.21073362,0.043580472,-0.102870315,0.03707751,0.16198778,-0.24680956,0.780817,0.11536506,0.5282464,0.21702705,0.4887544,-0.18316534,0.21059275,0.083702,0.24854311,0.006945558,0.4404056,0.038564645,0.017860949,0.30490416,0.11752623,-0.25293773,0.10599567,0.29148254,-0.04380082,-0.4010707,-0.13162173,0.25748488,0.016882949,-0.33651367,-0.07657044
IND641607AAA,1.7213506,-0.0037005693,0.17709734,0.20875682,-0.191192,-0.22339347,-0.31751835,1.2263356,0.60849494,-1.4373584,0.44169253,0.3064189,1.4683249,0.51949763,0.21731196,-0.3464413,0.007886551,0.29228306,0.44851118,0.22129774,0.43588626,-0.053274523,-0.615059,-0.37405336,0.36810452,-0.026320495,-0.20815699,-0.07092225,0.060993418,0.121306814,0.43348953,0.3234624,0.24401616,0.19551621,0.2000969,-0.08626077,0.124621354,0.04983609,0.29318824,-0.25145856,0.51250386,-0.037250474,-0.048677683,0.094695345,-0.020215794,-0.097682804,0.0036040992,0.19775647,-0.28519505,-0.19373593,0.12566465,-0.19164622,0.18892989,-0.4570331,0.47551668
IND641654AAA,1.6793991,0.026870012,0.21091501,0.2538131,-0.20849514,-0.24583963,-0.3343968,1.405812,0.8304389,-1.4322205,0.49498963,0.28054488,1.5047903,0.67564905,0.27589202,-0.4502603,-0.0024409555,0.053811897,0.0372465,0.058729906,0.45918852,0.031569492,-0.35487044,-0.13861269,0.23711292,-0.12701292,-0.32001078,-0.13033365,-0.21998408,0.11492108,0.3387163,0.22055806,0.33917657,0.29796588,0.17472816,-0.019427361,0.0564309,-0.055247508,0.451143,-0.39969313,0.19323815,-0.13894172,-0.06348283,-0.14514196,0.10212955,0.1640789,-0.023483917,0.21859413,-0.22700515,-0.34507996,0.14141238,-0.15254608,0.23340558,-0.64044297,0.44603357
IND641664AAA,1.7803882,0.083246894,0.27590105,0.27655333,-0.17807451,-0.2680317,-0.4022492,1.3227341,0.5976221,-1.467397,0.682714,0.24956723,1.4860296,0.36638045,0.2545935,-0.38080636,0.04991003,0.1294469,0.29693413,0.059448536,0.4823125,-0.09359492,-0.4752869,-0.22261825,0.2796777,0.050030306,-0.05198757,-0.03919851,-0.22536774,0.09364537,0.2189961,0.2239157,0.19595739,0.31179786,0.16302899,-0.02899266,0.23067537,0.00032751076,0.32470888,-0.46048415,0.17489618,0.06363961,-0.14366665,-0.10465272,0.08391306,0.05003137,-0.08831692,0.16715416,-0.10561016,-0.357069,0.17895798,-0.26203844,0.15300056,-0.692783,0.63898677
IND642126AAA,1.6743838,0.0033722147,0.13225861,0.13522406,-0.23091894,-0.31973812,-0.1366626,1.0631851,0.9819276,-1.2570043,0.19130431,0.11673747,1.5533834,0.5453044,0.0641554,-0.053344544,-0.37635285,0.20917295,0.05795551,0.3222797,0.0060480433,-0.071185045,-0.38158736,-0.5378275,-0.25531,-0.2716371,-0.25302345,0.11936389,0.5362721,-0.36084247,0.84675735,-0.16687146,0.57519305,-0.045323804,0.2943425,-0.42850316,0.12691721,-0.10108067,0.08638212,-0.044328894,0.5531602,0.30915534,0.30456194,0.30671287,0.19239457,-0.15152138,-0.33489746,0.21601313,0.045446593,-0.29112542,-0.30560923,0.5766889,-0.091034815,-0.21655108,0.13089225
IND643212AAA,1.5762676,-0.0030148998,0.2514857,0.20625548,-0.28222775,-0.36545372,-0.117226355,1.1338193,0.6738798,-1.3291645,0.23762774,0.2930001,1.734889,0.84638697,0.1181854,-0.24339883,0.0025281012,0.42258567,0.057993382,0.40836507,0.07922053,-0.14875323,-0.33176064,-0.4081792,0.0011312971,0.030464724,-0.09920827,-0.0021384768,0.21489574,-0.36355507,0.68600506,-0.024976525,0.4434855,0.114963725,0.47107226,-0.2235042,0.033872843,-0.05902024,0.19459957,0.010832366,0.46421558,0.060829304,0.015973594,0.30527258,0.07853973,-0.017365184,-0.18934697,0.13232796,-0.14887722,-0.20612675,-0.0669691,0.13066849,-0.095992446,-0.00094052777,-0.10018049
IND670645AAB,-1.0762324,1.008862,0.88386834,-0.47669,0.5043005,0.30874994,0.0110745225,-0.083494596,0.08891022,0.21974769,0.0063978285,0.02604179,-0.3267188,0.048056558,0.3020218,-0.014433395,0.5027042,-0.80322134,0.7352283,-0.6946631,0.25896046,-0.068488665,-0.3632834,0.123123646,-0.007438047,-0.4132604,-0.4063091,-0.018450664,0.33495206,0.15902501,0.18490961,-0.09945999,-0.09357939,-0.1907395,0.16402632,-0.08367969,0.82048285,-0.47365516,-0.29491708,0.057481058,-0.32185656,-0.16281427,0.5136297,-0.60069543,-0.27434897,0.14702943,-0.12557626,-0.06178966,-0.14122641,0.2575565,0.13716315,0.40665898,-0.73346794,0.05985686,0.053555787
IND671323AAD,2.0662346,-0.029311012,-0.07167554,0.18180425,0.5285725,-0.1985948,0.32432494,-0.13756394,1.3600582,-1.8067633,0.26548707,0.23675112,0.57686156,-0.45087332,0.26232296,0.7115695,-0.34701657,-0.34573033,-0.9578531,-0.6380316,0.6180664,-0.31000847,0.7040354,-0.17505403,-0.39068562,-0.11903067,-0.11141411,-0.89863205,-0.40613174,0.52944916,-0.7507362,0.07482058,-0.43060738,-0.6303865,0.45473057,1.2528194,-0.65350485,0.305453,0.20082952,0.70705855,-0.76149666,0.5536232,-0.23290873,0.25845826,-0.26148018,1.0373883,-0.365862,-0.04029218,0.1635884,-1.215813,-0.530342,0.3014167,-0.4816359,-0.009114858,0.050267994
IND673027AAB,1.9825948,-0.032066323,0.065246,0.018588826,0.31322944,-0.0059205256,0.37422225,-0.09408685,-0.8500794,-0.7716763,-0.3560601,-0.022626339,0.21634983,-0.22465679,0.28519514,-1.3962922,-1.1401796,0.10526666,1.025111,0.5089716,-0.38029873,-0.7989733,0.38709068,0.34429792,-0.8045278,-0.51949763,0.7499996,-0.4380586,-0.5401345,0.72134525,-0.31513095,0.47299373,0.04809857,0.24395058,-0.2258389,-0.2596331,-0.06553436,0.3413322,0.033803854,0.51650584,-0.55533254,0.111738846,-0.032223515,-0.39010066,0.3555943,-0.3205408,-0.2231258,-0.30112022,-0.7109752,0.031198852,-0.29941916,-0.40896732,0.20726667,0.81796306,0.048644178
IND673104AAA,2.1155663,0.011803877,0.0065212846,0.12404607,0.22516075,-0.046801284,0.4486419,0.15090749,-0.7477809,-0.78405166,-0.57800174,-0.0076921284,0.40815732,-0.29220235,0.26976916,-1.2229375,-1.0184724,0.077040195,1.2147115,0.31848377,-0.3336664,-0.77681255,0.45671263,0.32056734,-0.6597645,-0.43614358,0.81309277,-0.3805486,-0.4046011,0.69446534,-0.3335614,0.49493426,0.04626388,0.05144547,-0.07475262,-0.25145978,-0.18323535,0.2478971,0.019746631,0.47883028,-0.36730972,-0.00032699108,-0.061966814,-0.43287033,0.42465675,-0.22129518,-0.2213478,-0.35017264,-0.484099,0.14996722,-0.33733606,-0.38313755,0.17388555,0.8247895,0.04035639
IND673121AAA,-1.0591719,1.0405134,0.84423184,-0.5229516,0.5381757,0.32506055,0.027693057,0.069720924,0.17402755,0.12888,0.13999012,0.04386364,-0.11618784,0.13652799,0.3145886,-0.002956938,0.5165756,-0.8055842,0.8024104,-0.7556435,0.28852332,0.010169134,-0.26957944,0.1540533,0.1006982,-0.44135645,-0.29795155,-0.026629314,0.30998528,0.23170142,0.16748872,-0.11624615,-0.030319244,-0.23208709,0.11845475,-0.1800593,0.773956,-0.36107087,-0.26769996,0.016134087,-0.24689266,-0.21677166,0.4707699,-0.49426758,-0.1999835,0.07489974,-0.052930534,-0.08353684,-0.21770881,0.2245726,0.033702523,0.3526849,-0.7578051,0.06532224,0.11409804
IND673305AAA,1.9821082,-0.04113,0.045378607,0.06957774,0.2944198,-0.049148917,0.38992918,-0.036380403,-0.79984885,-0.7997988,-0.3338428,0.029301032,0.110890985,-0.3464859,0.19188328,-1.5191113,-1.0989196,0.018969383,1.133986,0.5482014,-0.274392,-0.69252133,0.28284463,0.2196911,-0.7778959,-0.43143868,0.7077122,-0.45101368,-0.44740844,0.7919124,-0.29899776,0.497545,0.1471562,0.12465818,-0.2236723,-0.22168413,-0.12300309,0.24073626,0.08540833,0.5051557,-0.5257516,0.06892651,-0.03201603,-0.4560951,0.36046183,-0.30116504,-0.14879325,-0.34364754,-0.68157214,-0.0074921325,-0.23344262,-0.34843996,0.24387154,0.78935033,-0.023897663
IND673506AAA,1.9561721,0.07358278,-0.06260389,0.089466155,0.14398482,0.12065239,0.18579562,0.12894526,-0.6811611,-0.82326406,-0.5950688,-0.08588858,0.20424491,-0.37869835,0.043171927,-1.4056015,-1.0245371,0.042292714,1.3918118,0.6337526,-0.10160851,-0.6868808,0.44415244,0.32424718,-0.71085054,-0.54334885,0.6829357,-0.47180527,-0.4806093,0.764812,-0.29886124,0.63688606,0.019681066,0.067083314,0.006587781,-0.11341899,-0.10697828,0.4560883,0.0016538799,0.60449415,-0.29028296,-0.00027483702,0.04912076,-0.26422372,0.4431188,-0.0768898,-0.1960787,-0.3866787,-0.5839526,0.15401384,-0.51182985,-0.24580517,0.32917458,0.9110099,0.21439746
IND673573AAA,-1.091199,1.0536709,1.0691689,-0.43830007,0.58712196,0.2545208,0.17088985,-0.03450071,0.0365189,-0.056306843,0.09652665,0.31256193,0.021054497,0.20256247,0.3078301,0.10741033,0.48608595,-0.6759044,0.7060625,-0.9714306,0.18572909,0.11023648,-0.04381492,0.19486606,0.03954898,-0.28612125,-0.53854394,-0.11735733,0.37333447,0.2694571,0.14156228,-0.135176,0.029437035,-0.09711416,0.17141241,-0.21175681,0.67039615,-0.41490942,-0.37451535,-0.05989485,-0.3916872,-0.013881192,0.24965814,-0.39402807,-0.090048015,0.24662772,0.37333828,-0.14777142,0.038155463,0.27295926,0.0023456663,0.44071218,-0.7489541,0.17242189,-0.03449981
IND673592AAA,-1.2625501,1.0451622,0.8468195,-0.45691836,0.5936291,0.312465,0.12524745,-0.0028433725,0.102332085,0.11707056,0.14535627,0.17261888,-0.13457757,0.15614241,0.3574677,0.007717509,0.55977005,-0.57957864,0.6802943,-0.65222055,0.26091555,-0.0040118992,-0.23074308,0.13137639,0.055917308,-0.33096686,-0.45749035,0.0067549646,0.29533422,0.1892228,0.14123535,-0.07971756,-0.10929097,-0.08584602,0.14298296,-0.02392658,0.62364227,-0.3713435,-0.2524805,-0.008936811,-0.3535624,-0.11488974,0.28102496,-0.3794623,-0.22298196,0.163181,0.05732487,-0.106299736,-0.11323768,0.18665847,0.07198991,0.313199,-0.63247174,0.075873144,0.056995936
IND676306AAA,2.0517082,-0.043610174,-0.009991527,-0.23729905,0.28642187,-0.15864575,0.25175378,-0.6646546,-0.48714238,-0.52986753,-0.88036776,0.44773751,0.17471555,-0.4496141,-0.6331857,0.664209,0.059805136,-0.29958132,0.00030165352,-0.9727579,0.3077535,0.2089411,1.6112382,-0.43043408,-0.18399858,-0.12577978,-0.7010436,-1.007689,0.33289057,1.4294105,1.2562652,-0.7242274,-0.8905691,0.02484952,-0.2769479,-0.24562849,0.5093892,0.6558351,0.19897747,-0.85456437,-0.3948966,0.15912743,-0.6146574,-0.29216877,-0.08378497,-0.6424681,-0.4829272,-0.62791604,-0.30583438,0.88224196,-0.5893492,-0.087054044,-0.36414364,-0.23881496,-0.27764657
IND679303AAA,0.2922002,1.1028203,1.1071643,-0.63476,0.4761346,0.7487421,0.94031143,0.8405699,0.00683314,-0.47228923,-0.5276331,-0.307733,0.058442675,-0.85582983,0.41699913,0.052675474,0.3356946,-0.3099779,-0.7408441,-0.14765935,-0.2731544,-0.25227916,0.78358084,0.068398915,0.07955423,-0.37837318,-0.104415156,0.58091813,-0.19728191,0.3043809,0.21693271,-0.52250576,0.19766846,0.115295105,0.41488612,0.28477836,-0.653653,-0.32461995,0.36702025,0.05170426,-0.5149884,0.27015388,-0.16903785,0.1380904,0.52094966,0.13114668,0.1039048,0.11394729,-0.37926283,0.36262107,0.12236236,0.3217139,0.1485328,0.65616876,-0.40848708
IND679322AAA,2.0741239,0.010535046,0.30841237,0.08219513,0.053556465,-0.0054035746,0.10819536,0.42232698,0.55721563,0.19750872,0.4196276,-0.039485753,-0.5362031,-0.8048541,-0.15508568,0.36457282,-0.4403588,-0.9019315,0.18297842,0.20756727,0.5980989,0.6405208,0.08043939,-0.5971944,-0.4340225,0.59557223,1.0821152,-0.335276,0.15205394,-0.14229968,-0.24905488,-0.394513,0.546937,0.9658992,-0.21758085,0.7050753,0.35617283,1.3524747,0.30153993,-0.079717234,0.39059243,-0.15684941,-0.42383358,-0.48847318,0.48702985,0.27265435,-0.3439337,-0.68611217,0.55568177,-0.23985931,0.7314023,0.22588366,-1.2337723,0.30283993,-0.103251964
IND679329AAA,1.9875516,-0.009854078,0.31071013,0.10582529,0.016499573,-0.03261888,0.102335066,0.40542978,0.5568964,0.21656817,0.3271135,-0.049003143,-0.5279948,-0.7683239,-0.12127797,0.33797395,-0.52748513,-0.8929405,0.10675066,0.18802726,0.5848693,0.6147618,-0.011034872,-0.563816,-0.44089168,0.577071,1.0915453,-0.33337235,0.11492233,-0.13994771,-0.22912633,-0.35397705,0.56953144,0.99535906,-0.17997482,0.6935349,0.33047438,1.33838,0.30625132,-0.12586536,0.41403434,-0.19818142,-0.42978814,-0.4767002,0.5065701,0.2620171,-0.32623613,-0.63093597,0.53295213,-0.26052883,0.7323057,0.22758839,-1.2056819,0.29998142,-0.05050026
IND680012AAA,0.011898279,1.1828219,1.0727466,-0.7002779,0.47355232,0.7834908,0.8650432,0.65394187,0.10481286,-0.40482578,-0.5175192,-0.22636166,0.019288648,-0.60280794,0.30007583,0.13641235,0.45811585,-0.11235772,-0.82144296,-0.09786861,-0.2170535,-0.118343726,0.52916026,0.18818483,0.19218887,-0.09873762,-0.049271338,0.43107742,-0.11881292,0.19641984,0.24940802,-0.6494003,0.1955291,0.01336506,0.12181894,0.20884961,-0.5057618,-0.22069293,0.41934362,0.06036087,-0.38061625,0.25839102,-0.20122749,0.25449583,0.28172266,0.09540353,0.003541164,0.076663375,-0.36501652,0.2466987,0.2660996,0.059608024,0.06556034,0.5450686,-0.3816911
IND68004AAA,-0.21088648,1.1715896,1.2627453,-0.51198,0.35015246,0.76427746,0.87465245,0.39327824,0.11746201,-0.62717205,-0.4376316,-0.35310215,-0.20912804,-0.51504135,0.24122418,0.6271009,0.29541048,-0.48490056,-0.8884355,-0.12480873,-0.27972347,-0.053369857,-0.03140597,0.01808269,-0.1789703,0.26388618,0.25401586,0.22365479,-0.30118525,0.19236195,0.012389094,-0.5876942,0.5053087,-0.27349037,-0.4756421,-0.24325751,0.16291088,-0.0404935,0.0033139512,-0.036976274,-0.3963382,0.5198692,-0.1513651,-0.0746624,0.12369078,-0.095224,-0.39753795,0.042924136,-0.12507904,0.17217585,0.5072378,-0.10992347,0.21176563,0.15070327,-0.04051879
IND680587AAA,-0.18129098,1.1938754,1.1122987,-0.59286356,0.49729818,0.8561542,0.77743506,0.3611319,0.12687302,-0.6084319,-0.37673306,-0.39049423,-0.093281955,-0.320691,0.21983427,0.48504695,0.34912223,-0.26714686,-0.7286031,0.051237136,-0.44088152,0.02427826,0.05676844,0.18298508,-0.22365816,0.19861084,0.10401261,0.44878948,-0.25194907,0.3468203,0.09881307,-0.64094776,0.36341217,-0.39207137,-0.5139431,-0.061107796,0.19247505,-0.2382261,0.114861384,0.114741966,-0.4742073,0.45204672,-0.19680619,-0.024464816,0.09840363,-0.12344178,-0.30107093,0.06800141,-0.12583046,0.27818787,0.38856542,-0.06337118,0.21551901,0.055691082,0.023718446
IND680712AAA,-0.37046587,1.3199605,0.9120189,-0.42313373,0.5707084,0.72323394,0.8544272,0.37677246,0.21264596,-0.46075782,-0.48702133,-0.29639733,0.13077052,-0.6095694,-0.14349239,0.07064994,0.4107288,-0.0014488623,-0.72319597,0.10896187,-0.32537332,0.172103,0.10722431,-0.04329399,-0.06657578,0.17398375,0.28679276,0.38548273,-0.026999988,-0.15078427,0.2572055,-0.69253224,0.09460838,-0.021186724,-0.30496737,-0.05519011,-0.040045563,-0.14040138,0.19851452,0.34305277,-0.52473867,0.051676996,-0.23498094,0.12383386,-0.03788884,0.094061784,-0.03162937,0.26636425,-0.13003454,0.17671749,0.20216484,-0.058432177,0.18964046,0.21153474,0.043733098
IND683511AAA,-0.51184595,1.1399627,0.912611,-0.5750804,0.5578511,0.73751736,0.6902928,0.44647238,0.18034126,-0.48746452,-0.41989058,-0.24717787,0.0568206,-0.5146907,0.10040555,0.23862447,0.45864856,-0.25185627,-0.47883558,0.15648961,-0.25733653,0.01420489,0.13573411,0.13474442,0.023850724,0.069853455,0.12497632,0.31979334,-0.30618763,0.13918397,0.21585904,-0.53355545,-0.049639434,0.066551775,-0.38863432,-0.010275511,-0.060238734,-0.16983299,0.18136409,0.18487845,-0.37389264,0.32802528,-0.1917111,0.08706549,0.075746074,-0.008114412,-0.24651419,0.11070626,-0.1684585,0.26429003,-0.020414665,-0.12136172,0.3814366,0.1097553,0.014254212
IND683572AAA,1.9674176,-0.14148867,-0.13763592,0.36728,0.6870184,0.16602048,0.06427961,-0.65119165,1.2203459,-0.052773677,-0.32086116,0.4042129,-0.5068646,-0.89848006,0.75037426,-0.110457435,0.14397967,-1.1610317,-0.82948554,0.029367253,1.9154248,-0.295277,0.4169493,-1.0929596,-0.08384436,-0.034797043,1.1027055,0.4285854,0.27882016,1.0544609,-0.10653734,-0.03848344,-0.15411866,0.61031187,0.48173535,-0.68727446,0.33718708,0.25250757,0.51914775,-0.24322237,-0.17776519,-0.62576914,0.14988929,0.034772247,-0.106039464,0.6306289,0.6120827,0.4188176,-0.056009676,-0.20217943,-0.26544458,-0.5355404,0.5584995,-0.13829648,0.21022868
IND685514AAA,1.9325484,0.07840903,-0.05914239,0.051958784,0.0035621077,-0.13751733,-0.22465038,0.1809783,-0.3009976,0.62103367,0.21284346,0.077796444,0.59754807,0.57951534,0.15178262,0.11854337,-0.055393774,1.3248959,-0.71159023,-1.0213168,-1.0662374,-0.13610041,0.86892605,0.106549665,-1.1494975,-0.32069248,-1.0150568,-0.13595572,-0.9070081,0.5730839,0.20171845,-0.28703758,0.33920673,-0.09452398,0.32023108,-0.1594888,-0.41651133,-0.17088476,0.098051965,0.15805416,0.32226902,0.071869716,0.17120463,-0.03217087,-0.01690662,0.13010107,-0.046373844,-0.093803026,0.19582085,-0.25958008,0.6313524,0.09753611,-0.28161463,0.25944924,0.116841026
IND686028AAB,0.438511,1.2233444,0.9926255,-0.5246329,0.4866073,0.7576835,0.9076434,0.31223336,0.36258745,-0.59089965,-0.44684285,-0.008568108,-0.21916944,-0.55412316,0.27862567,-0.28407523,0.5720341,-0.5491419,-0.58841133,0.14692621,-0.4578797,0.5400517,-0.18197697,0.16615705,-0.14613695,0.2582529,-0.039553046,0.019888774,-0.11739213,0.105019785,0.5409103,-0.9527886,-0.2044839,0.24270916,-0.17725688,-0.1243398,-0.18164676,-0.25785428,-0.15139614,0.28599823,-0.2590848,0.44494677,-0.36467108,0.19191681,-0.20112765,-0.01471284,-0.10684405,-0.06653247,0.009849694,0.17313069,-0.083659604,0.08532105,0.20553736,-0.117585495,0.0819623
IND686507AAA,1.1550692,1.151792,0.904956,-0.36236042,0.50174373,0.5242032,0.88488895,0.39170778,0.14172484,-0.8537422,-0.2130831,0.1349803,-0.03563989,-0.36960232,0.4401045,-0.36896446,0.5534436,-0.8657782,-0.6467902,0.17633972,0.11394044,0.56562674,-0.44015935,0.1210209,-0.0814397,0.5832962,0.51128364,-0.22843665,0.06466696,0.010211663,0.42142424,-1.3405097,-0.33557668,0.08921838,-0.2135934,-0.5568885,-0.2937205,-0.7578864,-0.29167423,0.3614487,-0.8534688,0.402115,-0.0216102,0.2390463,-0.3608535,0.06089954,-0.37863582,-0.38347214,0.16955216,-0.08082099,-0.20715098,0.1453329,0.46189448,0.21188988,-0.3708653
IND686513AAA,1.0757324,1.1345152,1.0394852,-0.34912908,0.57528263,0.47511196,0.97375584,0.2469337,0.08011405,-0.88349015,-0.23085062,0.16029951,0.0343578,-0.30418575,0.3899406,-0.15572225,0.5918513,-0.7807144,-0.6688699,0.25510567,0.033030704,0.6789125,-0.43111145,0.18623346,-0.06441147,0.61534643,0.348393,-0.1602819,-0.077513516,0.062013313,0.48791182,-1.3516324,-0.44878384,0.18759522,-0.13314606,-0.36010253,-0.29504615,-0.7011617,-0.20627163,0.31150478,-0.606251,0.50002587,-0.059964262,0.16560233,-0.43031502,0.10416873,-0.25316608,-0.26043078,0.09192774,-0.0005764663,-0.18423907,0.28993428,0.34758306,0.20840676,-0.38364995
IND686540AAA,0.8621839,1.150415,1.0442929,-0.4046092,0.6252172,0.58162475,0.9876475,0.2934483,0.17974694,-0.6858824,-0.34091341,0.07688878,-0.11549355,-0.5260149,0.31740475,-0.30685085,0.5953614,-0.52285266,-0.63788915,0.34634304,-0.1511311,0.46211866,-0.19642475,0.30787683,-0.24191882,0.4675966,0.3262602,-0.10112305,-0.10233295,0.14257479,0.27542353,-1.0653844,-0.4193974,0.020392105,-0.32023236,-0.3738612,-0.24827623,-0.5276495,-0.23667009,0.39428586,-0.6588086,0.49171856,0.030157432,0.10562087,-0.311376,0.1116755,-0.030421995,-0.24522209,-0.03653388,0.05028461,-0.41011417,0.0269741,0.30302376,0.23124592,-0.23203024
IND689101AAA,0.8229271,1.0854182,0.97307384,-0.5023201,0.66207516,0.7701857,0.8522109,0.2608109,0.25401074,-0.60451347,-0.3828526,0.015998498,-0.22805041,-0.68746823,0.2642307,-0.27686834,0.5430319,-0.65005994,-0.6737805,0.26371628,-0.27153865,0.45207316,-0.051569246,0.2944198,-0.045507897,0.5172441,-0.111501716,-0.25643623,0.14027376,0.1913356,0.59097433,-0.8349795,-0.07654699,-0.09653224,-0.1437174,-0.51798666,-0.17487073,-0.4781503,0.018990856,0.11921358,-0.17450228,0.38946772,-0.27626613,0.19405739,-0.22732666,-0.08125982,0.07649137,-0.06481217,-0.33384374,0.56676966,-0.24981539,-0.1302436,0.08461109,0.10004899,0.13360398
IND689503AAB,-0.27530968,1.2979208,0.89306664,-0.5843675,0.6053562,0.80043817,0.9454748,0.2265544,0.15799907,-0.21928653,-0.28255534,-0.3257228,0.055222068,-0.6393866,0.019490985,0.3222221,0.478797,0.012343373,-0.5709038,0.25532007,-0.46911243,-0.05190321,0.031766266,0.25649208,-0.1928363,0.009039715,0.22171196,0.40562612,-0.20452163,0.08808154,0.1892876,-0.7957386,0.041485846,0.05712269,-0.14558324,0.03409461,-0.12954193,-0.16847134,0.14521614,0.1834128,-0.40342405,0.19883569,-0.4966242,0.17428866,-0.08759023,0.029076315,-0.1748941,0.08383015,-0.14558454,0.22550279,0.23583099,0.1584008,0.16889317,0.08079916,-0.096065566
IND689650AAA,1.1215271,0.88999563,0.77747655,-0.50899464,0.49129122,0.88533056,0.88258666,0.62701845,0.3596847,-0.74537426,-0.27769244,-0.1777891,-0.15725328,-0.89197344,0.18614551,-0.3910785,0.5418125,-0.83740354,-0.7436904,0.27527922,-0.25695816,0.6666703,-0.08586171,0.10868186,-0.12957409,0.483849,-0.416679,-0.21538986,0.23538528,0.22507426,0.9523385,-0.6504079,0.21790129,-0.16894834,-0.16499966,-0.521001,-0.12268924,-0.41321403,-0.1584344,0.3547011,-0.26965088,0.4045465,-0.41978693,0.2607602,-0.63405704,-0.07183659,0.33176196,0.018346056,-0.38956088,0.69455105,-0.6228172,-0.11907745,0.05898632,0.18357773,0.19775866
IND690548AAA,1.1132253,0.944722,0.8726946,-0.5346258,0.6597235,0.89040947,0.8064522,0.5744384,0.45667267,-0.5078279,-0.310807,-0.02618879,-0.19860172,-0.8865471,0.1419162,-0.36846492,0.5897258,-0.6653228,-0.7025465,0.2242253,-0.40952563,0.5970671,0.08391664,0.21803048,-0.16232194,0.633726,-0.014246672,-0.29696453,0.13733412,0.27203065,0.74960357,-0.65348953,0.040066063,-0.16235732,-0.28864533,-0.48249555,-0.16371197,-0.45912492,-0.21790172,0.3216767,-0.14884004,0.41140813,-0.41860452,0.28426325,-0.4907034,-0.060659707,0.25923973,0.022963636,-0.37346846,0.6399273,-0.49544263,-0.19351998,0.0025568493,0.008310255,0.032442503
IND691001AAB,0.35539925,1.1366776,0.97192395,-0.60349536,0.43598962,0.89297605,0.8357318,0.4504168,-0.0024606138,-0.6981893,-0.71082866,-0.5161835,0.2549364,-0.53288484,0.06260653,0.7763033,0.553214,-0.067312166,-0.2514338,0.44900548,-0.4009731,0.15770061,0.32283446,-0.1480672,0.06712781,-0.4851665,0.427212,0.6119954,-0.38879967,-0.20510286,0.19901413,-0.41659012,-0.27822068,-0.26073825,-0.17287314,-0.23864476,0.21673733,0.022475995,0.09956047,0.39368,-0.124741554,0.023351654,-0.09590838,0.2744652,0.2379899,-0.20004791,-0.048370883,-0.009674333,-0.1589269,0.013899587,0.074775055,-0.2930443,0.19257347,-0.0059672035,0.09510738
IND691506AAA,0.5422777,1.0398712,0.8954376,-0.75850946,0.3194536,0.70406365,0.87353736,0.60722023,-0.1403002,-0.8269419,-0.803739,-0.6525438,0.21649484,-0.7442246,-0.014013482,0.8649265,0.5749136,-0.11720437,0.10029887,0.41444933,-0.31564394,0.2845119,0.15309337,-0.32763106,0.13368462,-0.5254822,0.5658783,0.71794176,-0.36124057,-0.1558199,-0.036275133,-0.48216873,-0.43161166,-0.097566575,-0.29987743,-0.34587306,0.37583834,-0.025214247,0.036961775,0.35467806,-0.21286806,0.20856304,-0.027634345,0.5248046,0.27896112,-0.2245479,0.017793134,0.013909809,0.024871219,0.39207155,0.16860022,-0.09336596,0.031593356,0.3616009,0.21837264
IND691551AAA,0.56236064,1.1016754,1.072742,-0.547682,0.50392705,0.9225879,0.8881515,0.55369127,-0.021089196,-0.80896896,-0.6246525,-0.8410363,0.23523656,-0.62760115,0.07711522,0.7745133,0.43791527,-0.14358129,-0.091328636,0.3389358,-0.21542406,0.14680035,0.027947016,-0.17161949,0.19871321,-0.471183,0.47737736,0.648844,-0.39102578,-0.21532886,0.19114995,-0.1483908,-0.5609478,-0.19710399,-0.3978234,-0.31489414,0.24411353,0.18419826,0.10021493,0.23931183,-0.09117368,0.23408191,-0.04746122,0.3919093,0.26139507,-0.0023038685,-0.05519198,0.20447952,-0.013505723,0.3391322,-0.024980322,0.06770122,0.09761393,0.28900424,-0.123963535
IND695012AAA,1.0562195,0.9174841,0.8360573,-0.6783568,0.54086024,0.79387534,0.8905881,0.146101,0.22168802,-0.64308745,-0.9237571,-0.58750975,0.16783021,-0.49270648,-0.17890789,1.0411017,0.54771924,0.11864057,-0.3268345,0.23258245,-0.16380978,-0.14940299,0.3200223,-0.081270844,0.21139999,-0.5452039,0.20789286,0.64402366,-0.61950636,-0.25058037,0.27265885,-0.3337816,-0.3856916,-0.2571681,-0.5045466,-0.2191098,0.3425736,0.26069093,-0.10470283,0.21885525,-0.048195228,-0.16935925,-0.19672951,0.3876029,0.3513523,0.075289525,-0.16453983,0.421426,-0.009483565,-0.14274988,-0.15130599,-0.34409967,0.14492413,0.14498696,0.05932419
IND695012AAB,1.035447,0.8499293,0.84658945,-0.7179428,0.52181596,0.7810242,1.0102614,0.09003847,-0.09423571,-0.56759983,-0.8793284,-0.49397254,0.28770322,-0.5187537,-0.114968635,1.270887,0.64440084,0.18451324,-0.39340824,0.41672707,-0.10624439,-0.20182902,0.33129236,-0.28296968,0.1905282,-0.63415056,0.33744305,0.6657005,-0.45557618,-0.34043515,0.17787018,-0.49084383,-0.49181965,-0.23877327,-0.5458867,-0.32454365,0.3783759,0.42749,-0.19923896,0.07199477,0.022112213,0.058156967,-0.19542757,0.20143703,0.481471,-0.10103801,-0.11219917,0.25236315,-0.28423563,-0.102342024,0.015073851,-0.25169832,0.14054781,-0.053126957,-0.07015835
IND695541AAA,1.9333404,0.014739603,-0.014316559,-0.08127886,-0.34368116,0.01394017,-0.70806146,0.10904758,-0.9905465,-0.21029761,0.6718818,0.004131265,-1.4633894,0.08761665,-0.9682192,-0.47504774,0.22535537,-0.30790183,0.89180833,0.07965458,-1.3343381,-0.53149664,-0.6665592,0.23214948,0.55438954,-0.34791267,0.08196576,0.6239981,-0.8158994,-0.21319409,0.4054569,0.18863449,0.13259102,-0.10309367,0.03419508,-0.6973262,0.46538332,0.4400801,-0.68186724,0.086759895,-0.1236987,0.27612257,-0.49451682,0.16332638,-0.5450888,0.21329083,0.11028311,0.027165268,0.87572294,-0.3513035,-0.464298,-0.36229023,0.0014246777,-0.10908152,-0.04461442
IND695582AAA,1.4599684,0.7082358,0.64501095,-0.43130487,0.3468705,0.5451331,0.9679525,0.21460071,0.33319384,-0.7269714,-0.6584018,-0.63344246,0.58573806,-0.5033974,-0.23923692,1.0663632,0.59607,0.40272263,-0.73492104,0.32141054,-0.29211906,-0.24024083,0.24926841,0.16221899,0.56354463,-0.9878387,0.5727072,0.902852,-0.60276747,-0.37077886,-0.18484142,-0.38156268,-0.6553936,-0.36303806,-0.34154338,-0.68196136,0.37133038,0.76283437,-0.061562,0.15798599,-0.2651464,-0.30790043,-0.35352302,0.10292886,0.39298722,-0.05464559,-0.3168767,0.1730284,-0.12104942,-0.38501492,0.032768086,-0.28824392,0.15270163,0.09762019,0.20289484
IND695609AAA,1.1090945,0.81329465,0.7677852,-0.7719597,0.52451843,0.7860905,1.0994533,0.26381215,-0.032359615,-0.5701114,-0.80569714,-0.5571703,0.28506413,-0.6493788,-0.34211826,1.2037671,0.71244735,0.1306656,-0.37423944,0.30817437,-0.06755813,-0.081888676,0.38872722,-0.07085109,0.15558007,-0.5092,0.25331268,0.5558717,-0.2690711,-0.4441927,0.109556496,-0.442307,-0.52898264,-0.48603505,-0.45381558,-0.29923874,0.5097432,0.68869865,-0.1850814,0.11337249,-0.16536099,-0.06564143,-0.25970203,0.28188205,0.40096247,-0.15263017,-0.065121084,0.36263216,-0.47252217,0.08092029,-0.3442108,-0.22475901,-0.03381035,-0.026232596,0.059128717
IND700026AAC,-1.4402719,0.20619874,-1.4649765,-0.45743692,0.80389047,0.51459444,-0.3358217,0.097450025,-0.26343274,-0.22250617,-0.3991369,0.15533583,-0.41076547,0.48558563,0.37338635,-0.25608703,-0.45997745,0.118413165,0.094472304,-0.20967673,0.054352354,-0.048761133,-0.02913997,0.33765155,-0.41526264,0.024970084,-0.026792642,-0.023631336,0.1118429,-0.41957468,-0.15786448,0.0264933,0.0760327,0.025725286,0.02539527,0.18427971,0.034371085,0.06085424,-0.23202632,0.021258561,0.062979445,-0.10999942,-0.13743675,-0.035372734,0.22119257,0.0061827004,0.19907503,-0.1465902,0.25095478,0.225548,0.085785255,0.15650955,-0.17938697,-0.17895766,0.063793905
IND700028AAB,-1.5052594,0.09343806,-1.3881079,-0.4906928,0.69288206,0.565233,-0.11960753,-0.014416315,-0.01985496,-0.21232799,-0.409815,0.074778594,-0.12030369,0.3604622,0.2136154,0.0015130788,0.00055944547,0.087484114,-0.32324672,-0.19679351,0.31804147,-0.20250419,-0.02829108,0.031271316,0.05486306,0.3062022,-0.18004563,-0.0071812607,0.009229384,0.0048609376,-0.0015091598,0.0014591664,0.084981725,-0.13151003,0.007242929,-0.1810274,-0.043841418,0.024062317,0.013241287,-0.03357661,-0.16211681,-0.07017659,-0.12922198,-0.07032728,0.10374816,0.14600919,-0.107279964,0.0072246864,0.023806622,0.072439216,0.0845954,0.0202201,-0.28925714,-0.2840168,0.3065759
IND700053AAA,-0.90835017,0.21701325,-1.5305535,-0.3803261,0.61222255,0.54426026,-0.28030977,-0.002948165,-0.09370083,-0.44675386,-0.35792136,-0.18452206,-0.10445762,0.14958957,-0.09084256,0.16208151,-0.31430912,-0.23392749,-0.36368984,-0.13725355,-0.39616692,-0.065106556,0.051154424,0.28587994,-0.5384943,0.6373113,-0.059989974,0.36083823,0.37066853,-0.25365853,0.10791162,-0.016458558,0.34549907,-0.08317684,0.016359951,-0.24102858,-0.15418315,-0.4758296,-0.11597752,0.5908253,0.36489078,0.038492277,-0.19173846,0.044768013,-0.023073211,0.23455617,0.23449029,-0.46508944,-0.2173713,-0.35074675,0.36973035,-0.09485403,-0.14146554,-0.12441738,-0.19909558
IND700065AAA,-1.4498177,0.21646746,-1.4822507,-0.44907665,0.7495186,0.537544,-0.28827882,0.10435399,-0.38039583,-0.28104234,-0.37761527,0.19062161,-0.41135103,0.36201608,0.26022694,-0.24695969,-0.39369878,0.073883854,-0.017358106,-0.24997248,0.043060087,-0.09976095,-0.06405059,0.26787567,-0.3998391,-0.008231357,-0.0031717718,0.02098903,0.06461735,-0.31811225,-0.1501222,0.03727442,0.30394182,0.03630802,-0.0574516,0.26923722,-0.011614349,0.12570505,-0.2807847,0.019261826,0.050031435,-0.14030138,-0.20219031,0.024827413,0.27259475,-0.069796264,0.20853479,-0.043419965,0.20638627,0.09827199,0.1187927,-0.0092645995,-0.13200009,-0.097837046,0.09842688
IND700065AAB,1.8113528,0.08065215,0.4036556,-0.05136031,-0.038627096,-0.25416657,-0.36746073,0.7502161,-0.54695684,0.2946326,0.84964675,-1.3021165,0.9525768,-0.9235957,1.2631856,0.7840766,-1.3686355,-0.35460776,-1.045843,-0.6738785,0.47473896,-0.21375579,0.37076944,-0.05594164,-0.3124112,0.09256145,0.43835872,0.65348303,-0.38408858,0.3517555,-0.5207126,-0.1445384,-0.19488606,-0.5530362,0.61652344,-0.03875764,-0.23626712,-0.9359097,-0.26388592,-0.28432775,-0.1079582,0.12850833,0.84557617,0.3439292,-0.64744437,-0.054618895,-0.46132022,-0.32923433,0.30286676,-0.055339016,-0.7588412,-0.010634877,-0.23845306,0.17654197,0.36438394
IND700088AAA,-1.5190936,0.18887527,-1.3077335,-0.5018408,0.75938964,0.5687107,-0.2047549,0.06048125,0.0856704,-0.2718359,-0.52551734,0.11417152,-0.17187877,0.4091193,-0.026662229,-0.04427093,-0.12433489,0.1140672,-0.10892378,-0.2514348,0.18066335,-0.00820595,0.053134494,0.04728713,0.15621841,0.06264223,-0.0025136694,0.022720903,0.0033321157,0.104871385,-0.1406694,-0.08997528,0.22547694,-0.09954284,-0.017763674,-0.21212268,-0.19957098,-0.25358915,0.09139378,0.2368585,0.1801722,-0.018614635,0.08298687,-0.116161734,0.23497833,0.08829393,-0.054921687,-0.065425076,0.05859107,0.016406849,0.10918082,-0.07516548,-0.20589513,0.11517015,0.18661273
IND700136AAG,1.8522636,0.078323066,0.4023911,-0.06444552,-0.021404259,-0.22333431,-0.32581604,0.72278154,-0.5350309,0.31520808,0.8886504,-1.3097788,0.94289887,-0.94397014,1.2888025,0.79175043,-1.3352283,-0.31187615,-1.0469248,-0.66322,0.46358985,-0.22925645,0.35652915,-0.06340311,-0.3315134,0.120114625,0.3706015,0.64389634,-0.3909726,0.36620063,-0.55241495,-0.17233062,-0.16852999,-0.53312874,0.5875297,-0.037207887,-0.24925056,-0.92109615,-0.2712683,-0.30509233,-0.12241787,0.12653863,0.85704976,0.31025642,-0.67660034,-0.096558094,-0.49182308,-0.34172556,0.2770055,-0.06308202,-0.74003375,-0.03576044,-0.23628274,0.16034754,0.37362266
IND712103AAA,-0.41018653,0.12617119,-1.4827199,-0.4776613,0.8958532,0.2689099,-0.3033826,-0.11574333,-0.20694135,-0.21921304,-0.25687104,-0.5644803,-0.36075687,0.3596096,-0.03975919,-0.2443962,-0.8194198,-0.328226,-0.2239653,0.34133136,-0.4108606,0.04788181,-0.27727127,0.26767364,0.39174503,-0.406974,-0.02059479,0.16688922,0.23916139,0.09750816,-0.53765905,0.17537767,-0.69236207,-0.29827255,-0.20308438,-0.093468376,-0.8977698,0.17077397,0.088756904,0.13033086,-0.02352067,-0.15343863,0.16813838,0.027972631,0.22027981,0.5120557,0.17791714,0.31480893,-0.08286999,0.3002923,-0.031618938,-0.24685875,-0.80718833,-0.40894556,0.32133865
IND712124AAA,-0.48882973,0.2024623,-1.4938133,-0.3429532,0.8555114,0.36076176,-0.34191093,-0.13025773,-0.21650213,-0.26841012,-0.1934287,-0.68873256,-0.3409145,0.29500544,0.04599352,-0.3333327,-0.75057244,-0.1836893,-0.23653963,0.34395987,-0.38919634,0.19486119,-0.22005025,0.1769578,0.36277258,-0.3825997,-0.03206885,0.18215826,0.33290792,0.106780425,-0.36500663,0.295523,-0.6395521,-0.26231915,-0.107777335,-0.17180559,-0.8529278,0.0721441,0.11763103,0.090701416,0.09617844,-0.15814433,0.09129018,0.017799199,0.13327669,0.40907398,0.38484615,0.35321185,-0.13194102,0.26821744,-0.025904402,-0.31055757,-0.9175003,-0.25866273,0.48313436
IND712310AAE,-0.7180737,0.097513914,-1.3654586,-0.54062885,0.861947,0.4543633,-0.30491623,-0.0017203614,-0.3259713,-0.37258324,-0.1779129,-0.6088517,-0.14547,0.23928401,0.16769458,-0.17889272,-0.7462478,-0.38072187,-0.2029225,0.042408027,-0.1910952,0.18892008,-0.07801941,0.17199415,0.25774115,-0.35023257,-0.013339825,0.10571581,0.20467131,0.10297403,-0.35373354,0.19655646,-0.3727084,-0.22384812,-0.044674654,-0.073795564,-0.8244768,0.021901902,0.113908336,-0.008214865,0.14109859,-0.19101629,0.01646614,-0.09919329,0.12213707,0.21124607,0.18073536,0.4444357,-0.15574694,0.22329703,0.073691644,-0.45332196,-0.69168276,-0.18094294,0.3456912
IND712311AAA,-1.5321298,0.14151137,-1.2937902,-0.4122604,0.7461989,0.47627798,-0.18795316,-0.14394444,-0.0677368,-0.2483986,-0.25518185,-0.048970543,-0.27113765,0.27461243,0.1779092,0.09646991,-0.18813175,-0.0038906634,-0.082350716,-0.1945324,0.081627056,-0.11051024,0.056233585,-0.003433641,-0.12056258,0.15006635,0.038215525,0.100656375,0.22657432,0.0011856034,0.02830834,0.030102566,0.009088766,-0.05404617,-0.01782151,-0.044592693,0.029405959,-0.114844844,-0.03901114,0.09212832,0.10537782,-0.06996481,-0.24887145,-0.13277864,0.05258456,-0.06337953,0.029110253,-0.109323524,-0.06915927,0.076923095,-0.016845673,-0.18178716,-0.07096575,0.03687828,-0.011858225
IND712410AAC,-1.3282117,0.20913671,-1.4138944,-0.39216465,0.73233044,0.5104637,-0.007409067,-0.32178944,-0.25449052,-0.47384828,-0.81182736,0.32384914,0.077411056,0.44982255,-0.04818988,-0.23527917,-0.28839663,0.06861711,0.03640735,-0.084236145,0.32030192,-0.23089586,0.13591322,-0.19579792,0.09323723,0.12701684,-0.05979484,0.23988931,-0.24187729,-0.0750973,-0.037066206,0.2464979,0.0146363955,-0.04182242,-0.031540614,0.1737446,0.08221992,-0.2720983,0.18593317,0.09411067,0.23395723,-0.06690003,-0.1787675,-0.42003107,0.48790616,0.410668,0.0046882182,-0.08920335,-0.061956014,-0.06062068,-0.068893984,-0.343703,-0.14548129,0.22694422,0.022643603
IND712602AAA,-1.2489891,0.20108418,-1.4620081,-0.6175735,0.84655446,0.47273394,-0.28343424,-0.028486215,0.25692582,-0.11953829,-0.2317953,-0.04545634,-0.42772186,0.5618758,0.16448101,0.18615538,-0.09645316,-0.099889606,-0.060385525,-0.48621863,0.32951948,0.16706179,-0.3080799,-0.038549345,0.24822882,0.442761,0.035337493,0.33344525,-0.02920502,-0.050587818,-0.1266953,-0.032418497,0.52484906,-0.30891407,0.051217005,0.10516043,0.05644621,-0.10089618,0.6874752,-0.032420237,0.12983373,-0.15947458,-0.0011375248,0.21850248,0.037982196,0.15581675,0.16376214,-0.20948416,-0.4146368,-0.12177011,0.17287044,-0.08943378,-0.2231825,-0.14423229,-0.1993624
IND713103AAA,-1.154743,0.20143881,-1.4057963,-0.52272356,0.89928305,0.54175246,-0.36348394,-0.15346235,-0.32521415,-0.5424132,-0.27450794,-0.15626767,-0.32506266,0.4735806,-0.15332109,0.1597182,-0.16716515,0.299909,-0.32212824,-0.35993755,0.08374316,0.013616623,-0.23235542,-0.052824892,-0.11767146,-0.022362046,0.33367085,-0.08834992,0.079560205,0.34936816,0.28399676,-0.10875639,0.06437615,-0.06460871,-0.07152976,-0.2645464,0.045053884,0.05054991,-0.17524196,-0.08895472,-0.12282735,0.05652286,0.03483317,-0.26899078,0.11835903,-0.029401124,0.22413526,0.23618689,0.043149866,-0.1466049,-0.019959226,0.030557178,-0.09030622,0.11747524,0.032319456
IND713130AAA,-0.36178863,0.20736249,-1.4844621,-0.55172473,0.8123519,0.45681742,-0.30622151,-0.12983823,0.083650336,-0.26118258,-0.580101,0.31693012,-0.55415094,0.228623,0.7411131,-0.5041364,-0.21444742,0.37161988,0.05020875,-0.3564524,-0.24250117,-0.93009555,-0.14739367,-0.1705378,0.62570566,-0.37983352,0.021770261,0.21801735,-0.028823357,-0.5268572,0.22565073,0.38536423,0.04796962,-0.050220355,-0.565647,-0.5332376,-0.29120785,-0.43113267,-0.035649627,-0.3017451,0.3337921,0.14821371,-0.027806357,0.056981783,-0.17715737,-0.052788705,-0.08906206,-0.48839378,0.20735063,-0.09294449,0.1016359,0.2759915,-0.23935956,0.20404258,-0.20994887
IND713148AAA,2.0643702,0.10041447,0.051619142,0.06271562,-0.19481897,0.22803685,0.4465579,1.1405885,-0.21155623,0.3560381,0.27241915,0.17640989,0.2304663,0.38474464,-0.05681008,0.25765756,0.43356302,0.11896382,-0.46649033,-0.14635119,0.10581497,0.4919794,1.9151149,-0.44194812,0.12885813,0.6677294,-0.19559711,-1.0606196,-0.16372332,-0.7151384,-0.2304309,-0.2885626,-0.2689853,-0.21075551,-0.13034537,-1.1473738,-0.035114303,-0.38221747,0.417806,0.85313517,-1.1558077,-1.4631946,0.47806925,-0.6004745,-0.18351325,0.4426391,0.36522818,0.5546472,0.7370103,-0.21515346,0.1451061,0.4694356,0.3283601,0.43321708,-0.22276342
IND713205AAB,-0.44801414,0.23522605,-1.4535501,-0.46687263,0.8521147,0.46763763,-0.23165306,-0.27686527,-0.46751934,-0.5385009,-0.23003621,-0.18653798,-0.29273444,0.6423694,-0.086340025,0.34242526,-0.30778614,0.59571826,-0.009142909,-0.20256583,0.08309443,0.13510118,-0.569247,-0.13412592,-0.070955314,-0.00871487,0.66472036,0.14147592,0.05452667,0.40529883,0.3515796,-0.021469628,0.30652517,-0.110680416,0.28058106,-0.33574045,0.021520726,0.29567492,-0.21946378,-0.35157788,-0.11367838,-0.090994164,0.043053173,-0.3049916,0.34359562,0.08123739,0.07404697,0.336658,0.055019174,-0.36770955,-0.09543982,-0.017483512,0.06232255,0.052877657,-0.020680994
IND713364AAB,-1.4514765,0.12185575,-1.4697323,-0.44733202,0.71378696,0.58649755,-0.15818311,0.052300446,-0.023294665,-0.35974038,-0.27663487,0.08703746,-0.16725005,0.35882092,0.18133904,-0.05278949,-0.23718949,0.022791065,-0.1557289,-0.09672735,-0.035027374,-0.08555138,-0.017314985,-0.07536587,-0.086456686,-0.010770738,0.030978084,0.14258017,0.103279114,-0.18319798,0.055948645,-0.020329218,0.08478959,-0.12255551,0.16434124,0.008451212,-0.037286587,0.04220394,-0.018800773,-0.047222633,0.02294818,-0.18804976,-0.06491489,-0.025630333,0.20746526,0.08050754,-0.09678651,-0.109516375,0.0040483754,-0.109112464,0.123138584,-0.08710897,-0.10417673,0.012016192,0.2415342
IND721133AAA,2.4597359,0.42330724,-0.048124604,-0.38286704,-0.31525546,0.4138153,0.2302134,-1.7491751,0.44117045,0.5242804,-0.20455267,-0.22018132,-0.5664848,-0.44188982,-0.9748062,1.156664,-0.9907559,-0.28670573,0.33492225,0.38352513,-0.64283156,0.23307317,-0.28016946,-0.11965412,0.46425766,-0.42574152,0.5026311,0.26232845,-0.83183575,0.9189391,0.14044654,-0.3037744,-0.15770897,-0.19094749,0.12760451,-0.012597928,0.15497604,-0.44804776,0.1895384,-0.096113816,0.9489703,0.19949588,-0.41900414,-0.11904986,0.07787837,-0.2591586,-0.11726677,-0.49560803,0.036275074,0.17913833,0.5089736,1.5606054,-0.015645776,-0.73982906,0.25835443
IND721134AAB,-0.5141641,0.124577895,-1.3313171,-0.69561726,0.9965348,0.5034012,-0.5295262,-0.12650102,-0.25172588,-0.15272862,-0.11548422,-0.6894047,-0.14956951,0.34462178,-0.05264148,0.0045201667,-0.92257404,-0.050455928,-0.30572063,0.14734183,-0.09197654,0.34670633,-0.030746818,0.14563479,0.25936782,-0.28907472,0.12511745,0.2140766,0.16308106,-0.121145934,-0.54409736,0.331999,-0.39867613,-0.35604364,-0.3893681,-0.25380343,-0.7012065,-0.21830405,0.35289288,0.06374805,0.14429358,-0.09260236,0.024032433,-0.11462718,0.13867268,0.5104508,0.18257792,0.6209232,-0.009670578,0.4565779,0.29578942,-0.28296828,-0.8459627,-0.20572789,0.323542
IND721139AAC,1.9551166,0.05715745,-0.28900245,-0.16466005,0.037536696,-0.39022171,0.5982873,-1.084258,-0.3138246,0.514289,-0.21848904,-0.2725436,1.8564095,0.8508043,0.9918823,0.25324836,-0.005133312,0.18463418,-0.9174666,0.8995522,0.27233475,0.47051227,-0.15384385,0.13319588,-0.21199208,0.3851109,1.1461017,-0.27722096,0.91587895,-0.87309873,0.5544411,0.22407511,0.034923658,1.019075,-0.32953972,-0.8443778,0.41923818,0.6062174,-1.0291469,-0.85224617,0.044539552,-0.031189054,0.25063154,-0.01934626,-0.5571718,0.51957,-0.14695805,-0.12222897,0.17751749,0.44245857,0.09595734,-0.016206041,-0.030024718,0.29763213,-0.122912854
IND721212AAA,-0.5383717,0.09178148,-1.4142654,-0.66591245,1.0122981,0.36280462,-0.43579262,0.0031772926,-0.20202729,-0.24972859,-0.3148436,-0.6182006,-0.2724738,0.2182013,0.07157104,-0.28522858,-0.730478,-0.49568948,-0.32964486,-0.11195528,-0.20863083,0.42058226,-0.28530437,0.055088148,0.03727108,-0.23344964,0.37527502,-0.02968289,0.27889043,0.12868556,-0.6866866,0.2908694,-0.5565796,-0.18782185,-0.28606454,-0.2652137,-1.1114695,-0.07294012,0.08667138,0.18285953,0.091105,-0.17954272,0.10193605,-0.21689814,0.013506509,0.29440492,0.08233777,0.44330764,-0.025268327,0.25943348,0.046666227,-0.15645179,-0.7009,-0.37396988,0.42245632
IND721253AAC,-0.5997492,0.26502705,-1.3578122,-0.4757294,0.8946117,0.55137634,-0.40820256,-0.63977164,-0.010568537,-0.15742132,-1.0422184,0.032761388,-0.46582252,0.2988333,0.1397828,0.39520457,-0.7257387,-0.19681704,-0.08671812,0.011375416,-0.28896794,0.04851145,-0.16045812,-0.5512777,0.21202698,0.14863881,-0.26259,0.3384205,0.2919796,-0.22090606,0.11552711,-0.6422953,0.22927397,-0.22393917,0.28035146,0.29285723,0.12234826,-0.44017,-0.27872247,0.40582553,0.18894225,-0.010883063,-0.1561796,0.63491887,-0.3218408,-0.06785634,-0.4128818,0.2135686,-0.076965496,-0.011818461,-0.23695438,0.0031840662,0.2619376,-0.48868763,0.7393289
IND721306AAA,-1.0268309,0.151171,-1.2352346,-0.4766121,0.76642483,0.5809461,-0.17371516,-0.552715,-0.07421051,-0.431937,-0.7294574,0.11777082,-0.22635742,0.3390345,0.111917086,0.3040427,-0.5089515,-0.08829917,0.079029314,-0.12481356,-0.15923679,-0.013135132,-0.34397146,-0.408599,0.3283795,0.1194302,-0.3023827,0.2526322,0.43512422,-0.23256208,0.082399234,-0.5305208,0.08181876,-0.2267779,0.31699252,0.23411737,0.010280032,-0.3912688,-0.36748397,0.44282368,0.33325815,-0.16506675,-0.15858394,0.400103,-0.1441789,-0.16790383,-0.13835359,0.16570295,-0.19214925,0.008954622,-0.10249834,0.061189808,0.16588582,-0.49775267,0.66162246
IND721401AAA,-0.85727227,0.1538394,-1.2627966,-0.47109365,0.7315426,0.59785295,-0.3114159,-0.70618266,-0.16509965,-0.3943242,-0.78568643,0.30275893,-0.08889001,0.49444628,0.04041019,0.45050487,-0.6103316,-0.18507147,-0.16372657,-0.04269246,-0.19420221,-0.24259901,-0.22772932,-0.49583903,0.19849077,-0.045220986,-0.11620116,0.20629166,0.60254735,-0.1961418,0.07048985,-0.6125751,0.18564112,-0.07708967,0.3966606,0.4461335,0.0630201,-0.46048015,-0.1340721,0.3017761,0.41618645,-0.062366113,-0.13016549,0.16786373,-0.1647552,-0.4389913,-0.18490167,0.3299839,-0.38156372,0.036975868,-0.16735353,0.18092355,0.16388531,-0.49405545,0.8234018
IND721501AAC,-0.5119724,0.2984553,-1.3626094,-0.5682478,0.9307214,0.47926196,-0.35039985,-0.84110886,-0.08296658,-0.18229994,-1.1136694,0.20636337,-0.3740383,0.4033472,0.19128571,0.35350412,-0.8234831,-0.43838993,-0.12757258,0.05724857,-0.41920176,0.12137303,-0.246811,-0.44746855,0.28744155,0.1540229,-0.17361411,0.2573793,0.16064073,-0.040669844,0.0026061982,-0.741962,0.284585,-0.09705724,0.25279766,0.28606284,0.14053372,-0.38887656,-0.23927332,0.54921097,0.28924024,-0.017598413,-0.15456936,0.6098624,-0.2889378,-0.11336852,-0.4987954,0.22470099,0.07837938,0.07920312,-0.26010603,-0.029219773,0.35706985,-0.3254884,0.73267305
IND721602AAB,1.9479326,0.05471921,-0.28828338,-0.19637062,0.040327385,-0.4114664,0.6572612,-1.0902458,-0.33793175,0.47454965,-0.23994689,-0.26207834,1.8339932,0.8909332,0.9692745,0.2202353,-0.00048111752,0.1902821,-0.9175121,0.94210666,0.32033482,0.5027462,-0.1757378,0.11105493,-0.20542797,0.37856382,1.1178031,-0.256252,0.90253633,-0.8156392,0.53505504,0.20886695,0.07176906,0.95761245,-0.32371533,-0.8197806,0.39227062,0.5580547,-1.0248156,-0.83459854,0.04267469,-0.04071279,0.28253087,-0.032715917,-0.5554954,0.5283777,-0.13527358,-0.13231128,0.18156405,0.42294508,0.07867406,-0.026164727,-0.015701827,0.2967972,-0.144481
IND721636AAB,1.9333957,0.037041277,-0.28722367,-0.18024851,0.024701156,-0.38443598,0.60605043,-1.0994368,-0.3181429,0.47997487,-0.18817876,-0.26132542,1.801877,0.91410476,0.9907521,0.23888387,0.021817116,0.15821898,-0.8824444,0.91747034,0.3115094,0.49663964,-0.15666518,0.123228475,-0.20437449,0.3784758,1.1228418,-0.295883,0.91557556,-0.8013051,0.52399206,0.19134569,0.061427474,0.9460207,-0.34145454,-0.8071314,0.3887409,0.5719826,-0.9706665,-0.833616,0.0674634,-0.034552112,0.28129968,0.016247243,-0.53905314,0.49129295,-0.13501585,-0.11487741,0.17304274,0.42910752,0.08618073,-0.02807017,-0.041416448,0.2977479,-0.098576754
IND722101AAA,-0.2618755,0.1754267,-1.4333792,-0.4367116,0.89369,0.49529502,-0.39339483,-0.25997722,-0.66891384,-0.44106147,-0.27625668,-0.26414275,0.0044639707,0.6100407,-0.23308903,0.58394945,-0.39198455,0.6268171,0.014477229,-0.14440913,0.032263927,0.03878972,-0.21892595,0.064285755,-0.007340148,0.021889716,0.79547733,0.25335497,0.17302217,0.7748283,0.44039175,-0.0037961006,0.3754433,-0.22305404,0.22356981,-0.51078975,0.11363598,0.078432634,-0.3720797,-0.39733845,-0.22858456,0.054719448,0.41417485,-0.52491146,0.25034457,0.08687584,0.32395428,0.6093118,0.009079162,-0.008901974,-0.14384367,0.005375929,-0.4133074,-0.060083296,-0.115504
IND722122AAA,-0.31954777,0.27347398,-1.4415894,-0.6034247,0.871248,0.7411269,-0.35700542,-0.3670013,-0.61745054,-0.49247923,-0.30843753,-0.10883795,0.0076196995,0.59146416,-0.18290019,0.44598657,-0.18731499,0.6507697,0.033489253,-0.15431744,0.037736304,0.043880194,-0.3426759,0.11529495,0.047958285,-0.066990815,0.69298756,0.3138082,-0.024053968,0.7843223,0.4591722,-0.04835272,0.48657727,-0.179843,0.19297755,-0.5323555,0.109933235,0.13951387,-0.19308004,-0.30978164,-0.14659601,0.15231165,0.41718483,-0.55275446,0.29141712,0.18265194,0.24924065,0.71740633,-0.04181802,-0.1433315,-0.1241893,0.04399357,-0.44742355,-0.0034498684,-0.20521992
IND722140AAA,0.8001181,0.06768251,-1.2885026,-0.5472174,0.95982045,0.7147918,-0.45132905,-0.3826191,-0.66348016,-0.6841242,-0.22510947,-0.19981661,-0.45798236,0.9270235,0.25388736,0.52904904,-0.39210498,0.58639383,-0.1511115,-0.4091109,0.39613494,0.075782314,-0.35882705,0.051859602,-0.3997265,0.19262823,0.96021074,-0.3584968,-0.50879264,1.0321392,0.6219815,-0.5362689,0.18641761,-0.1762882,0.19158286,0.13463351,0.26693127,0.57233125,-0.18514855,-0.20174181,-0.30576098,-0.021066986,0.28643596,-0.5438467,-0.14603761,-0.038242422,0.08208239,-0.22099984,0.21500741,-0.44746348,-0.012399912,-0.1289992,0.21952169,-0.3795538,-0.029933617
IND722143AAB,-0.058000207,0.16085087,-1.5000869,-0.5649315,0.9783297,0.5577146,-0.1958795,-0.25298327,-0.68418556,-0.69390047,-0.21545099,0.06018246,-0.15379651,0.5726389,-0.09888444,0.13160866,-0.45470533,0.28640923,-0.26351845,-0.17695987,0.14746922,0.039905343,-0.5645693,0.19364604,-0.035820533,-0.054936267,0.6581325,-0.13784382,0.12092829,1.0833207,0.49954817,-0.000625683,0.094475724,0.026006471,0.41475293,-0.3733393,0.4317478,0.46701342,-0.40060976,-0.00985755,-0.09413701,0.14249492,0.32651785,-0.3580801,0.10352652,-0.030447911,0.05047196,0.082578585,0.2527046,-0.40213326,0.10897781,0.121376365,-0.12501629,-0.0034196116,0.0003671795
IND722151AAA,0.72769177,0.13211107,-1.3502147,-0.40642655,1.0045711,0.71753,-0.4124952,-0.35803595,-0.507296,-0.5909861,-0.3653959,0.012489375,-0.49412513,0.9063439,0.1366353,0.3216234,-0.46609068,0.61517787,-0.08644411,-0.3368727,0.44901687,0.07100373,-0.5175125,0.08048846,-0.25910932,0.13672456,0.7509278,-0.49658018,-0.3125124,1.1065536,0.48176035,-0.45206782,0.1862336,-0.17575587,0.28717893,0.06402469,0.2276046,0.5836452,-0.4151177,-0.038811233,-0.23188469,-0.006598465,0.35014445,-0.4499488,-0.13658088,-0.18832241,0.23961942,-0.052724704,0.22551876,-0.4570279,-0.09667818,-0.13092262,0.11411901,-0.3694387,-0.090941384
IND722154AAA,-1.3338175,0.21202312,-1.4182278,-0.57312393,0.837455,0.5201753,-0.2044575,0.045286976,0.09387925,-0.13498893,-0.2785555,-0.018142791,-0.3846095,0.44486964,0.32208142,0.17703578,-0.08842519,-0.07470092,-0.024017133,-0.49778318,0.43413076,0.12955663,-0.2444287,-0.07006554,0.15360995,0.26467153,-0.0021256655,0.30360168,-0.088635474,-0.03973583,-0.174007,-0.059365034,0.45042795,-0.18043558,0.12092128,0.13387969,0.013589881,0.017574202,0.5125909,0.016015606,0.120875426,-0.18577552,-0.15250763,0.1835897,-0.0042814612,0.059509553,0.19555788,-0.14863765,-0.3136281,-0.043560922,0.11658837,-0.10845637,-0.2679285,-0.119891256,-0.11297232
IND722202AAA,-0.21587217,0.15427008,-1.4737415,-0.62786853,0.8808198,0.4518997,-0.2688819,-0.21791011,-0.58604246,-0.58606935,-0.42859703,-0.26140553,-0.28489143,0.824457,-0.40392295,0.3882499,-0.028341983,0.6460366,-0.1448351,0.087257,-0.2585608,0.3486283,-0.6864863,-0.15267897,-0.06929316,-0.2219503,0.5450519,0.026323706,0.02059739,0.42412728,0.7337308,-0.008259632,0.23047046,0.003376618,0.48479974,-0.4905995,0.09966817,0.18698145,0.11758335,-0.24701126,0.27452862,-0.13246529,-0.13678333,-0.44473708,0.4219017,-0.10075227,0.15264899,0.47787204,0.32828093,-0.59340227,-0.27102816,0.39810532,-0.0793107,-0.079685,-0.24237987
IND723130AAA,0.3637048,0.23682068,-1.4915231,-0.5029264,0.98581517,0.494501,-0.4097237,-0.310755,-0.4980845,-0.5425256,-0.3432216,-0.08561598,-0.3438455,0.71057713,0.021283554,0.1714187,-0.67635965,0.26973677,-0.048551526,-0.27511472,0.31091347,0.00068224315,-0.66523933,0.21869615,-0.26634282,0.014571995,0.7924934,-0.2762819,-0.17450698,1.022803,0.44020912,-0.29914403,0.25174415,-0.1629919,0.25370046,-0.019081911,0.2895131,0.49777466,-0.1718986,-0.28525528,0.028088536,-0.039834343,0.32307312,-0.27698532,0.18340328,0.14977767,0.09053601,0.037738234,0.30635315,-0.59323937,-0.04910852,-0.023228385,0.008275572,-0.019651722,0.027481012
IND723133AAA,0.05678928,0.19339547,-1.4201918,-0.512457,0.97209334,0.55183494,-0.33730197,-0.3707947,-0.5516639,-0.69367695,-0.31649315,0.0526502,-0.36958557,0.5166673,-0.21164162,0.3303992,-0.529242,0.52380013,-0.035255548,-0.38620216,0.43503997,-0.057234198,-0.641866,0.16500887,-0.16210873,-0.028085977,0.3051991,-0.065865785,0.0057608187,1.0740951,0.40862834,-0.15336394,-0.015122339,-0.2937073,0.3009515,-0.16982327,0.034934655,0.43676674,-0.058303207,-0.34007472,-0.24955863,-0.05436173,0.28126955,-0.4095368,0.11676678,-0.07692072,0.14538245,-0.063207634,0.2266064,-0.55251664,-0.04385574,0.0834926,-0.09972608,-0.33414122,-0.006971717
IND723202AAA,-0.39014566,0.17323671,-1.5053117,-0.35599598,0.95606595,0.68215513,-0.44709083,-0.3535661,-0.41967046,-0.4842353,-0.38155085,0.012861088,-0.24476469,0.56206506,-0.16863589,0.3858202,-0.3162422,0.6541823,-0.2545132,-0.27224487,-0.1160684,0.10273522,-0.43899706,-0.1109623,-0.23550677,-0.10677087,0.50163645,0.013089769,0.28900045,0.803141,0.6887091,-0.02821362,0.11414806,-0.1306944,0.3369468,-0.25477612,0.21659267,0.1518672,-0.02939713,-0.35832083,-0.13105212,0.12490219,0.24115092,-0.1860987,0.020079017,0.038681395,0.18108512,0.34851888,0.33787453,-0.236505,-0.1380804,0.30070627,0.0035847723,0.01860059,-0.10758412
IND731301AAA,-0.41502178,0.28745025,-1.2964449,-0.6051282,1.069317,0.5999731,-0.29269934,-0.16386133,-0.53185654,-0.6812697,-0.21293892,-0.19030608,-0.2475749,0.80407405,-0.24583969,0.2912825,-0.16229819,0.44213438,-0.22857456,-0.32816726,0.081457905,-0.10746756,-0.5021401,-0.12610799,-0.1783727,-0.055565298,0.8235353,0.20006004,-0.01863731,0.6465664,0.41898984,-0.017841846,0.16040243,-0.1481766,0.5189996,-0.47886282,0.19176745,0.17847617,0.025283843,-0.28844288,-0.2776584,-0.023547053,0.08639623,-0.36749256,0.11686623,-0.06577243,0.11376794,0.47922415,0.24594733,-0.1959874,0.025418177,0.244228,-0.017404463,0.26564634,0.13292329
IND732103AAA,1.8949479,-0.019531026,-0.10387066,0.29087263,0.1651409,0.4174974,-0.3144425,-0.357454,0.8818127,-0.14370102,0.22935681,-0.27683896,-0.34204203,-1.1202006,-0.8177881,0.43026683,0.81709146,-0.45661,-1.0432495,0.57312924,-1.0709074,0.6383922,-0.8370928,0.18464619,-0.35596716,-0.38987377,0.6544579,-0.5019855,0.8544366,0.949386,-0.96129245,0.6510694,-0.41818896,0.73432,0.025892667,-0.06323744,-0.5119603,0.14912765,-0.11569224,-0.51154065,0.46171203,-0.2643045,-0.15923694,-0.012713984,0.09108475,-0.34764552,-0.35081726,0.25083068,0.12076777,0.09577488,-0.13464196,-0.22813764,-0.20098785,0.2738365,-0.24174869
IND732103AAB,-0.9849061,0.08771923,-1.4118056,-0.6226543,0.94980645,0.5498631,-0.35112783,0.41928625,0.106888965,-0.5545235,-0.13579036,-0.15313104,-0.25612143,0.11458389,0.11737086,0.050642285,-0.3380874,0.54330325,-0.31449896,0.7227818,0.18882781,-0.39105657,-0.30485567,-0.17749733,0.18017887,0.3782543,0.18720785,0.3849876,-0.1637034,0.024576023,-0.3635118,-0.19858819,-0.1403167,0.3233297,-0.29477575,0.33714277,0.21504045,0.012721166,0.21362326,0.14868893,0.19713207,-0.33417368,-0.23748049,-0.13030636,-0.49964607,-0.23223296,-0.17187074,0.021494918,0.0028328039,-0.079733826,0.32333255,0.12822181,0.2122342,-0.11126651,0.23648661
IND732138AAA,2.0527487,-0.017479882,-0.03514622,0.21298184,0.10808087,0.20089391,-0.3515859,-0.21010077,0.7896738,-0.076944225,0.34343475,-0.3533798,-0.30023098,-0.9437029,-0.588416,0.41041532,0.8184392,-0.3081521,-1.0104138,0.55279005,-1.0172247,0.70287824,-0.7926221,0.07362662,-0.25534594,-0.3881785,0.4797737,-0.4763134,0.7752871,0.96102613,-0.9465049,0.6242774,-0.4226764,0.5821126,0.028364234,-0.10429629,-0.571092,0.2161628,0.0008275211,-0.57166386,0.45183474,-0.25376734,-0.20660505,-0.06636664,0.05245371,-0.40450037,-0.24988009,0.36735922,0.17450781,0.11053192,-0.107097104,-0.16710624,-0.24601057,0.30050063,-0.19103563
IND732202AAA,-0.70874405,0.07757614,-1.4308115,-0.38419813,1.1256884,0.61955357,-0.46967924,0.42912936,-0.055987783,-0.46814892,-0.0059739817,-0.31461674,-0.33276355,0.28097016,0.3172586,0.03355464,-0.2952053,0.7501675,-0.3453995,1.1268529,0.15385413,-0.41829276,-0.34386525,-0.2658078,0.4043663,0.2972801,0.06613718,0.45774847,-0.07822005,0.32616556,-0.6794118,-0.26658756,-0.18403305,0.35261846,-0.1323652,0.31723005,0.28066924,-0.08134667,0.287154,0.38612652,0.47575906,-0.1922411,-0.49169192,-0.17117003,-0.6975288,-0.3370759,0.07949926,0.21461037,-0.08335231,-0.123345725,0.45587134,0.10912887,0.22487459,-0.037567873,0.07126225
IND733128AAA,-0.46469116,0.16713218,-1.4860345,-0.6939683,1.1023066,0.6288173,-0.4636264,0.6907698,0.27457207,-0.78081506,-0.22724745,-0.35339218,-0.15936126,-0.05382106,-0.34238482,-0.014197491,-0.66145396,0.5715586,-0.094702214,0.7513754,-0.008038918,-0.53391194,-0.30440253,-0.3003781,0.25111926,0.41025943,0.066513196,0.14367256,-0.42303312,-0.1797043,-0.6961378,-0.07175656,0.1524201,0.41603988,-0.052423343,0.3169139,0.37732163,0.078947686,0.35966593,0.103935264,0.362136,-0.1714335,-0.22587696,-0.14049728,-0.6542228,-0.49004143,-0.18585709,-0.05753974,0.15029256,0.055317067,0.5612006,0.22078773,0.23026511,-0.06264256,0.25872785
IND733129AAA,-0.866701,0.1445033,-1.4650352,-0.5926328,0.8957328,0.69450426,-0.4168785,0.6521514,-0.063397005,-0.43636036,-0.017085053,-0.3257591,-0.2833563,0.17405632,0.12062001,0.20302399,-0.22620805,0.5407732,-0.2264323,0.8603556,0.21069774,-0.4522648,-0.20837319,-0.06503797,0.21074073,0.42779553,0.24851188,0.41339654,-0.123984694,-0.08499865,-0.42281336,-0.23142155,-0.039546665,0.43641496,-0.25664583,0.40533036,0.22425455,0.2470095,0.37129796,0.23157986,0.40062237,-0.34202477,-0.2074104,-0.10768297,-0.7504113,-0.25412297,-0.01915785,-0.04733263,-0.16053323,-0.01917608,0.14101279,0.17126384,0.32391188,0.07250773,0.36052474
IND733140AAA,1.9808544,0.02222085,-0.072251186,0.26832128,0.113757126,0.13653584,-0.32304257,-0.20052603,0.8495849,-0.16088009,0.37529337,-0.3141755,-0.4178862,-1.0209105,-0.6804845,0.47177002,1.0043164,-0.26385647,-0.8732917,0.6334436,-1.0185034,0.73974335,-0.84416807,-0.08042385,-0.2195344,-0.36932588,0.5508719,-0.5020567,0.83174,0.88771516,-1.0544963,0.55529124,-0.47781628,0.5798152,-0.011406157,-0.100824535,-0.6101671,0.21691036,-0.06525771,-0.37252864,0.4465825,-0.17912862,-0.14683941,0.08355988,0.011206679,-0.32800442,-0.35820675,0.40642294,0.112581596,0.11106802,-0.07368438,-0.15889016,-0.22841984,0.38511172,-0.27025032
IND733201AAA,2.2830286,0.34852475,0.016919252,0.16588761,-0.079319686,0.6257632,0.8716998,-0.48044896,1.014125,1.0475436,-0.13309857,0.8719375,0.43674728,-0.30108,0.4939043,-0.7621531,-0.23659302,0.56261724,0.2801847,-0.031871762,-0.48644716,1.0091623,-0.0701639,1.1099429,1.5187005,-0.22222105,0.86915827,-0.8806533,0.061853454,0.08788657,-0.41303724,0.44497624,-0.30949953,-0.09028466,0.89460796,-0.34796178,-0.3452226,-0.5033691,-0.13176031,0.28193173,-0.058389626,0.6225492,-0.09445528,-0.7414267,0.060406238,-0.0855636,-0.68613553,-0.33171436,-0.3978392,0.6371144,-0.1163664,0.14113158,0.032172192,-0.020117078,-0.058475614
IND735224AAA,1.7708873,-0.00079474226,-0.18285361,-0.37961733,-0.21073222,0.042040776,-0.002913135,0.6358599,-0.86246806,0.62031937,0.88510615,-1.1836287,0.040895708,0.9543261,-0.26037288,0.33749396,-0.018007215,-0.9287927,-1.5095571,-0.33509845,-1.170765,0.94787264,-0.35548568,-0.52437395,-0.008630833,0.32412133,-0.5525899,0.12951063,-0.05539785,0.27504095,0.4358926,-0.0147624705,0.0029103123,0.48199177,-0.40764204,0.38831878,0.07952205,0.60336477,0.876845,0.13736776,0.006512586,-0.9424616,-0.57374936,0.24524924,-0.19948694,-0.19100732,0.21866666,-0.8080252,-0.068443015,0.22911948,-0.8462101,0.145217,-0.12656152,-0.09511946,-0.22512323
IND736135AAA,1.913463,-0.016314253,-0.14861566,-0.28859046,-0.1535097,0.020731002,-0.00038555823,0.7415615,-0.851888,0.5978217,0.83791304,-1.1062237,-0.012603849,0.801164,-0.23875119,0.29383624,-0.081904426,-0.9314772,-1.5062364,-0.36136407,-1.1284165,1.0354766,-0.27820998,-0.55418414,-0.11476496,0.24687392,-0.5279554,0.09762697,-0.059249356,0.33081615,0.38293374,-0.028978705,-0.035780206,0.36242366,-0.3913808,0.45377427,0.029889628,0.5164391,0.9284748,0.13913016,0.022977948,-0.8888573,-0.54850984,0.23411205,-0.20074931,-0.16998184,0.2212962,-0.8608009,-0.08930443,0.16671577,-0.950908,0.14488843,-0.080387294,-0.080830514,-0.14550349
IND736146AAA,1.9602932,-0.0017944723,-0.17109278,-0.3550051,-0.2117478,0.08555481,-0.022507345,0.7901009,-0.87420326,0.64236575,0.78624946,-1.1745791,0.03436479,0.8357939,-0.26933858,0.32111764,-0.09084843,-0.8818402,-1.5539585,-0.4429307,-1.1758995,0.92409587,-0.3282206,-0.5759969,-0.04430592,0.21314055,-0.48656932,0.2768017,-0.10994121,0.393875,0.38625032,0.029459476,-0.14611937,0.49267423,-0.4571914,0.4021657,0.09707763,0.4232809,0.8262346,0.105577454,0.005703032,-0.99845636,-0.4848235,0.33225903,-0.14151165,-0.13287807,0.25113338,-0.81148064,-0.09977698,0.16752589,-0.8045418,0.15432781,-0.17552185,-0.16256815,-0.13822082
IND741156AAA,-0.28141654,0.105420575,-1.4608706,-0.47468913,0.7487618,0.36581302,-0.32151818,-0.19369107,-0.07930195,-0.35518983,-0.50721455,0.14674209,-0.8545072,0.4189809,0.76124024,-0.45350617,0.07872105,0.05540374,-0.63947725,-0.04376702,-0.3326929,-0.9378902,-0.3852952,0.01582107,0.6035297,-0.37730694,0.054802403,0.4056406,-0.0008985847,-0.6057333,0.18108833,0.080492586,0.23980965,0.30435494,-0.5117989,-0.28097862,-0.07319145,-0.3756348,-0.030392215,-0.524315,0.3086882,0.021613754,-0.03137242,0.16953254,-0.05286388,0.107329905,-0.27334547,-0.6532179,-0.0034771115,-0.027355617,0.09275278,-0.009651728,-0.12729083,0.23923594,-0.020283863
IND741165AAB,0.13118541,0.18498066,-1.6450853,-0.63477665,0.8002059,0.3261713,-0.06917075,0.22676513,-0.07929931,-0.24074623,-0.20558219,0.43315846,-0.92021734,0.13718931,0.6412967,-0.72674924,-0.09789044,-0.02902849,-0.58990204,-0.36979622,-0.3601542,-0.5299655,-0.5796239,0.0642139,0.7083535,-0.09599127,0.14441338,0.09168911,0.28640968,-0.9774364,0.1846394,-0.043588072,0.27407843,0.4264397,-0.100525014,-0.44624132,0.0492502,-0.61144775,-0.012064651,-0.4603384,0.18103102,0.27380782,0.20938519,0.16199517,-0.22719932,-0.14337564,-0.133839,-0.44513023,-0.10873726,0.14735618,-0.1532576,-0.20328838,-0.7555155,0.5181564,-0.0862748
IND742101AAC,-0.427392,0.12530002,-1.4603251,-0.4899643,0.720428,0.49723768,-0.22711433,-0.12645823,0.12283544,-0.23402879,-0.5358249,0.43142748,-0.47039962,0.3867826,0.71450025,-0.45576343,0.017337618,0.1283459,-0.35559487,-0.36721903,-0.2380591,-0.7778276,-0.30616662,-0.10530886,0.39832526,-0.19149104,0.018554643,0.09712149,0.1592168,-0.45058978,0.23142426,0.18051583,0.18040644,0.28320616,-0.3764394,-0.5307324,-0.14865299,-0.3239258,-0.049463034,-0.4011172,0.42069244,-0.14046934,0.11033324,-0.08444309,-0.2709465,-0.01800242,-0.055145547,-0.38963717,-0.05607645,-0.06326069,0.16565526,-0.12191581,-0.22663274,0.12740877,-0.10971278
IND742102AAB,-0.5945841,0.12839599,-1.5669528,-0.5006603,0.7566283,0.55800974,-0.06278939,-0.06145426,0.13217802,-0.15680704,-0.36367005,0.35118514,-0.57265824,0.21782374,0.6267028,-0.3743874,-0.22653438,0.15426815,-0.1941671,-0.47355008,-0.37073618,-0.7886627,-0.3424304,-0.19709402,0.27193427,-0.15863997,-0.06648636,0.26477665,-0.08383511,-0.27595705,-0.026917756,0.26330823,0.17140058,0.24461067,-0.21891475,-0.47076243,-0.19596606,-0.3222676,-0.1775946,-0.4772576,0.24576889,-0.10732956,0.1909369,0.08647302,-0.2397371,-0.07068953,-0.06133388,-0.31556064,0.06384747,0.118228786,-0.12843485,-0.036731757,-0.25445327,-0.043796312,-0.25407848
IND742121AAA,-0.0029125214,0.122241914,-1.4675947,-0.45743835,0.7609093,0.46073157,-0.14703596,-0.075726144,-0.042529196,-0.27537522,-0.33709925,0.51524234,-0.8504785,0.26853937,0.8395717,-0.5017856,-0.045840856,0.17795742,-0.39959562,-0.3234102,-0.44730973,-0.71219134,-0.5559854,0.3120324,0.73979276,-0.15266512,-0.099038854,0.07021932,0.008033603,-0.776124,0.10589994,-0.08418511,0.47453085,0.2134575,-0.2189118,-0.5103949,-0.058462597,-0.42276245,0.11446118,-0.56329095,0.4717933,0.4984144,-0.06314661,-0.030497715,-0.082894415,-0.23828715,0.14268176,-0.35989293,-0.23796639,0.2254717,-0.008168936,-0.39564076,-0.33265835,0.32251385,-0.053619027
IND742121AAB,0.19615448,0.19962634,-1.5911055,-0.5782996,0.75152797,0.35513934,-0.013780861,0.06559795,-0.20710975,-0.39336944,-0.1905162,0.36629814,-0.96625686,0.260005,0.5704255,-0.5274175,-0.06493591,0.13417624,-0.4876699,-0.24167916,-0.3560147,-0.7567613,-0.6311449,0.2929636,0.623941,-0.21696077,-0.005877264,-0.039831936,0.16850625,-0.8581179,0.22201553,-0.30865017,0.48705122,0.2982994,-0.44483715,-0.37942934,0.05837754,-0.8813836,0.25256714,-0.70036584,0.30329204,0.44887224,0.14743602,0.27394634,-0.032365277,-0.06372633,0.09771368,-0.5344144,-0.43603733,0.27964872,-0.17654379,-0.39549184,-0.43939263,0.34526348,0.036614336
IND742149AAA,2.1413884,-0.29480964,-0.26849914,0.29170454,-0.08480928,-0.23359665,-0.20347854,1.197794,-0.20980711,0.3804012,-0.10483711,0.56874895,0.38802582,0.22231111,-0.30924004,-0.66337943,-0.49811095,0.4220522,0.9681053,-0.25683367,0.47236502,0.03149109,0.5043665,-0.2986393,0.042252414,1.1911888,1.3870184,0.45568234,1.1315632,1.1507052,-0.65238595,-0.696198,0.24192399,-0.7178341,-0.8195633,-0.057403762,0.7056103,-0.8753537,0.18214585,-0.59889436,-0.892014,-0.28722948,-0.69028926,0.29069936,0.39930797,0.28377,0.49176437,-0.6408001,0.70319647,0.09841644,-0.66379404,0.14055517,-0.40383697,0.26938525,0.4585972
IND742202AAA,-1.4953164,0.12284373,-1.3791035,-0.47164673,0.7059593,0.60235953,-0.09732611,-0.002131626,0.0522677,-0.303761,-0.22879916,0.065163195,-0.3217111,0.39051622,0.10123296,0.08861151,-0.12225568,0.1476397,-0.28597438,-0.14468478,0.021007208,0.020672588,-0.16234565,0.10776912,-0.16188078,-0.020784482,-0.07669559,0.09684725,0.008160263,-0.040551707,-0.11076936,-0.046068843,0.16412498,-0.23565401,-0.0057968926,-0.099563405,-0.041510504,-0.02461715,-0.06842743,0.016280593,0.071682215,-0.13263206,-0.18483636,-0.11318931,0.108931735,0.02832039,0.00049215555,-0.1028279,-0.27469438,-0.019710395,-0.05110185,-0.04804509,-0.23507464,0.11770235,0.2553354
IND742223AAA,-0.08907282,0.33972198,-1.418757,-0.40168488,1.0652548,0.33834937,-0.38955376,0.12724814,0.46353233,-0.34103125,-0.16365711,0.39854598,-0.5836117,0.56639075,1.0121503,-0.28674847,-0.054406065,0.21540599,-0.06836478,-0.58434206,-0.37114057,-1.0276678,-0.4394419,-0.35213637,0.6789295,0.039246723,-0.08660848,0.03206978,0.13317326,-0.3852765,0.28346345,0.46180215,0.010388584,0.3667875,-0.20530447,-0.42267048,-0.2436221,-0.36449325,-0.4932761,-0.6184898,-0.02744922,-0.52437013,0.39047042,0.174636,-0.15885442,0.23607835,-0.08093017,-0.3923296,0.046915244,0.1329925,-0.30819482,-0.43376166,0.115326405,0.47057033,0.034710623
IND742226AAA,-0.2737558,0.27227575,-1.4548286,-0.4927634,0.82940924,0.4447185,-0.2585043,0.11818956,0.36800367,-0.30443794,-0.19007614,0.34688962,-0.38564807,0.44517314,0.9880674,-0.33725294,-0.24346416,0.20822401,-0.1638265,-0.48337954,-0.36128762,-1.0086626,-0.42607272,-0.1743499,0.575943,-0.08592394,-0.10291102,0.16121624,0.11175382,-0.4973088,0.31619453,0.4069503,-0.12647851,0.25050315,-0.32447827,-0.39328188,-0.10837515,-0.40498215,-0.276915,-0.53501534,0.109664656,-0.37098357,0.250912,0.15885504,-0.064082935,0.15883534,0.022592641,-0.3508708,0.101939306,0.2566089,-0.21822377,-0.17932019,-0.004368279,0.25962955,-0.011820763
IND742303AAB,-0.24874043,0.17175265,-1.5406941,-0.6029601,0.7768137,0.46088067,-0.1275856,0.16869216,0.10927242,-0.4026996,-0.21449569,0.296472,-0.70902926,0.23846078,0.70896626,-0.38991478,-0.1211438,-0.10078925,-0.5129662,-0.42092353,-0.39087752,-0.85319936,-0.40491503,-0.079694055,0.5809923,-0.41504285,0.060781762,0.19658442,0.20228313,-0.5773189,0.08968595,0.065939665,0.35259172,0.3891828,-0.46720105,-0.52349174,-0.010626111,-0.35777742,-0.0048897266,-0.48647726,0.11046475,0.11964655,-0.048672654,0.055290356,-0.12947357,-0.22334924,-0.09487364,-0.35810578,-0.05734266,0.018709756,-0.11055033,-0.034642346,-0.4984775,0.22375906,-0.13050857
IND742401AAA,-0.4124118,0.18096216,-1.5604453,-0.4866256,0.8387732,0.55364287,-0.123006016,0.045264013,0.10195583,-0.13336793,-0.37190247,0.15658733,-0.6475472,0.3379678,0.70689523,-0.28682676,-0.14795084,0.18086846,-0.17477602,-0.2070149,-0.3490872,-0.9349848,-0.30455264,-0.33606827,0.55560833,-0.41774562,-0.046048835,0.05598644,-0.05398837,-0.55169415,0.251082,0.18701239,0.17650142,-0.045410916,-0.54088163,-0.45439738,-0.19866407,-0.39375567,-0.15560894,-0.35949838,0.21642713,-0.07006043,0.07177498,0.14305848,-0.0918362,-0.13569805,-0.08228089,-0.43279362,-0.10816774,0.12090018,-0.079981044,0.11234521,-0.13307697,0.3754081,-0.1376954
IND743347AAA,-0.74142706,0.24531333,-1.564653,-0.3522281,0.66192544,0.48563716,-0.17655239,-0.036461435,-0.08018649,-0.5664226,-0.16289987,-0.21505667,0.07109767,0.25227606,-0.025325818,0.26266468,-0.27615502,-0.19352114,-0.4625737,0.08919479,-0.44932708,-0.10770401,-0.049378656,0.35272795,-0.6575413,0.7819698,0.046558842,0.34734213,0.3982429,-0.3540424,0.1506146,-0.027741075,0.570251,-0.01500161,-0.019830316,-0.39509368,-0.28875762,-0.43557566,-0.13210121,0.829716,0.39137653,0.068577856,-0.2065202,0.022303063,0.0024353564,0.35254163,0.36159033,-0.5502481,-0.2697446,-0.33309078,0.4306823,0.022252843,-0.08516626,-0.23496954,-0.30505913
IND743513AAA,-0.7039534,0.2493762,-1.6093357,-0.24496807,0.59532106,0.483941,-0.35058108,-0.061150126,-0.047767803,-0.45182738,-0.20208208,-0.2987883,-0.050940774,0.11643614,-0.06071894,0.2612717,-0.35163638,-0.11401345,-0.48571575,-0.0010157377,-0.42790812,-0.05223316,0.05027289,0.33198506,-0.56627446,0.75321704,-0.06087964,0.4220795,0.35049456,-0.30589122,0.17984071,-0.030968219,0.51717675,0.078841135,0.03871783,-0.2986886,-0.36634994,-0.49248242,-0.054736614,0.73992354,0.51333725,-0.12579916,-0.33015803,0.017665543,0.06556681,0.27302063,0.28817773,-0.50546885,-0.22845057,-0.3972851,0.35964572,-0.055999823,-0.2285409,-0.23387839,-0.19389322
IND751002AAB,-1.6959518,0.5679583,-0.45382532,-0.5205127,-0.26969117,0.47099802,-0.46721908,0.1445475,0.16766931,-0.45375916,-0.065653235,-0.22763844,-0.18463612,0.06262624,0.019821806,0.34892586,-0.16293809,-0.11215955,-0.19036058,0.033590596,0.1806081,0.064100206,-0.12330163,-0.12970687,0.10818342,-0.40552565,0.03874342,-0.66341054,-0.09559471,-0.2298889,-0.0134601,0.06924817,-0.40879813,0.16661721,0.2219407,-0.2629565,0.04002992,-0.27109057,-0.091393605,-0.049206372,-0.25307715,0.19335435,-0.20529535,-0.003831379,0.16071415,-0.08861276,0.17250846,-0.24784544,-0.25747278,-0.07999222,0.13363038,-0.32200417,0.13762319,-0.17208828,-0.036157876
IND751014AAA,-1.7120385,0.61150897,-0.5169802,-0.50447345,-0.15230787,0.5375854,-0.4808499,0.1387234,0.12769921,-0.66524404,-0.13809529,-0.18494217,-0.2706252,-0.06913009,0.13108754,0.27837017,0.0952542,-0.20564792,-0.21873504,0.13428424,0.19906116,0.019025432,-0.29134682,-0.014277816,0.019673415,-0.48999965,0.087170035,-0.5735396,0.07096429,-0.19897285,-0.03454061,0.03611809,-0.36734572,0.17567998,0.17408526,-0.4731682,0.06355325,-0.3709429,0.07269618,0.020293383,-0.24168941,0.47036982,-0.30663246,0.103991225,0.2505312,-0.12905264,0.1217079,-0.3394711,-0.14460692,-0.08231178,0.09245207,-0.13487941,0.1159441,0.05769915,-0.0067395866
IND751015AAA,-1.4371213,0.61648655,-0.47025803,-0.48291504,-0.21641597,0.5761776,-0.5398018,-0.20604578,0.07484194,-0.3114449,-0.1629582,-0.35850513,-0.43965054,0.13165253,-0.13432293,0.5024858,-0.17227674,-0.24675068,-0.33313096,0.2914971,0.13442248,0.049818054,-0.08725278,-0.33051646,0.3142627,-0.0792896,0.035784043,-0.81198657,-0.027954664,-0.41079646,-0.13767132,0.2217357,-0.8543074,0.19762275,0.5381953,-0.08077785,0.08924507,-0.055839155,-0.22699441,-0.12656453,-0.68112683,0.3332666,-0.27818632,-0.032366402,-0.1511476,-0.10432116,0.09742114,-0.43966922,-0.08713941,-0.20607701,0.027770795,-0.14282104,0.2230598,0.16684046,-0.24386504
IND751021AAA,-1.7395576,0.6570464,-0.40295064,-0.6317861,-0.21020252,0.43456885,-0.5088335,-0.034439124,0.12887655,-0.48504767,-0.047035664,-0.19489469,-0.23505777,-0.11941132,0.023143409,0.594118,-0.06237651,-0.03175553,-0.20365232,-0.019058023,0.24370053,0.17906232,-0.24363706,-0.14864346,-0.124724045,-0.45487916,0.08680157,-0.58442956,-0.09582422,-0.21820505,-0.026098728,-0.0134340245,-0.36523673,0.20291162,0.36534703,-0.2614286,-0.04318025,-0.13864672,-0.12822884,-0.26405236,-0.20955214,0.31537402,-0.18259692,-0.027987987,0.25442526,-0.02388276,0.27377105,-0.43959,-0.34937897,-0.08893277,0.12778114,-0.28550684,0.13127737,-0.19049023,0.20915794
IND752055AAA,-1.5442433,0.51804537,-0.5908761,-0.5366827,-0.20729989,0.4989606,-0.5084706,-0.078818135,0.16048181,-0.50012624,-0.22450157,-0.19175325,-0.36179134,0.05580301,-0.058453195,0.4198746,-0.118900046,-0.23227924,-0.3499087,0.22348705,0.117879994,0.108659066,-0.0029296614,-0.23245442,0.25469652,-0.1902493,0.03484878,-0.7355224,0.067952275,-0.35218,-0.20144561,0.21941443,-0.6576998,0.1602749,0.5447245,-0.2172565,0.019850545,-0.13124064,-0.21799321,-0.11721544,-0.6832715,0.15828915,-0.20125145,-0.027412817,-0.08126874,-0.016984835,-0.0052250773,-0.42797837,-0.22731137,-0.121336915,0.09428024,-0.1763846,0.16556497,-0.07224685,-0.18938565
IND752056AAA,-1.542283,0.5762785,-0.5324478,-0.5569389,-0.18778428,0.50086665,-0.49992907,-0.0400211,0.106802866,-0.4373937,0.050624676,-0.2697072,-0.32202673,0.14811368,0.009245805,0.33614197,-0.11243929,-0.047821507,-0.32565218,0.16451322,0.088186435,0.1356331,-0.10714372,-0.19746812,0.28897697,-0.21586499,-0.080522664,-0.7398433,-0.14961265,-0.32140374,-0.13694558,0.24045077,-0.74798167,0.19867586,0.4620949,-0.16685082,0.14804003,-0.051940136,-0.20117378,0.029569363,-0.6012975,0.43729702,-0.45591787,-0.08722851,-0.31987047,-0.0006133355,0.08469258,-0.43667343,-0.16281612,-0.21491012,0.081837885,-0.20282274,0.33457464,0.027350448,-0.18446034
IND754103AAA,-1.508218,0.6211941,-0.4815695,-0.4815756,-0.3377418,0.41458496,-0.48782122,0.19587469,0.34066045,-0.72401255,-0.1753889,-0.21336101,-0.46686894,0.15368193,-0.025552783,0.82994664,-0.089330345,-0.19795352,-0.025740758,0.29818857,0.22346103,0.30360365,-0.087820806,0.042588606,0.058997214,-0.67406195,0.24404389,-0.4741497,-0.07095324,-0.13575432,-0.28643197,0.05107908,-0.55580664,0.082877606,-0.04382003,-0.6023858,0.15060127,-0.3317322,-0.10782429,-0.34190118,0.03783287,-0.010483079,-0.11621977,0.08207453,0.15652426,-0.22993118,0.2185107,-0.59981704,-0.06681809,0.07840437,0.1886984,-0.57886475,-0.023972917,-0.15788563,-0.091805756
IND756019AAA,2.100048,-0.057370715,0.017902855,-0.04994335,0.023517223,0.17390548,-0.52492964,0.34246653,0.10590842,-0.19203275,0.28247494,0.5589734,-0.7448696,-0.78982574,0.021104602,-0.6695359,-0.7679928,-0.30677652,0.15855445,0.20020388,0.7947703,-0.95168006,0.61025107,1.488308,-0.7283403,0.18931726,-0.12676132,0.43554693,-0.06769916,-0.060682364,0.2710149,-0.2780544,0.83204186,0.79310846,-0.75238436,-0.6948334,0.5130139,-0.0016356483,0.57161963,-0.19980901,-0.5622368,0.06798051,0.42973924,-0.26047575,-0.33668295,-0.0992355,-0.23279853,0.2172496,-0.11248554,-0.03105517,0.31807953,0.14962915,-0.14661086,-0.6229276,-0.26248202
IND756032AAA,-1.4901508,0.23952226,-1.3223525,-0.48673117,0.75707316,0.5300333,-0.14805777,0.14543593,0.09834202,-0.3148865,-0.29142964,0.09934534,-0.24150887,0.3630954,0.15985279,-0.067782044,-0.074441314,0.0025934651,-0.21941988,-0.18673073,-0.08746428,0.08972767,0.078387804,-0.051530562,-0.032766774,0.13840646,0.010759249,0.12663294,0.057429373,-0.01963694,-0.03566283,0.24469861,-0.12614746,-0.3495232,0.03426881,-0.08095144,0.0476676,-0.20623356,-0.049991958,0.021328922,0.15860227,-0.12545148,-0.12565187,-0.10082245,0.10627189,0.14267673,-0.0888769,-0.06719939,-0.025725178,-0.0014421679,0.15887055,0.14998037,-0.23993012,-0.032822188,0.12809879
IND756100AAC,-1.1624612,0.6069778,-0.47502807,-0.41979373,-0.3220447,0.53182733,-0.60013735,0.3235934,0.27249503,-0.33080664,-0.08849932,-0.38855946,-0.17991704,0.28897095,0.28109068,0.5310973,-0.41382423,-0.23249596,-0.15222147,0.31367016,0.2936221,0.09044947,-0.55542517,-0.13442183,-0.33272326,-0.052600197,-0.12290385,-0.63272536,-0.27805284,-0.26940656,-0.035084546,-0.1609648,-0.26156202,0.09791526,0.6239595,-0.5973722,0.15991762,-0.56370646,-0.25471407,-0.2228909,-0.08694668,0.27108973,-0.6508315,-0.09668057,0.31163678,-0.12686557,0.12337299,-0.06766232,0.15154345,0.0017906502,-0.057127252,-0.5673951,0.082937256,-0.46298552,-0.63511616
IND757037AAA,-1.0653052,0.6097085,-0.59051967,-0.4835096,-0.34823793,0.5990361,-0.65076756,0.26398832,0.1645359,-0.24714434,0.13134462,-0.48170865,-0.12250747,0.21830022,0.37617424,0.6401357,-0.37327147,-0.27664432,-0.14860697,0.3220049,0.3036835,0.15508123,-0.5039833,-0.11612663,-0.37707764,-0.0045508146,-0.121441364,-0.5703169,-0.14697127,-0.25237942,0.006136775,-0.0870681,-0.32676366,0.2199458,0.5719894,-0.82635635,0.18568423,-0.5841643,-0.42317507,-0.20506863,0.044588413,0.3334765,-0.73076135,-0.058327407,0.35650915,-0.12582707,0.29482818,-0.11270406,0.13006908,0.028953955,-0.1132306,-0.5568889,-0.1602236,-0.647156,-0.69865346
IND757041AAA,1.8546835,-0.085856095,0.0578051,-0.0789555,0.011236152,0.2285197,-0.5512634,0.26853064,0.08022929,-0.16246027,0.2962954,0.6301554,-0.84018797,-0.8105654,-0.015368404,-0.6798224,-0.7442369,-0.3004206,0.13235565,0.21454968,0.8661822,-1.035086,0.6298737,1.4811809,-0.7084727,0.2592511,-0.19742599,0.4942789,-0.083292075,-0.07641253,0.2393672,-0.3335031,0.7843001,0.8034765,-0.77170813,-0.71763515,0.52686566,0.032829233,0.56255496,-0.15624338,-0.6230409,0.048276328,0.41451284,-0.24225855,-0.38974833,-0.009542488,-0.2053073,0.24713117,-0.04307561,0.019085083,0.26922452,0.18809086,-0.14072758,-0.60264105,-0.29620153
IND758001AAA,-0.8496139,0.67690897,-0.49533382,-0.28620255,-0.28539747,0.4543424,-0.5262679,0.5514153,0.30435884,-0.52041245,-0.040330876,-0.30928665,-0.1347454,0.15342812,0.5412874,0.5657383,-0.48300928,-0.25572976,-0.108158164,0.2684294,0.42988947,-0.03317544,-0.73492515,-0.51394206,-0.28742862,0.03465332,0.15716946,-0.57125974,-0.4514181,-0.14949514,-0.22346288,-0.1869575,-0.33675495,0.29620174,0.6482377,-0.6745997,0.23758873,-0.5240059,-0.11213651,-0.225403,-0.29308653,0.3349575,-0.70395505,0.02298791,0.42100745,-0.038043566,0.08056185,-0.27306578,0.34713376,0.25312322,-0.13676246,-0.5756133,0.08428368,-0.64449835,-1.1087327
IND758034AAA,-1.0329337,0.6336414,-0.53062224,-0.36079133,-0.44223842,0.62035096,-0.6495169,0.50894797,0.3634236,-0.23044246,-0.208304,-0.4001479,-0.16499375,0.5684356,0.2526096,0.51368016,-0.44669873,-0.19811752,-0.10836981,0.45380092,0.4071362,0.2538287,-0.757963,-0.17596337,-0.23264202,-0.021463983,-0.08867256,-0.7412028,-0.11859186,-0.24403898,0.17899087,-0.32913202,-0.19696827,0.17243297,0.75567913,-0.58044845,0.1955319,-0.5906619,-0.4589344,-0.19965778,0.050059453,0.21703692,-0.69091815,-0.16155063,0.2516612,-0.15597303,0.3585837,0.013618797,0.19309004,0.10715472,-0.06637406,-0.3298631,0.1366265,-0.53767174,-0.6190337
IND761200AAA,0.57635725,1.1684791,-0.7124052,-0.5387495,-1.1487757,0.20161285,-0.9009948,-0.25760463,0.74720806,-0.013503099,-0.11296168,-0.5853582,0.050002422,-0.44729412,0.13495393,0.5929203,-0.023955304,0.30827063,-0.06757364,-0.6573886,0.529893,-0.25957766,-0.026116632,0.5223731,0.08580585,0.2271213,-0.3548104,-1.3466691,-0.52548397,-0.018201783,-0.4424773,0.26205432,-0.14186728,0.8032466,0.2699614,-0.25484926,0.31443134,-0.01331636,0.32135096,-0.07000339,-0.13503501,0.14185296,0.25497898,0.09448162,0.15266226,-0.32730216,0.16492046,0.448955,-0.4135,-0.03477678,-0.046691984,0.15203547,-0.20769471,-0.12934053,0.089120276
IND764001AAC,-0.6291908,1.2081499,-0.5270963,-0.23636362,-1.0871049,0.17013615,-0.4852668,-0.3816888,0.5492391,0.121977426,0.01771285,-0.24852194,-0.09202173,-0.80040485,0.25078505,0.1520375,0.06603465,0.43057227,0.055962663,-0.13619597,0.5020771,0.15844001,-0.27767757,0.04176216,0.32224625,0.008402437,-0.310011,-0.56528944,-0.2145033,0.17036453,0.11981936,0.13634476,-0.23196203,0.13517886,0.11102184,-0.23215091,0.3726412,0.47213453,-0.17842008,0.34771824,-0.30653983,-0.007811114,-0.23214793,0.31537223,0.6693016,-0.34646866,-0.044644386,-0.07277661,-0.37329066,-0.18590239,0.4155637,-0.6354866,0.014642406,-0.040103544,0.02636113
IND764020AAC,-0.7038615,1.1878889,-0.49028537,-0.3610389,-1.1062514,0.09088642,-0.5550976,-0.51080483,0.455334,0.045995653,0.096934974,-0.29675466,-0.12713572,-0.6646184,0.14652207,0.0658834,-0.12949343,0.44085374,0.094900444,-0.1627601,0.49128658,-0.0065058777,-0.22584584,-0.07642348,0.22641627,0.0013867319,-0.2906397,-0.62381816,-0.17670333,0.23231477,0.030472174,0.27933156,-0.20368734,0.26724795,0.18285203,-0.29419053,0.350158,0.42411798,-0.16958705,0.44282347,-0.23538929,-0.028689757,-0.15119827,0.15130042,0.67662853,-0.28817013,0.086480245,-0.009755403,-0.33107963,-0.15931377,0.31479293,-0.5942649,-0.038875792,-0.053077992,0.1255824
IND764071AAB,-0.85156643,1.3229563,-0.53211904,-0.43679857,-1.1128651,0.23556323,-0.5908746,-0.27062938,0.37614805,0.089955986,0.06076789,-0.3612277,-0.05550787,-0.3850842,0.10680878,0.11630687,-0.032326404,0.276104,0.052897327,-0.264261,0.47723183,0.0011170157,-0.24198523,0.065933466,-0.048120257,0.0020218045,-0.29892564,-0.76533127,-0.30619323,-0.008648932,-0.031867668,0.28626034,0.028207213,0.24885711,0.05576314,-0.23814979,0.12950075,0.20508721,-0.17445874,0.1767738,-0.48867562,-0.3180766,-0.31447828,0.04650978,0.38354588,-0.42161363,0.21538667,-0.13019556,-0.35968703,0.21019086,0.3975919,-0.36066365,0.18470214,0.05498602,0.09535141
IND767017AAA,2.0213327,0.06639891,-0.15925801,0.35020155,0.22787815,-0.27831426,-0.17299968,-0.20140511,0.27394897,0.13199657,1.1009691,-1.0552543,-0.07882321,-0.42299402,0.029493826,0.7563391,1.3409597,0.5905546,-0.42139333,-0.013874784,1.032332,-0.8496517,-0.41654697,-0.767818,0.0146547705,0.1674999,0.31581122,-0.22277053,0.53021055,-1.0097104,-0.034949332,1.0593936,-0.8969424,0.30442017,0.23995966,0.31285495,-0.18965319,0.10699113,0.29491988,0.30299342,-0.2993687,0.5590687,-0.18151686,0.24079289,-1.0631046,-0.29634732,0.55355036,-0.113154985,0.054626387,-0.64610416,0.2478856,-0.13512614,0.23465076,0.30101323,0.35032672
IND768004AAD,2.29323,0.05280064,-0.15708604,0.3780737,0.26906824,-0.31437072,-0.17282231,-0.20717108,0.28923756,0.16913241,1.1868978,-1.1179813,-0.12243217,-0.4280606,0.052910544,0.81382656,1.3786935,0.63141656,-0.443676,-0.05145009,1.0845264,-0.85965693,-0.44007987,-0.78082895,0.023989126,0.14987957,0.35740387,-0.24385923,0.5448809,-1.0937293,-0.07386917,1.1644645,-0.9731405,0.3116851,0.20455873,0.32254183,-0.21282142,0.12076324,0.3442919,0.30517483,-0.30305472,0.59281075,-0.19492945,0.22870123,-1.0881085,-0.36258686,0.59324306,-0.0722614,0.076017335,-0.64740074,0.2706896,-0.15957633,0.2574913,0.32480365,0.35101455
IND768028AAB,2.1135287,0.055026293,0.17110896,0.36350888,-0.10299804,-0.051619828,0.0012677405,0.82833594,0.4413002,-0.019390933,-0.5410928,-0.66023815,-0.41460526,-0.18112417,-0.81440336,0.5966693,-0.80759364,-0.043793105,0.49633247,1.2767051,0.18937537,-0.24733743,-0.3147523,0.5289578,-0.3824383,0.90172654,0.348251,-0.040821746,-0.3689264,-1.7323039,-0.6062158,-0.1338372,0.21030529,-1.4743719,0.061147444,-0.58403444,-0.6346718,1.0862632,0.53345776,-0.5634582,-0.15019178,0.44214532,-0.43752274,0.018964719,-0.40278965,0.25221017,0.20452793,-0.9064291,-0.33701524,-0.29194164,0.34264433,0.23603186,0.1901125,-0.33839726,-0.06511532
IND768216AAA,1.8999075,0.06753673,0.17564493,0.11371502,-0.13699985,-0.25523427,0.047916554,-1.0720235,0.4852031,1.1235814,-0.5839288,0.059125796,0.017507434,0.021085843,0.9310641,-0.283004,-0.2860504,0.6035042,-0.98059297,-0.15911534,0.19017741,1.1544344,0.16695982,0.11687608,-0.8425716,1.0435877,0.15094168,0.51957655,1.0642503,0.42225575,-0.81570643,-0.05409777,-0.26298353,0.20944491,1.3897698,-0.13351491,0.1302703,0.3674947,0.0385354,0.6740908,-0.7457813,-0.123651385,0.44909844,0.6602642,-0.62566596,0.3713846,-0.7658067,0.4064734,-0.14107643,-0.34432533,-0.41297275,0.151178,-0.35092893,0.21378717,-0.52121025
IND770001AAA,2.1361403,0.06701417,0.15979037,0.08360496,-0.15646741,-0.25288773,0.081946395,-1.1762977,0.52686167,1.120832,-0.63765055,0.08657889,0.03907311,0.030781552,0.9729486,-0.2896224,-0.2659192,0.58002615,-0.9656096,-0.15809858,0.18311441,1.1631253,0.1614545,0.09735857,-0.8599139,1.0491774,0.13640898,0.5637721,1.0529374,0.4378183,-0.8569152,-0.061023057,-0.29450345,0.21614203,1.4205675,-0.18889236,0.09220918,0.37636256,0.03538668,0.71926314,-0.7822311,-0.12776771,0.46164027,0.65218186,-0.6519316,0.38893646,-0.8069545,0.42502654,-0.1628396,-0.35872874,-0.43044478,0.15999621,-0.33781567,0.2035719,-0.536888
IND781001AAA,-0.4575745,-1.0242139,-1.3409531,-0.9601492,1.0681473,0.27093124,-0.24258962,-0.16607952,0.3068468,0.32843047,0.26395464,0.2547524,0.5259412,-0.3035395,-0.24012856,-0.035166573,0.6171803,-0.322062,0.2956537,0.1500182,0.094309695,-0.049254924,0.06977365,-0.03648261,-0.15944904,-0.26277858,0.021195337,-0.142804,0.21247439,-0.19308285,-0.2039305,0.08978939,-0.13980655,-0.21238248,0.052621536,0.3813641,-0.116425745,-0.3322031,-0.013119638,0.10773273,-0.014371693,0.12723047,0.058670662,0.1665433,0.0046525896,0.3057507,-0.1839346,-0.01992391,-0.028824687,0.15947464,-0.078622654,-0.05286144,0.22999416,-0.018917415,-0.05173035
IND781003AAA,-0.5235995,-0.7234413,-1.5049022,-0.88966733,1.014823,0.33347723,-0.2967601,-0.20470664,0.4195025,0.18860334,0.62006414,0.30222672,0.45722118,-0.11626739,-0.09538877,0.13560924,0.579843,-0.25788245,0.4433838,0.13667731,-0.120584466,0.047548465,0.10684077,-0.1519041,-0.16942433,-0.020743147,0.016775839,0.07497858,-0.059873667,-0.06826039,0.053642094,0.15358119,-0.1087853,0.069051884,0.21943036,0.43155104,-0.20362324,0.1107264,-0.26506212,0.06698805,0.008021906,0.16008866,0.031093784,0.40599787,-0.19188032,0.24191594,-0.11289795,0.022638798,0.04616893,0.05221638,-0.18826981,0.09676687,-0.025437359,0.11621251,0.094062306
IND781005AAA,-0.50793016,-0.81612366,-1.4453759,-0.9094306,1.1009301,0.47783935,-0.3015001,-0.16397834,0.40671784,0.2206718,0.3479855,0.35908157,0.47978592,-0.0631833,-0.28614655,-0.03449691,0.81017286,-0.3626838,0.4059437,0.1685367,0.27241758,0.007107065,0.1281582,-0.04376489,-0.35066873,-0.15857357,-0.15251392,0.0503786,-0.0090792775,-0.048290372,0.04600188,-0.031579405,-0.045173846,-0.0010566264,0.0017379001,0.23570393,0.027907759,-0.08753304,-0.057896055,-0.0900245,-0.0785064,0.29115945,-0.049472123,0.23059581,0.07132932,0.355534,-0.046401937,0.0870364,0.12154193,-0.046575077,0.15460782,-0.0060975184,0.17843407,0.121746495,-0.086878926
IND781014AAA,0.2004124,-0.9903528,-1.4207146,-0.97389114,1.046984,0.5875392,-0.3195674,-0.37581083,0.2984212,0.23092744,0.7628626,0.84867054,0.26169857,-0.37653726,-0.2933386,0.123499125,0.56308615,0.06663357,0.4022444,-0.057773802,0.029780513,-0.42257863,0.451508,0.2791563,0.062013682,-0.313282,-0.31433922,0.6620241,-0.5154477,-0.40941215,0.13809921,0.054942302,-0.17393143,-0.40435034,0.3522349,-0.029766168,-0.09217897,0.0073735025,0.19640884,0.3517508,-0.3257413,-0.16991477,0.25665644,0.33110106,0.028258085,0.20822157,-0.025274158,-0.2600926,0.09652759,-0.46728897,0.130032,0.2838792,0.31322312,0.11008185,0.14365101
IND781018AAA,-0.5073118,-0.86517614,-1.5346407,-0.90091866,0.98397213,0.5201496,-0.43147168,-0.18535283,0.40045398,0.14517382,0.58265626,0.46746987,0.46400684,-0.2928983,-0.13272728,-0.0030836184,0.44770762,-0.296636,0.40877038,0.24344678,-0.10239652,0.10862073,0.37949854,0.21021771,-0.19206673,0.0031387508,0.09911126,-0.012345729,-0.12616935,0.021467064,0.028375283,-0.15570286,-0.050668575,-0.08574593,-0.09645266,0.31571454,-0.13285056,-0.06165282,0.17092729,-0.006400913,-0.0028560571,-0.1342714,-0.034809306,0.23327301,-0.061569795,0.15524511,-0.28088292,0.17823038,-0.11047985,0.1163911,-0.22928877,0.0058577373,-0.09015098,-0.05438258,0.2512192
IND781018AAB,-0.5640894,-0.8371085,-1.4342793,-0.9410517,0.92972195,0.3548637,-0.30906713,0.0042696744,0.21636717,0.22447398,0.48159015,0.19274186,0.50146985,-0.2196591,-0.17049457,0.036255967,0.46647462,-0.12598392,0.25035644,0.16644077,0.08281998,0.032609317,0.3337457,-0.019177947,-0.14743245,-0.09204013,-0.026898224,0.0084097795,-0.04883513,-0.09746233,0.11469087,-0.0374118,0.004311925,-0.18071352,-0.18518722,0.26008898,-0.052684568,-0.1182469,-0.19019794,0.001770217,-0.127856,0.104773134,0.17218557,0.3673481,0.011637948,0.08197225,-0.122532904,-0.070913754,0.1965936,0.23080909,0.017017052,-0.18376973,0.08540809,-0.01091883,0.005572647
IND781022AAA,-0.58133996,-0.9618282,-1.4890044,-1.1106967,0.9099638,0.2846163,-0.12585703,-0.26347283,0.2346655,0.14510623,0.50208014,0.42663956,0.37782738,-0.19542111,-0.29179338,0.13540883,0.47039637,-0.14387535,0.5013823,0.052881505,-0.04303432,-0.024625365,0.27789748,-0.05346036,-0.098025836,-0.14748314,-0.014826305,-0.080271065,0.028642185,0.02050696,-0.26719886,0.21719593,-0.06776558,-0.008263513,-0.16315353,0.14954835,-0.11527095,-0.14634448,-0.2566642,0.030474573,-0.27649334,0.047824204,-0.05192738,0.28103662,-0.23194614,0.18646598,0.10525337,-0.13443556,-0.08696769,-0.034387622,-0.2825365,0.11519597,0.14269651,-0.035507616,-0.19483098
IND781102AAA,-0.036286473,-0.9431699,-1.3712537,-1.0135154,1.0645275,0.45427176,-0.22119942,-0.32517087,0.13534944,0.18050736,0.5869224,0.71099347,0.31660473,-0.26150596,-0.22576393,0.24122398,0.615261,0.050363377,0.39396614,0.0025136871,0.049391974,-0.34604523,0.45758137,0.14691207,-0.09458071,-0.34398773,-0.0608083,0.3595298,-0.39400518,-0.36118513,-0.008577302,-0.020774245,-0.037331372,-0.38499916,0.4292944,0.02908878,-0.08207117,0.109459534,0.112467006,0.35425937,-0.34926772,-0.09502031,0.113917105,0.3552851,-0.082825035,0.30721906,-0.005462244,-0.09383724,0.030872691,-0.17242715,0.04327075,0.16827717,0.09308475,0.049631413,0.006023541
IND781335AAA,2.063148,0.44110823,-0.43355379,0.43292361,-0.08153746,0.5189017,0.205984,0.08138817,-1.2719858,0.2713424,0.5703043,0.2377583,0.22298527,0.35923356,-1.4698392,-0.4997792,-0.5210725,0.42837578,0.5098263,-0.42006683,-1.279306,0.8142127,-0.005822204,0.6151203,-0.16465934,0.7811863,0.8746502,-0.75654554,-0.056548387,-0.24682812,-0.8905439,-0.18079889,-0.2538654,-0.13414794,-0.2676876,-0.44457686,-0.108027056,0.072364464,-0.35760254,-0.30871612,0.17324679,-0.16143775,0.70515907,-0.17928226,0.29162583,0.035746902,0.4627475,-0.22727,-0.52261287,-0.18366295,-0.52867013,0.65289325,-0.41368774,0.16546091,-0.823171
IND783129AAA,0.05761826,-0.7920571,-1.5154324,-0.97389954,1.0057615,0.2423881,-0.5650553,-0.23859805,0.103470236,0.37117895,0.74956787,0.17377055,1.1273477,0.13600425,-0.06414206,-0.060870863,0.18984908,-0.20114094,0.45453078,0.14304288,0.2113106,0.14498386,-0.10485401,0.20479906,0.009585533,-0.17305757,-0.42711478,-0.24405742,0.31104237,0.23821636,0.091493115,-0.008273721,0.3760676,0.25271514,-0.06602345,0.3315335,0.03254784,-0.04278218,0.29702625,-0.15483555,-0.2264111,-0.3086406,0.031361654,0.65599895,0.0074991137,0.30359396,0.008177683,-0.48221493,-0.1422194,0.1965451,-0.15408425,-0.13855532,0.45277923,0.3794349,0.28302133
IND783348AAA,0.24078357,-0.80430496,-1.5423045,-0.96694213,1.0839982,0.23788431,-0.61122876,-0.23970738,0.13955128,0.3815181,0.682272,0.2584309,1.0804429,0.015696302,0.088090345,0.06388554,0.18175197,-0.18650138,0.43268692,0.26021212,0.37124193,0.206254,-0.122808926,0.15672985,0.15028216,-0.10430923,-0.31041467,-0.27904963,0.47541004,0.23107457,0.07269825,-0.04632783,0.34178355,0.37104595,-0.04486672,0.2616592,0.10585726,-0.08993994,0.34342492,-0.3244603,-0.26202944,-0.47192186,0.017194852,0.71099776,0.03946805,0.423482,0.15009697,-0.4865185,-0.25037557,0.24366629,-0.18788733,-0.16492286,0.30038786,0.43553457,0.34640032
IND783370AAB,1.9182726,0.17496385,-0.39908233,0.5332294,-0.013867669,0.20027298,-0.60089236,-0.011750855,-0.28461868,0.17743364,-0.8856754,0.22100084,0.47932538,-0.28758693,-0.53192544,0.5940645,0.59131616,0.0038882196,1.4336271,1.1552088,1.1675724,0.03320262,-0.9314215,-0.14718154,-0.8754397,-0.5844954,0.32958177,0.75640875,-0.4481597,-0.023328885,-0.2849171,0.23664498,-0.025163978,0.39839423,0.20248258,-0.66568047,0.8114105,0.46914726,-0.4702385,0.62735194,0.45037135,0.10797644,0.056504615,-0.7740699,0.21471585,-0.16237107,0.24096103,-0.19277406,0.5883903,-0.5350061,-0.037135392,1.0026208,-0.14405152,0.39866167,0.23066421
IND783370AAC,1.9363865,0.17680909,-0.39931157,0.55363053,0.0011161044,0.21118248,-0.56944495,-0.027965374,-0.27363092,0.15465611,-0.89878976,0.1951731,0.439855,-0.29415363,-0.57044566,0.59426516,0.57508093,-0.040736884,1.4286464,1.1173655,1.1322315,0.031724066,-0.9010654,-0.16726173,-0.83624995,-0.55136085,0.32950762,0.7544308,-0.44993085,0.010883763,-0.2511149,0.18958034,-0.04991433,0.38108224,0.1724604,-0.687084,0.7852871,0.42084503,-0.5093982,0.63245577,0.48137364,0.09939855,0.044675328,-0.727446,0.2598344,-0.14697738,0.2248332,-0.2158241,0.57286894,-0.5769494,-0.020287603,0.99095386,-0.15323937,0.4231222,0.24953318
IND784001AAA,0.19035614,-0.7610427,-1.5318139,-0.8625405,0.919894,0.40213895,-0.22308056,0.05608885,-0.0101107545,0.3127973,0.71902573,0.36678565,0.5911761,-0.03183358,0.05940701,0.50861055,0.8560663,-0.7296344,0.3788764,0.20566507,-0.062664725,-0.20264903,0.07988767,-0.026552947,-0.106345594,0.027105823,-0.28293926,0.08354734,-0.2429523,0.34374624,-0.3937981,0.34450892,0.15225385,0.026705917,0.23880467,0.34974867,0.25069335,-0.1504222,-0.14163585,0.30586138,-0.39621562,0.10402924,0.30426252,0.28999245,0.6352365,0.1565475,-0.12827101,0.11219318,0.31831545,0.5932568,0.13147455,0.15995303,-0.15810262,-0.4409906,0.19694102
IND784110AAA,-0.38845623,-1.0665385,-1.5251505,-0.96915835,0.8487673,0.40175614,-0.2478973,-0.16547859,0.25502348,0.07290938,0.58202404,0.5315449,0.43192598,-0.19251539,-0.14090092,0.083603606,0.4409858,-0.23921981,0.20723401,-0.05730978,0.052344985,0.13866128,0.24863243,-0.06888193,-0.23842089,-0.17432104,-0.22133428,0.042147636,-0.075999506,-0.004412923,-0.18399373,0.089912355,-0.21260114,0.15750012,-0.18679109,0.2674958,-0.14286089,-0.057397246,0.02990551,0.08534494,-0.1303454,0.104716405,-0.13867232,0.13393506,-0.04912062,0.18858865,0.020850569,-0.027454369,-0.02869128,0.04642526,0.020599514,0.084029905,0.13687952,-0.07172708,0.12589064
IND784176AAA,-0.4906417,-0.7449025,-1.4860694,-0.97709435,1.0512897,0.3471254,-0.3951316,-0.1482034,0.3333807,0.097119056,0.71201086,0.3081969,0.5924502,-0.30861217,-0.25585473,0.14960352,0.27541578,-0.25637946,0.41472697,0.101352975,-0.07210058,0.14057808,0.3077529,0.0442231,-0.03716626,0.053483427,-0.19635856,-0.054773115,-0.10242115,-0.10738139,-0.21723586,-0.1100198,-0.044505246,-0.038697824,0.080118336,0.25818324,-0.20222622,0.150067,-0.09945773,-0.0046920665,0.016084118,0.16341424,0.10636774,0.08117714,0.003537327,0.25963324,-0.03436876,0.08609701,-0.15576015,0.079407625,0.17182785,0.0981427,0.054592595,0.18809974,0.016134739
IND785001AAA,0.13607073,-0.9490354,-1.4233557,-0.7782329,1.0558137,0.3922484,-0.55284315,0.0072964504,0.19915667,0.17010042,0.6278436,0.50207305,0.6452241,-0.423899,0.031788662,-0.14871421,0.5875997,0.18274707,0.13066511,-0.027489314,-0.004627128,-0.27645645,0.26194566,0.013305396,-0.49348253,0.20960966,-0.25125712,-0.30833358,0.5032473,-0.12539677,-0.2044662,0.10182154,0.2943062,-0.2326382,0.012538277,0.34277046,-0.16787541,-0.43364203,-0.085881695,-0.14880894,-0.13901766,0.4299338,-0.19238088,0.016445518,0.09086156,-0.07063544,0.26885325,0.0930976,0.47371674,-0.30672437,-0.4095707,-0.24833915,0.049564656,-0.07902518,0.19818775
IND785612AAB,-0.34398842,-0.8731722,-1.5683986,-0.881778,0.9787265,0.441147,-0.3367033,-0.08553339,0.25172365,0.50052065,0.40061897,0.12786181,0.36642525,-0.49396133,-0.15734671,-0.35794583,0.36200476,-0.5029365,0.7867335,-0.1527209,0.060015373,0.09804554,0.3738935,0.36888662,-0.21052818,-0.04901409,0.0058021694,0.24618097,-0.25153476,0.16860506,-0.08931905,0.19782431,-0.07201445,-0.086111695,-0.07678239,0.2229866,-0.1017634,-0.15872854,-0.29370573,-0.23296435,-0.25699854,-0.105969414,-0.13754883,0.19625515,0.4152769,-0.062562816,-0.53541553,-0.030058108,-0.12878072,-0.10096781,0.15969656,0.029213184,0.32447705,0.08937311,-0.020967096
IND785621AAA,-0.17759955,-0.9720093,-1.5417643,-0.8783092,0.930377,0.40874672,-0.30895802,-0.09725172,0.20290011,0.095828794,0.56313896,0.40159982,0.5325847,-0.18648846,-0.10263924,-0.1537255,0.5999208,0.094756395,0.21846601,0.016779782,-0.028925262,0.053372923,0.29484743,0.06705325,-0.31356752,0.10436724,-0.30499157,-0.31430912,0.29512137,-0.05336567,-0.05729495,0.17079145,0.24640213,-0.20799614,0.097790994,0.37282848,-0.11812663,-0.27863145,0.008437753,-0.04080951,-0.2525866,0.3907327,-0.14614573,0.09294088,0.020662382,0.018411584,0.034925863,0.28520933,0.2587264,-0.19498241,-0.29572105,-0.12061525,0.20716324,0.13853964,0.19973779
IND785675AAA,-0.25520694,-0.87632096,-1.5300212,-0.8654509,1.1943257,0.40668857,-0.3137917,-0.10324951,0.3095292,0.60719794,0.38294834,0.20037991,0.4373746,-0.5417292,-0.16130687,-0.32017285,0.26556462,-0.5726435,0.7845666,-0.3502462,0.003726624,-0.07631442,0.5011044,0.15154266,-0.15792754,-0.14848396,0.039968252,0.24124445,-0.22243111,0.30440038,0.042221904,0.11116293,-0.071249045,-0.08931124,-0.26990664,0.32767844,-0.09608087,-0.055658422,-0.32836187,-0.26491785,-0.29890448,-0.14669546,-0.3763705,0.11553517,0.5095973,0.062719285,-0.5590461,-0.08999268,-0.21267813,-0.16834185,0.3402926,-0.29041415,0.32388356,0.15384954,-0.03606309
IND785682AAA,0.44841015,-0.90573454,-1.4884158,-0.60640407,1.0639583,0.41363803,-0.49828267,0.10030554,0.36405087,0.086808555,0.5906441,0.7454196,0.75902224,-0.31397045,0.22936772,-0.5821365,0.4955976,0.039191425,0.06943056,0.07851925,-0.22126633,-0.25060543,0.50793725,-0.21941966,-0.7260776,0.2029419,-0.14882937,-0.0697745,0.50800294,-0.035012558,-0.2121355,0.50316924,0.21641357,-0.41783315,-0.021154173,0.7294605,-0.07581179,-0.4346758,0.122531265,-0.2646525,-0.013799012,0.3646071,-0.10972468,-0.05489844,0.14738679,-0.02846077,0.14988698,0.35253668,0.22786398,-0.45720047,-0.5283038,-0.24806589,0.28177255,0.18463033,0.15779084
IND785690AAB,0.5688709,-0.88729566,-1.4432031,-0.5822268,0.9843802,0.52536273,-0.41328877,0.19879574,0.39108104,0.0047096685,0.81198543,0.7385913,0.7480919,-0.41909242,0.16389586,-0.6854397,0.5350009,-0.013993517,-0.12985751,-0.011168748,-0.14590663,-0.29210505,0.6819661,-0.16857378,-0.6929,0.14720199,-0.43290126,-0.053210683,0.54747146,0.125344,-0.31121618,0.4233926,0.27872482,-0.47432172,0.08310411,0.80536103,0.040121466,-0.43008828,0.02949427,-0.41798162,0.1627905,0.27918962,-0.07284961,-0.032056525,0.17689498,-0.063214764,0.15504421,0.38470215,0.12404537,-0.3791031,-0.6569264,-0.25966716,0.2840526,0.3040646,0.08319619
IND786001AAB,1.8685197,0.028300583,-0.15521166,-0.40378678,-0.16779992,-0.064204454,0.60430294,-0.47389698,-1.8486209,0.36314034,-0.23985018,-0.10961646,0.024808496,-0.255427,0.39052445,-0.16955207,-0.072130054,-0.15910813,0.23632167,-0.59715384,0.343846,0.8195934,-0.48053244,0.029415876,0.34029663,-0.40899074,-0.08324605,-0.13840361,-0.54568434,-0.4377662,0.02833052,0.42058316,-0.10623552,0.26157838,-0.029204149,0.13849266,-0.06338015,-0.54273075,0.5195801,0.52959126,0.41465914,0.50379217,0.014879357,-0.046782933,-0.21273714,-0.19218346,-0.3027376,0.24219778,0.41999438,-0.08558907,0.21697034,-0.07364956,-0.0430942,-0.047856387,0.22927222
IND786125AAA,1.7665547,0.056362256,-0.119942576,-0.551244,-0.05377876,-0.041596368,0.63747877,-0.54270726,-2.3210874,0.3835537,-0.12104976,-0.13991055,-0.06924995,-0.24755864,0.44121766,-0.24752657,-0.016346917,-0.013291322,0.13804246,-0.6175473,0.13380772,0.81671035,-0.14555857,-0.21177384,0.37196058,-0.35721982,-0.17417514,-0.23726289,-0.49670583,-0.25104254,0.26141056,0.25206295,-0.14085764,0.07995768,-0.07161643,0.09805398,-0.07951814,-0.5467902,0.37332425,0.5781039,0.4338888,0.4762648,-0.2949283,-0.37010452,0.052317113,-0.17354265,-0.22522257,0.16057634,0.4375354,-0.12649125,0.023397163,-0.08357952,-0.02825367,-0.1105472,-0.05171098
IND786171AAA,1.8331379,0.02587723,-0.22013673,-0.6909148,-0.13411367,-0.12443338,0.91297525,-0.6616044,-2.1052125,0.4349045,-0.2963965,-0.15359618,0.2164905,-0.3129961,0.35479325,-0.3193196,-0.03824422,0.14066185,0.3989151,-0.40011644,0.29897735,0.83663714,-0.46409616,-0.12633546,0.34490466,-0.29900253,-0.042503357,-0.07630025,-0.28833833,-0.15091316,-0.0005558133,0.23989648,-0.18705706,0.07779957,-0.016830143,0.019689389,-0.0457003,-0.65425044,0.2704811,0.5387952,0.12598735,0.502078,0.131987,-0.17252955,-0.29003835,0.039776087,-0.19458307,0.1546678,0.26451385,-0.13295221,0.3528307,0.039544247,-0.03217217,-0.048903834,-0.10160804
IND786181AAC,1.9231147,-0.0037548058,-0.19253129,-0.6222473,-0.15321192,-0.10258028,0.9037076,-0.5481101,-2.05307,0.45108172,-0.37307942,-0.16663188,0.3994989,-0.21626149,0.3777067,-0.16618878,-0.07316536,-0.03928224,0.30663782,-0.26081014,0.5135517,1.0227234,-0.54398215,-0.078856364,0.31778145,-0.35131168,-0.19632615,-0.07389134,-0.37476158,-0.009173501,-0.20238867,0.31656465,-0.09612795,-0.087574154,0.13278976,-0.10231154,0.123781465,-0.5246915,0.23630247,0.3323909,0.0074603185,0.46521217,0.24710706,-0.050238073,-0.47832704,0.0019404497,-0.0145613775,-0.055823296,0.25175998,-0.3718671,0.5452808,0.10233827,0.06486271,0.09317312,-0.004023105
IND786184AAA,1.7279707,0.039411806,-0.10930702,-0.5411769,-0.05707617,-0.029434599,0.6355102,-0.52008855,-2.2841973,0.38319573,-0.09863108,-0.14717767,-0.05124028,-0.24001259,0.5107298,-0.25595257,0.016073331,-0.025099382,0.07529024,-0.60182184,0.1494231,0.9141791,-0.12696433,-0.2331012,0.3587169,-0.34918427,-0.15656818,-0.23992799,-0.43708748,-0.1790987,0.22268137,0.32103026,-0.13250805,0.061675653,-0.061663367,0.08494137,0.019161351,-0.5514348,0.37613502,0.5742382,0.37770975,0.47387105,-0.250146,-0.38243675,0.027536936,-0.23172651,-0.21473137,0.16456658,0.47657856,-0.16563827,0.057147793,-0.009043318,-0.07060847,-0.050174687,-0.009523228
IND786190AAA,1.8223323,0.006928988,-0.09233293,-0.41958058,-0.13865387,-0.0002771467,0.6378991,-0.58910763,-2.0951226,0.67350537,-0.33697808,-0.15838155,-0.3651989,-0.11136556,0.4980026,0.05111869,0.06641361,-0.23767737,0.24508521,-0.67087126,-0.011803344,0.8445822,-0.2082619,-0.20081057,0.47115916,-0.5488659,-0.06368395,-0.33283997,-0.43137228,-0.30503333,0.16734716,0.11855729,-0.098937884,0.049679685,-0.25890496,0.18427235,-0.09277731,-0.45980704,0.3461047,0.43005744,0.26864922,0.5229136,0.024732359,-0.3620579,0.085067116,-0.32937405,-0.20252879,0.20417681,0.29088116,-0.057166666,0.18723759,-0.11385514,-0.26509175,0.06329414,0.18454313
IND787001AAA,1.9756328,0.0123074055,-0.10577856,0.009707078,0.20243108,-0.057452455,-0.031758875,0.96220213,-0.32878888,0.41643262,0.07211475,-0.13385329,1.1093743,0.15263271,0.357159,0.77978706,-0.9724318,-0.7348027,1.6073109,0.13688415,1.0513737,0.10699716,0.45603436,-0.18593115,0.11879682,0.1455124,-0.66697764,-0.5996804,0.22089274,1.4928482,-0.26319647,-0.20637111,-0.5364132,-0.55498743,0.24152705,-0.15999001,-0.1134573,-0.5700267,-0.70640194,0.56902194,-0.9143466,-0.1608032,-0.2331135,-1.259273,-1.162971,-0.8562252,-0.0023565814,-0.4302622,-0.18129426,-0.23949748,-0.06032303,0.028341545,-0.14954813,-0.7416785,0.014435142
IND788026AAC,0.34178507,-0.7858208,-1.5521256,-0.8952954,0.8144236,0.70393145,-0.40857476,-0.009564541,0.11040494,0.5752522,0.09640284,0.6443271,0.32338563,-0.13196239,-0.38855416,0.117896035,0.6015226,-0.0461971,0.7179374,0.22025345,-0.26143882,0.47760177,0.17990342,-0.28228855,-0.46659487,0.18941712,-0.5635979,-0.16180837,-0.324717,-0.40333027,0.2977744,0.05778107,-0.057527594,-0.19891651,-0.3381159,-0.27451912,-0.0714606,0.38232017,0.13682841,0.24617639,-0.054243118,0.16930561,0.056385703,0.287227,-0.10440895,-0.007553706,-0.0109047,-0.103121854,-0.33067,0.4073317,-0.3340745,-0.23723951,-0.042718027,0.26268193,-0.0394786
IND788121AAA,0.583954,-0.72070074,-1.5288684,-1.0290027,0.83678424,0.63495374,-0.4685239,0.046178132,-0.09641366,0.55299747,-0.00091630965,0.5472296,0.5423944,-0.3784805,-0.41814178,-0.06114573,0.6287394,-0.23454827,0.8183678,0.042253356,-0.33878183,0.3072808,0.0643681,-0.25678146,-0.4389764,0.4468742,-0.60662735,-0.18111087,-0.7587202,-0.19001278,0.5670558,-0.08361507,-0.12628858,-0.31129915,-0.1687029,-0.38986212,0.12697214,0.46334726,-0.08507158,0.40445128,0.29812458,0.10457833,0.09353809,0.3484206,-0.35442907,-0.16057049,0.11236277,-0.101099946,-0.17970227,0.31789315,-0.43032348,-0.3830642,0.10054138,0.14904773,0.020563468
IND788151AAA,0.71998775,-0.76466817,-1.4854732,-0.8579206,1.0685719,0.552704,-0.44706017,0.37021914,0.16671084,0.6804177,0.33603227,0.5769122,0.45514703,-0.24835406,-0.33822632,-0.1941351,0.6566657,-0.25404003,0.5647294,0.21625638,-0.16294089,0.7513329,0.20709628,-0.39544153,-0.41930765,-0.20250851,-0.67940885,-0.25005418,-0.5395704,-0.413184,0.52367985,0.33873183,-0.25130627,0.108634606,-0.3318223,-0.28354052,0.39339024,0.70768726,-0.07570347,0.28869876,0.30271253,0.085031986,-0.17420995,0.021034002,-0.29489055,0.22800782,0.14703326,-0.2553289,-0.31372103,0.3365554,-0.34920067,-0.36999795,0.0110254325,0.23964712,-0.04583493
IND790001AAB,0.22879112,-0.5982656,-1.5083103,-0.97002083,0.8760737,0.5194489,-0.1379503,0.0068100467,-0.023671865,0.3508224,0.68463004,0.39804024,0.37466103,-0.21731487,0.1010419,0.48004523,0.95408565,-0.77963364,0.42140615,0.19715394,0.15373135,-0.2276141,0.07447734,-0.17749912,-0.06924085,0.07412532,-0.36871707,0.17094135,-0.04921771,0.42308503,-0.35503572,0.12219691,0.114486314,-0.014912561,0.23386484,0.40035224,0.16778591,-0.08695847,0.08134492,0.09371947,-0.5130764,0.16886158,0.62521124,0.28261733,0.57638633,-0.030053109,-0.08041285,0.06702454,0.32702747,0.5970868,0.19120191,0.20572072,-0.2727479,-0.5341776,0.19629565
IND791102AAA,0.09695506,-0.8665204,-1.3918283,-1.0057071,0.9666492,0.7030071,-0.26029193,0.115528114,-0.0024260506,0.30398434,0.8420694,0.25864422,0.062742144,-0.7235448,-0.13300243,0.098946884,0.8947702,0.17652372,0.5471656,-0.23366356,0.2450144,0.21242377,0.100231774,-0.118553385,0.037666038,0.10015881,0.30177826,0.00056064874,0.4853173,-0.05794382,0.5248107,0.049696922,0.103845984,-0.2640229,-0.39143422,0.62934995,0.20653495,-0.1631303,-0.011050224,0.39617008,0.29472435,0.26980767,0.032869674,0.8192264,-0.21763149,0.3146417,-0.044711135,0.15553993,-0.28779456,0.100434355,0.5288698,0.452576,0.23995602,-0.46306944,-0.2022053
IND791125AAB,0.16273463,-0.7550984,-1.465379,-0.98520935,1.1029037,0.74432206,-0.21526137,0.048468597,-0.06538568,0.35791612,1.0422254,0.2473755,-0.032118,-0.93407154,-0.12548195,0.13551362,0.95780367,0.07680997,0.58221555,-0.26400274,0.07467363,0.13231364,0.14502159,-0.2607123,0.12955226,0.12368876,0.25084803,-0.028946638,0.42888385,0.04216923,0.44068468,-0.08708307,0.17774296,-0.15309887,-0.5829471,0.46945846,0.28836623,0.02614344,0.15987737,0.36716074,0.4075935,0.31130898,-0.115702055,0.89952326,-0.11612715,0.29043314,-0.18726765,0.19513622,-0.2704555,0.11736079,0.43801218,0.38479897,0.20498201,-0.60534626,-0.26395422
IND792001AAA,1.8127128,0.009117946,-0.05673904,-0.48313677,-0.1162763,0.010526627,0.6855537,-0.56232125,-2.1687403,0.49131632,-0.26041502,-0.26417637,-0.20239566,-0.14844497,0.3789698,0.041199643,-0.08303326,-0.16452192,0.27320814,-0.6518885,0.12396336,0.7963908,-0.09719501,-0.20103413,0.3897729,-0.44097745,-0.12830883,-0.25357217,-0.35070133,-0.31266874,0.21625838,0.10204592,-0.12820138,-0.059001043,-0.022926036,0.16567847,-0.15264502,-0.6223157,0.32677814,0.40145528,0.28778663,0.6111101,-0.17066431,-0.3745384,0.045033157,-0.18703824,-0.2852941,0.14787516,0.48614892,-0.13494399,0.05991818,-0.1553027,-0.15327583,-0.10848355,0.056090355
IND792103AAB,1.7839707,0.025384553,-0.09329006,-0.588244,-0.10666437,0.024854451,0.67795146,-0.48062915,-2.210614,0.40858048,-0.100574076,-0.2229035,-0.24553284,-0.29514098,0.50674945,-0.09014122,0.14997467,-0.08700441,0.03748257,-0.7849743,-0.05244229,0.78108716,-0.08188332,-0.32893234,0.53765255,-0.386314,-0.097545445,-0.3251354,-0.35637933,-0.3207451,0.33212566,0.36602527,-0.19791524,0.012145922,-0.1065081,0.20900029,0.13876683,-0.4472689,0.47161064,0.65747106,0.4734714,0.23694618,-0.038798973,-0.49831903,0.078133404,-0.38053128,-0.22525565,0.26233703,0.5147874,-0.09269726,0.18862148,0.033256464,-0.11707237,0.1492256,0.1393733
IND792110AAA,1.6832279,0.016616482,-0.14710239,-0.6247104,-0.11592082,0.023280237,0.75695777,-0.5634102,-2.3038142,0.6547676,-0.36145675,-0.13577138,0.080197535,-0.40640318,0.5237977,-0.29407835,-0.029988553,0.12541108,0.17213231,-0.44894814,0.31029004,0.903823,-0.29981542,-0.05692511,0.23901108,-0.17984584,-0.09620622,-0.14191806,-0.49073648,-0.21694677,-0.03500934,0.18888888,-0.18349613,0.15205583,-0.12346407,0.0056346804,-0.18491948,-0.5760518,0.26473454,0.6064391,0.38853636,0.4899042,-0.18315515,-0.25158897,-0.05240728,-0.1645263,-0.28205502,0.20487058,0.28369772,-0.06390942,0.150598,0.00032756652,-0.14077438,-0.17021593,-0.025169432
IND792130AAB,1.6905323,0.035118,-0.14509472,-0.59231824,-0.10516826,0.00012458861,0.73289907,-0.5942899,-2.2949774,0.6220273,-0.29836512,-0.14677164,0.0675867,-0.37682903,0.51694554,-0.28805083,-0.03302223,0.1424343,0.16300409,-0.45858848,0.29850408,0.9349098,-0.3027281,-0.05811328,0.2470661,-0.2175155,-0.069919586,-0.16197868,-0.52191883,-0.22550164,-0.013950005,0.1917168,-0.21861713,0.20399964,-0.098782726,0.0057251975,-0.12538432,-0.5734747,0.26026815,0.6136818,0.39134797,0.4475638,-0.16788507,-0.2643639,-0.034457147,-0.20960696,-0.31225032,0.21979901,0.29417866,-0.061569043,0.14266941,0.014160215,-0.115879044,-0.14065391,-0.0065083504
IND793001AAA,-0.49982738,-0.88045484,-1.5245805,-0.9313197,0.9576848,0.37491116,-0.3103448,-0.18692505,0.20550475,0.36025804,0.50972974,0.22262307,0.432746,-0.26085103,-0.12566483,-0.16508031,0.5650133,-0.26001322,0.4098264,0.13012141,0.18180883,0.065614246,0.25246966,0.05897464,-0.21084885,-0.042784996,-0.090066455,-0.119609386,-0.116321385,0.21005152,-0.010275736,0.018539947,-0.09703782,-0.06455599,-0.0020256098,0.19389327,-0.16040894,0.029627055,-0.02367033,0.06689215,-0.07518896,0.09571462,0.0636807,0.24878038,0.002249524,0.15258761,0.021157034,-0.15134466,-0.10933994,-0.067965254,-0.16131087,0.11828292,0.089356035,0.036785897,-0.049487546
IND793150AAA,-0.39523017,-0.87756175,-1.6682012,-0.928131,0.9815297,0.12481718,-0.17548922,-0.39671248,0.39449185,0.099527754,0.444898,0.3586424,0.32367384,-0.18877573,-0.30092424,-0.08147645,0.5335893,-0.14970528,0.3711661,0.07967808,-0.0849245,0.15182072,0.31989172,-0.057195157,-0.07909677,-0.12502874,-0.021142624,-0.0042568855,-0.060736924,-0.12419093,-0.15229785,-0.01548579,-0.06475428,-0.0072442666,-0.12536351,0.30850726,-0.08651045,0.03454534,0.115486875,-0.14101978,-0.097512305,0.10370955,0.0040962175,0.35691625,0.054614164,-0.023049776,-0.27922377,0.22534603,0.027248742,0.28661743,-0.13722427,0.06634253,0.18648402,-0.060328674,0.0047961622
IND794101AAA,-0.24758232,-0.838962,-1.4768053,-0.90424556,0.9344529,0.38486037,-0.5791978,-0.20831633,0.30653477,0.26191118,0.74570346,0.23815562,0.9405134,-0.06520857,-0.1327632,-0.11627738,0.17798418,-0.2206913,0.5177665,0.2153574,0.07676003,0.15664929,-0.11263388,0.010110959,-0.09931511,-0.011721596,-0.26961106,-0.1765587,0.25159115,0.1720426,0.26212692,-0.048967898,0.2193855,0.10425081,-0.05068422,0.2519276,0.07148208,-0.043318883,0.09358721,-0.24052186,-0.3531473,-0.17418268,0.25406337,0.5037538,0.13257086,0.3490675,-0.05490351,-0.33060473,-0.16948839,0.052406833,-0.16714288,0.009277901,0.18855894,0.28728864,0.015752792
IND796009AAA,1.9526268,0.027275383,0.019600525,0.13007352,-0.22113678,-0.2041948,0.20076486,-0.8960226,0.4669549,0.5098605,-1.1923594,0.5831503,0.008958963,0.7495624,0.4191828,0.73701787,-0.13881463,-0.85728633,-0.16253261,-0.26039964,0.37661293,-0.41790032,0.274326,-0.16993734,-0.040361777,-0.44250086,-1.1792469,0.00023704767,-0.5266534,-0.8105303,0.25833768,0.111508936,0.46303234,0.15472236,-1.0957593,-0.22070093,1.4099886,0.29262328,-0.27838218,-0.5284734,-0.033907928,0.9620697,-0.063317575,-0.08365387,-0.80717,-0.30124792,-0.9111543,-0.25652996,0.13192074,-0.4312996,-0.3265636,0.5128018,0.4651983,-0.29987824,-0.046723366
IND796081AAA,0.5205866,-0.6468583,-1.5250257,-1.047156,0.75369185,0.6855172,-0.5173592,0.088148326,-0.12036809,0.6132283,-0.008845719,0.712823,0.58099335,-0.4496231,-0.29202953,0.099214256,0.6410525,-0.17253023,0.6906478,0.11276029,-0.3665917,0.50597584,0.09352095,-0.39280215,-0.19115724,0.3046677,-0.76249784,-0.040462554,-0.64167225,-0.26008004,0.47811,-0.0264391,-0.010447137,-0.17895268,-0.26831463,-0.26213676,0.09792707,0.47830886,-0.14209116,0.29655653,0.17716292,0.14759195,0.04775942,0.16285178,-0.31077743,0.0192905,0.0043667033,-0.36511806,-0.12734406,0.30617505,-0.53322065,-0.37099314,0.04146588,0.2521965,0.109606564
IND796321AAB,1.954364,0.024204955,0.0042600706,0.11874142,-0.20074666,-0.2099519,0.18041001,-0.86461514,0.48637116,0.512739,-1.2058556,0.5861476,0.016575787,0.7860064,0.39900398,0.7446261,-0.16917634,-0.89015007,-0.16302888,-0.25512904,0.41265786,-0.42499533,0.2725994,-0.16255572,-0.022692993,-0.4129327,-1.2021511,-0.02386047,-0.52453333,-0.8257705,0.27385136,0.1300397,0.47438163,0.16231169,-1.1582589,-0.21125785,1.4353604,0.31448525,-0.2644552,-0.51526,-0.058849953,0.96821845,-0.064479716,-0.089455456,-0.83210826,-0.304484,-0.9337842,-0.2624499,0.10925591,-0.44777516,-0.35693598,0.512035,0.49309397,-0.29458526,-0.054763988
IND798601AAA,0.21673763,-0.8406514,-1.4339834,-0.80628467,1.1304599,0.45332822,-0.6368528,-0.084426604,0.21002844,0.20864135,0.67159337,0.6783626,0.75778747,-0.5972733,0.29491132,-0.15711002,0.62789345,0.115542755,0.2713467,0.026113886,-0.096873544,-0.16220823,0.25130203,0.012317479,-0.45968074,0.21415368,-0.11139507,-0.23441795,0.5062804,0.007406339,-0.18398237,0.17064792,0.36257038,-0.21350218,-0.07638774,0.21335284,-0.22260207,-0.43230873,0.0096143745,-0.31671435,0.063366696,0.43906984,-0.018518835,-0.033030763,0.11601255,-0.034046862,0.31220686,0.26598576,0.20296717,-0.42471972,-0.54361504,-0.22876692,-0.12561727,0.12039004,0.3204512
IND799250AAA,0.6920806,-0.6285191,-1.4940102,-0.8356123,0.95119977,0.49715623,-0.3533279,-0.029134534,-0.04002382,0.7197626,0.27004117,0.77538925,0.55583656,0.10442421,-0.29146343,0.17295694,0.8719171,-0.46781597,0.7775356,-0.11935277,-0.28536797,0.5995271,0.4551542,-0.5390092,-0.42573357,0.28563306,-0.7981239,-0.32042158,-0.16511273,-0.4010101,0.07548022,0.26022422,-0.4391063,-0.13652919,-0.27573907,-0.44807953,0.27511668,0.25138098,-0.055256516,0.5999252,0.2799284,-0.28426096,0.060823772,0.1964669,-0.333618,-0.0262448,-0.008139886,0.0036142804,-0.24819258,0.49498236,-0.3208784,-0.43782786,0.045613833,0.33880135,-0.12717822
IND802101AAA,-0.91513175,-0.9867573,0.0137915015,0.3066886,-0.76932377,0.7445022,0.79698867,0.12869179,0.5336484,0.1302135,-0.2544198,0.15339226,-0.28482264,-0.2600823,-0.08545195,-0.116015375,-0.66682184,-0.44885102,0.36701167,-0.11669303,0.093784794,-0.05413192,0.18906507,0.03773871,0.0029477328,-0.3439558,-0.06734846,0.19002505,0.3524695,0.29412282,-0.14099011,0.5053948,0.19801712,0.19126497,-0.40018407,-0.24544951,-0.36199605,0.39834797,0.15336685,0.5154675,-0.37526953,-0.18363345,-0.36841777,0.090957396,-0.31755757,-0.12729803,-0.40646523,-0.36373422,0.01461967,-0.106769465,-0.69039387,-0.41092736,0.19643861,-0.5055738,-0.09138772
IND802119AAA,-0.5954039,-1.0213177,0.11264089,0.2807178,-0.9465665,0.6277776,0.79068404,-0.024226911,0.40511703,0.37485173,-0.47409356,0.12644209,-0.58245075,-0.39473343,-0.18874948,-0.08082096,-0.70747757,-0.50356865,0.38162452,-0.10874485,0.099733695,-0.09649816,-0.01836469,0.1963772,0.09533656,-0.18132818,-0.20297919,0.276653,0.36215186,0.48154223,-0.053358316,0.73312336,0.21018253,0.045389473,-0.44555062,-0.30048245,-0.2583501,0.5155254,0.009286486,0.5000277,-0.35339624,-0.21989536,-0.33467817,0.19916691,-0.07017101,-0.27984846,-0.6358853,-0.29973114,0.086657405,-0.053169727,-0.69093776,-0.52433753,0.24822412,-0.8617691,-0.15199971
IND802158AAB,-0.70824456,-1.0102628,0.06695286,0.30193913,-0.9263659,0.66130424,0.7437919,-0.03444632,0.42138487,0.26629147,-0.33334678,0.070299745,-0.41295612,-0.3030157,-0.21490304,0.024772704,-0.6409699,-0.49084893,0.41306198,-0.12450531,0.14420193,-0.1988194,0.18664607,0.32039762,0.1688341,-0.21313658,-0.11647164,0.12664685,0.3969329,0.23040046,-0.056928203,0.8684671,0.14136665,0.2151153,-0.4088819,-0.31492084,-0.34619182,0.45357436,0.046894304,0.46100083,-0.20825467,-0.21571425,-0.27202603,0.12476804,-0.17033562,-0.20066032,-0.5746504,-0.2964149,-0.0232144,-0.07592735,-0.6779167,-0.53782755,0.30444854,-0.76955193,-0.06747475
IND802212AAA,-1.1248634,-1.0920564,-0.018942684,0.2530414,-0.78582895,0.892691,0.7120608,0.22434506,0.42778742,0.1821582,-0.17178622,-0.0024127215,-0.5493251,-0.14588873,0.16073196,-0.1853594,-0.51594394,-0.3735229,0.22875203,-0.14336985,0.24906644,-0.043249447,0.22957343,-0.11943439,0.10911043,-0.24857622,-0.049946316,0.3160054,0.63709444,0.23221023,-0.03200516,0.46644673,0.3401715,0.139453,-0.051209405,-0.17381696,-0.36740875,0.11813222,0.16586949,0.34110698,-0.15496723,-0.11184558,-0.25006956,0.076358125,-0.053586155,-0.37303823,-0.2941342,-0.40403003,0.18395533,-0.31854773,-0.6009174,-0.12649888,0.09457892,-0.55356854,0.040569574
IND802301AAA,2.176217,-0.06867241,-0.19179562,0.127767,-0.39980754,-0.34765673,-0.3647218,-0.38616073,0.8057361,0.43590146,0.09217354,0.07365353,-0.8437003,-0.27666205,-0.2949369,-1.6587689,0.70562136,-0.62730587,0.4016189,0.06794341,-0.66995186,-0.3017134,0.15003002,0.36740786,-0.5346046,-0.35015196,-0.35655838,-0.21615507,1.5076796,0.96705025,-0.10012433,-0.63110393,0.39146274,0.8697896,0.84212387,0.01659187,-0.07140668,-0.24602439,-0.6725272,1.1043516,0.9502114,-0.22224456,-0.17588091,-0.06878334,0.2159778,-0.5668362,-0.059614036,0.050164018,0.172284,0.13327909,-0.82689273,0.51683664,0.14990866,-0.059656005,0.27352747
IND803101AAA,2.195901,0.07973156,-0.10512605,-0.8469642,-0.29118392,-0.2279332,0.07031446,0.8806753,-0.57801676,-0.5035443,-0.23432077,0.0059893504,0.27105954,-0.64051926,-1.3345412,-0.27591172,-0.77327514,0.3446434,-0.069199875,0.9500204,-0.16106865,-0.050788403,0.49187437,0.90409195,-0.74284434,1.4180427,-0.06087695,-0.6728697,0.3997144,-0.29530525,0.25876755,-0.49000365,-0.47030947,-0.049248114,0.68036664,0.3375299,0.52722657,-0.805933,0.288048,-0.04272796,-0.60846794,-0.38291177,-0.963386,0.08010554,-0.64264935,0.14764434,1.3992904,0.66807294,0.50542474,0.24453923,0.5405254,-0.17310077,0.0062446035,-0.22932218,-0.08363108
IND803116AAA,2.1788645,0.037430413,0.22937818,0.24622576,-0.06254429,-0.071279705,0.22471717,-0.30874386,0.7979103,-1.032204,-1.0982966,0.16695243,-1.5290687,0.8389583,-0.2283517,0.24638994,0.4595284,1.1028979,0.8038375,0.864706,-0.54830515,0.6809455,0.3835843,-0.7750474,-0.48394626,0.8233301,1.4738901,-0.4176231,0.40211374,0.20793532,0.0007222891,0.32837123,0.44916058,-0.1352957,0.3527816,-0.117781065,-0.39487043,-0.8398717,0.3184088,0.29660517,-0.77409565,-0.053366065,-0.049461983,-0.20477095,0.51452917,-0.3366593,-0.53654826,0.049818985,0.54951173,-0.12158988,0.72032046,0.44807184,-0.40931347,0.053353053,0.14338312
IND803213AAA,2.2189636,-0.12280543,-0.18275535,0.078039095,-0.10758143,-0.14095667,-0.19958514,-0.38198233,0.68761903,-0.7945675,0.085351616,0.7087662,0.08754954,0.096742794,-0.7560128,-1.3763835,0.15496962,-0.5040637,-0.6258825,-0.2526436,-1.2256522,0.414664,0.4068345,0.31370106,-0.028872713,-0.62659585,-0.28419214,1.116001,-0.101765916,-0.5510922,0.1991634,0.15113315,-0.21385947,-1.5741085,0.7406175,0.35103077,-0.044736803,-0.2670117,-1.0101813,-0.56707627,-0.21719995,0.23588485,0.35103872,0.16938667,0.18817997,0.18113546,0.3744412,-0.3140455,-0.629147,-0.23785952,0.46908492,0.25500777,-0.24674115,0.2663814,0.5179969
IND804420AAA,1.9738501,0.08642025,-0.098548874,-0.80125433,-0.24939111,-0.20728841,0.057397358,0.79882014,-0.55526966,-0.46691406,-0.24871694,-0.0065164864,0.24966767,-0.6298501,-1.2783002,-0.2490197,-0.77536255,0.3677304,-0.051008373,0.87286216,-0.15627295,-0.034855276,0.51777446,0.8885525,-0.69473857,1.330622,-0.086048245,-0.64870346,0.40264475,-0.29312575,0.22325042,-0.4772491,-0.4397728,-0.05383122,0.6579062,0.33214825,0.48708156,-0.76044726,0.30439216,-0.009723853,-0.6045338,-0.38262504,-0.90983725,0.06684524,-0.5712098,0.15577263,1.3073161,0.63214004,0.43260244,0.2094219,0.5094139,-0.17716259,0.024437506,-0.20181836,-0.06559925
IND811105AAA,2.2235222,-0.10771589,-0.17997824,0.11657797,-0.07605641,-0.13844174,-0.26189664,-0.33690178,0.6915171,-0.81663793,0.0703492,0.7125862,0.10463706,0.040244237,-0.77245134,-1.3731627,0.20298715,-0.5078577,-0.6185212,-0.30356407,-1.2287307,0.3738693,0.41738513,0.27465144,-0.03052555,-0.6627152,-0.25567096,1.1369077,-0.119165555,-0.5299832,0.21565855,0.14239106,-0.23082498,-1.5897944,0.77397007,0.35672867,-0.032383602,-0.28781027,-0.9899951,-0.5504653,-0.23771897,0.24568006,0.3574958,0.22514394,0.20353988,0.17296249,0.38232368,-0.29668003,-0.60794836,-0.22579321,0.45409703,0.27252075,-0.24606398,0.29253766,0.51379406
IND811399AAA,-1.3890989,-1.3965251,-0.27003345,-0.14582899,-0.4237005,-0.05714544,0.74111557,0.005770512,0.1233097,0.5582305,-0.055325598,-0.060812116,0.21754083,-0.17322613,-0.17412306,-0.0023795627,-0.14046212,-0.09209591,0.13741675,0.3480193,0.14090428,-0.10543342,0.18239328,0.104393214,0.050041597,-0.029257894,-0.24717622,-0.04939902,-0.072789475,0.14184846,0.15152314,-0.3777674,-0.022681128,0.080549926,0.042470194,0.12976825,-0.0016598366,0.09571343,-0.17603722,-0.058682468,0.07262467,0.51629883,-0.093720935,-0.046714634,0.27629745,0.29402256,-0.113200724,0.0030916408,0.12773642,-0.07428839,0.07380856,0.10149465,-0.042978164,-0.02658404,-0.048123598
IND813102AAA,2.0805874,0.007083118,-0.06441088,0.1213935,-0.49637544,-0.22733372,-0.76373154,0.00934466,0.4731353,1.6951072,-0.24656962,0.38703835,0.26540154,1.2471393,0.00794239,1.3606515,-0.3686064,1.0260072,0.2181642,1.0941068,-0.41426265,0.22693749,0.45799723,-0.8776581,-0.16803674,-0.0600458,0.61757827,-0.78379077,0.22505485,-0.8720063,-0.768492,-0.3816628,0.38048416,-0.5682586,-0.48681316,-0.64673525,-0.327616,-0.6724858,-0.29908052,0.5823372,0.59701943,0.23911959,1.0420368,0.3175562,0.3893597,0.31083477,0.3009634,-0.46022218,-0.19946243,0.6296343,0.14999267,0.046379972,0.5830399,0.018266711,-0.032326818
IND814101AAB,-0.49121976,-0.573041,-1.5395324,-0.11919314,0.084706336,0.6583575,1.0078745,-0.10128666,-0.28867942,0.40849885,-0.34176642,-0.4012153,-0.61326176,0.17052734,0.1839316,0.27769652,-1.0152017,0.03053961,-0.19969732,-0.24915247,0.021294538,-0.06408058,0.5588218,-0.21162842,0.36061853,0.49467057,-0.39468768,-0.28038958,0.48666704,-0.030619733,0.09713882,-0.094072364,0.17764859,0.0071360692,0.16317946,-0.09545173,0.16942555,0.5888943,0.32667783,0.0887702,-0.03519044,-0.42718855,-0.14843383,-0.1492889,0.13493381,-0.30817914,0.05200021,0.22726876,0.3960475,0.37953693,0.25312692,-0.088886276,0.05310902,0.54180115,0.06306282
IND814112AAA,-0.5488999,-0.5943828,-1.3379835,-0.25104436,0.5437066,0.59126854,1.1791685,0.08815004,0.11073096,0.36362904,-0.69699013,-0.3154618,-0.49134853,0.32970488,0.13737758,0.11553261,-1.0336897,-0.14239803,-0.35651004,0.071348645,0.47297183,0.032763153,0.48041892,0.24661765,-0.049061626,0.25262785,-0.3368284,-0.3888573,0.14322712,-0.15546852,-0.12737215,0.18623056,0.007987082,0.09690897,0.33358568,-0.5724965,0.23041987,0.16124567,0.12403941,-0.026244324,0.28430468,-0.2330474,0.20495206,0.19014019,0.1807986,0.060251854,0.08660528,0.3873109,-0.04878745,0.1379501,-0.123492494,0.54206306,0.59619445,0.26068696,0.029172242
IND815301AAA,-0.58497334,-0.5333437,-1.3748901,-0.08188729,0.4478217,0.5673355,1.1614435,0.10498168,0.03355044,0.37650836,-0.5047335,-0.3721183,-0.5559721,0.36045575,0.106028505,0.011909917,-0.9586029,-0.078575104,-0.23999926,0.123376,0.32543185,-0.04968462,0.28223553,0.3011714,0.08280724,0.46325326,-0.40645045,-0.39576513,0.29578108,-0.16453181,-0.15252376,0.19214915,0.13827315,0.015262909,0.07197716,-0.6527995,0.082703955,0.21360609,0.12886815,-0.06848946,0.06146153,-0.21973929,0.35217553,0.16441017,0.051800624,0.09215989,0.12898928,0.2601808,-0.052277487,0.26135564,0.24460036,0.5235121,0.59948355,0.17604525,0.17162374
IND815351AAA,-0.67135894,-0.5650755,-1.3910731,-0.21880603,0.18092597,0.57670593,1.0403745,-0.18475503,-0.1708848,0.25541237,-0.29083502,-0.5902857,-0.6070633,0.24397124,0.18076359,0.24898936,-0.94805855,0.17244542,-0.26385248,-0.07735337,-0.045959756,-0.17936216,0.5129995,-0.09412241,0.42769063,0.43150723,-0.30322692,-0.32693166,0.50882906,-0.059741743,0.11184937,-0.0058478136,0.21930292,0.18769592,0.22444788,-0.14660442,0.06793053,0.49943364,0.19981147,0.03160741,-0.085884795,-0.38527912,-0.10326638,-0.016299456,0.1677282,-0.1944894,0.038832963,0.18942386,0.4545357,0.268832,0.18866074,0.032186564,0.02756486,0.46941736,0.039242744
IND815353AAA,-0.73547685,-0.49155474,-1.3233546,-0.19833867,0.4009549,0.53369784,1.0946249,-0.03743566,0.117713824,0.2686603,-0.5147967,-0.45490932,-0.43594542,0.11942054,0.07383196,0.2735149,-0.9792886,0.11272668,-0.07379416,0.009976754,0.3978816,-0.041269995,0.6000343,0.26937646,0.2167672,0.3643749,-0.31784487,-0.24174307,0.2704053,-0.23796101,0.06948294,0.007993992,0.1953661,-0.04396403,0.1677747,-0.3959216,0.09894078,0.31522804,-0.0038576275,-0.040159542,0.17167106,-0.20040861,0.25924256,-0.07858658,0.082904495,0.18081468,0.031257994,0.0972776,0.0020805784,0.46825838,0.20314519,0.40232077,0.5042135,0.36940572,-0.08742119
IND816107AAA,-0.6670649,-0.4700625,-1.4622875,-0.21426898,0.12459878,0.5929619,1.1196187,-0.09207045,-0.16052014,0.23870307,-0.30929315,-0.37452698,-0.55208516,0.19049574,0.102954194,0.14509286,-0.97659814,0.028838813,-0.120255,-0.24431926,0.023749746,-0.1724397,0.5345548,-0.11805217,0.32581788,0.32990456,-0.4956087,-0.2442653,0.5118595,-0.08780442,0.13441037,-0.1928678,0.23646113,-0.004933104,0.14508766,-0.1822096,0.023538351,0.3731501,0.37777203,0.08484486,0.0053535737,-0.39094526,-0.19794753,-0.07923283,0.09415805,-0.21144378,0.14224446,0.40313053,0.29673943,0.44225,0.25022662,-0.022661552,0.1700935,0.6278521,-0.0707673
IND816109AAA,-0.9187526,-0.53726494,-1.3424783,-0.1408903,0.20076102,0.4389707,1.1767473,-0.012940459,-0.10444216,-0.015700899,-0.3552404,-0.32440257,-0.46597403,0.22610871,0.17962296,0.20371239,-1.1680286,-0.11062765,-0.2965293,0.18378001,0.046440236,-0.17609777,0.38567293,-0.105242714,0.31025428,0.4144299,-0.15552215,-0.1053519,0.37229204,-0.17753553,0.048732013,-0.10842559,0.08271914,-0.10840461,0.088888206,-0.21969031,0.21932161,0.24239837,0.018899344,-0.059404578,0.005015213,-0.060226545,0.21976191,0.03312882,0.21924967,0.054288685,0.1834815,0.14105079,0.13635522,0.2954834,0.14772806,0.29688394,0.08197795,0.21435364,-0.09542906
IND821115AAB,-1.1894729,-0.8940065,0.001240775,0.15309276,-0.7544944,0.727687,0.7323816,0.18670352,0.3449729,0.30999756,-0.18820533,-0.06916955,-0.3864862,-0.25122535,0.11024858,-0.12900646,-0.62328506,-0.40705025,0.18518254,-0.17755081,0.13488075,0.010532267,0.18976706,0.067148656,0.0850661,-0.37645638,0.08960517,0.20987783,0.36365312,0.3397755,-0.09683773,0.44622597,0.12389763,0.19734576,-0.24256003,-0.18396147,-0.25100392,0.12573633,0.03767954,0.35391614,-0.22717044,-0.041685075,-0.29689914,-0.012682036,-0.14303592,-0.056064248,-0.22462147,-0.24282691,0.008645508,-0.2704428,-0.67136556,-0.26948524,0.11304046,-0.27565137,0.05871787
IND821307AAA,-0.80534387,-1.0843731,0.08621779,0.11089875,-0.88456506,0.66057944,0.62721676,0.4765113,0.51456565,0.2489864,-0.3413716,-0.23591952,-0.58951575,-0.30046666,0.03317304,-0.23503761,-0.8971483,-0.26310503,0.2563901,-0.1785225,0.045133762,0.29606664,0.5137167,0.07645953,-0.19789474,-0.12802127,0.13253185,0.43971914,0.51065993,0.1276729,-0.5184005,0.2522505,-0.028248675,0.2608059,-0.13761294,-0.20085037,-0.565157,-0.023290552,0.17262444,0.43159473,-0.37028775,-0.19681835,-0.13232964,-0.12575139,-0.38761777,-0.16286777,-0.24275158,-0.23366648,0.2261067,-0.60711926,-0.8049106,0.042853802,0.26444325,-0.33551013,0.107587606
IND824101AAA,-0.85367525,-1.0350806,0.08019091,0.1527542,-1.0145544,0.7317039,0.7155581,0.36530346,0.40817255,0.35764968,-0.34049416,-0.114311814,-0.45861354,-0.25200683,0.15498666,-0.27601668,-0.74702334,-0.34990627,0.33136612,-0.09508222,0.0911156,0.18673581,0.50831074,4.23193e-06,-0.14485665,-0.15525314,0.15798315,0.3953784,0.5620841,0.20906109,-0.3562612,0.22744706,0.030817613,0.272927,-0.323628,-0.21528894,-0.44621232,-0.03202154,0.23943266,0.50336367,-0.32120565,-0.24791977,-0.16309318,-0.22432968,-0.42415822,-0.11640799,-0.22888829,-0.2860207,0.088362366,-0.5066719,-0.6809438,-0.10018506,0.1781019,-0.34337577,-0.023918986
IND825301AAA,-1.694329,-0.6711096,-0.3466285,0.19264446,-0.060231753,0.34207368,-0.10041356,0.22451854,-0.28587794,-0.43568295,0.07397185,-0.26955393,-0.46768346,0.09945053,-0.1937002,-0.18534257,-0.6606082,-0.33565316,-0.25691086,-0.49491125,-0.3507217,-0.086470395,-0.18422246,0.008217089,0.13767415,0.447851,0.091325924,-0.1406747,0.16392401,0.095743515,0.020951197,0.41514945,0.28750452,-0.10919081,0.2478717,0.057897307,0.3032505,0.11231141,0.14848785,0.20587198,0.19463183,-0.45557517,0.3407031,0.06955428,0.21258986,0.09059784,-0.03015899,0.069424115,-0.084395885,0.60620534,0.018923998,0.22032186,0.7049115,-0.12112579,-0.36759043
IND825409AAA,-1.8484563,-0.6516898,-0.08376111,0.117853075,-0.29591978,0.37848735,-0.19162881,0.15300846,-0.26349837,-0.3328054,0.13351384,-0.17945848,-0.4213533,0.14748733,-0.22233419,-0.16989692,-0.57599586,-0.31841722,-0.2450234,-0.4220643,-0.34620035,-0.1566729,-0.07610624,0.10669412,0.12370557,0.34634823,0.28672272,-0.14314155,-0.0352786,-0.001113046,0.12721166,0.40401697,0.29780003,0.012823731,0.16449761,0.10270421,0.11769857,0.055381373,0.08623506,0.16651471,0.17043403,-0.32636178,0.26157606,0.10338385,0.13369007,0.024365112,-0.14562243,0.15626627,-0.116086334,0.47084123,0.053106323,0.19197154,0.5540538,-0.16552824,-0.27654043
IND826001AAC,-0.60050154,-0.4877349,-1.5973263,0.06978971,0.302994,0.79605985,1.1429541,0.30981115,0.13088517,0.20531943,-0.18661992,-0.50573575,-0.12466845,0.10708648,0.27485618,0.30443123,-1.0906137,0.07685735,-0.37591612,0.10106854,0.25786602,-0.25930247,0.6853808,-0.12809587,0.6223545,0.16147527,0.036531523,-0.33335543,0.5744172,-0.39934158,0.30995297,-0.0132576395,0.21319327,-0.008440666,0.03956975,-0.14296475,0.23296008,0.21697813,0.21204916,0.22206354,-0.5115857,0.00062001497,0.037701625,0.12746441,0.1406613,0.45843083,0.37197298,0.008165218,-0.032214873,0.03141468,-0.003986135,0.38078594,0.24432258,0.3163808,-0.47666985
IND826004AAA,-0.99525857,-0.5659531,-1.2958152,-0.27824253,0.26757222,0.54821205,1.0151093,0.13017462,-0.04904014,0.25932834,-0.33165348,-0.47365212,-0.42270598,0.21952236,0.09644476,0.26556405,-0.85746145,-0.07194686,-0.24226111,0.07971678,0.09684975,-0.13401009,0.26376292,0.061624423,0.26254368,0.15735278,-0.15936738,-0.06663294,0.4621514,-0.012670539,-0.12741995,-0.028002867,0.259135,-0.09661366,0.14776793,-0.24281721,0.26089886,0.31451708,-0.048481323,-0.0233027,0.20858887,-0.20276856,0.08831892,-0.058046266,0.1375473,0.040162154,-0.026541658,-0.06715145,0.13331454,0.09947116,0.07284406,0.21164414,0.22733267,0.22707032,-0.09023869
IND827013AAA,-1.5801239,-0.5785826,-0.93242955,0.157613,0.41165122,0.20309962,0.35360482,0.0012515187,-0.5449664,-0.4028506,-0.18274783,-0.17439325,-0.14474791,0.6582338,0.23431966,0.05099709,-0.44214907,0.31579578,-0.35058248,-0.4177602,-0.49342644,0.1057126,0.18744603,0.0074134246,0.21187247,0.15588897,-0.26205623,-0.27068132,0.54552925,0.035222832,-0.30724436,0.08791411,0.339841,-0.2602321,-0.13482386,-0.014104087,0.18951192,-0.058510326,0.28035668,-0.19279909,0.057174496,-0.17018898,0.017330557,-0.198524,0.030394413,-0.11152254,-0.12214218,-0.22481447,-0.14224963,0.21875465,0.21730897,0.15723145,0.56502944,0.024575073,-0.13830087
IND828111AAA,-0.74570835,-0.5239195,-1.6045635,0.07021433,0.27736872,0.67853415,1.0474426,0.23497781,0.08083622,0.18202102,-0.15600921,-0.5132506,-0.16476522,0.196325,0.18961361,0.25588968,-1.0832177,0.0027416572,-0.405105,0.11286314,0.33922017,-0.26177195,0.54785675,-0.12395929,0.5395149,0.31020954,0.068669245,-0.19826445,0.52287656,-0.27153027,0.34054786,-0.0026724264,0.15064217,-0.03839667,0.0036881715,-0.08215812,0.23892769,0.20414071,0.17533916,0.15285917,-0.37020954,-0.021024331,-0.059841327,0.061269164,0.115737885,0.27934498,0.50869304,-0.012636945,0.07927837,0.06627479,0.03879054,0.4911626,0.19472346,0.38786855,-0.4608395
IND828401AAB,-0.9515692,-0.47107917,-1.3923182,-0.19649135,0.31949502,0.49454734,1.2383438,0.06353518,-0.16820188,0.18767235,-0.09865609,-0.59737086,-0.2967498,0.32161838,0.108613014,0.13463227,-1.0448796,-0.052940823,-0.32243824,-0.11276917,0.1778608,-0.08344624,0.27075684,-0.1524788,0.2909869,0.23429492,-0.38650942,-0.39472413,0.23103859,-0.14067292,0.009135157,0.016964257,0.17342831,-0.13941965,0.023569189,-0.16817033,-0.0077658035,0.29998338,-0.025653465,-0.1145757,2.964586e-05,0.04595851,-0.009500466,0.13003828,0.110477,-0.06886052,-0.007961996,0.11415728,0.11413063,0.24407971,0.38142338,0.32103428,0.31920695,0.19694677,-0.09112558
IND829121AAA,-1.5515223,-0.5264606,-0.85369635,0.15594666,0.4231972,0.17587267,0.26556405,0.054062363,-0.5762993,-0.35436872,-0.22662221,-0.1935629,-0.15102696,0.67463034,0.16675958,0.027521033,-0.41667786,0.1652396,-0.3189606,-0.33854508,-0.46705088,0.17739075,0.28949842,0.0022323988,0.24351017,0.29641664,-0.20412868,-0.31367475,0.49612737,0.026869997,-0.2609573,-0.02551359,0.44190857,-0.26599413,-0.11968408,0.04094916,0.18001363,-0.08445488,0.22853252,-0.090633884,0.026592799,-0.3555184,-0.04484331,-0.26046932,-0.13944083,-0.19268516,-0.2285802,-0.15070295,-0.21416749,0.11207891,0.11160285,0.18011382,0.63179433,0.08397963,-0.20383352
IND829122AAA,-1.6879915,-0.637072,-0.6466192,0.19934751,0.19716474,0.24835217,0.010038951,0.15125236,-0.4030189,-0.34066895,-0.03242432,-0.24867268,-0.4044903,0.2335001,-0.07280667,-0.21700239,-0.6593505,-0.22728148,-0.30215275,-0.5263316,-0.41459957,-0.05180496,-0.12079563,0.10626972,0.119119786,0.3422276,-0.054656275,-0.1259515,0.18096732,0.15744475,-0.11304039,0.3227481,0.37471184,-0.28438592,0.03654956,0.0012412779,0.23379698,0.09749973,0.12119323,0.13202327,0.13706481,-0.3811229,0.28234252,0.09015916,0.18776578,-0.016872272,-0.06392771,0.042926155,-0.026529878,0.4824065,-0.008478329,0.35767224,0.6439113,-0.08945219,-0.43352348
IND832109AAB,-1.6712588,-0.49683863,-0.8083885,0.14830764,0.43862313,0.18222183,0.35657766,-0.013999023,-0.45051438,-0.4856777,-0.19593547,-0.17934494,-0.12277837,0.47698134,0.34933698,-0.0098931305,-0.5153862,-0.04760447,-0.19138956,-0.39861244,-0.344319,-0.25653967,0.039159067,0.0038197376,0.15086813,0.39142042,-0.13986292,-0.23221612,0.37502956,-0.15442204,-0.26890308,0.26856035,0.2694903,-0.40387803,-0.19301447,0.17919923,0.25312805,0.1484433,0.102753684,0.12388487,-0.08964187,-0.29130334,-0.0077998415,-0.11458881,0.08524075,0.01620271,-0.080951765,0.1170888,0.10046518,0.23606816,-0.0089285225,0.24352148,0.38702336,0.05705385,-0.31796506
IND834002AAB,-1.6975842,-0.49415296,-0.8236331,0.13842465,0.35150346,0.14467484,0.2779741,0.07774112,-0.44076067,-0.25174364,-0.24095543,-0.21718895,-0.22973426,0.35865653,0.19762622,-0.014754605,-0.47201252,0.01260978,-0.33738273,-0.37726456,-0.37748164,-0.031768233,0.11543382,0.046707816,0.22013007,0.28038317,-0.15768725,-0.2517751,0.33394635,0.039114706,-0.14988664,0.10402346,0.27914318,-0.3034426,-0.17281953,-0.05163413,0.21451274,0.010158278,0.08564125,0.038475085,-0.067277215,-0.34153843,0.09349896,-0.11018439,0.08651593,-0.06001222,-0.043474317,-0.00081593543,-0.012667146,0.2395809,0.07854693,0.21075976,0.44348362,0.08556311,-0.22683668
IND841301AAC,1.9142011,0.15868698,0.3929576,0.3213693,-0.7144655,-0.2957115,0.8341379,-2.1161654,-0.25645977,-0.52442306,-0.6881709,0.23502587,-0.34766498,0.44648832,-0.54229945,0.617451,0.6167163,0.74563766,0.5774801,-0.28401947,0.46611866,0.082169175,0.6938187,-0.5561942,0.07778399,-0.54420626,-0.4065463,-0.30913323,0.8420044,-1.274433,-0.19527337,-0.25138888,0.098967165,-0.13691495,0.62255603,-0.6272277,-0.00051242486,0.25709695,0.15230903,-0.11283417,0.12038216,-0.18388999,-0.22233197,0.17696214,0.022611633,0.058318436,0.2085752,-0.23044068,0.31435156,0.2528035,-0.079005584,-0.2905044,-0.12786067,0.18590774,0.046382636
IND841405AAA,1.69598,0.21310295,0.29070675,0.3765549,-0.81306773,-0.16030416,0.9357023,-2.1653821,-0.27814433,-0.55614763,-0.8852166,0.123897195,-0.28072438,0.19132505,-0.6373091,0.7190733,0.6185788,0.81909287,0.6114937,-0.41558528,0.48067847,0.19186409,0.71771955,-0.6323903,0.059549056,-0.42799106,-0.28855884,-0.15410002,0.8553801,-1.204221,-0.2630861,-0.29908508,-0.039604872,-0.15426503,0.6426549,-0.46651053,-0.0088232085,0.14030142,0.20285682,-0.24878608,0.08367667,-0.17808677,-0.2649097,0.0071725547,0.13564676,-0.003734082,0.25940293,-0.09683827,0.17408529,0.048294015,0.05332698,-0.15390086,-0.09447576,0.48730645,0.06049899
IND841424AAA,1.98236,0.13752288,0.26968879,0.5187244,-0.69944936,-0.139882,0.53369236,-1.7132202,-0.06977463,-0.69063663,-0.78139615,-0.079782605,-0.36672685,0.48237002,-0.59014827,0.5815306,0.7176492,0.53739774,0.58598226,-0.48277408,0.3734499,0.042505518,0.72323966,-0.5858124,0.05011506,-0.37757894,-0.39502293,-0.2215322,1.174792,-0.9273559,-0.25514218,-0.33165506,0.22165693,-0.2200991,0.64491266,-0.6753776,-0.32458615,0.087368816,0.34816876,-0.2822583,0.18686195,-0.36518478,-0.21051306,0.28617972,0.2500077,0.17281611,0.41161662,-0.25243676,0.38044322,0.03151507,0.2437489,-0.38474765,0.024328724,0.52462554,0.026340783
IND842001AAA,-0.5316328,-0.85785335,0.17532957,0.3785082,-1.0669076,0.726488,-0.13845265,0.38360512,-0.9078112,-0.81816226,-0.3801977,0.8015878,-0.45738554,0.028149463,0.3597131,0.12870677,0.36258984,-0.36611503,-0.09305437,-0.12829916,-0.23287663,-0.08429419,0.08043535,-0.4224746,-0.29237175,0.25544316,0.008672103,0.064259715,-0.13238715,0.07895766,-0.36428857,-0.019722084,-0.14052626,0.49023706,0.16479325,0.42223442,0.22382984,0.21730289,-0.029722547,-0.1317976,0.13725775,-0.3384911,-0.16603237,-0.22992772,-0.19355986,0.07647436,0.04508476,-0.04401402,0.008374988,0.0064295493,0.30852932,-0.3888356,0.029590106,-0.036829676,0.32017595
IND842003AAB,-0.47413278,0.26061964,-0.23576161,0.53946036,-0.44389305,-0.18800429,1.4435096,0.7322491,0.034317523,0.40071908,0.6094269,-0.5996716,-0.48131227,0.53362995,-0.19725522,-0.4494289,0.6468874,0.2829867,0.68072563,-0.07516382,-0.08478666,-0.034959536,-0.43387586,-0.57092017,-0.47887266,0.28867906,0.2254585,0.23512162,-0.39696056,0.122372486,0.07835761,0.6361753,-0.16440399,-0.25618672,0.08431728,-0.17408104,-0.14349535,-0.274931,-0.03842268,0.16986662,0.42784902,0.11456982,-0.20171198,0.24371666,0.0095354915,0.050483413,0.15353495,0.18595156,-0.24593338,0.31468907,-0.034886107,-0.31851783,0.07097337,0.01571107,-0.06678705
IND843109AAB,-0.28236043,-0.9114413,0.0063576996,0.41851074,-1.062248,0.62804866,-0.07117737,0.5450265,-1.0914289,-0.9916493,-0.28250045,0.7483446,-0.3749388,0.35578364,0.2739786,0.24502464,0.19526051,-0.022155724,0.0027408996,-0.09998428,-0.29367268,0.022489708,0.439804,-0.5133015,-0.5912232,0.36998105,-0.3068936,-0.14793208,-0.05908018,0.2969398,-0.5844514,-0.18477778,0.28386095,0.41527653,-0.011927491,0.47417778,0.49843928,0.16577941,-0.07450166,-0.2104593,-0.31995842,-0.40220195,-0.13607779,0.104817584,-0.41838348,0.08545478,0.21952696,0.057778098,-0.040266935,-0.14406961,0.11824399,-0.20834547,0.051016163,0.061185304,0.5200794
IND843126AAA,-0.33158433,-0.88459694,0.14647579,0.37553543,-0.9638622,0.5743593,0.066699915,0.58419645,-1.067795,-0.95598733,-0.20350854,0.8338598,-0.3664679,0.1869601,0.16779086,0.25995365,0.31639183,-0.060784265,-0.120221086,-0.26926833,-0.54847056,-0.14196917,0.31213304,-0.3236528,-0.62330395,0.3592334,-0.15499651,-0.10193981,-0.038906507,0.17261471,-0.58816546,-0.24653895,0.009895295,0.46359473,0.047644153,0.715842,0.5706592,0.265059,-0.14431974,-0.031916443,-0.18738994,-0.33425587,-0.2192685,-0.06122209,-0.2964838,0.06872282,0.24419762,0.034535468,-0.20564882,-0.08889344,-0.20943122,-0.24954411,-0.17128295,0.11698065,0.4860596
IND843301AAA,-0.31385458,-0.85130614,0.2609756,0.38581055,-1.1081549,0.8566046,-0.22641109,0.5113197,-1.2351079,-0.8110184,-0.49165213,0.83377063,-0.23694468,0.04520568,0.41407013,0.28297877,0.25808737,-0.1659083,0.0020606858,-0.3702765,-0.22669691,-0.32055822,0.3215699,-0.86965173,-0.47543043,0.31877202,-0.19608775,0.16393335,-0.38870913,-0.0151665695,-0.25613204,-0.27389145,-0.2166785,0.31595427,0.043837875,0.7665398,0.05768025,0.030399114,-0.40610683,0.18951942,0.24329785,-0.08404042,0.009836733,-0.19813439,-0.2998571,-0.1308471,-0.074128374,0.039070252,0.1556445,0.057106428,-0.1914268,-0.2725795,0.36915532,-0.059051763,0.41985354
IND845305AAA,-0.329018,-0.828675,0.19793215,0.41565925,-1.0925418,0.7209765,-0.04664062,0.24404487,-1.0590329,-0.81794703,-0.28074223,0.8717767,-0.3064025,0.48570508,0.49490482,0.48406908,0.42194536,-0.49370173,-0.011310738,-0.23478274,0.035510175,-0.4217482,0.18909073,-0.35980135,-0.53382325,0.2651304,-0.05508977,0.38689363,-0.37512153,-0.101631075,-0.17159018,0.018155888,-0.11394577,0.67555344,-0.08386464,0.37694693,-0.08357318,0.6921998,-0.109966844,0.17453443,-0.14347826,-0.36813018,-0.22131017,-0.18634453,-0.09998298,0.13195014,0.042041376,-0.135063,0.01903231,0.14631695,0.25805646,-0.34179065,-0.35341868,0.11312726,0.21188645
IND845401AAA,-0.3241446,-0.91459066,0.17123465,0.46434093,-1.1483146,0.65049136,-0.010080641,0.27678648,-0.8549745,-0.9366736,-0.35540998,0.9731566,-0.18566132,0.48797476,0.5982417,0.47477135,0.59530383,-0.42632642,-0.012482747,-0.22293939,0.10149988,-0.63941073,0.1815646,-0.359357,-0.46171957,0.38707322,0.038756996,0.20685072,-0.3151499,-0.222151,-0.2896159,-0.07336444,-0.040121824,0.6341885,0.26944417,0.3266247,-0.04643468,0.5344631,-0.014942318,0.11709134,-0.004951939,-0.32270315,-0.072983615,-0.0700012,-0.31535172,0.12082292,0.075090155,0.03484395,0.0032341406,0.09182959,0.38548827,-0.13351667,-0.37532154,0.03226264,0.24105394
IND845418AAB,-0.08584082,-0.9559404,0.024127826,0.39398557,-1.0925468,0.7981057,-0.108773924,0.5067184,-1.076157,-0.78501356,-0.68200517,0.96151686,-0.2797316,0.14013042,0.38330278,0.39007238,0.29099685,-0.37044004,-0.104839034,-0.084072225,-0.20485008,-0.054550827,0.33491695,-0.18056794,-0.7099165,0.17713821,-0.043853007,0.07333572,-0.16978845,0.23828809,-0.49843818,-0.11800196,-0.35116836,0.54288435,0.22313106,-0.008219171,0.19132471,-0.01905004,-0.009898186,0.09098427,-0.08016768,-0.4386537,-0.3808517,-0.161604,-0.31305492,-0.1798543,-0.20836304,0.14255431,-0.2852999,0.15536964,0.10629405,0.059474565,-0.053833913,-0.16453955,0.42816052
IND845438AAA,-0.054688454,-1.0176424,0.10472882,0.4412315,-1.2051133,0.6459235,-0.22767,0.65943724,-1.2058212,-0.7312125,-0.6600157,0.68038225,-0.25588349,0.29069895,0.4870697,0.14104831,0.08280133,-0.6097063,-0.22224505,0.045337528,-0.14331701,0.27746797,0.47544274,-0.32739002,-0.75636536,-0.029446207,-0.04630895,0.0070094615,-0.15535706,0.28137407,-0.32895106,0.039100878,-0.2205367,0.6491201,0.29232895,0.008951906,0.1336081,-0.19297224,-0.186853,0.008318115,0.0068178177,-0.2821054,-0.22519109,0.057693094,-0.3994515,-0.07098937,-0.013305172,0.22323465,-0.2880133,0.18272606,0.3028074,-0.09733703,-0.13639012,-0.28497726,0.525988
IND845455AAB,-0.10276568,-0.900595,0.01781337,0.6196142,-1.0742315,0.59168184,0.02991035,0.729135,-1.1371169,-0.66414523,-0.6087242,1.0145864,-0.25574625,0.14580795,0.44255155,0.23876663,0.1369697,-0.5947608,-0.21901907,-0.20197375,-0.13605812,-0.040979147,0.19003803,-0.4012743,-0.8330774,0.18915984,0.017638668,-0.080738634,-0.3382126,0.36981112,-0.58266824,-0.1799741,-0.40246364,0.7518699,0.25714824,0.025404863,0.107082896,-0.12035122,0.01447688,0.08107661,0.03575647,-0.41196314,-0.28629443,-0.04278937,-0.32692617,-0.021324426,-0.22903657,-0.06477468,-0.14364792,0.3171178,0.20132773,-0.154805,-0.052501056,-0.20014463,0.22102997
IND847226AAA,-0.25468814,-0.90473557,0.054015473,0.41801167,-1.4597516,0.65422153,-0.068701096,0.35323286,-0.9538513,-0.7026561,-0.3257811,0.8647661,-0.3632852,0.39091414,0.39377013,-0.064864844,0.20517224,-0.2190398,-0.11437081,-0.20805387,-0.1092369,-0.08204548,0.26355946,-0.42952204,-0.6382497,0.521947,0.14632577,-0.02356124,-0.24982725,0.030615821,-0.16435891,-0.36989716,-0.23691583,0.46819806,0.23292565,0.59802616,0.11377441,0.25593925,-0.2550366,-0.096652225,0.01629296,-0.09460387,-0.34638563,-0.19983661,-0.12354508,-0.12017509,0.1773708,-0.27661106,0.042902205,0.110642456,0.043490067,-0.17252293,-0.10170095,-0.11787413,0.37114155
IND847404AAB,-0.33947682,-0.97000366,0.07434614,0.4777267,-1.249795,0.72345686,-0.105835296,0.32553694,-0.86620915,-1.0848848,-0.28142148,0.81824213,-0.30573818,0.19568914,0.3316562,0.14386673,0.24726321,-0.3009927,-0.23779206,-0.16382754,-0.15531754,-0.16831863,0.31161985,-0.35362148,-0.33134347,0.28947535,-0.014213346,0.0076287165,-0.25651532,-0.01236121,-0.4802696,-0.21449268,-0.21966942,0.30884388,0.3680229,0.3879258,-0.03375575,0.12842338,0.0051163454,-0.14215037,0.12405045,-0.12138356,-0.2599732,-0.22633317,-0.21152511,-0.061996993,-0.008882374,-0.15969783,-0.14292003,0.022852302,0.0397257,-0.26816335,-0.0860555,-0.2690588,0.35376343
IND848210AAA,-0.019349456,-0.80470836,-0.0002472289,0.60187083,-1.1918111,0.5807693,0.17343216,0.0427562,-1.095405,-0.9741604,-0.56072974,1.3693053,-0.3188089,0.046708822,0.45287117,-0.43353847,0.61725986,-0.2543483,0.12495297,-0.14253323,-0.27286673,-0.10074814,0.14004582,0.040069222,-0.6899434,0.5695851,0.064611346,-0.094676286,0.12713216,0.12894255,-0.5925494,0.34260774,0.03331177,0.556988,0.3601502,0.5989341,0.06453801,0.15965639,-0.82847285,-0.16314802,-0.0813234,-0.5245655,0.13664293,-0.21613646,0.049792342,-0.2835932,-0.052468132,-0.030356094,-0.055314865,-0.11023964,0.012899086,-0.10605123,0.071775295,0.010406461,0.24340291
IND851127AAA,-0.15750301,-0.7714809,0.0098960735,0.5983148,-1.232945,0.6550925,0.012069084,0.2919933,-1.0719277,-0.8614609,-0.50270593,1.2007254,-0.3062359,0.036929946,0.53961587,-0.4429726,0.5011345,-0.25251433,0.10964269,-0.17378372,-0.2744736,-0.22163671,0.087964706,-0.09579682,-0.6412119,0.4032759,0.0058299676,-0.05752396,-0.05228562,0.114906006,-0.42123044,0.27359706,0.14551358,0.53370315,0.3196739,0.57156205,-0.012908008,0.1209901,-0.5724969,-0.09437242,-0.014677949,-0.41514772,0.12039928,-0.32702294,0.015512273,-0.20594883,0.018076234,-0.020322002,-0.05728512,-0.12900007,0.041987278,-0.10277181,0.15232675,0.08224989,0.33594698
IND852111AAA,-0.5307621,-1.0599617,-0.06369141,0.3103922,-1.0526013,0.8995702,-0.1843156,0.31800383,-0.7828786,-1.1570251,-0.43140852,0.73024476,-0.5203937,-0.19504297,-0.05680135,-0.15252589,0.42474592,-0.30661088,-0.23145105,-0.116443284,0.26135758,0.056375306,0.07674151,-0.29635167,-0.23889579,-0.108320236,0.09120244,0.13106047,0.37527543,-0.15289663,0.26616734,0.41517282,-0.17269164,0.12501833,-0.42504472,-0.06728136,0.20631641,-0.013874755,0.2994673,-0.30912495,-0.08552104,0.24628961,0.31652305,0.10589213,0.2332867,0.4334663,0.16584797,0.037216067,0.30145472,-0.060225733,-0.020252436,0.5450717,0.11109125,0.11018646,-0.06610657
IND852113AAA,-0.36460662,-0.8734263,0.0794787,0.445113,-1.2653989,0.65422595,-0.3112596,0.15985923,-0.7877749,-1.177209,-0.31081688,0.7194515,-0.5746851,-0.054363728,-0.15952305,-0.19567801,0.33701932,-0.19184735,-0.11005537,-0.17019704,-0.123662494,0.2001016,-0.00068923086,0.051099777,-0.4694386,-0.12463357,0.18682942,0.11513229,0.22875647,-0.027368516,0.0807077,0.16667017,-0.36278042,0.3206542,-0.43283227,-0.26500273,0.413583,0.0447584,0.44592425,-0.20344588,-0.13760099,0.31275013,0.39993402,-0.055421844,0.18674257,0.3110053,0.63423765,0.18064857,0.508954,-0.33574352,-0.13100754,0.30273905,-0.24987185,-0.018092278,-0.35880172
IND852118AAA,-0.6779978,-0.873046,0.21399729,0.42976815,-1.027057,0.64566946,-0.29497844,0.19148655,-0.73989546,-1.1169106,-0.4253404,0.7650237,-0.43630335,-0.07183961,-0.0365816,-0.15654717,0.2310794,-0.44326606,-0.25532085,-0.19467045,0.17799774,0.22711651,0.13236815,-0.28570375,-0.47922593,-0.22561136,-0.120517865,0.03420706,0.29478747,-0.07720172,0.3031711,0.17584172,-0.41592282,0.10228361,-0.5272433,-0.13349351,0.24706182,-0.13295633,0.33559188,-0.16566923,0.066197686,-0.0018897429,0.23784262,0.1746138,0.10447479,0.47786975,0.2934782,0.06661711,0.28119785,0.029338501,-0.20417078,0.4175679,-0.28398046,0.08608281,-0.19256613
IND852139AAB,-0.37465608,-0.8807676,0.11652602,0.72935504,-1.2021849,0.70021415,-0.1988452,0.0780741,-0.8454678,-1.2845378,-0.30135608,0.628844,-0.35899055,-0.01976585,-0.12853462,-0.19796011,0.25102913,-0.1438573,-0.21733302,-0.27031428,0.22070521,-0.028436065,-0.24525869,-0.21569137,-0.40438735,-0.14611581,0.36949915,-0.082089305,0.27830654,-0.19498701,-0.063001946,0.064284295,-0.48383245,0.29073983,-0.4385607,-0.20195888,0.55115527,0.16480826,0.58779025,-0.20536013,-0.018172413,0.34382623,0.3827336,0.16336957,0.326613,0.16692735,0.3175649,0.060832076,0.35352695,-0.35828596,-0.24557061,0.27644992,0.061326552,0.08206467,-0.3746801
IND853204AAA,-0.08874142,-0.8649929,0.16287851,0.46820432,-1.034166,0.6344677,-0.44692376,0.47594145,-0.5773809,-1.5042777,-0.25930685,0.3164969,-0.54035765,-0.036425363,0.1642269,-0.004200531,0.48242658,-0.48716065,-0.25368226,0.13450281,-0.34554222,-0.31519437,0.19644266,-0.31312472,-0.6572019,0.05029078,-0.26365724,0.29569095,0.5532868,-0.09078258,0.097428136,0.7308757,-0.6486069,0.2607671,-0.5179541,-0.091200225,-0.063016504,0.08752003,0.42941692,-0.5196012,0.09056158,0.35728467,0.3542518,0.3565184,0.22484535,-0.057614565,0.08263074,0.10801895,0.15796195,0.039813086,-0.058672473,0.3935827,0.053052682,0.25583923,-0.43057704
IND854105AAA,-0.31293106,-0.98865867,0.25575963,0.4629302,-1.0262924,0.61329436,-0.28185433,0.32606915,-0.59393567,-1.241658,-0.38758838,0.41499043,-0.56842756,0.08242524,0.26671344,-0.11211228,0.35973123,-0.5742308,-0.13960096,0.072343215,-0.30632508,-0.2941453,0.123793766,-0.39820495,-0.56267977,0.11462119,-0.009226166,0.19104335,0.49589258,-0.2162431,0.11572987,0.5369268,-0.6006986,0.1488686,-0.6387308,-0.11187712,0.2583902,-0.16301571,0.25188524,-0.5241807,0.18643934,0.12974025,0.21022323,0.31393176,0.38706875,0.1483008,-0.025864437,0.027389906,0.2823698,-0.1058491,-0.12194522,0.52083814,0.06862526,0.26242146,-0.19085261
IND854105AAB,-0.2758193,-0.88438237,0.24404387,0.53890896,-0.9977493,0.6936885,-0.30011547,0.60545415,-0.5213801,-1.3547871,-0.29014152,0.28861767,-0.5458257,-0.050383817,0.11522077,0.036512572,0.5828623,-0.34754908,-0.09447339,0.11073074,-0.06280435,-0.25598136,0.27341643,-0.42817906,-0.4029628,0.03325641,0.098859966,0.15583728,0.59633833,-0.057982817,0.10241622,0.61967343,-0.7004869,0.15976593,-0.47038913,0.09278624,0.11360405,-0.2270043,0.36985046,-0.5438776,-0.115181744,0.1257982,0.34892002,0.2900354,0.17930016,0.21730189,0.24702187,0.2728091,0.1957103,-0.1353949,0.043475673,0.4697763,-0.09540029,0.008714225,-0.30940208
IND854326AAB,-0.65059197,-0.97310346,0.10331859,0.47117233,-0.9569861,0.6900636,-0.21472839,0.32768163,-0.65820265,-0.8754832,-0.37469023,0.64358604,-0.4795606,-0.07573517,0.03833442,-0.1953375,0.30255285,-0.2958673,-0.27476633,-0.093472004,-0.04870338,0.09722132,0.008910042,-0.374436,-0.48961467,-0.024509586,0.07661371,0.11916341,0.11363964,-0.010837778,-0.088420525,0.343814,-0.5662141,0.11714048,-0.427347,-0.10672496,0.21582597,0.1977831,0.27514392,-0.20504542,-0.06824093,0.122158036,0.46551815,0.16535617,0.22548869,0.35648528,0.27672166,-0.0015676022,0.18027568,-0.20542195,0.036077976,0.40950826,-0.15191,0.17054892,-0.19444457
IND854335AAA,-0.54108846,-1.056646,0.06926989,0.48779446,-0.8783987,0.7589165,-0.18956429,0.2142177,-0.6970541,-1.199314,-0.42945647,0.763001,-0.27032578,-0.15992261,0.20610031,-0.2605327,0.47978932,-0.18470529,-0.0717544,-0.14496176,0.27590525,0.014997402,0.21388471,-0.508975,-0.316792,-0.0981776,0.14601791,0.29154438,0.18319772,0.06703024,0.010285705,0.20008206,-0.33049685,0.2671402,-0.4638072,-0.104392216,0.1531027,-0.025738673,0.28321332,-0.29673296,-0.055955335,0.24285728,0.40229216,0.22133043,0.24682754,0.5424557,0.20201136,0.03006012,0.32551622,0.017344743,-0.14807643,0.52486986,-0.14954849,0.048947155,-0.25952637
IND501359AAF,2.053146,0.15921155,0.040553294,-0.042310238,0.0844673,0.009810094,0.73603934,-0.29509842,0.05007255,-0.9252349,0.8553558,0.6125075,-0.22916578,0.41257071,0.84501314,0.22434674,-0.0025097579,-0.39814252,0.20065165,-0.51254433,-0.49910882,-0.18548186,1.3297565,0.31870505,1.2851264,-0.55892766,0.3897802,0.6954804,-0.42587858,-0.08657454,-0.4685729,0.69537085,0.81314194,-0.045399994,0.43700546,0.6503185,0.22636637,0.267599,-0.18237427,0.38349995,-0.011058778,-0.2957607,-0.20391399,-0.29186773,0.00048983097,-0.63493186,-0.21205126,0.37109172,0.05328897,-0.01757855,0.44719297,-0.26381016,0.3269333,-0.26564232,-0.26852006
IND147301AAA,0.052758932,-0.81630653,1.1402757,-1.3686216,0.08706343,-1.1051855,-0.29515478,-0.15956777,0.5185992,-0.03696801,0.15220745,0.49278516,-0.18344358,0.4035077,0.084225096,0.082796335,-0.11208372,0.14455763,-0.00028084498,-0.4043042,0.62662894,0.60628426,0.12165609,-0.36298373,0.27533966,-0.22399174,0.4797113,-0.30308324,0.20702903,0.4555189,-0.059741765,0.52660584,0.32368106,0.24932367,0.10226839,0.016305808,0.43059504,-0.3029366,-0.19075406,-0.15564482,0.07232642,0.086675584,0.012120627,-0.07302889,-0.004592642,-0.16651468,0.15493594,-0.046580873,0.35558918,0.3700352,-0.19773598,-0.07141829,0.049465988,-0.3069647,0.03741891
IND122015AAC,-1.9853027,-0.7968379,0.086845815,0.17353614,-0.57920563,0.29556736,-0.3137372,-0.0038556308,-0.03984062,-0.039227996,0.024012383,0.04959309,-0.15383509,0.22476593,-0.02249365,0.08080199,-0.09348814,0.17014533,0.06863068,-0.235335,-0.26194838,-0.2616552,-0.22666359,0.03171046,0.12788285,-0.2177271,0.0588243,-0.09039144,-0.023841187,-0.08770959,-0.05652997,0.22164099,0.038299426,-0.23964994,-0.11650803,0.021955144,0.0101672895,0.053612314,0.06051562,0.12223409,-0.0872964,-0.013862573,-0.007887758,0.11136295,-0.037742794,0.09487011,0.18570046,-0.04744216,-0.26689696,0.023461305,0.07684303,-0.1320408,0.013754562,-0.07377556,-0.15269366
IND124112AAA,-1.9680933,-0.77580047,0.17684014,0.14141093,-0.55923,0.3012721,-0.079683915,-0.009862743,0.0077665113,-0.113691725,-0.17301175,0.2707935,0.037995026,0.106632054,0.040554464,0.09387086,-0.31769043,0.051998742,-0.1725332,-0.17373405,-0.07992687,-0.16872343,-0.374407,0.11102641,0.047966078,-0.13516948,0.099456444,-0.021803614,-0.032212164,0.029256742,-0.0065323412,0.09885466,-0.111494124,0.006936386,-0.12486051,-0.08533612,-0.03896026,-0.06734173,-0.050958022,0.15609024,-0.094358325,0.03770896,-0.09271791,0.13150305,0.07545764,-0.030644095,0.03035348,0.13060388,-0.13774419,-0.120129466,0.052460395,-0.06311359,-0.010453101,0.04004348,0.14342271
IND125033AAA,-2.0048156,-0.72974616,0.21559076,0.01602161,-0.48397052,0.43876755,-0.25188783,0.049260072,0.04636503,-0.11159548,-0.07476588,0.08167262,0.021199718,-0.054857455,-0.021385906,-0.0694603,-0.18469797,-0.13104413,-0.10198855,-0.078621164,0.025996767,-0.17815338,-0.29551443,0.07099712,-0.0049327165,0.12923151,0.26573732,0.17631966,-0.020773072,0.024445355,-0.075933844,0.12617755,0.04525879,-0.07842873,0.0429302,-0.09011087,0.044339113,-0.021080542,0.10231501,0.07836379,-0.065670304,0.1514638,-0.1724557,0.008625977,0.08239289,0.026444633,0.0077249706,0.071646854,-0.24405396,-0.14573684,-0.047576144,-0.14844984,0.2255108,0.21620247,-0.0634619
IND600044AAC,1.9227222,0.08749297,0.029600233,-0.291875,0.10923762,-0.2694657,-0.04476875,-0.38669258,-0.6201,-0.6955843,1.6745791,-0.95913166,-0.07149178,0.570048,-1.224732,1.4825939,-0.16414551,0.73205316,0.93042547,0.6157048,0.23297244,0.3804769,-0.23737541,0.3380819,0.41282958,0.2849048,0.46111673,0.41593868,0.43354166,-0.13934042,-0.01984331,-0.35969746,-0.08330411,-0.57539284,-0.6278594,0.82069594,0.12375433,0.7979543,0.8629837,0.42748088,0.43905705,-0.18240097,-0.13019344,0.39909965,0.25905743,-0.20149794,0.023706257,0.2406367,-0.13824028,0.20910686,0.60930294,-0.09692726,0.069830626,-0.45416272,0.16313224
IND110037AAB,1.8684429,0.01245448,0.12925848,0.095556006,0.24972919,-0.42630732,-0.35895836,0.19403657,0.13943721,-1.451911,0.4921139,-0.05743134,-0.52425355,-0.76525456,-0.1765458,-0.9107557,-1.3092531,0.08018546,0.11695135,-0.45799315,0.7859803,0.7278222,-1.0490649,0.42694524,-0.9334206,-0.036191806,-0.11197761,0.87597996,0.59711516,-0.3495013,-0.32253927,-0.30201888,-0.8649807,-0.21354653,0.4817056,-0.5235049,-0.5266889,0.43274188,-0.13821751,0.6524008,0.33796284,0.977552,-0.26475468,0.5153787,0.33117247,0.050520778,0.18452872,-0.9091416,-0.46969733,-0.39487883,-0.3695703,0.5306047,0.39029554,0.21390024,0.46519268
IND110064AAB,1.8888837,0.006442964,0.109010965,0.0838397,0.26675746,-0.4103693,-0.3367671,0.17323142,0.093345925,-1.4414124,0.47531283,-0.08823891,-0.4857524,-0.74583334,-0.16853315,-0.8684087,-1.3027081,0.13173673,0.08675661,-0.44352907,0.8030877,0.70479715,-1.0396696,0.40321332,-0.9238197,-0.018376105,-0.12085754,0.87578404,0.5722522,-0.37917548,-0.29137903,-0.28514904,-0.8559766,-0.19373567,0.46886688,-0.5149441,-0.4919946,0.40562165,-0.11916743,0.6767785,0.33735445,0.9661151,-0.26193222,0.49240655,0.38049608,0.05139023,0.1772262,-0.8910744,-0.45662367,-0.39695138,-0.36549813,0.5086859,0.37522006,0.21961585,0.46808195
IND000000AAS,2.0246725,0.45058757,-0.4110716,0.41187906,-0.088946454,0.52722204,0.19778576,0.09114189,-1.3002855,0.24120909,0.56401414,0.22860502,0.2420196,0.35683632,-1.4631091,-0.48143867,-0.5163351,0.43508604,0.55412537,-0.45452845,-1.2646778,0.81253326,0.00870917,0.5626804,-0.1731508,0.7795408,0.8177857,-0.78705263,-0.072449416,-0.24983038,-0.89260393,-0.1973868,-0.27484813,-0.16181344,-0.31173015,-0.4571241,-0.1178526,0.05518934,-0.33807606,-0.2470852,0.15385833,-0.16281593,0.6791596,-0.21003944,0.32158834,0.041802168,0.43620485,-0.23917547,-0.506886,-0.15396807,-0.5472824,0.6508044,-0.3827218,0.19070041,-0.83128333
IND695121AAA,1.9070739,0.048142865,0.025992632,-0.125526,-0.34850383,0.016151816,-0.7322524,0.09915278,-0.9348153,-0.113698654,0.56344,0.004657209,-1.5399113,-0.0077098757,-0.9228553,-0.58153236,0.28898665,-0.27610338,0.8700713,-0.027695477,-1.3038436,-0.48764,-0.58582866,0.29640394,0.50708675,-0.4327793,0.007810399,0.63364124,-0.8507382,-0.3238625,0.3768872,0.2365914,0.07935177,0.010955825,0.053612195,-0.6966931,0.3940114,0.52950346,-0.6720177,0.03622519,-0.17080593,0.21608078,-0.49985316,0.08728751,-0.5217604,0.15195334,0.07178508,0.061561443,0.85855865,-0.2944128,-0.48276597,-0.32076868,0.09774163,-0.024307381,-0.07699837
IND695572AAB,2.1075864,0.08587505,0.06072231,-0.03212641,-0.20026988,-0.03348264,-0.7005178,0.07193292,-0.99425495,-0.14358583,0.5440734,0.08388893,-1.4455395,0.07235909,-0.8417356,-0.5095048,0.23382257,-0.30865657,1.0009845,-0.056579426,-1.2016425,-0.6121917,-0.56363326,0.25619566,0.62138236,-0.3468184,0.009179413,0.59831405,-0.89620566,-0.2020843,0.47449183,0.26128465,0.0706392,-0.035656057,-0.13128993,-0.6708084,0.5637031,0.6852937,-0.68521285,-0.007879872,-0.2142832,0.16845362,-0.44179198,0.02931682,-0.5009028,0.06316642,0.16666384,0.04316049,0.9085254,-0.4030959,-0.51515555,-0.31247762,0.17460765,-0.0979363,0.08544852
IND410209AAA,-1.0582037,-0.086581886,-0.34396902,0.96337396,0.7721728,-1.1315978,0.34862325,-0.11954198,-0.6338829,-0.53803307,-0.3280155,-0.50764936,0.71134454,-0.40608227,0.15930475,-0.057391956,0.040027868,0.049114674,0.11785649,-0.35922033,0.3911867,0.05221348,-0.24467403,-0.7622619,0.25523928,-0.13239647,0.12198159,0.12925549,0.16430639,0.17699674,-0.0646569,-0.1500929,-0.044160478,-0.41962022,-0.6891958,-0.09448443,-0.25740632,0.077172786,0.3122101,0.38890493,0.2162271,-0.4660977,-0.052340083,0.3272865,-0.07293458,-0.20686531,0.037901416,-0.46452957,0.6009813,0.34882063,0.23554754,0.30165538,0.15512985,0.0025771447,-0.07296859
IND410210AAA,-0.99645096,-0.04413352,-0.2863138,1.0968021,0.9456063,-0.978047,0.32500613,0.10352501,-0.6282579,-0.4873777,-0.2712984,-0.51337695,0.4910256,-0.44200397,0.19155923,0.038501304,0.13015816,-0.2131786,-0.043904047,-0.27563095,0.35225517,0.12959597,-0.16716579,-0.79625165,0.20472038,-0.2876698,0.036367588,0.0151781775,0.15992862,-0.05649034,0.03345129,-0.22646424,-0.08134978,-0.4138943,-0.15725636,-0.3047235,-0.13803232,0.12599626,0.46560627,0.37850353,-0.118191645,-0.37331998,-0.28513566,0.18608871,0.040481545,-0.09377572,-0.13198563,-0.5247342,0.4851091,0.36857566,0.30138037,0.18644968,0.1967915,0.059249345,-0.12897119
IND110035AAC,-1.5170608,-1.3648582,-0.030970283,-0.3049903,0.043221302,-0.32681522,0.22839327,-0.08847352,0.11672895,0.36541358,0.3318861,0.17816481,0.3653823,-0.5132831,-0.12031568,0.43821934,0.33569682,-0.17552784,0.21350487,0.08370427,-0.19396225,0.1603993,0.13832957,0.017188754,0.19375515,0.08641522,-0.19758986,0.0026986115,-0.10663287,-0.17612316,0.0034019053,-0.466493,-0.040917546,0.08519388,0.046369523,0.26902258,-0.09158419,0.34903717,0.00033296086,-0.06397207,-0.17310248,0.011854403,-0.05399458,0.049205557,0.0961767,0.03902922,0.0114837885,0.2111471,0.5812034,0.040309772,-0.05836858,-0.039260786,0.0069327615,-0.09003587,0.16494928
IND201001AAC,-1.6118069,-1.2893178,-0.12841813,-0.36320853,0.017136466,-0.26603544,0.36683646,-0.053786494,0.007272579,0.37285492,0.3667873,0.17787541,0.3817903,-0.53472704,-0.14574002,0.12653464,0.35888666,-0.06917754,0.14923821,-0.0033261161,-0.16824758,0.2609699,0.034866024,0.0143894255,0.1159325,0.14450118,-0.015039466,-0.15818965,-0.19255407,-0.045997888,0.03110195,-0.36053017,-0.03029412,-0.2248816,0.12719962,0.07408334,-0.09740374,0.31609172,-0.1850469,-0.083139226,0.1658088,-0.038511425,0.13342942,0.16037193,0.28544682,0.036382154,-0.10515596,0.055311147,0.33903837,0.006483089,-0.17501958,-0.14656258,0.049499094,-0.07162994,0.025986463
IND201301AAD,-1.563258,-1.4272442,-0.07216908,-0.26732624,0.18257806,-0.11147781,0.2659836,-0.041897155,0.15052257,0.3349036,0.31898832,0.17847405,0.39368278,-0.5192812,-0.33505046,0.27562585,0.34578532,-0.031113282,0.11291366,0.050729666,-0.078197286,0.32048655,0.13721506,-0.1064122,0.05104895,0.08766675,0.0034634694,-0.11014833,-0.12591194,-0.23045637,-0.0134114325,-0.5157593,-0.11748718,0.030709263,0.11474361,0.15314655,0.035463654,0.16801101,0.14895982,-0.12839301,-0.0845896,0.123854294,0.15011713,0.034751713,0.20040688,-0.06141425,-0.05110403,0.3636245,0.4559917,0.028854027,-0.1262381,0.08872299,-0.017100427,-0.04726878,0.11486582
IND226004AAC,-1.5319283,-1.369522,-0.090969265,-0.32164997,0.076282814,-0.23225605,0.36065456,-0.26926392,0.15092337,0.25830406,0.36015338,0.093667954,0.30278432,-0.5579576,-0.06226036,0.16486306,0.22277577,-0.20324114,0.26979387,-0.016037911,-0.06375558,0.09245016,0.23567778,0.10173175,0.012537517,0.041376263,-0.07136527,-0.14974335,-0.35591543,-0.13936573,0.046594024,-0.32561415,0.037800238,-0.11673771,0.001145646,-0.024443904,-0.077192396,0.1650452,0.033845395,-0.23892085,-0.05138743,0.27575812,0.18894799,0.19683859,0.07077909,0.081237584,-0.055319536,0.1211611,0.32412618,0.035448633,-0.011676207,-0.09505583,-0.008009966,0.009995926,-0.14292693
IND282001AAC,-1.4986914,-1.383912,-0.092030495,-0.27295184,0.07501339,-0.20060287,0.24725911,0.13448997,-0.008314773,0.18151215,0.37822366,0.15370266,0.45417202,-0.510525,-0.1461357,0.2858601,0.2191049,-0.034043267,0.22389786,0.11383125,-0.21042538,0.096412756,0.011932902,0.17399883,-0.040039346,0.09576708,-0.1849061,-0.11033866,-0.27805042,-0.2585274,-0.09256399,-0.43041846,0.11434598,0.15362187,0.08418598,0.022769347,-0.11811221,0.37148917,0.039130136,-0.17067908,-0.016497552,0.14695778,0.06215767,0.14643225,0.2139352,0.013856173,0.20202668,0.21079412,0.43182147,-0.089096084,0.017982572,0.04178518,-0.031149026,-0.051934894,0.09602613
IND110078AAA,-1.7848212,-0.80160564,0.11833505,0.019173771,-0.52548456,0.3618443,-0.30174494,0.1077291,-0.26155257,-0.07331736,0.18239689,-0.048720233,-0.15977468,0.19263802,0.48882204,0.109166846,-0.17894709,-0.29583126,-0.30516714,0.24653186,-0.38091877,-0.107186764,-0.45535767,0.14288957,0.11295947,-0.32652938,0.42533374,0.031132914,-0.1519197,0.24850667,-0.3566692,0.43796045,0.106037796,-0.007159613,0.0918462,-0.3555842,0.20842752,0.10153051,0.20969358,0.7636826,-0.22062111,0.3945533,0.15083337,0.06332324,-0.32171988,0.5860456,-0.21235678,-0.169741,-0.081091866,-0.023071494,0.004552394,0.3479691,0.09576124,-0.13052674,0.13924158
IND110005AAA,-1.639326,-1.1204938,0.060817666,-0.21388614,-0.36809993,0.15116008,0.21435755,-0.4794796,-0.15785803,0.23225603,0.5276264,0.23020394,0.6448614,-0.17083207,-0.18846421,0.12152341,0.045206953,-0.10630667,-0.18829757,-0.009264961,0.0085804835,0.5441438,-0.038475536,0.020556986,-0.57602894,-0.161118,0.1555979,-0.103809595,0.43178827,0.29329044,0.034652248,-0.13498695,-0.5458964,-0.19248755,0.20428514,0.091850325,0.10447829,-0.081970245,0.50648427,0.34681034,-0.25793555,-0.46459192,-1.718849e-05,0.17256257,0.11458704,0.54599756,0.08581589,0.019711182,0.038993232,0.15704447,-0.018613085,-0.42953637,-0.51562095,0.29366446,0.23991936
IND110046AAA,-1.5855347,-1.1354073,0.030140236,-0.21716002,-0.37185812,0.20481741,0.06840665,-0.72523457,-0.25539112,0.16644278,0.47927552,0.26041293,0.6625633,-0.29040098,-0.057867438,0.10478276,-0.027994204,-0.061264634,-0.116535,-0.20148103,0.13552392,0.41845378,-0.1833027,-0.037114203,-0.43674725,0.21291566,0.20213088,-0.11948658,0.46773356,0.37815768,-0.11399427,0.013800412,-0.32054123,-0.284639,0.21033359,0.074921794,0.11470608,0.0780679,0.70278597,0.08989987,-0.21728605,-0.56750846,-0.3922675,0.13725369,-0.028295487,0.52854013,0.224831,0.10322338,0.20761019,0.018995248,0.056046255,-0.51232415,-0.46144393,0.128225,0.25633883
IND110039AAA,-1.4938858,-1.1618499,0.11732182,-0.037126184,-0.22621116,0.19719128,0.3195058,-0.49206418,-0.10684912,-0.11738955,0.2575614,0.29180884,0.4322659,-0.2967596,0.42640358,0.40632257,0.516815,-0.15619664,-0.16578981,-0.36221445,-0.13300538,0.015084475,0.14023611,0.02570688,-0.10650537,-0.45441592,-0.17959435,-0.22115976,0.057195663,0.05864103,-0.101540804,0.13202888,-0.22345221,-0.3467778,0.022014685,-0.34494686,-0.49064025,0.17425,-0.5986384,-0.06449376,-0.096471384,0.05862607,0.13672137,0.5280839,0.044811495,0.12510863,-0.29048562,0.8586742,0.14158577,0.09432193,0.15468879,-0.47037223,0.73495394,0.41778713,-0.053679988
IND110087AAA,-1.4369123,-1.1659664,-0.0116645545,-0.07939246,-0.29265547,0.18496588,0.19069651,-0.49425805,-0.0072448626,-0.045420967,0.29071552,0.13442677,0.31114948,-0.43121463,0.38310558,0.36775628,0.5112258,-0.07861346,-0.2567758,-0.44223714,-0.22642916,-0.20341057,0.12676676,-0.01187898,-0.075817876,-0.46618956,-0.0432658,-0.29435182,0.166131,0.017713627,-0.07019146,0.22140399,-0.033525504,-0.13685311,0.12701014,-0.40567923,-0.44233733,0.17873123,-0.44996414,0.060308225,0.0069429353,0.3475678,0.32754698,0.42495084,-0.086603105,0.09252496,-0.26915497,0.98241806,0.32757315,0.12479412,-0.2026652,-0.7166213,0.7491861,0.18206799,-0.04876347
IND121102AAA,-1.2646966,-1.1919355,-0.105017096,0.07688151,-0.23798051,0.36536276,-0.014697045,0.22002295,0.3023438,-0.19391,0.4347037,0.26665032,0.05742297,-0.65802425,-0.6334095,0.15068336,0.35106796,-0.61311233,0.36891967,-0.14424352,-0.14734265,-0.41406736,-0.027245078,0.19898668,0.08959359,0.6688744,0.3953654,-0.5349368,-0.10710157,0.020310305,-0.093217716,0.111864105,-0.0435035,-0.72063154,0.105322815,-0.101160504,-0.09102312,-0.11304679,-0.0844851,-0.09272727,-0.09075254,0.45337725,0.2607773,0.4205985,-0.15207705,-0.4745416,-0.07172063,-0.30860272,0.31968674,0.006800566,0.10916188,0.2540274,-0.40129828,0.8050981,0.054847933
IND122101AAC,-1.4204044,-1.2030501,0.008748982,-0.112844095,-0.28738192,0.16345672,-0.21166629,0.08928961,0.25274193,0.1457262,-0.06008438,0.17365395,0.10193785,-0.038267776,-0.12921324,-0.090389,0.60677,-0.20000067,0.33682072,0.13146415,-0.039293993,0.23924789,-0.120341785,0.12449084,0.45803052,0.45407158,-0.46309742,0.2209249,-0.26678228,0.3679561,-0.4952985,-0.12554544,-0.6365162,0.2912433,-0.27416217,-0.296476,-0.21161315,-0.3109541,0.13068736,-0.031734142,0.08680923,-0.1541527,0.2250134,0.022919524,0.025981992,-0.07874951,0.47616816,0.095637195,0.46540305,-0.41690552,-0.51614386,-0.48915872,0.5959662,-0.026412535,-0.45587367
IND122050AAA,-1.2013772,-1.1073176,-0.18946351,-0.15209141,-0.44154668,0.12367478,-0.22075571,0.33563787,-0.112235025,0.26420134,0.33188415,0.13439853,0.31252325,0.26833063,-0.28833455,-0.09103817,0.4356308,-0.19709241,0.24114525,0.35062093,-0.18341914,0.30961254,-0.32228076,-0.051994585,0.14481154,0.67984533,-0.5243272,0.3460372,-0.16980262,-0.024055071,-0.3131931,-0.5055627,-0.6587086,-0.017696671,-0.04294374,-0.32285696,-0.2929355,-0.4601295,0.1585877,0.22865021,0.29855433,-0.0143084675,-0.035662316,0.017876595,-0.3324599,-0.43742454,0.30369228,0.39760405,0.486989,-0.67233306,-0.65812105,-0.71502376,0.519985,0.08800432,-0.576953
IND122413AAE,-1.8942996,-0.8361742,0.21660858,0.10372941,-0.53374755,0.37720186,-0.3261939,-0.04565545,0.057379104,-0.06669453,-0.059488423,0.33929145,-0.02129341,-0.026653681,0.0019163461,-0.17286277,-0.2961503,-0.018398859,0.08972094,-0.41708314,0.097951196,-0.2627688,-0.20728427,0.13182555,-0.2490275,-0.2046219,-0.14190663,0.11388156,0.0050425604,0.17781325,0.31633592,0.19518743,-0.056957357,0.08181906,-0.13499957,0.14723971,-0.25095826,0.29765874,-0.571553,0.22339062,-0.19628805,-0.6509713,0.38942057,-0.24856457,0.49050638,-0.1154596,0.19615991,0.094098054,-0.23675188,0.20079684,-0.05670768,0.25011006,-0.06559999,-0.13102365,-0.013672948
IND123106AAB,-0.7467849,-0.6909583,0.28468138,0.29843676,-0.5781287,0.36388797,0.21697214,-0.65712535,-0.5629986,-0.1509937,0.21800384,0.26349902,-0.071409404,-0.39699334,0.28750288,-0.5357655,-0.7871705,0.44805434,-0.56124717,-0.056671806,-0.35653794,-0.06422759,-0.25579023,0.31353253,-0.3777154,0.34344923,0.75879043,0.5700669,-0.031411212,-0.29856384,0.53722286,0.39503673,-0.33873445,-0.87486064,0.2955405,0.2728877,-0.20576221,-0.7195317,-0.267599,0.0176812,0.0818506,-0.13648945,-0.51824385,0.55559385,0.4023175,-0.07574487,-0.14817676,-0.29551563,0.24483834,-0.8605501,0.2761139,-0.4948354,0.7202016,-0.22067241,-0.8055549
IND125051AAA,-1.1076875,-1.0517564,-0.0896253,-0.0920932,-0.5586856,0.3082645,-0.021699628,-0.22044468,-0.56195676,-0.05620397,0.49805677,0.004698906,0.5603909,-0.43395668,-0.25455987,0.3600263,0.07066548,-0.38341784,0.00068246154,0.011556253,-0.29341632,0.36054033,-0.19448116,-0.28707165,0.79982823,0.010912627,-0.13869163,0.37679613,-0.49772322,-0.48924536,0.001712516,0.30797493,-0.049285762,0.09089732,0.18386754,-0.075788245,0.57350177,-0.5181428,-0.2685761,-0.50147796,-0.10691029,-0.085602656,0.21365282,0.34356585,-0.29382843,-0.39408717,-0.53653103,-0.097453676,-0.50607246,-0.45701975,-0.4209072,-0.03801635,-0.5690519,-0.21413247,0.07981132
IND335523AAB,-1.3354962,-1.0294056,-0.1854293,-0.16034064,-0.44192952,0.35653806,-0.07864786,-0.20390233,-0.6577165,-0.15231606,0.57322365,-0.00616806,0.5617532,-0.4205534,-0.3273907,0.46361634,-0.09254651,-0.117890805,-0.022336544,-0.021421164,-0.089452766,0.23934008,-0.079839595,-0.34946927,0.47488332,0.09327024,-0.10066902,0.2464215,-0.4651736,-0.02307202,-0.18119085,0.5324554,0.07079282,0.21202083,0.030541897,-0.2527511,0.14334977,-0.3329901,-0.11937216,-0.43154785,-0.056852475,-0.22369725,0.16012216,0.12434885,0.09129508,-0.38176706,-0.36440605,0.14133331,-0.51647174,-0.46647483,-0.24808301,0.286298,-0.4264991,-0.22124518,-0.20863855
IND335524AAA,-1.3594618,-1.0102053,-0.033464074,-0.09561719,-0.38202107,0.3092496,-0.06505592,-0.119361095,-0.57869136,-0.11921758,0.6080454,-0.15346955,0.53564173,-0.27296036,-0.16166615,0.54126424,-0.17610511,-0.07960892,0.06493983,-0.027984783,-0.20709443,0.30362675,-0.14047214,-0.29437593,0.35186607,0.1292341,-0.010191828,0.19784372,-0.52707344,-0.23986669,-0.10506642,0.49279308,0.22851732,0.1279029,-0.039589677,-0.37990147,0.35344398,-0.20674254,-0.20600203,-0.36702532,-0.15830442,-0.10149568,0.08441394,0.13157906,0.06403487,-0.5006022,-0.3116976,0.14274266,-0.45653057,-0.23534173,-0.3333084,0.24936268,-0.5470661,-0.038831618,-0.11786711
IND127201AAA,-1.6656249,-0.7894632,0.024157822,0.17572074,-0.7740607,0.27075872,-0.2609064,-0.229065,-0.06905162,-0.10343527,-0.21692891,0.2629215,0.409527,0.5670394,-0.07173919,0.28247806,-0.41089076,-0.2782688,0.43681496,-0.20125872,-0.12648553,-0.23085764,-0.12850186,0.226778,0.03555216,-0.23929894,0.24956197,0.22153862,-0.28310755,0.37605637,-0.21930024,0.14359027,0.03898619,-0.3280248,0.09492273,-0.13659245,0.20167994,-0.29324895,-0.0014935583,0.3233771,-0.5824733,0.010355204,0.32462963,-0.6170487,0.0806694,-0.19605011,0.27437603,-0.08372707,-0.08339742,-0.5335834,0.25119388,-0.04489553,0.24059339,0.4386484,-0.098324
IND131028AAA,2.1396947,0.08165944,0.14730977,0.60203636,-0.47158504,-0.74870014,0.18959126,-1.1233782,-0.5552345,-0.2976229,0.4925351,0.13845003,-0.5083367,1.3784493,0.78068876,0.5328606,-0.71187186,0.26972917,-0.21146296,0.8815969,-0.41623437,1.1239251,-0.74365336,-0.18365084,-0.33657843,-0.23829281,-0.66643065,1.1401049,0.34072512,-0.55578643,-1.0619774,1.0498204,-0.15913709,0.5539539,-0.29982576,-0.043069243,0.07655329,-0.1252575,-0.484576,-0.3529963,0.059156686,-0.02719789,-0.7874312,0.05762106,0.66907233,0.65275884,-0.16258167,-0.012212582,0.11971699,0.41274074,-0.52168965,0.59640193,0.31822237,-0.51210994,-0.2317937
IND124001AAB,-1.1579415,-1.3042394,0.24802065,-0.45016897,-0.14586616,-1.082181,-0.2418586,-0.4338972,-0.21563862,0.067103066,-0.41867828,-0.5345049,-0.056200743,-0.19623302,-0.1326347,-0.38417563,0.5518953,-0.034047365,-0.18908942,0.14223605,0.30549803,-0.36759233,-0.0631104,0.2456907,-0.052799255,0.06939025,0.095377505,0.19497304,-0.21545528,0.25045377,-0.12629026,0.14164822,0.0068541914,-0.11531891,0.22886273,0.037576124,-0.003728848,0.17362283,-0.08290771,0.23657608,0.11272336,0.12272683,-0.21817094,-0.30354267,0.0009653419,0.3385984,-0.057653755,-0.090863965,-0.20526552,0.28538585,0.018466681,0.08872699,-0.23156008,0.16264498,0.05758161
IND124507AAA,-1.193565,-1.3195287,0.298191,-0.42345172,-0.09096276,-0.9746964,-0.28395808,-0.30400646,-0.19074121,-0.04322496,-0.65248126,-0.4839698,0.082483955,-0.19044413,-0.25512412,-0.23584819,0.349596,0.07579443,-0.42202193,0.29011482,0.34039828,-0.39338624,-0.104558535,0.007481821,-0.0895699,0.05667913,-0.15444629,0.19276038,-0.120422065,0.2267372,-0.052637562,0.14960103,0.12082037,-0.09915914,0.29674724,0.035703138,-0.07930675,-0.006201191,0.17278755,0.070066266,0.09717575,-0.022615798,-0.29468715,-0.045204982,0.13549636,0.26782623,0.0028752014,-0.1727525,-0.16582003,0.18561885,0.05691877,0.06133979,0.08669117,0.10932447,-0.19043142
IND136118AAA,-1.0527802,-1.3208404,0.38112512,-0.3309663,0.07704373,-0.98645437,-0.24802488,-0.39299488,-0.39584017,0.09598408,-0.5775609,-0.52676934,0.07743298,-0.15260807,0.030604394,-0.3905559,0.46510166,0.21178113,-0.33983558,0.32148123,0.24326152,-0.34141776,0.07128486,0.17540702,0.052682135,0.18420222,-0.20708765,0.121680886,-0.026949272,0.36640424,0.13010852,0.019870155,0.07315464,0.07666548,0.1862491,0.086540714,-0.10684535,-0.053709958,-0.030415582,0.041214526,-0.009880811,-0.075130716,-0.3508824,-0.3563841,0.0020671785,0.2900206,-0.004457049,-0.31383413,-0.27851465,-0.087692454,-0.11384578,-0.019684743,0.08666521,0.18172447,-0.13369113
IND201204AAA,-1.1511772,-1.3096043,0.3529836,-0.38702363,-0.06771906,-0.98488986,-0.24641797,-0.20538127,-0.2578051,-0.089202195,-0.6699568,-0.41322923,0.19314466,-0.1932585,-0.33178392,-0.37039107,0.34075722,0.30206993,-0.20376906,0.3065632,0.25205144,-0.26774758,-0.08564988,0.07481294,-0.1325893,0.053382978,-0.007609606,0.2566089,-0.2405618,0.1368171,0.010329232,0.09795278,-0.0046833996,-0.12970176,0.42989683,-0.18856539,-0.113817796,0.039143376,-0.12177021,0.114565656,0.12382742,0.16135621,-0.22561276,-0.32851166,0.04763683,0.29259634,-0.018440172,-0.29470664,-0.110390425,0.03439088,0.23340051,0.047912855,0.008533549,0.09191221,-0.046219647
IND247667AAA,-1.202439,-1.2874609,0.39273912,-0.2554614,-0.009376273,-0.86643755,-0.21489239,-0.3081015,-0.11070952,-0.07327098,-0.6101815,-0.5138368,-0.0034940382,-0.17973702,-0.21794678,-0.33469525,0.40709165,0.104421385,-0.25098768,0.29429132,0.36539894,-0.48958975,-0.026779007,0.037391372,-0.07323248,-0.028348312,-0.0723638,0.23329,-0.087230906,0.121537924,-0.08966702,0.09194988,-0.07126171,-0.2046405,0.051529936,-0.03298392,-0.2257863,0.05772139,0.049854144,-0.025841918,0.08068845,0.08993713,-0.44920656,-0.17579684,-0.020003513,0.2641919,-0.05055869,-0.0282204,-0.3226876,0.1659511,-0.04001774,0.112961315,0.093233585,-0.16669868,-0.16613987
IND247667AAB,-1.1755915,-1.3140627,0.404891,-0.36617506,0.13383311,-1.1289562,-0.0764563,-0.2104854,-0.29934812,-0.00913913,-0.55618453,-0.4257456,0.112732284,-0.1593153,-0.08295841,-0.2609201,0.25617245,-0.06504908,-0.3920437,0.23230326,0.18802378,-0.5868908,-0.045607552,0.23745519,-0.0034335796,0.17244285,-0.084464505,0.033947907,-0.34599102,0.3754028,-0.09610191,0.011757679,0.3409135,0.019558795,0.1401574,-0.11617871,0.097185604,-0.059671987,-0.26062304,-0.1165237,0.010803033,0.1351589,-0.31824785,-0.29933488,-0.15174657,0.17017744,0.09850705,-0.17139485,-0.28661954,0.07672905,0.22385517,-0.13542554,0.030935872,0.03492166,0.12062343
IND251001AAA,-1.1465185,-1.3605088,0.33935082,-0.42819703,0.08012824,-0.9660342,-0.1594664,-0.11590093,-0.26671788,-0.0484481,-0.54736626,-0.5020441,0.09267597,-0.008047552,-0.09332714,-0.25841853,0.40603945,0.16677827,-0.35898858,0.37866062,0.22182149,-0.41734937,-0.211187,0.23833796,-0.010393886,-0.04805755,-0.18504438,0.32486153,-0.10864723,0.2973814,0.011672869,0.04784795,0.08995665,-0.025823839,0.35577095,-0.13402697,-0.17271164,0.08328202,-0.022830026,0.24447733,0.041682728,0.15789637,-0.3427847,-0.25654662,-0.02311346,0.11854291,0.1451393,-0.15969267,-0.14830779,0.110488646,0.118554905,0.031352907,-0.19203028,0.063450016,-0.076690614
IND144040AAA,0.5184723,-0.88548344,1.2490934,-1.3911195,-0.2659689,-0.5317731,-0.47153562,0.14450333,0.6926783,0.13292697,-0.13685662,0.7234124,-0.42054626,0.49288106,0.03846042,-0.3539715,-0.12341167,0.106257126,0.11039701,-0.33033246,0.17893699,0.97989357,0.07105092,-0.17770346,0.7812664,-0.33736253,0.023529373,-0.043493614,-0.13926022,0.25907898,0.6960635,0.08837819,-0.14721827,0.119043276,0.18103021,-0.037315078,0.31033504,0.4789766,0.32058692,0.030364264,0.014875203,0.54110265,-0.18217152,0.4698683,-0.35404488,-0.0934279,0.6466863,-0.3234943,0.12506627,0.13813347,0.1477618,0.071731396,0.16903457,-0.09325105,0.44881907
IND176303AAA,2.1404881,-0.16748552,-0.3411734,0.076269984,-0.3873412,0.3549489,-0.3161626,-0.5471884,1.2767571,-0.10620358,-0.49937135,-0.3449297,-0.32164282,0.68356764,0.31088507,-0.08898936,1.4356267,-0.51723695,0.65382,0.3142656,0.4049845,0.08713186,0.6206175,0.7125196,-0.23386429,0.14289472,0.29504797,0.044693395,0.20815463,0.49814785,0.2906276,0.55843055,-0.5015266,0.12061082,-0.47449285,-0.6383537,-1.5826777,-0.47264314,0.66484094,-0.24520849,0.08486977,0.312324,-0.15449733,-0.7288547,-0.67715293,-0.2174423,0.120520964,0.7374496,0.20799205,-0.37232217,0.24980943,-0.08271646,0.27719414,-0.07474834,0.20925486
IND148023AAA,-0.21829951,-0.9811595,1.101856,-1.450035,0.18590921,-0.69212914,-0.3263938,0.4877196,-0.3928401,0.31427968,0.30332935,0.032059863,-0.43460697,0.4032755,-0.11531176,0.032512624,-0.2804583,0.65014696,-0.28886497,-0.6759764,0.015219204,-0.014050454,-0.00815884,0.06739397,-0.1339086,0.4569714,-0.11404322,-0.42420816,-0.47312272,0.26614666,-0.71362466,-0.1331944,-0.32630095,-0.15973678,-0.48145056,-0.028388143,0.50802743,0.2481152,-0.22319235,-0.22777404,0.45319286,-0.043584496,0.27687863,-0.02450388,-0.16356331,-0.7152486,0.20410796,-0.34065482,-0.35378006,0.05750177,-0.32697034,0.45907268,0.13458505,0.4237502,0.17046435
IND151103AAA,-0.014270902,-0.48926014,0.95376956,-1.587212,0.11858273,-0.99880445,-0.06656204,-0.55802643,0.025016233,0.31584832,0.7550133,0.21228577,-0.57012516,0.11361398,0.3761225,0.06379618,-0.5688938,0.3230921,-0.49471676,-0.040811166,-0.1380125,0.15597579,-0.28066304,0.1271231,0.7043483,0.19219011,-0.16889319,-0.258093,-0.14209867,0.20267217,-0.24363703,-0.015642632,-0.13713163,-0.04419613,-0.36665195,-0.20603974,-0.73423076,0.3455915,-0.313435,0.22966011,0.1798921,0.010876924,-0.22033873,-0.22917345,-0.2895114,0.17496055,0.08197905,0.3625272,-0.103570044,-0.5440692,0.14614716,0.36139745,-0.031997707,0.02501452,0.05889859
IND151505AAA,0.57945096,-0.76781577,1.0895125,-1.6337992,0.36799118,-0.93193614,-0.29969087,-0.82556254,-0.059403643,-0.2058537,0.6424833,0.27134967,-0.1635128,0.014500961,0.28867143,-0.07272062,-0.85258406,0.51331794,-0.7844604,0.10081147,-0.18764466,-0.06284467,-0.04525984,0.28132746,0.3812086,-0.158476,-0.09934154,-0.20642737,-0.1601297,0.060286388,-0.4443202,0.009725183,-0.12709734,0.037921336,-0.32330653,-0.37243927,-0.8774744,0.5476945,-0.16720861,-0.0039358847,-0.12166081,-0.13811123,-0.30531755,-0.00804317,-0.17207426,0.092380464,0.11840145,0.5665956,-0.09817156,-0.43796408,0.34525365,0.16567242,-0.15106848,-0.17775251,0.22787958
IND152024AAA,-0.31334054,-0.8407268,1.1996682,-1.5068321,0.029121097,-0.7999028,-0.36693576,0.37111443,0.2992192,-0.09973679,0.30530965,0.36696094,-0.62966937,0.3143664,0.1892192,-0.131588,0.0025828108,-0.06394021,-0.21641305,-0.016303733,0.05774249,0.38857603,-0.12660643,-0.1302156,-0.15911338,0.09753482,0.57281125,0.27914482,0.42507666,0.023681408,0.10829857,0.4806037,-0.12544632,0.10471284,-0.13826695,-0.07515043,0.053782746,-0.19991632,-0.3644514,0.26954794,0.101676,0.25853342,-0.067141734,0.30673268,0.027134128,-0.2941851,-0.28044012,-0.04631964,0.5602169,0.14583424,-0.4716969,0.12247785,-0.27648333,-0.47326434,0.1218928
IND140603AAA,-0.89596117,-0.8821126,1.3750217,-1.3527321,-0.03303305,-0.573092,-0.0754881,0.22419812,0.2778331,0.17566717,0.14292572,0.04528521,-0.32980308,0.182553,0.1543961,-0.19383822,0.043590523,0.2657084,-0.29619974,-0.023173137,-0.13484326,0.3008177,0.21340066,-0.13328663,-0.081713066,-0.017973594,-0.16735592,0.11202708,0.11394061,-0.09421164,-0.14331833,0.17051929,0.15760602,-0.1375085,-0.11846352,-0.06478456,-0.053885967,0.28422815,0.115654185,0.21772869,-0.07012201,-0.10010378,0.1003043,-0.080081284,-0.07111415,-0.15842833,0.0759957,-0.09942133,-0.006618265,-0.020950163,-0.112255976,-0.14587933,-0.09165506,0.12652615,0.19758514
IND147101AAA,-1.0052757,-0.6729452,1.1512282,-1.4026736,-0.043240808,-0.7845564,-0.11069725,-0.10501448,0.026648551,-0.055296995,0.011065755,0.120860815,-0.32079354,0.46449786,-0.028334258,-0.15996067,-0.15140218,0.15100364,-0.07061282,-0.17938977,-0.22590849,0.21453935,0.103308156,-0.2949636,-0.05204059,-0.14263691,0.0022988543,-0.06428399,-0.060574155,-0.23359175,-0.028095126,-0.35893527,-0.1528072,-0.049840078,-0.25386357,-0.06229537,-0.06070801,0.15802477,0.1476763,-0.040493865,-0.033533335,-0.117785886,-0.05617205,-0.070181906,-0.023912042,-0.058771715,-0.09645217,0.14837182,0.015446731,-0.0046819113,-0.22898938,0.25132832,-0.112855464,-0.013131376,0.068040945
IND160055AAA,-0.9687661,-0.84868693,1.1862453,-1.2211282,0.07632,-0.8021922,-0.024498172,-0.0913535,0.10248312,0.033395372,0.13833985,0.23621567,-0.26306567,0.31744444,0.35821268,-0.24206449,-0.36071265,0.10242985,-0.2186849,0.15551858,-0.025041303,0.14250113,0.14604226,-0.2601083,-0.120274425,-0.15132797,0.059661046,0.053924114,-0.11527921,-0.22904487,-0.14273772,0.11157803,-0.1798361,0.17196615,-0.23733851,-0.18626824,0.13377026,0.22902282,0.093501456,0.17951144,0.12062167,0.0772511,-0.03295759,0.032697115,-0.030265555,-0.11247257,0.0121283755,0.018546969,0.11584039,0.021354124,-0.08457866,0.057658467,-0.09588863,0.21462263,0.12246443
IND173212AAA,-0.959029,-0.84081125,1.1032392,-1.2240651,0.119092636,-0.6307303,-0.36147943,-0.11530455,0.28695077,0.10794786,-0.008823717,0.31482697,-0.32495627,0.32442087,0.3239447,-0.2684064,-0.015822917,0.044977717,-0.13465934,-0.16534455,-0.062276922,0.38102606,0.21539375,-0.12862648,0.0511614,0.06591861,-0.15242001,-3.9655715e-05,0.041565582,-0.14604263,-0.12933677,-0.10417773,-0.23272318,-0.08797161,-0.26512578,-0.07039005,0.20344397,0.048051633,0.011056144,0.23443149,-0.007924791,-0.09759751,-0.10877203,0.034036253,-0.09284517,-0.2569122,0.005375996,0.10815615,-0.087587655,-0.063847676,-0.21009703,0.025735872,0.03497678,-0.06734829,0.1497392
IND174001AAA,-0.7639277,-0.8453381,1.1171304,-1.2903855,-0.021361534,-0.8881837,-0.4569325,0.04405926,0.2856819,0.10383124,0.41345006,0.16626266,-0.08908164,0.4463613,0.5871064,-0.6223666,-0.3585588,0.16728912,0.14696752,-0.44284797,0.31817022,0.15657571,-0.1001603,-0.031660933,-0.2060305,-0.23176944,-0.13039471,0.0051441565,-0.02664597,-0.32659388,-0.25034806,0.28124398,-0.14232786,-0.08231574,-0.2520153,0.24113147,0.04579132,0.1953141,0.17723006,-0.006520346,-0.04624641,-0.36552998,0.5809315,0.15383375,0.12126728,0.12654334,0.0053354353,-0.16959593,-0.47750345,-0.23518202,-0.16391344,-0.16415909,-0.20785654,-0.014309321,0.19835083
IND174103AAA,-1.0823382,-0.82461035,1.0138788,-1.3531154,-0.06568423,-0.7353648,-0.19354403,0.10453527,0.23300852,-0.21532294,-0.07017866,0.27637208,-0.4654896,0.29146832,0.24293111,-0.071448684,-0.22043665,0.19474529,-0.14747521,0.019135552,-0.12153161,0.046921983,0.02236181,-0.16571406,0.047870018,0.033956587,0.0017023236,-0.17280875,-0.027846329,-0.035140745,-0.21239546,-0.16741283,0.05626735,-0.1473399,-0.1404947,-0.036246177,0.08804194,0.012162384,0.089555725,0.04562588,-0.053688087,-0.024274208,0.24056208,0.16347608,-0.007065356,0.027334515,-0.02054996,0.12565991,0.106950074,0.10226021,0.07343491,0.012730414,-0.0048062056,0.10762231,-0.012027442
IND174307AAA,-0.9460904,-0.97728026,1.2222366,-1.3258637,0.12723207,-0.68416524,-0.07530932,-0.12056685,0.16286616,-0.07246107,0.09075156,0.23868515,-0.1457438,0.45475334,0.22565106,-0.28044453,-0.22782956,0.17827508,0.09013083,-0.047245026,-0.1404427,0.27622193,0.14280629,-0.116008155,0.12349257,0.04033971,-0.098832026,-0.09919448,0.035099067,-0.17108427,-0.13176796,-0.027316563,0.06068209,-0.20168252,-0.040980972,-0.0058286227,0.11227044,0.16647086,-0.090022355,-0.14460088,0.023216262,-0.05678712,0.06886799,-0.036779128,-0.19201022,-0.13378266,0.07687779,0.14195263,0.009256113,-0.14516056,-0.08577059,-0.073591575,-0.03864294,0.007632222,-0.21217024
IND176041AAA,-0.98413795,-0.78077465,1.1725488,-1.3951848,0.055263333,-0.5858419,-0.24517511,-0.052128993,0.29949707,-0.041537482,0.07692295,0.17680208,-0.106409945,0.33123654,0.17947449,-0.20090239,-0.21729214,0.22413692,0.025551492,-0.16575599,0.011964774,0.18277758,0.20948115,-0.3041983,-0.1731541,-0.05690059,0.20584938,-0.020233303,0.043439053,-0.19285713,0.053904176,-0.098735474,-0.0023696627,-0.03829734,-0.24139798,-0.2636792,-0.09937571,0.23578016,0.007917792,-0.117211536,0.018271364,-0.10318573,8.901954e-05,0.00768511,-0.2334322,-0.15076125,0.035483852,0.081996374,-0.1483838,-0.07954417,0.04139082,-0.070624284,-0.13720892,0.0133708455,-0.014229894
IND160002AAD,-0.66792953,-0.95772237,1.0215989,-1.2747098,0.42250934,-0.630581,-0.5642818,0.0542299,0.42459244,-0.33874533,0.45586616,0.24697678,-0.18272014,0.4845441,0.09107381,-0.64084613,-0.2753197,-0.22187626,-0.49275613,-0.38470775,-0.7320571,0.29248786,0.16384864,-0.28538108,-0.14622852,0.27281004,-0.050292645,-0.14541602,-0.033288054,0.19895235,0.22942813,-0.20942125,0.06115165,-0.051581264,-0.103154436,-0.53806996,-0.02524965,-0.30765367,0.036561698,0.37303942,-0.24975744,-0.18982095,0.05232503,-0.23786008,0.55342704,-0.20044166,0.20532928,0.25252542,-0.20417887,-0.13229899,0.048985988,-0.07486511,-0.3368687,0.18247691,-0.22706893
IND176001AAA,2.1618428,-0.057370737,-0.11235431,-0.16315901,0.3035409,-0.52504456,0.058670126,0.37050885,-0.14269252,-0.38105723,-0.6853343,0.5998125,-0.24970388,0.3267749,0.073805846,0.3101898,0.6837441,0.34611756,-0.5391926,0.8723797,1.2079947,0.251804,0.8501538,1.1012127,-0.77972597,0.21202013,0.5323892,0.27980262,-0.1494035,-0.087106586,0.6466055,-0.4676312,-1.0309705,0.36746335,-0.19987229,0.36524272,0.19029826,-0.20018081,0.7451123,0.6866863,1.4520319,-0.2004736,0.6154124,0.058343157,0.28565955,0.28707644,0.08722636,-1.3003521,-0.19790709,-0.27986646,-0.4116611,-0.015012212,0.8132794,-0.24708389,0.013751969
IND203205AAA,-1.1794271,-1.1885638,-0.01167547,-0.14592709,-0.58788764,0.025324378,-0.31155482,0.306374,0.17913723,0.46243566,-0.10902627,0.38062382,0.40578315,-0.35665524,-0.11862983,-0.16342439,-0.112887084,-0.071149856,0.16357617,-0.32269037,-0.56528485,0.0981488,-0.2683611,0.27996826,-0.17252684,0.07017124,-0.38759345,0.037426963,-0.03060196,0.26496756,-0.16942507,-0.526454,-0.097874865,0.26050597,0.13764942,0.059151657,0.051985078,0.069057085,0.09006615,-0.46786708,0.074176684,0.5169747,-0.4272069,0.23042114,0.5161384,0.29468182,-0.23563267,-0.0026699714,-0.07044518,0.37096006,0.67743903,0.36981043,0.24760161,-0.41457534,-0.31730866
IND207123AAA,-1.0172424,-1.4295474,-0.14498116,-0.36360586,-0.28051892,0.091211244,0.27430987,-0.18786296,-0.07402537,0.40210918,0.6105457,0.088055,0.43632197,-0.3569135,0.39072174,0.15980133,0.412394,-0.8900938,0.32718468,0.17603955,-0.049229093,-0.010163408,-0.32139993,0.23260224,0.08296384,-0.1338682,0.41607147,-0.02498352,0.2139707,-0.2628767,0.30338973,-0.59200805,0.3847116,0.106071696,0.15291509,-0.3421647,-0.33685276,0.28813428,0.46905953,-0.7032917,0.13499714,-0.07467908,0.37309667,-0.54510844,-0.12166393,-0.4323307,0.25460064,-0.0035416111,0.21980593,0.17375967,0.19893256,0.11086121,0.25797397,-0.1900151,0.19358598
IND205135AAA,-0.9136783,-1.4637642,-0.109405905,-0.27713484,-0.18576622,-0.18407919,0.2057661,-0.010989748,-0.065406136,-0.14937127,0.7867549,-0.023146447,0.6742979,-0.35088027,0.23257402,0.59276855,0.34025186,-0.47068062,0.4684053,0.07025585,0.09953623,-0.0064042546,0.12729168,0.2980672,0.07137151,-0.31169754,0.4223249,-0.15379757,0.044954196,-0.1162435,0.3605193,-0.43823782,-0.3021102,-0.3386129,-0.10929041,-0.20025764,-0.19210082,0.4735818,0.24635965,-0.76210433,0.3542717,0.18125404,-0.105478756,-0.74135447,-0.26502484,-0.22367674,0.62574595,-0.29299682,-0.16355056,0.28744096,-0.22854222,-0.05753904,0.24699995,-0.07401475,0.11061549
IND209721AAB,-1.0109339,-1.3465707,-0.07291414,-0.4021085,-0.1499984,-0.04613003,0.19851798,0.015595466,0.077968106,0.062291816,0.52113014,0.14605908,0.66508245,-0.45164883,0.2614734,0.4676378,0.48017722,-0.4654108,0.61440563,-0.10086442,-0.04464074,0.37911466,-0.07101833,0.35178524,-0.06956085,-0.29049495,0.5030554,-0.028191397,0.13703837,-0.2538132,0.46745878,-0.47316426,-0.17324781,-0.08174622,-0.22700539,-0.2990343,-0.24881598,0.38664412,0.17954975,-0.62705916,0.19689187,0.13016379,-0.078373946,-0.7805962,-0.21061471,-0.3160839,0.5186654,-0.19806448,-0.054425087,0.34395087,-0.23156013,0.1368455,0.20286816,0.041877132,0.25763828
IND285001AAD,-0.29458213,-1.1746311,-0.52852297,0.04260455,-0.51771134,0.7176887,1.5582579,0.6057749,0.98717815,0.43049482,0.18892236,-0.39054972,0.016358823,0.10832773,0.057542972,-0.28887218,-0.2104734,-0.13645183,0.1261708,0.7207672,-0.20642748,-0.5722964,-0.012627862,0.21774188,0.35274464,0.0661701,-0.11842743,-0.23522115,0.4769281,0.41540247,0.2448527,-0.2620049,-0.3931683,0.41471165,0.42846215,-0.23822087,0.17025107,-0.024878278,-0.42020327,0.10416506,-0.10839452,-0.059583604,-0.23515356,-0.29632235,0.70050323,-0.043720353,-0.19635479,0.90586364,0.20725198,0.039035156,-0.08742626,-0.11235215,-0.41859192,-0.13502268,0.4683178
IND210301AAA,-0.820205,-1.0578722,-0.4615219,-0.21403763,-0.6991909,0.17964195,1.6216589,-0.118034296,0.4929784,0.22060716,0.6534226,-0.1463087,-0.12255268,-0.21648915,-0.25785694,-0.1403488,-0.6718693,0.35522357,0.4052645,0.2439915,0.041802134,0.13677561,0.10499836,-0.003387332,-0.044965148,0.3093293,-0.35624644,-0.010320947,0.803677,0.11488725,0.18751265,-0.3447986,-0.13742577,-0.0049253404,-0.5063144,-0.0012815893,0.46134368,0.2660092,-0.72270644,-0.029639494,-0.13034987,0.0991779,-0.25942558,-0.15550789,-0.1482381,0.3015131,-0.028236404,0.1918973,0.029213393,-0.42731833,-0.42569965,0.44190633,0.207679,0.09877251,-0.08840357
IND206122AAA,-1.1635855,-0.9912352,-0.40979832,-0.018168107,-0.80294424,0.1889948,1.3956597,0.099325016,0.18016328,0.5334747,0.04862909,-0.08317834,-0.06870937,0.14436081,-0.016153751,0.10572447,-0.3533464,-0.02270902,0.09159248,0.29999042,0.23509604,-0.07009539,0.46166056,0.05726558,0.033893287,-0.16487768,-0.23472354,0.09860082,0.096658185,0.20336029,0.18454985,-0.19776502,0.19972287,0.05243312,-0.11941547,-0.14011237,0.1355108,0.16220437,-0.22696672,0.30387568,0.15328296,0.24790502,0.024642766,0.1297631,0.26383394,0.1734563,0.079826474,0.027075611,0.2277689,-0.16717449,-0.16007267,0.25353542,-0.19255865,-0.035014484,0.03428571
IND208006AAA,-1.0679693,-1.1346353,-0.49652717,-0.10130091,-0.56337553,0.2932058,1.542188,0.10562633,0.28304356,0.48456377,0.045392357,-0.31682706,-0.07371694,0.019743934,0.002595054,-0.10347155,-0.35948503,0.06609793,0.18984322,0.21390542,0.11162687,-0.26075774,0.35755584,0.1973491,0.2370794,-0.12780045,-0.20415795,0.024291955,0.13834287,0.0061178803,0.30864882,-0.15411997,0.017991945,0.20927729,0.120059125,-0.1273419,0.08717332,0.0527322,0.08618181,-0.08982368,0.036376923,0.19579956,-0.010219544,-0.0766297,0.014760412,0.12266566,0.1690072,0.1042236,0.10263707,-0.3422917,-0.31414264,0.053531166,-0.1380038,-0.086993426,0.18189257
IND208012AAA,-1.0898721,-1.026908,-0.3972346,-0.050455526,-0.6199107,0.2931082,1.3891466,0.09824488,0.24512286,0.71699256,0.007854775,-0.103384376,-0.2051201,0.049417526,-0.13426717,-0.06736107,-0.46765077,0.01963469,0.09594753,0.23474616,0.3754506,-0.20539856,0.30258432,0.006534338,0.20365854,-0.08754374,-0.15048324,0.17769252,-0.04724042,0.20702204,0.22661445,-0.28985196,0.23345828,0.211055,0.050406493,0.01576591,0.12053021,0.25924218,-0.35069892,-0.046224844,0.17836523,0.14353168,-0.13935593,0.01285005,0.115864776,0.04028493,-0.06938694,0.046185546,0.13057603,-0.21263224,-0.293051,0.03856922,-0.1246261,-0.0060597844,0.36244047
IND221313AAA,-1.1277562,-1.0743852,-0.4231657,-0.1539048,-0.5531315,0.49038756,1.4034563,0.10672303,0.2709108,0.6258771,0.0860217,-0.34524012,-0.28420174,0.12355228,-0.09626599,0.09132595,-0.4647895,-0.08203545,0.13866971,0.20134288,0.050885197,-0.18754184,0.2933594,0.19410072,0.07924615,-0.08541241,-0.1696096,0.10592227,0.008214995,0.19955231,0.24579373,-0.15386614,-0.033135552,0.12688448,-0.08344161,0.024073876,0.14337006,0.21146776,-0.11850335,0.13220032,0.011044208,0.115926914,0.064516954,-0.016412847,-0.09174055,0.067341104,-0.13233863,0.00944408,0.20564857,-0.24239558,-0.31655288,0.19247133,-0.26503006,-0.03471597,0.11810808
IND241124AAB,-0.647297,-1.4946305,-0.036863104,-0.31904823,-0.12839827,-0.15606746,0.33490527,0.18468663,0.030874148,-0.22192436,0.57676667,0.07932427,0.49572968,-0.5835574,0.10495901,0.3738678,0.64489627,-0.790187,0.40908206,-0.13055493,0.054167323,0.51641655,0.20716098,0.45656243,-0.052960232,-0.14596424,0.4264778,-0.030367881,0.30549085,-0.4084069,0.45743805,-0.61542064,-0.32846752,-0.34407783,-0.21883315,-0.57415646,-0.175518,0.052332573,0.43793347,-0.5979383,-0.11320922,0.44928044,-0.14802784,-0.9338098,-0.12861511,-0.34522843,0.5842566,-0.030016005,-0.3448026,0.4082129,0.025086462,-0.18310621,0.1710175,-0.37502316,0.1896333
IND211013AAA,0.030862927,-1.2489269,-0.47034314,0.0040432736,-0.7304609,0.5147661,1.5550382,0.33539048,0.71872634,0.29539838,-0.23086873,-0.21615085,-0.14089681,0.030456353,-0.5481686,0.5159202,-0.37027687,0.4076609,-0.2665525,0.13296649,0.5463755,0.6085868,-0.035918366,0.72300714,-0.13262723,-0.6407829,-0.62521285,0.3887167,0.41400313,-0.25570095,-0.09184836,-0.34123135,0.17777145,0.32207662,-0.25414875,0.16029932,0.3211043,-0.27450716,-0.12597424,0.3113808,-0.28848782,0.13845874,0.06222602,-0.0027919114,-0.22150862,-0.034202505,-0.010228135,0.30977687,-0.14595494,-0.24681813,0.2753013,-0.25732452,-0.14981356,-0.01427592,-0.13279456
IND210001AAA,-0.7997185,-1.1432527,-0.537709,-0.00951992,-0.6253902,0.41208252,1.418871,-0.0016804561,0.16565149,0.25608072,0.21386215,-0.15335342,-0.015945235,0.290945,-0.16708167,-0.01400754,-0.2196395,0.22660287,-0.028781744,0.26020175,-0.22908491,-0.34643087,0.41415277,0.4319498,0.24564157,-0.53983086,-0.37204412,0.24842061,0.2341,0.12287845,0.4731244,-0.14868753,0.24816644,0.39871418,-0.059893176,-0.6810058,0.30774885,0.27105325,0.027114175,0.34130052,0.114526965,0.56304145,0.25320348,0.15309519,0.15282677,0.15540816,0.3383087,-0.04437407,-0.124844044,-0.23554146,-0.31148022,-0.13845652,-0.4969053,-0.023219403,0.1535793
IND222001AAA,1.6325921,0.098533645,0.08334393,0.22612579,-0.13580957,0.06369792,0.12298296,-0.29214436,-0.79557693,0.5520677,1.2019601,0.32777292,-0.16224542,-0.93965673,1.5063503,0.4417529,0.6280674,1.0981319,0.48220307,-0.15872143,0.24398881,-1.1530409,-0.467465,-0.45547485,-0.21850048,-0.22664212,-0.09933526,0.5781123,0.35513222,-0.13225919,-0.129691,-0.8969313,-0.29479453,-0.17522897,-0.033292532,-0.66100335,-0.12901203,0.06533909,-0.19308814,-0.023820903,-0.15477288,-0.44105166,-0.38518348,0.25501838,0.44423583,0.06152121,-0.5480814,-0.071643285,-0.12355982,-0.04647124,-0.15384142,0.004236395,-0.16176364,-0.30879453,0.087912485
IND224122AAA,1.9832679,-0.039097242,0.05155725,0.14774777,-0.15918878,-0.28444064,0.05358334,-0.4251938,-0.12886947,1.0914174,-0.53192616,0.6834077,-0.19167854,-0.2055957,0.9924829,-0.9012088,0.9078598,-0.45241585,-0.7147079,-0.1584787,0.4460394,-0.25993896,0.90401536,0.12928188,-0.15709022,0.32774043,-0.22680913,-0.18943323,-0.88715947,-0.48206645,-0.2820219,0.43109447,-0.16710106,-0.7098689,0.20522007,-0.41481203,0.56449336,-0.31245762,-0.44067985,0.040789977,-0.11054157,-0.016043052,0.07788223,0.257678,1.087632,-0.5279211,1.2014729,-0.5186477,0.30854332,-0.49153665,0.4800226,0.30937618,0.061027125,-0.3633301,-0.6073227
IND226016AAA,1.8368524,-0.006173797,-0.21760511,0.08537662,0.05071079,0.0051351264,0.047089577,0.109691285,0.56863236,0.9638965,-0.9837805,0.89007187,0.699896,-0.19712831,-0.16085568,-1.235508,-0.64371467,0.14943647,0.35449725,0.00791011,1.0404065,0.64152145,-0.8820254,0.08583039,0.54255235,0.9130325,-0.41193953,1.312575,-1.2427782,0.5495484,-0.4585914,-0.066159986,0.8210387,0.50575674,-0.017563269,0.17871866,-0.008655611,0.5397831,0.18747517,-0.79677373,-0.31251553,-0.33704567,-0.18742093,-0.21735996,0.32706195,0.075148456,-0.110654935,0.723713,-0.3690251,-0.33910197,0.25267267,-0.088317096,0.21444304,0.46671635,-0.26654086
IND226024AAA,1.8425449,0.0005942732,-0.2268458,0.08077778,0.032137163,-0.008987635,0.05217752,0.091867395,0.5557707,0.9974658,-0.9754943,0.9249072,0.77080125,-0.22852148,-0.12485356,-1.2860987,-0.6517066,0.23682246,0.3381518,0.019744247,1.0233806,0.66244745,-0.87369734,0.06865026,0.55032206,0.9082281,-0.4015005,1.3519647,-1.2794722,0.5531606,-0.41945416,-0.090022355,0.8195014,0.48933458,-0.002017444,0.12773637,0.020793833,0.5353655,0.19192204,-0.8393354,-0.32292512,-0.3123072,-0.14983973,-0.26849705,0.3515963,0.10004935,-0.11578616,0.732434,-0.36722818,-0.347636,0.25104505,-0.05879758,0.2177122,0.47617757,-0.2762301
IND231225AAB,2.0554461,-0.16873202,-0.040820472,-0.13876167,-0.11445487,0.036501285,-0.013214236,0.5595742,-0.826025,0.52087885,-0.5558023,0.7452956,-0.19716598,-0.81560713,0.28401244,-0.44936803,0.49053058,0.9228288,0.59273946,0.85815835,-0.6454315,0.15134895,0.35822782,0.9312541,-0.3812433,-0.3055339,-0.48825854,0.53564054,0.7012048,-1.0117646,-0.5496577,0.01984172,-0.3019459,0.13411616,0.25709718,0.7057249,0.36767098,-0.18110378,0.40592632,0.7576327,-0.49415144,0.66976076,0.7528411,-1.1624641,0.6439645,-0.4184389,1.1014084,-0.2818768,-0.8620922,0.59167755,-0.63206446,-0.696314,0.29413074,-0.523148,0.19916911
IND232327AAA,1.6613568,0.20348048,0.0693638,0.16927345,-0.013174586,0.15884647,0.1316863,-0.16247585,-1.01487,0.39682168,1.6549401,0.37942064,-0.032011226,-0.9308848,1.442706,0.35579392,0.5216007,1.2284944,0.2669779,-0.14775436,-0.09158898,-0.7807455,-0.39506164,-0.48855555,-0.177843,-0.14335406,-0.091205224,0.64386076,0.3153947,-0.23519097,-0.18110615,-0.9172611,-0.17959313,-0.35119206,-0.15304038,-0.59951586,0.1096646,0.08061382,0.04909855,-0.15391923,-0.14879271,-0.36147064,-0.49555168,0.48163152,0.63650256,-0.04688847,-0.42498904,-0.09550849,-0.29128656,-0.11772472,-0.027299836,0.12320425,-0.08949533,-0.2985695,0.27151573
IND275101AAA,1.7320522,0.11386606,0.057167098,0.23004927,-0.1453492,0.008630395,-0.116411544,-0.24700463,-0.64745545,0.3741027,0.69199044,0.35661203,-0.09586428,-0.9710529,1.3556494,0.29952705,0.6482634,0.82224953,0.5604551,-0.22530572,-0.10563759,-1.359519,-0.5121252,-0.5615626,-0.3376249,-0.5911024,0.2468451,0.667327,0.62334186,0.13024189,0.30861276,-0.77391267,-0.44347852,0.21026145,0.117016606,-0.70538163,-0.06814966,0.18360461,-0.5358938,-0.03186996,-0.3867963,-0.50077975,-0.39281395,0.17297383,0.2836011,0.09711614,-0.44944298,-0.0890562,-0.028277155,-0.061189514,-0.3211041,0.17813292,0.067902595,-0.17126907,0.06762768
IND275503AAA,1.7433914,0.09799071,0.08144143,0.23668648,-0.09657333,0.021676809,-0.17549661,-0.22305334,-0.61898607,0.39125824,0.73055154,0.3462811,-0.06687528,-1.0089496,1.3223714,0.2356099,0.6980019,0.8009082,0.5372285,-0.29766423,-0.13172224,-1.3231723,-0.5237331,-0.6111865,-0.279414,-0.5824232,0.22706062,0.649583,0.602398,0.15519299,0.28292394,-0.7582081,-0.44925773,0.15533723,0.046596043,-0.70496565,-0.03585783,0.23125581,-0.5076046,-0.04907204,-0.36958516,-0.48122257,-0.40725136,0.14923902,0.284828,0.008139014,-0.47273105,-0.11303762,-0.061812367,-0.043573476,-0.33550656,0.1410934,0.07592031,-0.18372889,0.12375879
IND207247AAB,2.1680942,-0.1367626,-0.2571301,0.6622724,-0.26060802,-0.32058558,-0.40666953,-0.6398947,0.028935269,0.46131456,-0.0678675,0.5755913,0.2616735,-0.041541174,0.535236,-0.049987655,0.7291624,-0.46500584,1.1557599,-0.25142485,0.6459534,0.83684504,-0.81893766,0.25499803,1.1517708,0.8892701,-0.19908842,-0.006916359,1.4809229,-0.24237879,0.434071,0.49473643,-0.6645689,-0.98580825,-0.33808446,0.31185085,0.5751943,0.23837416,-0.21162346,0.09975074,-0.2943288,-0.38467383,-0.22723648,-0.22819668,-0.2384856,0.4351418,-0.44143343,-0.12011827,-0.46896312,0.5619931,0.49010545,-0.32829902,-0.44918695,0.9447629,-0.648071
IND244901AAC,1.1812514,-0.79951084,0.23731734,-0.31164896,-0.26448774,-1.266059,-0.59077233,-0.71905017,-0.7745501,-0.25968388,-0.74000263,-0.93111926,-0.14032951,-0.18011804,-0.71816105,-0.07514225,-0.37085396,-0.18209113,-0.23496315,0.9174726,0.14611647,-1.2457405,-0.29118246,-0.3677209,-0.16557771,0.09490214,-0.36447084,0.19014286,0.08545144,-0.048474833,0.7466601,-0.5407665,0.34712335,-0.10328063,0.09969217,0.62958807,-0.06282556,-0.02375023,-0.17294392,0.047222484,0.0053031594,-0.12122922,0.04414148,0.23562413,0.25839853,-0.06326036,-0.2408264,0.36813617,0.19074354,0.21250504,-0.0013166219,0.11162208,0.02322236,0.74167377,0.60897815
IND243002AAA,0.67194736,-1.0362765,0.32253462,-0.4136433,-0.19682342,-1.3216163,-0.7779266,-0.61616355,-0.53250825,0.00071933866,-0.78911525,-1.2430997,0.01802332,-0.004618168,-0.73600394,0.08494744,-0.31781468,-0.45241764,0.058934875,0.49870294,0.056715555,-0.9442134,-0.38059345,-0.59855634,-0.32763994,0.18560916,-0.12615712,-0.022532849,-0.05218665,0.016895,0.56869507,-0.16697794,0.020024244,-0.17441283,0.4302809,0.32047367,-0.0062301755,-0.30683547,-0.178884,-0.056825463,-0.20343207,0.109742135,0.32374096,0.13455048,0.19619372,-0.11079861,-0.12627381,0.1525725,0.16819784,0.22411147,-0.20970492,0.16932353,0.19836314,0.5260182,0.025518842
IND246725AAB,0.7010838,-1.0963323,0.1636483,-0.37671006,-0.21055943,-1.3396293,-0.68721306,-0.40539432,-0.6454512,0.091176495,-0.65724623,-1.0612384,0.10355264,-0.03485305,-0.55023,0.107035846,-0.14590988,-0.42938644,0.24608035,0.6682009,0.09624978,-1.0635285,-0.42816642,-0.37274492,-0.49637693,0.019543603,-0.023547225,-0.24859418,0.017132737,-0.08633131,0.5436851,-0.30848834,0.127794,-0.29421395,0.33796835,0.15277736,-0.12911199,-0.13727464,-0.12588029,-0.15765776,-0.04750257,0.39041507,0.18811575,0.272247,0.10601179,-0.23306593,-0.12193323,0.15561292,0.19187506,0.24923047,-0.117974624,0.06305984,0.040495593,0.29535407,0.036650598
IND246444AAB,1.8709439,-0.0879354,-0.052741222,-0.4175462,0.10142304,-0.31972238,0.72788936,-0.7580327,-0.72268987,0.64879745,-0.16411602,0.2036448,0.357807,0.99365836,0.17811976,0.75493306,0.6272525,-0.34411705,-0.8512712,0.11243702,0.28594857,-0.22266485,0.2674559,0.72691315,-1.2624092,-0.44391555,1.216985,-0.4012295,0.014212258,0.0075723305,-0.47288334,0.052795865,0.7795713,-0.58112806,-0.75374293,0.8482303,-0.23224041,0.33135676,0.5055429,-1.2233938,0.40146226,0.2201132,-0.03186761,-0.2502719,0.9924787,-0.57576305,-0.2584005,0.3072103,-0.8422232,0.07508902,-0.4101323,-0.5631072,-0.13673891,-0.002693247,-0.041083932
IND246763AAA,2.0997734,-0.0072280914,-0.1232771,-0.69448644,-0.13658237,-0.303198,-0.15345049,-0.22635582,-0.040580455,-0.13731629,0.35642326,-0.065933906,0.17275807,0.9972953,-0.15224326,-0.7759798,1.2828134,-0.29671603,-0.9685547,0.15360391,-0.20064127,-0.26230195,-0.13993227,1.09952,0.19857575,0.29630092,-0.980988,-0.77538884,0.07796644,0.32167768,0.68145865,-0.5085794,-0.45183375,-1.4831012,-0.37454838,0.6108755,0.63245314,0.24198388,-0.85198474,0.09302135,-0.91148424,-0.055802688,0.68952787,-0.16497077,-0.26412088,-0.6989295,-0.94945544,0.9743663,0.47570926,0.46846157,0.072472215,0.3782343,0.007239189,-0.1675347,0.14782214
IND248122AAB,1.3107914,0.108089015,-0.034041062,0.04141207,0.015024705,-0.041168734,0.027649892,-0.05952359,0.026125014,0.064933814,-0.037326284,0.010069862,0.0022380995,-0.0097616585,0.014167052,0.023305256,-0.0057239756,-0.028652959,0.004299519,0.021311698,0.033463545,-0.0031918688,-0.073305994,0.008402538,0.008601974,0.09332414,0.04033728,-0.00287747,0.052797973,0.021481065,-0.09984881,0.020134728,-0.010156805,-0.026061319,-0.0077761076,0.026691623,0.008545399,0.03322292,0.026274804,-0.052674506,-0.037045583,-0.06189449,-0.030932024,-0.053470284,-0.06191568,-0.007064093,0.04054387,-0.023407362,-0.0078316275,0.03586729,-0.098841086,0.043746952,-0.057624374,-0.094567254,-0.1005514
IND246149AAA,-0.938404,-1.3229806,0.42742914,-0.43161482,-0.13464913,-1.3011549,-0.2424165,-0.11048392,0.19062383,-0.08195457,-0.7089071,-0.53084075,0.10587324,-0.41110265,-0.19840333,-0.46049803,0.41366166,0.118169665,0.03038675,0.18040377,-0.4577396,-0.58652914,0.013793157,-0.11103497,0.23288517,0.1917209,0.011570789,0.6901819,0.15924066,0.01079493,0.4488635,0.09651966,0.15290171,-0.095570564,0.16668352,-0.037982795,0.35848957,-0.07183373,-0.13474467,0.59094137,0.20354229,0.07019036,-0.59893185,-0.3793343,-0.35834473,0.41238636,-0.05055617,0.07055351,-0.3981048,0.08375611,0.11555112,0.5195882,0.12922493,0.1435751,0.14115779
IND262701AAA,2.073864,-0.06641416,-0.23666176,0.320898,-0.14676005,-0.08728868,0.07427221,-1.0449834,0.6460135,-0.49526516,0.023335222,0.21996309,-0.25820237,0.04344587,0.16321947,-1.0076997,0.19990446,-0.314978,0.26601064,0.75876504,-0.01658482,0.48769012,-0.5464558,-0.5015329,-0.23267783,-0.73893505,-0.82307976,-0.30444026,-0.8377423,-0.67676693,-1.289757,-0.8886233,-0.5401757,0.06201099,-0.8881111,0.008479457,-0.73457706,0.03356494,0.23830056,-0.18157865,-0.057862982,0.42865133,0.48669562,0.12010109,-0.39361918,1.223657,-0.9288665,0.730968,-0.036534633,-0.5650185,-0.17406468,-0.3900801,0.036675427,-0.36574757,-0.20965481
IND262723AAB,2.0846758,0.08438866,-0.52837,0.46976072,0.10713909,0.5902959,-0.089091875,-0.3282361,0.57976913,1.1796855,-2.1348546,0.21568097,0.41210574,0.4244169,-1.3817356,0.35981518,1.2290374,-0.063805476,-0.18593816,0.28462756,-0.06967633,0.10103682,0.0027951375,-0.83694535,0.22480239,0.5122592,-0.0122057125,-0.057437077,0.8784592,0.34248626,-0.51281947,0.44203532,-0.963277,-0.50913846,0.599332,0.19905946,0.72270745,-0.30236018,-0.9178816,-0.28277096,0.09430483,0.96745706,-0.29628775,-0.5650004,-0.27422938,0.24563289,-0.8838721,-0.49884778,-0.27717412,-0.45358574,-0.021943137,-0.2592708,0.023917053,0.10189077,-0.6200239
IND263645AAA,0.45119107,-1.3299191,0.12407008,-0.4951318,-0.15457258,-1.3771287,-0.57486516,0.66187996,-0.010562301,-0.11871382,-0.60816264,-0.8871963,0.68005836,-0.59650713,-0.29442102,0.028630678,0.261418,0.33004948,-0.2374224,0.23013693,0.12295779,-0.8259666,0.7983679,0.4067377,0.37647372,-0.01797375,0.26814285,-0.31232238,-0.08815275,-0.23705499,-0.32710433,0.22754297,0.079193965,0.1503415,0.11418202,-0.7275447,-0.12131872,0.081162244,0.11639093,0.2773463,-0.15586098,-0.079873085,-0.25983214,-0.7167735,0.015583672,0.82550514,0.10211353,-0.1198997,-0.49645767,-0.19540998,0.034489825,-0.32148406,-0.3682183,-0.452874,-0.598409
IND244715AAA,-0.18437791,-1.3954024,0.08416486,-0.35994768,-0.2555053,-1.1391187,-0.63960415,0.32032457,0.11169016,0.0010122135,-0.29931903,-1.0534668,0.41803235,-0.306269,-0.10833074,0.03699528,0.4274245,0.25942072,-0.7468122,0.35094613,-0.0067739263,-0.7287762,0.669882,0.23014298,0.02238302,-0.032558963,0.060472727,-0.060318083,0.27417457,-0.12005983,-0.2389479,0.2720828,-0.11372785,0.28337485,0.2662198,-0.24473046,0.13685498,-0.01194001,-0.081649005,0.21197435,-0.28950703,-0.332952,0.061176576,-0.5950505,-0.31049427,0.6320176,0.018915966,-0.5631416,-0.18050075,-0.050651774,0.0532486,-0.20901665,-0.54248905,-0.32310855,-0.41459155
IND263139AAA,-0.0066235065,-1.3898802,0.2562832,-0.4191481,-0.093449615,-0.9302628,-0.7325457,0.43992066,0.2720064,0.18315393,-0.5139157,-1.1938556,0.3637918,-0.38333195,-0.23968779,0.09044434,0.06017776,0.14273278,-0.66553456,0.65493727,0.07786941,-0.5798713,0.6130595,0.35322952,0.04836826,0.081573024,0.22227675,-0.0799836,0.3751089,0.039852932,-0.19064328,0.22642213,-0.1965243,0.21490368,0.52476645,-0.44394332,-0.025101423,0.07844501,-0.19952995,0.33089787,-0.053819947,0.09616047,0.0316431,-0.56077754,-0.18190134,0.63724804,-0.0033150613,-0.30222476,-0.14179716,-0.36808944,0.021848395,-0.22289559,-0.44017962,-0.4380517,-0.32313272
IND263401AAA,-0.07939088,-1.3857712,0.45366433,-0.1766479,-0.099640526,-1.2948198,-0.8754733,0.4641708,-0.14217143,0.06298859,-0.35723597,-1.1185856,0.4594913,-0.3560362,-0.27320468,0.11415936,0.34049186,0.24644671,-0.5560749,0.43763667,-0.030664362,-0.57490253,0.73518515,0.16285014,0.24848036,-0.107545294,0.086165324,-0.037647262,0.21533869,-0.3189335,-0.074928164,0.18472898,0.13546203,0.35536218,0.300218,-0.4163229,0.2513673,-0.13010338,-0.11837414,0.121217236,-0.124664605,-0.22625107,-0.020382427,-0.6275654,-0.18063629,0.54420996,-0.08485556,-0.31254447,-0.14817353,-0.222727,0.08522743,-0.32327703,-0.4150248,-0.32106704,-0.28952393
IND272153AAC,1.28782,0.10949683,-0.0057673454,0.04783602,-0.021175638,-0.038857527,-0.017900826,-0.10791352,0.004154768,0.07984671,0.0036525428,-0.006955091,0.043734953,0.00575862,0.059060596,0.010039993,-0.031045038,-0.01082772,-0.017671654,0.025563212,0.027416458,0.06360645,-0.056587756,0.04276564,-0.0039787944,0.054813266,0.01965721,-0.017145842,0.058913022,0.012020307,-0.094745934,0.068712234,0.02227965,0.0049634576,0.028276574,0.015009444,0.05640444,0.0073186476,0.05066575,-0.07168998,-0.013020288,-0.076206714,-0.05965861,-0.004446149,-0.124477655,0.06881464,0.0377274,-0.03254492,-0.069051474,0.07868506,-0.096531585,0.016939752,-0.050067116,-0.05856278,-0.09544328
IND273155AAA,0.093177795,-1.0790576,-0.4984263,0.053652212,-0.754415,0.2749115,1.6796315,-0.36527467,1.0063368,0.2139456,-0.11106782,-0.28712755,0.32165268,0.20094006,-0.095914945,0.12322307,-0.45080656,0.19736741,0.013903704,0.34793663,-0.19969249,-0.3946835,0.15826055,-0.30271673,-0.0007824609,-0.69428855,-0.57890916,-0.6996271,-0.07381372,0.24543935,-0.25682515,-0.08577857,-0.04752844,-0.14576207,0.13995287,0.20251133,-0.21651027,0.2413923,0.123722106,-0.36673152,0.42519164,-0.05243869,-0.0063218027,-0.03926748,0.19789073,-0.04662943,0.15558714,-0.37737066,0.031534147,-0.4018728,-0.3212632,-0.08449234,-0.05340447,-0.06560399,-0.010666311
IND274001AAA,0.23550117,-0.9758134,-0.52258813,0.14892726,-0.97653913,0.30818638,1.9042208,-0.2635954,0.6286669,0.23344472,-0.15660267,-0.23869666,0.22552803,0.07241884,0.05117178,0.07208714,-0.44025108,0.09554899,-0.0776554,0.45288295,-0.14996535,-0.48350418,0.31782463,-0.19890979,0.15156768,-0.6934552,-0.4040814,-0.777845,0.044008605,0.22317463,-0.39579183,-0.1910823,0.027875653,-0.18648787,0.048176795,0.38009673,-0.11342873,0.16080591,0.049040675,-0.34635988,0.24551485,-0.04864479,0.08992729,0.06836358,0.20432265,-0.24659199,0.19597079,-0.68518203,-0.035858467,-0.32362282,-0.23620684,-0.07990651,-0.02975623,-0.039390367,-0.067251876
IND274301AAB,0.42308176,-1.0038111,-0.5045124,0.040973708,-0.874522,0.3493666,1.8040634,-0.31014383,0.79261315,0.28156975,-0.15119109,-0.4784202,0.55792975,-0.036236163,0.008573184,-0.13168643,-0.6423911,-0.13580339,0.08139592,0.59938,-0.36742225,-0.48220518,0.22077703,-0.4015723,0.05912606,-1.1167852,-0.6346116,-0.29701126,-0.32541072,0.085987985,-0.41244036,-0.23995914,0.014594778,0.12138091,0.13744211,0.2019143,-0.21079174,0.2978462,0.34865123,-0.42806655,0.24107596,-0.3216585,0.08795401,0.19135964,0.03220644,-0.26281938,0.20402347,-0.30491418,-0.26248172,-0.06447187,-0.47111768,0.12092748,0.29518816,-0.0016779415,-0.056223437
IND277303AAC,0.23555076,-1.0694427,-0.58115387,0.08542512,-0.96116114,0.24244419,1.7149358,-0.19427598,0.91348314,0.33266568,-0.12583949,-0.28066784,0.29451227,0.14252861,-0.2588141,0.004788298,-0.49121225,0.1580945,-0.07581377,0.4088319,-0.20859894,-0.3768151,0.34692523,-0.31891856,0.26422393,-0.65640366,-0.3095541,-0.59019774,-0.22878757,0.34809315,-0.13564634,-0.09501782,0.25032395,-0.2089834,0.037187494,0.46771294,-0.1253174,0.29305148,-0.038707882,-0.34940434,0.15049659,-0.20696911,-0.10303081,0.209443,-0.007993102,-0.21915054,0.1980566,-0.5938492,0.002632277,-0.26937395,-0.18804513,0.15203258,0.03619608,-0.25540292,-0.15186402
IND276305AAA,2.3658586,0.20515266,-0.39680797,-0.0066864714,0.20703954,-0.10493396,0.3118805,-1.3264904,-0.20261207,1.1599258,0.48802876,-0.80853146,-0.41076326,-0.2937013,0.33125284,0.054340508,-0.5150155,0.41041237,0.6299895,-0.06624961,-0.29629856,0.064684846,0.3830315,1.3703823,-0.89940816,-0.9233737,0.26017863,0.24837698,0.81895363,0.0023401305,0.5851072,-0.6583248,-0.25528592,-0.074260905,0.45568478,0.15165427,-0.752007,1.1054283,0.14821228,-0.5011808,-0.0398617,-0.5845164,0.027964637,-0.84518176,-0.8758066,-0.089393735,0.474622,0.33484152,0.22231755,0.1011864,0.34451136,-0.363798,-0.36443442,0.028615164,-0.06867887
IND281004AAA,-1.4788947,-1.2532529,-0.09698632,-0.31189036,-0.15492877,0.29876438,-0.00362021,-0.04831872,-0.1051382,0.042244837,0.5859583,0.18013787,0.15865661,-0.36525393,0.2108818,0.1669372,0.19174823,-0.49408576,0.27092034,0.2257735,0.025340907,0.06002824,-0.30657983,0.33121678,-0.09958297,-0.28375357,0.5161933,0.274795,0.4264567,-0.21611391,0.23598003,-0.15379213,-0.084309846,-0.22464098,0.13872889,0.024242371,-0.37852007,0.4992686,0.40304342,-0.5467965,0.18482058,0.2782123,0.27771324,-0.23564953,-0.3773958,-0.38999578,0.4286828,-0.050325625,0.096496776,0.043420494,0.0023011416,0.07318197,0.55234337,-0.37083462,0.42633986
IND284403AAA,2.1032538,0.19553502,0.048597217,-0.015206978,0.06319361,0.078519195,-0.7039275,-0.30491257,-0.04662077,0.096432425,-0.92943275,0.6372094,-0.24454647,0.093220815,-0.4257043,-0.4003702,-0.2266409,1.3115567,-0.81640583,0.058664426,-0.84164846,0.39451718,-0.096556865,0.46826488,0.055853114,-0.84813946,0.1685577,0.0068634003,-0.11498983,-0.9547478,-0.2597259,0.51736146,0.27327865,0.06268798,-0.028194971,0.032111384,0.0049329028,0.39955056,0.5685601,-0.97483665,-1.5705612,0.76772356,-0.587622,1.1451948,0.35520598,-0.42850477,0.028027281,0.8949335,0.8789109,0.77544725,-0.75872844,0.12596375,-0.012039151,-0.10223462,0.2836533
IND321001AAB,-1.3350259,-0.59380454,0.6911386,0.39733297,-0.13993236,1.0598037,-0.5146494,-0.1625025,-0.3677271,0.4360509,0.34457135,0.020749182,0.42955494,0.43649542,-0.4469743,-0.08750729,0.058064677,0.15283632,-0.65812534,-0.08028974,0.5225518,-0.18742813,-0.5583499,-0.10092461,-0.047241956,0.31896913,0.37730813,0.3091905,0.3576573,-0.26590228,-0.06057939,-0.15184319,-0.025625274,-0.033125043,-0.120964505,-0.2657664,0.31858027,0.1879681,-0.2197003,-0.08172721,-0.20239207,0.25147933,-0.32814646,-0.21912399,-0.35307944,0.43821657,-0.32939488,-0.033048175,0.09235215,-0.15570623,-0.051492736,0.24153796,0.4870103,0.07593614,0.21885656
IND302004AAA,1.5514692,0.030705348,-0.02082923,0.033314362,0.33875453,0.15133661,-0.8464674,2.2467926,0.59982324,1.1088893,-0.9664494,-0.14102578,-0.3915611,-0.024947181,0.35469484,0.45349082,-0.038475182,-0.36318073,0.62055016,-0.51631176,-0.07320023,0.10949609,0.041512318,0.14564343,-0.026281938,-0.2808448,0.56758714,-0.06790484,0.18518688,-0.3466617,-0.09655842,-0.037013054,0.14225154,0.12452935,0.12223678,0.31776428,-0.11759118,-0.11417721,-0.22643432,-0.14554454,-0.04285787,-0.13241613,0.11694803,0.039679684,0.06551777,-0.12462685,-0.12362002,0.111332335,-0.24907348,-0.014407292,0.04046206,0.08130619,0.09119883,0.056029364,0.10352441
IND302006AAC,1.5847718,0.0065242797,-0.040663697,0.019222364,0.3395538,0.16164082,-0.8080717,2.2551372,0.6485687,1.0542308,-1.0148605,-0.14658263,-0.39939082,-0.06280376,0.31669918,0.5362368,-0.031128716,-0.32384562,0.65662545,-0.5191985,-0.0941531,0.09964767,0.04263068,0.18544777,0.029033437,-0.3328948,0.58786947,-0.11694554,0.27141237,-0.32992476,-0.16315824,-0.06425537,0.1318038,0.09783393,0.099751584,0.24907576,-0.15139925,-0.13430601,-0.2414839,-0.22593187,-0.035581447,-0.150855,0.1141685,0.046157546,0.039552845,-0.15760845,-0.13063893,0.11825871,-0.25417328,-0.07181451,0.06478262,0.06566103,0.04486658,0.041794606,0.14465322
IND302020AAA,1.5821282,0.0109127015,-0.027249344,0.03396246,0.33166426,0.16361412,-0.8299962,2.2177382,0.60989195,1.0342367,-1.0027623,-0.13665108,-0.4038807,-0.020962015,0.30921572,0.52868026,-0.024854142,-0.3381559,0.6460016,-0.5291034,-0.10239413,0.07719192,0.036260642,0.17608073,-0.027200386,-0.30162233,0.5682535,-0.09688105,0.22481768,-0.32725787,-0.13183817,-0.06675595,0.13093871,0.11081082,0.08191448,0.27961308,-0.15613474,-0.12172553,-0.2253441,-0.1984397,-0.052909136,-0.1325224,0.13559493,0.056206007,0.06270062,-0.13569702,-0.15547319,0.09633169,-0.23715821,-0.026647411,0.050809458,0.06917065,0.07891743,0.050771147,0.13791324
IND302023AAA,1.5636889,0.02296073,-0.022621341,0.02593328,0.32859424,0.17928462,-0.84700304,2.2972748,0.63941056,1.1313179,-1.0103557,-0.13034788,-0.38255823,-0.062327363,0.36207852,0.47794953,-0.022653412,-0.37401298,0.6204047,-0.5351279,-0.11258649,0.09572075,0.036945052,0.1396401,-0.019306738,-0.2517438,0.5745958,-0.05619549,0.20849617,-0.39758795,-0.12236217,-0.062548876,0.1360243,0.10834086,0.09214569,0.32440525,-0.12334087,-0.09420988,-0.25090405,-0.19125941,-0.017926253,-0.14750455,0.10257913,0.053432815,0.04073599,-0.107732296,-0.112530485,0.08519692,-0.28436947,-0.014495039,0.026425518,0.085292056,0.06884894,0.06342264,0.1051896
IND302026AAA,1.563207,0.017168485,-0.03608413,0.014485031,0.34440663,0.15527067,-0.8335822,2.227248,0.6216446,1.091489,-1.0067209,-0.16246426,-0.4133123,-0.061787203,0.32092404,0.5607285,-0.0141223185,-0.32363656,0.620079,-0.5609629,-0.106851146,0.06542381,0.030413155,0.12951012,-0.026828729,-0.26554722,0.6034661,-0.0950006,0.22317173,-0.34741902,-0.11342272,-0.029782327,0.11898899,0.08538405,0.075281344,0.2987383,-0.13759762,-0.13309246,-0.21157633,-0.19063188,-0.052237563,-0.15534295,0.1115526,0.026630994,0.029273711,-0.11976107,-0.14490274,0.08662726,-0.24419123,-0.023323711,0.051017776,0.096866496,0.073460445,0.023956016,0.12312755
IND303008AAB,1.5541619,0.007483054,-0.025048874,0.03210208,0.33899266,0.16582412,-0.8390253,2.2575078,0.6199779,1.0749543,-1.0051821,-0.1282691,-0.41855368,-0.036902227,0.33188504,0.5037526,-0.022158477,-0.3253227,0.629851,-0.51830673,-0.06659308,0.12135106,0.03538437,0.14430477,-0.009598244,-0.31320018,0.56479317,-0.08216846,0.25265616,-0.34605688,-0.12442556,-0.04047395,0.1217392,0.10028717,0.10218244,0.2937451,-0.13193193,-0.12229364,-0.26766962,-0.2366312,-0.049150802,-0.13218582,0.14022468,0.0740242,0.041090623,-0.10857362,-0.15240613,0.10995823,-0.2452107,-0.0064553544,0.056327805,0.09974302,0.042667706,0.06740474,0.14490943
IND303002AAA,2.0136409,0.09296587,-0.1673548,-0.17467725,-0.201754,0.13145205,0.36328003,-0.2932678,-0.54462576,-0.25875595,0.11123507,-0.45316553,-0.5575739,0.56398314,-0.5954855,-0.39958388,0.5747785,-0.92146385,0.6855366,1.3591154,-0.7750064,-1.2067281,0.6739409,-0.2635427,1.0407143,-0.18854895,0.8208598,-0.697016,0.5361176,0.83660287,-0.26180708,-0.0005918909,0.89474475,0.70657325,-0.30637267,-0.63146585,1.131955,-0.119275786,0.56107736,0.045379966,-0.63914275,0.22966172,0.7541526,0.1258699,-0.47607136,-0.040320728,0.77777654,-0.34899902,-1.013484,0.47614694,0.086726785,-0.18750304,-0.037417043,-0.4029618,0.21133763
IND322230AAA,1.5768014,0.03318935,-0.07103193,0.02537267,0.24907205,0.26857418,-0.69114095,2.3013942,0.5300873,1.6117157,-1.0593528,-0.18636505,-0.6067011,0.03526212,0.49746227,0.3186694,0.02922268,-0.22497365,0.53517264,-0.15588382,0.1316118,0.22670451,-0.04243821,0.11216833,0.12101181,-0.3562796,0.25470293,0.16075267,-0.18801627,-0.35846186,0.16388682,0.12131336,0.6786289,0.50442773,0.5634263,0.118102565,-0.14318569,-0.10732207,-0.28282425,-0.022294778,-0.012684155,0.08505109,0.041162334,0.03619826,0.021788277,-0.037897497,0.22229259,0.18080756,-0.33146545,0.16942945,0.051187024,0.071891524,0.1298208,0.23962808,-0.05123371
IND304001AAA,1.7293373,0.24120276,-0.13252248,0.012994781,0.36133695,0.2002189,-0.99551195,2.008628,0.290488,1.3393407,-0.88360196,-0.19237053,-0.2523289,-0.037080877,0.25520092,0.46141183,-0.15875147,-0.6244035,0.339247,-0.9736033,-0.15872201,0.17625432,-0.15480551,0.18558773,0.074089594,0.039875716,0.8792051,-0.053421058,0.07851496,-0.04623867,-0.020381331,-0.18297818,-0.24920496,0.15594763,0.13070703,0.30111378,-0.2756339,-0.3115371,0.17903034,0.40508142,0.19854693,0.080570646,0.1283135,-0.2713765,0.28181112,-0.016838118,-0.11902361,0.029801738,-0.004889665,-0.12085678,0.06318146,-0.08593093,0.5495064,-0.34928703,0.14702201
IND305901AAA,-0.08435452,-0.18460129,1.1183966,0.8057654,0.42734352,1.4848915,-0.65985376,-0.27928197,-0.33173662,0.34900314,0.38306016,-0.422064,0.6115165,0.4992413,-0.46836916,-0.25853974,-0.25409874,-0.22108263,-0.016954945,-0.5554305,0.39587918,-0.15917066,0.18273672,-0.34719554,0.05557677,-0.2547971,-0.44874412,0.024187572,0.10774037,-0.010711744,-0.21485665,0.013982765,-0.20884179,-0.1210151,0.42566916,-0.04726297,0.030966617,0.39191848,0.43933746,0.10391623,-0.16050126,0.34235278,-0.35891718,-0.06915659,0.28609407,0.34873444,0.31655484,-0.06410776,-0.13662952,0.023867562,-0.15697779,-0.24624085,-0.0059877597,-0.28996128,-0.37193573
IND341512AAA,0.14157665,-0.16906479,1.1756784,0.6000319,0.46445322,1.6121454,-0.36576715,-0.3356462,-0.3498447,0.90374726,0.40676618,-0.42229366,0.42205375,0.47321647,-0.6033721,0.016425896,-0.15747494,-0.14269398,0.012100659,-0.9774884,0.09628703,0.029658195,-0.10458463,-0.30957466,0.04025764,-0.119027786,-0.12067919,0.0042305924,-0.21597522,0.026013717,-0.39449412,-0.27625635,0.102391936,0.010857031,0.8646231,0.05811236,0.147226,0.4767784,0.30111957,0.22141068,0.24546497,0.35495636,-0.3685245,0.14140214,0.4712754,0.18052971,0.39591533,0.4550606,-0.54454476,0.19322729,-0.10578258,-0.28622353,0.3469456,-0.38908046,-0.19700259
IND311001AAA,-0.22894311,-0.2907375,1.1751461,1.2971181,0.69673526,1.2091733,-0.878882,-0.5632019,0.27749753,0.48456246,0.10470609,-0.50046563,0.16382669,0.0052234083,0.17829429,-0.57231414,-0.24034269,0.39244252,0.47163844,-0.13660234,-0.05924917,0.072711825,0.3591692,-0.16201937,0.23882023,-0.35564744,-0.18231541,0.10291374,-0.25155717,-0.42908525,-0.32456893,-0.13991597,0.2954398,0.086566746,-0.025140937,-0.31677353,0.2781625,0.27055812,-0.019901928,0.09836905,-0.44685778,0.011233211,-0.12792382,-0.04579308,-0.14558193,-0.19086437,-0.22635505,-0.023211315,0.043964416,0.15783203,0.15622814,0.18458173,0.09389323,0.20368293,0.2611149
IND312601AAA,0.0558486,-0.24160475,1.1464669,1.199401,0.71024257,1.307055,-0.96922594,-0.7498036,0.21694072,0.40088296,-0.15406367,-0.46210337,0.14701715,-0.036493495,0.1271354,-0.6286883,-0.0077565573,0.6648532,0.6002308,-0.25912964,-0.004981811,-0.035937175,0.65535027,-0.002825331,0.10199685,-0.28440917,-0.09559551,-0.004717279,-0.16208872,-0.49954367,-0.2928547,-0.15132655,0.21806045,-0.045031607,-0.15259166,-0.18122858,0.3428851,0.33263522,0.15729989,-0.21380113,-0.53445256,0.1968228,-0.10981951,-0.11791037,-0.2387982,0.06178245,-0.59504706,-0.27914032,-0.016450386,0.09404849,0.23187155,0.07285514,0.3588159,0.32171124,0.3363163
IND458001AAB,0.07556832,-0.45452625,1.0118415,1.4185776,0.82274055,1.1946552,-1.0449032,-0.7817409,0.007878289,0.477772,0.25855517,-0.76602495,-0.07875165,0.06472628,-0.024162523,0.42209584,-0.41996643,-0.06524031,0.1805933,-0.25526673,0.3243221,-0.0721336,0.6093189,-0.17464675,-0.14503883,-0.26345795,0.09519109,0.014212422,-0.1697887,-0.627361,-0.49445122,0.026013386,0.07402255,0.40867984,-0.049739964,-0.098561704,0.09960244,0.25460404,-0.27965698,0.2197217,0.19512549,-0.50413656,-0.17564642,0.21881644,-0.11472733,-0.08605493,-0.1942361,0.15571281,0.51628417,0.2615697,-0.035641536,0.07525177,0.42742935,0.11634077,0.18121368
IND321401AAB,-0.9972477,-0.68532515,0.56265306,0.3334095,-0.108564,1.1131347,-0.6169479,-0.13490552,-0.26852036,0.44853252,0.36898685,0.018088378,0.26491845,0.46714544,-0.6908543,0.062794015,0.033927616,0.30229825,-0.4269088,-0.12660424,0.45161995,-0.12998891,-0.53054804,-0.26710087,-0.28194976,0.27758008,0.37540478,0.13672012,0.728999,-0.10915926,-0.34952003,0.056734584,0.24006249,0.36097217,-0.36861885,-0.36022723,0.24178344,0.4689386,-0.45774502,-0.1924146,-0.48686668,0.10555899,-0.49710158,-0.15327185,-0.46803218,0.21901134,-0.16015711,0.18454614,-0.27050802,-0.1425467,-0.37448728,0.21641019,0.7140238,-0.3095301,-0.13599056
IND331001A1C,2.2386198,-0.08828343,-0.5617126,0.4017458,0.13863605,-0.22733346,0.38809136,0.012008242,0.7007198,-0.85353446,-0.16534853,0.24893562,0.59334147,-1.0404458,-0.17454396,-0.66913575,0.57354736,0.548085,-0.8918364,-0.31430334,1.2339406,-0.6384069,-0.19771183,0.7138872,0.37572086,-0.021892376,-0.6553478,-0.32987893,-0.4087867,-0.32966757,0.6728866,0.26886544,-1.3572283,-0.09724854,-0.18009412,0.6935704,-0.613732,-0.773657,-0.5869925,-0.73608947,-0.038767762,-0.063868105,-1.0448705,0.28670222,0.39171034,-0.7199869,0.42606968,0.044390827,-0.07274082,0.55673015,-0.36625737,0.60880053,-0.7840985,0.5082457,-0.13195172
IND333001AAA,0.53225625,-0.17121859,1.103501,0.5254944,0.25425875,1.5983131,-0.61326927,0.09533162,-1.0618932,0.65627,0.1325722,-0.14054829,0.19412689,0.4837566,-0.30164236,-0.5671443,0.4053873,0.1435656,-0.80114466,0.046873968,0.99779344,-0.37744483,0.21214172,0.40092754,0.98731685,-0.44938394,0.27738065,0.39522552,0.41690296,0.04998607,0.14691506,-0.20939437,0.20886014,0.18854968,-0.14384434,-0.068487786,-0.38024262,0.042837866,-0.23123169,0.05445832,0.25112897,-0.39535752,0.26392782,0.58031327,0.14290339,0.059031278,0.160645,-0.0009379424,-0.2063161,-0.14812052,0.16535942,0.12783924,-0.056583453,0.098587565,0.19012749
IND333031AAA,0.6839715,-0.26829565,1.0621789,0.50544,0.48035917,1.3678664,-0.4818779,0.066478655,-1.0184883,0.7589572,0.31700718,-0.39797974,0.35374328,0.3697347,-0.115717985,-0.7164618,0.25865868,0.0336941,-0.7708703,-0.045457713,1.0599911,-0.24601246,0.21105555,0.42385036,1.0744284,-0.22060414,0.44007158,0.2144546,0.6095719,0.2731995,0.016742706,-0.22698021,-0.2909684,0.09874369,0.12740552,-0.053547576,-0.37578994,-0.13238749,-0.37429607,0.004220519,0.27171594,-0.393356,0.18696249,0.53845024,-0.08628836,-0.081590265,-0.11636999,-0.15884572,-0.038593035,0.112654276,0.12720838,0.3182073,-0.18309464,0.0904015,0.13607377
IND332709AAA,2.2333117,-0.036633074,0.53272295,0.074674904,-0.6713067,-0.23133606,0.12394359,-0.73018456,-0.013603909,0.18372992,-1.0426588,0.85415393,0.46088445,-0.0403734,0.20410949,0.281977,-0.9369758,-0.680341,-0.73530895,0.6072779,0.15981883,0.038140558,0.63635904,0.4280603,1.4525523,0.5358298,-0.53162384,0.5332665,0.28493762,-0.62057465,-0.6866601,-0.53359157,-0.9581573,0.022717595,1.1472869,0.035696626,0.3557157,-0.118121594,-0.08068699,0.2148686,0.64695585,-0.81184894,0.15558216,-0.20792753,0.65349555,0.15142821,0.04675755,0.43854442,0.115021795,0.32414547,-0.28093636,-0.19811213,-0.6864734,-0.64710635,0.85083544
IND333502AAA,0.71013653,-0.1957574,1.0323911,0.5706884,0.76221704,1.2399304,-0.75253344,0.2747503,-0.93680763,0.9723632,0.53955907,-0.2084303,0.082220614,0.4287576,-0.47605503,-0.807054,0.6505402,0.086256415,-0.9409488,-0.08330956,0.59556174,-0.27313367,0.23490009,0.64642835,1.094645,0.07111454,0.022286773,0.3315333,0.7489032,0.34981805,-0.1365459,0.32158804,0.18717,0.24896885,-0.27860135,0.023866884,-0.5177533,0.20136163,0.024466485,0.049986858,0.24023116,-0.27101883,0.28102717,0.78419197,0.22261547,0.07600077,0.14675479,0.25439006,-0.010883983,-0.2660459,-0.028391197,0.15299198,0.17578405,0.39563018,0.35817567
IND334803AAA,0.81811845,-0.2821501,0.7933128,0.59158,0.13385916,1.5929365,-0.59815866,-0.51197976,-1.1428204,1.1643033,0.023301564,0.43968368,0.29894474,0.29647857,-0.111151196,-0.74841475,0.6559056,-0.0044331476,-0.6779928,-0.07885401,1.0197172,-0.39749846,0.07766641,0.49366152,1.1709192,-0.3252251,0.30979553,-0.03022261,0.46915746,0.26601654,0.10105592,-0.31740522,0.11274499,-0.26380122,-0.18274385,0.20145139,-0.2788031,0.29414946,-0.36061683,0.30286133,0.19379485,-0.35539302,0.21472457,0.56469536,0.22644527,-0.23461755,0.23483737,-0.25639564,-0.22224146,0.02321349,0.3787278,0.116400324,-0.31634778,0.08462256,0.5162909
IND125104AAA,1.9385849,0.06597376,-0.09178451,0.30783206,-0.21901703,0.33693048,0.08950357,0.79329664,0.010367069,-0.33520165,-0.10091187,0.23871587,0.1912066,-0.7416347,0.20369725,-0.36251974,-0.40134594,1.077999,0.67133623,-0.8566744,-1.5602674,-0.7947184,0.48507103,-1.5072653,0.39951217,-0.43279266,0.67216176,-0.6883495,0.0948991,-0.8048274,-0.35076612,-0.4237138,0.34873512,-0.69326454,-0.7013838,0.4540853,-1.0550047,-0.03109074,-0.32064262,0.016609479,0.85102594,0.35953864,-0.5752227,-0.49345034,-0.12253553,-0.7762474,0.29255986,0.3178272,-0.5288216,0.27483955,-0.06746434,0.55405635,-0.10984406,-0.12894747,0.34093195
IND335803AAA,-0.7910105,-1.1613038,-0.06138259,0.07549347,-0.41955358,0.43273434,-0.10352126,0.04785911,-0.3382759,0.010951869,0.53371984,0.08779529,0.65831536,-0.75863063,-0.28742838,0.3703079,-0.33306327,-0.09252335,-0.012842512,-0.012856126,-0.29239118,0.56961143,-0.17054838,-0.9033286,0.2846946,-0.002367109,0.012640506,0.23550893,-0.60761005,-0.57368886,-0.3806818,0.3170476,0.6210823,0.53943795,0.09042417,-0.69580275,0.19575289,-0.47696298,-0.34688684,-0.43587452,0.078192756,-0.6800668,0.029714264,-0.14799578,0.17975578,-0.5181749,-0.50774854,-0.036424898,-0.47768077,-0.048013575,-0.093993634,0.055414695,-0.44438073,0.3567047,-0.44020885
IND341503AAB,0.5014032,-0.007400982,1.1290144,0.8045016,0.30309564,1.1627287,-0.5346068,-0.18072611,-0.34464115,0.53418344,0.12664044,-0.571179,0.9331795,0.90729725,-0.06329387,0.18725675,-0.14792658,-0.38487855,-0.082186624,-1.130498,0.8056265,-0.22321373,0.19321737,0.13745922,0.46161693,-0.14082803,-0.3839907,0.39872187,-0.15075076,-0.41605997,-0.03932634,0.5914509,0.023300273,-0.16534723,0.04079812,-0.18799768,0.42212823,0.2612645,0.8545519,0.23622458,-0.33832815,0.72887367,-0.59032,-0.2687407,0.27501976,0.45856166,0.3384984,0.18415454,-0.31154215,-0.017076805,-0.031372547,-0.47465464,-0.19906372,0.008997995,0.017229438
IND311302AAA,0.28513324,-0.23122141,1.3304801,0.71819633,0.24464339,1.6275859,-0.8038887,0.026917584,-0.43407124,0.71658826,0.41938215,-0.285904,0.6090659,0.66566074,-0.10615695,-0.36041075,-0.48177004,-0.37418896,0.2188146,-0.81144226,0.30890355,-0.25265914,-0.29976723,-0.2972687,-0.21013972,-0.08808644,-0.6470216,0.15762894,0.46370548,0.15270539,-0.027836531,0.23073527,-0.20066631,-0.19778468,0.4840914,0.27381283,0.29864576,0.60070413,0.5218929,0.046702344,0.075608626,0.5507214,-0.27063364,-0.23369402,0.2868749,0.43611062,0.20875718,-0.17213663,-0.12406403,0.3597514,-0.09555918,-0.042905144,-0.03984907,-0.2690811,-0.22426906
IND343029AAB,-0.18244529,-0.25903398,1.1023499,0.9087289,0.22228292,1.6841055,-0.79551893,-0.37339792,-0.035541423,0.3676661,0.3742252,-0.7812727,0.30343297,0.4237855,-0.2622155,-0.27577463,-0.23299469,0.036445428,0.38071805,-0.39828914,0.3419038,0.15568851,0.17851359,-0.103604965,-0.29691607,-0.09236024,-0.12974891,-0.3129412,-0.29522023,-0.21167155,0.30567682,0.24851915,-0.27822375,0.008535944,-0.050620813,-0.07695654,-0.093194366,0.24978854,0.56772935,-0.44887212,0.05487713,-0.22854635,-0.7424653,0.08718071,0.4816652,-0.20657727,0.33621073,0.18035641,-0.19826996,-0.16457179,0.65824825,0.16033539,0.23765819,-0.0283066,-0.05530736
IND345001AAA,0.70634687,-0.2526539,1.0171794,1.0421189,0.15243661,1.4685178,-1.0012466,0.12308907,0.2153494,0.6968111,-0.34296095,-0.8035568,0.45919964,0.33691293,-1.1347238,-0.7148655,-0.37844568,-0.5840343,-0.036267895,-0.2535892,0.55125105,0.18623058,-0.41230777,-0.37578794,-0.6891998,0.07879251,0.0092569515,-0.1837667,-0.37282407,-0.24570219,-0.24091724,-0.1575027,0.5491663,-0.26070184,-0.15151283,-0.35348654,-0.38048232,-0.26310194,0.56096685,-0.33992139,0.21668757,-0.3531826,-0.49835202,0.008549951,0.33062276,-0.26651758,-0.015858188,0.13926832,0.5056985,-0.107925355,-0.5273463,-0.51894844,-0.3469817,-0.42106184,0.48469386
IND345021AAA,0.6123227,-0.0053370297,1.077113,1.0889415,0.12709454,1.2893317,-1.0770018,0.018068828,0.27690184,0.5307497,-0.29060525,-0.8148271,0.4679352,0.36024278,-1.0638118,-0.8416664,-0.25587642,-0.52291226,-0.15526867,-0.27522057,0.36154607,0.07686438,-0.35082427,-0.40548012,-0.7670725,0.15382752,0.111892104,-0.32257217,-0.38412243,-0.2742635,-0.033177987,-0.08790318,0.473113,-0.20150264,-0.23135296,-0.2529651,-0.34171987,-0.28852427,0.40280128,-0.4064184,0.25799692,-0.29603934,-0.49768308,0.014700949,0.4019598,-0.39387342,-0.07190856,-0.05225213,0.3583729,-0.13840345,-0.33264446,-0.65194285,-0.43605837,-0.25841683,0.52516854
IND360050AAA,1.770291,-0.069349445,-0.110403344,0.11603843,0.33401334,0.34243277,-0.68897355,0.18724163,0.80644584,1.2236389,-0.8894268,0.2623294,-0.5134883,0.74355096,0.37375343,0.5548579,0.5221422,1.0974128,-0.17592855,0.51185757,-0.07280519,0.035733726,-0.6884503,-0.3019252,0.05986628,-0.06919024,-1.104769,1.230511,-0.08319434,1.4818578,-0.2612633,0.5857124,-0.8778521,-0.2069581,-0.31777447,-0.32835805,0.8041256,0.5122883,-0.4700585,0.2307686,0.3841341,0.15306738,-0.16855547,0.1631681,-0.15630695,-0.33976096,0.73247623,0.5470236,-0.046552803,0.03316062,-0.38544452,0.11418791,-0.8059728,0.056698207,-0.27290738
IND361305AAC,2.1312995,0.26466846,0.44681624,0.22319739,-0.38525668,0.07174194,0.47867373,-0.8387958,0.19351016,-1.5334874,0.5855756,1.0992556,-0.068067126,0.7908359,-0.56468225,0.06334093,-0.020876985,1.404616,1.2018452,0.5618508,-0.19995573,0.10816921,0.049721673,1.4003456,0.8552679,-0.25555015,0.048411876,0.008600585,-0.31818694,0.21511227,0.04270912,-0.58456725,-0.5435549,0.19902316,-0.02144336,0.31837755,-0.7034666,-0.93821514,0.026517607,0.6636016,-0.03585569,-0.21389973,0.33086857,-0.020679526,-0.05303487,-0.3177946,0.8185481,0.22091436,0.5806193,0.3937533,-1.0470932,0.048111234,0.073379524,0.072956726,0.35178843
IND360002AAB,2.0663123,-0.015254278,-0.031669468,-0.008380517,0.07027468,-0.096445665,-0.09308529,-0.5023226,1.0331948,0.101572745,0.35508698,-0.117458396,0.0037832037,0.92633724,-0.2852865,0.8237777,-0.5960034,0.585448,-0.30170423,-0.33612996,-0.100711435,-0.63749456,0.09348626,-0.0422701,-0.23018521,0.19961315,-0.019623138,0.5789483,-0.29959765,0.36267042,0.42533234,0.35156792,-0.49242464,1.0477519,-0.7623102,0.6134302,-0.054934446,-0.57281196,0.26562068,-0.030012447,-0.86356926,0.6591957,0.34891886,-0.37897104,1.3859918,-0.023465483,-0.37232417,-0.4676754,0.20457397,-0.25313717,-0.24178441,-0.49659848,0.48630127,-0.05599579,0.16774596
IND360370AAA,1.5492948,-0.103055105,-0.07201311,0.10175718,0.23256585,-0.21417713,-0.4827477,1.2341465,-1.0076814,-0.21436727,0.9904469,-0.23272349,-1.451972,-0.13329597,0.11420517,0.19680862,0.5640061,0.38311672,0.21922593,0.97721535,0.8371478,0.51326,0.050776895,0.4257603,0.70790666,0.05927986,-1.058038,-0.55451703,-0.18966872,0.02180399,0.02042231,0.15128008,0.24836913,-0.020238474,0.008340798,0.06978382,-0.37065807,0.110318854,-0.23706025,-0.15537705,-0.15525463,-0.15100697,0.09859231,0.101021275,0.7695984,-0.035154983,-0.29993767,-0.123752154,-0.1526399,0.15366235,-0.365651,0.24365196,0.09812459,0.15826543,-0.22800386
IND362225AAA,1.5197135,-0.04829648,-0.08443178,0.13950993,0.302348,-0.25889888,-0.6464581,1.3209462,-1.0549511,-0.03712731,0.87938327,-0.20779862,-1.124892,-0.025108874,0.029095935,-0.031578105,0.34193677,0.6206912,0.20253527,0.976571,0.7661992,0.81371236,0.08518392,0.35663325,0.7097874,-0.24854578,-1.2458134,-0.6174153,-0.52036697,0.33906037,0.050373524,0.39255702,0.014412995,-0.23469149,0.008496515,0.4746468,-0.12676337,0.5318074,-0.43060502,-0.11315997,-0.20107864,-0.21392009,-0.018050544,-0.03652373,0.6223584,-0.4350674,-0.30297774,-0.18217361,-0.2425395,0.32929343,-0.4334088,-0.035982884,0.13180874,0.13512412,-0.22716317
IND362150AAA,1.6866907,-0.16803066,-0.20686463,0.13056104,0.2932287,-0.22449508,0.11440449,1.735269,-1.1086081,-0.4812333,1.2649536,-0.14148559,-1.3723054,-0.31109005,-0.037067726,-0.07995503,0.3490337,0.16510507,-0.4955945,0.6894992,0.7911254,0.31875435,0.21844545,0.37995258,0.097705975,-0.08943814,-0.4611707,-0.827509,-0.41391057,-0.15772395,-0.13849309,-0.29543477,0.4037161,-0.037871078,0.10519167,-0.008737352,-0.022590216,0.16772456,0.0024951398,-0.2518469,0.13996369,-0.48384714,0.11447774,0.27060783,-0.10518113,-0.24912904,-0.8658687,-0.21214214,0.12637271,-0.4801748,-0.06769134,-0.043861486,-0.06702013,0.27085337,-0.31469172
IND364710AAA,1.8104652,0.005883813,-0.09058511,-0.04779032,0.5999725,-0.3936548,-0.0667663,-0.44806606,-0.1226327,0.4266221,0.95012987,-0.14629467,-0.07812977,0.12139873,0.72007835,-0.70054066,-0.07574433,-0.060872525,-0.006098372,1.6478661,0.40698162,0.29866245,-0.7037613,1.061841,-0.27910256,-0.12137544,0.7664485,0.4576649,-1.5552773,-0.24927,0.49565196,0.71324426,0.4569058,-0.10622899,0.017562218,0.6627969,0.3947456,-0.7442229,0.23717865,-0.6835749,-0.6219902,-0.42090362,-0.5598503,-0.00043287873,-0.5731242,0.30737546,-0.041168004,-0.5141306,-0.13038768,0.43749842,-0.23971988,0.4415504,0.09330514,-0.014523219,0.20834175
IND364290AAA,0.04773724,-0.8066418,0.59545124,1.6346387,0.641389,0.19358099,-0.5043247,-0.5062521,0.36092055,-0.18543136,-0.3841704,-0.21302132,-0.2308927,-0.09739111,0.6907874,0.18203153,-0.4733339,-0.22738826,0.10555752,0.6205329,-0.2271395,0.947165,0.036993362,-0.13498256,-0.09365686,0.48270208,0.025075056,-0.7835878,-0.6546564,-0.32773256,1.1592882,0.09000671,-0.006262146,0.2072564,-0.6202003,-0.10535126,0.2671761,-0.4537409,0.08766874,0.33332658,0.16712512,0.11245012,0.58241266,-0.33579367,-0.059493184,0.09346145,-0.6126016,0.14681566,-0.11757487,-0.107117556,-0.17639036,0.061787747,0.22847492,0.61208665,0.5034369
IND370615AAB,0.26073396,-0.69254225,0.4403369,1.8418299,0.57063335,0.13219988,-0.4415433,-0.86096114,0.733095,-0.38668206,0.7440107,0.30558717,-0.33178955,0.17971496,0.40046865,-0.32410294,0.15593961,0.4706136,0.09836094,-0.094614245,0.19325027,0.92368126,0.031578816,-0.08106153,-0.362261,0.47204632,0.1494077,-0.6228018,-0.4714349,0.41250753,0.43319044,-0.62672806,0.5060631,0.18533981,1.0455528,-0.385257,0.3708705,-0.14390382,0.049441196,0.69285655,0.2991738,-0.033860803,0.20766193,0.45497692,-0.71874774,-0.06812398,-0.2551328,0.38096994,-0.35998031,-0.18375167,-0.1446699,0.076281,-0.12990254,-0.4084432,0.12913187
IND363330AAB,-0.6596842,-0.5718023,0.2116407,1.7992617,0.54351866,0.26266143,-0.59540546,-0.95371455,0.42955935,-0.33713952,0.715963,0.2585072,0.024305597,0.24063316,0.6122203,-0.10661635,0.10509373,0.3496969,0.13459024,0.24490345,0.14464644,0.5790516,0.3571388,-0.0006121546,-0.4141177,0.4524945,-0.053790517,-0.5337684,-0.36045146,0.39775193,0.13247177,0.019302517,0.08628534,-0.29449958,0.667608,-0.16089752,0.34888685,-0.104499474,0.18480861,0.6381196,0.10453981,-0.05517496,0.21308738,0.29896522,-0.049494624,0.036397584,-0.012523487,0.09517267,0.05956945,0.24112499,-0.03767033,0.026262805,0.23033567,-0.53217655,0.122024894
IND380005AAA,-1.0900893,-0.6328238,0.5207653,1.4821247,0.6149157,0.25688118,-0.35044152,-0.54254615,0.25303513,-0.14581414,0.16136438,0.012540016,-0.22852689,-0.00123554,0.732029,-0.03089943,-0.48092467,0.28310105,0.24409062,0.06945211,-0.26895258,0.50005436,0.39099577,-0.0663459,-0.16803108,0.12652603,0.2031995,0.02514726,-0.28006342,0.1960129,0.2491709,-0.1252861,0.106901236,-0.18091999,-0.085741326,0.039198607,0.051654905,0.25351477,-0.19631459,0.008031264,0.18869643,0.28152975,0.2696025,-0.24600393,-0.0009848326,-0.120538294,-0.17002672,-0.016957156,-0.022307351,0.2564812,0.15533927,-0.022781625,-0.098355025,-0.023650546,-0.0064067543
IND380015AAB,-1.1617534,-0.50281733,0.61610675,1.5686761,0.5641205,0.2860936,-0.37565488,-0.3395581,0.3183722,-0.2764746,0.0836248,-0.19069543,0.112977184,0.03368365,0.64201725,-0.06221392,-0.32554343,0.20475711,0.15114555,0.17340715,-0.17009005,0.54389524,0.3139929,0.068212785,-0.08443302,-0.14909689,0.104139134,-0.054906722,-0.33643496,0.24378312,0.26727325,-0.09892572,0.042457517,0.015162684,0.08156885,-0.028217528,0.10219588,0.18542272,-0.23140058,-0.0033313073,0.2955141,0.32594156,0.11568165,-0.20197359,0.12461395,-0.0948112,-0.05644086,0.15892908,0.08716649,0.25034586,-0.037279025,-0.21822035,-0.19537926,0.022714462,0.12300211
IND382345AAA,-1.1208812,-0.6774544,0.5264084,1.4289804,0.5531703,0.3940174,-0.34455553,-0.479172,0.36678702,-0.44775027,0.021853914,-0.18700954,-0.09505774,-0.012409632,0.6921528,-0.23485391,-0.4203838,0.37090713,0.19294499,0.20868838,-0.39292827,0.416613,0.3588672,-0.07966394,0.05598893,0.029659882,0.022565328,0.08311957,-0.3342384,0.2068404,0.18984604,0.09615021,-0.2405588,0.026586208,0.11267891,0.17882329,0.089141615,0.22070266,-0.095343776,-0.09728277,0.1546717,0.052402727,0.23444673,-0.10307965,-0.0024803728,-0.017004468,-0.064927265,0.0068733543,-0.038909327,0.13499641,-0.16692431,-0.13215134,-0.20011157,0.110503964,-0.12511706
IND389001AAA,-1.1447785,-0.69721156,0.4598024,1.5156771,0.52249056,0.3228429,-0.46870133,-0.44427472,0.27770972,-0.26926792,0.16357613,-0.1304719,-0.11289126,-0.019640883,0.68119526,-0.11949867,-0.21773548,0.3233308,0.27982765,0.20127308,-0.16833353,0.3579716,0.32535526,0.030063659,-0.072445914,-0.136649,0.1449177,-0.10139884,-0.19766274,0.2614215,0.18651202,-0.019156666,0.16973539,-0.071876585,0.027010754,-0.1108205,0.18644959,0.10829066,-0.34705788,0.13009651,0.09240009,0.2387151,0.31588492,-0.08225435,-0.02207227,0.06378761,-0.39756328,0.12328825,0.224628,0.3879069,-0.102216795,-0.23086229,-0.38496184,0.025442347,0.2505851
IND391110AAD,2.1462355,0.005272515,0.29339248,0.37957054,-0.016654711,-0.06701512,-0.14065534,0.7526629,1.4562184,0.22811455,0.718349,-0.79441214,-0.4927544,0.48589677,-0.83127713,0.47076926,0.566453,-0.68789375,-0.23007171,0.034973703,0.1984964,-0.78728056,0.9618745,0.48412246,1.0051683,0.61280024,-0.042041276,1.8888083,-0.6429326,0.162949,0.5587319,-0.11366336,0.065178305,1.1989473,0.49521226,-0.16958433,0.14945975,0.15491122,0.39832848,-0.08998202,0.94944465,-0.26289117,0.46752444,-0.3117463,-0.355934,-0.5255378,-0.04986933,0.055698246,-0.39388087,-0.3969332,0.016732097,-0.44864413,-0.6732407,0.18042406,-0.21686319
IND394221AAA,-1.826797,-0.14167744,0.5100721,0.62977827,0.859409,-0.15288892,0.13897896,-0.28790525,0.207472,0.008859653,0.13353993,0.23309933,0.050331518,-0.3778804,0.46633795,0.41130167,-0.12749486,-0.19329548,0.27523756,0.16590929,-0.39608237,0.18776694,0.43688676,0.044265777,-0.0031403676,0.32260907,-0.11609691,0.08898212,-0.36580247,-0.15270668,-0.26815328,-0.40440527,0.11520929,0.17608094,0.13501313,0.1151202,0.10489773,-0.012706157,-0.19490981,-0.107928455,0.16273609,0.20886171,-0.00906007,0.13836452,-0.3511805,0.264656,0.31445605,-0.024461105,0.22910011,-0.27929544,0.24003276,0.1848467,-0.14029968,-0.07019426,0.04836552
IND395001AAA,1.6654433,-0.048290253,-0.15637143,0.04529789,-0.16589725,0.39465538,-0.3778315,0.067257784,-0.040834025,0.42857254,-0.86505866,-0.14939511,-0.41056976,-1.4730759,-0.54611135,-1.2017416,-0.5929546,0.7136055,-0.5611279,0.078772105,0.14389771,0.53333724,0.37548926,-1.2568285,0.14292665,-0.8875907,-0.48944712,-0.1891085,-0.09524623,0.40093958,0.8198734,0.12857988,0.04307574,-0.15506217,-0.1983665,0.594078,-0.15814196,-0.24280763,0.11705607,-0.43915647,-0.040077448,-0.35719937,0.48333773,0.06944269,-0.33856595,0.14001352,0.18520539,-0.11055141,0.12363657,-0.3309202,0.2953694,-0.15776283,-0.10883351,-0.4181213,-0.1749987
IND395004AAB,1.6411372,-0.03677343,-0.14919147,0.00028853863,-0.18431747,0.43662694,-0.33852142,0.069956966,-0.08987005,0.49319208,-0.8710568,-0.19119371,-0.4369809,-1.4774107,-0.55244946,-1.2725178,-0.5887562,0.7276075,-0.6378953,0.07256859,0.15656897,0.5799062,0.3988752,-1.282563,0.21500845,-0.9066951,-0.45161802,-0.19532575,-0.096118405,0.3365116,0.8297255,0.16551563,-0.008558452,-0.21918835,-0.12739149,0.6158656,-0.13952032,-0.20017864,0.028647035,-0.48222476,-0.05578062,-0.35105023,0.46425346,-0.0057798624,-0.33332536,0.15221529,0.2098272,-0.093561016,0.1133645,-0.29520822,0.30721223,-0.15822947,-0.11420542,-0.3843128,-0.21397969
IND395006AAA,1.672995,-0.03686215,-0.14127365,0.025181577,-0.17413205,0.41086864,-0.35440692,0.037529506,-0.055242226,0.45016748,-0.8660704,-0.17329858,-0.42767125,-1.5188758,-0.560192,-1.3071117,-0.6238383,0.7110299,-0.600023,0.08563605,0.17172739,0.5896764,0.40125373,-1.2789187,0.17643334,-0.90511906,-0.46228778,-0.17422134,-0.08503326,0.3415665,0.79462796,0.14448097,0.04338181,-0.22451432,-0.1765633,0.6554939,-0.16027828,-0.23427968,0.07540542,-0.51230794,-0.0651093,-0.37440908,0.4811077,0.027562827,-0.3433721,0.15716639,0.24171238,-0.12266558,0.114974946,-0.32422546,0.3120978,-0.18105716,-0.14254582,-0.38207993,-0.22060454
IND395009AAA,1.6528438,-0.048812136,-0.14290534,0.02398017,-0.17906404,0.41527167,-0.37515566,0.08122877,-0.091826394,0.40442407,-0.85651064,-0.2178842,-0.37909138,-1.484563,-0.5455416,-1.2666303,-0.5621515,0.75436187,-0.6290432,0.07498437,0.13303119,0.5767689,0.4279508,-1.2684014,0.21772636,-0.9446307,-0.46994084,-0.2077549,-0.031233758,0.35851854,0.80803937,0.16487223,0.011238933,-0.21173961,-0.15813798,0.5887098,-0.14675963,-0.16434033,0.045737773,-0.45891112,-0.03110455,-0.33306098,0.47971317,-0.008459449,-0.3555362,0.12103465,0.27006793,-0.08581028,0.07886125,-0.30188635,0.2929504,-0.19129089,-0.07957433,-0.40701056,-0.24068716
IND396105AAA,-1.5865121,-0.08146514,0.021611482,0.6790015,0.9900242,-0.64666665,0.073358186,-0.27346712,0.0712554,0.009062797,-0.23847212,-0.28478292,0.04638359,-0.38414395,0.4296281,0.16689913,0.07935604,0.3327131,0.194754,-0.034295525,-0.30057886,0.059488125,0.07555462,0.0635189,-0.4215169,0.21046057,-0.16340429,0.14294514,-0.20309643,-0.49541128,-0.31986946,-0.36589104,-0.026704907,0.29340947,-0.054896235,0.15838018,0.20794141,-0.28155744,0.029424936,-0.3183798,-0.04792975,0.24134642,0.35095534,0.16613084,-0.41870373,0.102884084,0.3275842,0.31792027,0.48604324,-0.4509365,0.5045475,0.19650307,-0.65507674,0.077339806,-0.08532213
IND400072AAJ,-1.5447466,-0.20531,-0.42731562,1.0057739,0.5759949,-0.88854694,0.1462836,0.16863327,-0.10330201,-0.13770062,-0.019890629,-0.45541137,-0.01636731,0.11231084,0.1725527,-0.10648331,0.60745287,0.22553067,-0.11435616,-0.1651806,0.06959372,-0.016550709,0.084332116,-0.0052506663,0.24946852,0.40067494,-0.50480074,0.30092162,0.37653857,-0.03790672,0.015168101,-0.20559806,0.12041813,-0.11976747,0.099946685,0.112834245,-0.028961293,0.3546443,0.16389813,-0.24751754,-0.1949708,-0.21780244,0.266219,-0.12871304,-0.028862625,0.4167198,-0.019387342,0.48203042,-0.021560565,-0.079668015,-0.22875454,0.06285531,-0.15282765,0.30483153,0.29433978
IND421302AAS,-1.2712989,0.14358169,-0.43623325,0.9783984,0.95250505,-1.0881287,0.06642029,0.018096961,-0.3429097,0.03286862,-0.4127478,0.074747145,0.60721976,-0.27780104,0.17555729,-0.09970781,0.08908795,-0.18847987,0.113528,0.17701742,0.19836327,-0.20027854,-0.362883,-0.056386627,0.049852543,0.01284802,0.16695616,-0.033682693,0.029423602,0.30427253,-0.069012344,-0.08128068,0.058289595,-0.020158112,-0.30021057,-0.36012667,-0.008340124,-0.0040733255,0.18874213,0.42451632,-0.013034552,-0.10629566,0.08383266,-0.032794207,0.31601685,-0.24931642,-0.3070476,0.19746765,-0.05965467,0.10204571,-0.2533598,0.20518303,0.116696015,0.0031430274,-0.11557281
IND400052AAA,-1.4668803,-0.07337996,-0.25841475,0.94660217,0.72346956,-0.8209193,0.37550962,-0.2840711,-0.13131008,-0.1964413,-0.5892174,-0.18106808,-0.6859412,0.09943003,-0.1926936,-0.44307494,0.5729047,-0.05791489,0.12889417,0.1610795,-0.34151652,0.004605186,-0.057470858,0.046448864,0.20840688,0.001239866,-0.23942721,0.3234588,-0.1387614,-0.51875144,-0.019990712,-0.63900614,-0.15188752,-0.3299877,0.020825777,0.17149773,-0.37938485,0.5320869,-0.19101845,-0.066975966,-0.28787464,-0.26988667,-0.2983631,-0.20024851,0.33659333,-0.41922748,-0.33459824,0.04764896,-0.2330437,0.33859092,0.09173387,-0.122527,-0.16437303,-0.06315598,0.1232755
IND421302AAH,-1.1234205,-0.0032637417,-0.3662394,1.0546631,0.7936239,-0.9271891,0.16895626,-0.28157836,-0.16208613,0.46636918,-0.5976294,-0.30774182,-0.28836504,-0.13718978,0.46934834,-0.38091958,0.380166,-0.15482219,-0.5547998,0.27655667,0.32577026,0.4256965,-0.18472624,0.23178306,0.020119911,0.22888422,0.123108536,-0.25659943,0.1760561,0.2877161,-0.5464039,0.15927275,0.035760067,0.5429689,-0.2615486,0.54057825,-0.25507715,0.18590382,0.15988539,0.08711602,0.14185844,0.14798576,-0.010810293,-0.009720542,0.300667,-0.7020699,-0.3343108,0.12603018,0.547163,0.020292848,0.37485617,0.17149413,-0.12010585,-0.1856444,-0.3953613
IND401208AAA,-1.2392194,-0.22994149,-0.325087,0.9829816,0.93366486,-1.1149108,0.0671783,0.24589899,-0.13059396,0.2759489,-0.36968172,-0.4532842,-0.2839129,-0.20037782,0.7066136,0.13513462,0.31954733,-0.114690065,-0.16839477,-0.12438302,0.39028132,-0.2345763,0.037486184,0.07832998,-0.09788092,0.4491868,0.28025258,0.12170929,0.37648422,0.36601335,-0.36059296,0.22932488,-0.13184541,0.06185832,-0.2753407,0.20344952,-0.21869025,0.11556429,0.16485026,0.20214687,-0.27654186,-0.022605784,0.18800372,0.14994933,0.5389752,-0.7819163,-0.08851848,0.14659393,0.08793099,0.15020919,0.02676265,-0.10388603,0.20471413,-0.4980423,-0.028491974
IND581400AAB,-0.7140448,0.9607125,0.73760176,0.40222257,0.6853359,-0.62807834,0.21940169,0.27741116,-0.40104938,0.1684416,0.3591137,0.85490197,0.10889441,-0.12251844,-0.46107656,0.24938224,-0.57536864,-0.03126198,-0.07876868,0.6544892,-0.5008926,-0.073579855,-0.37011802,0.31087765,-0.6017533,-0.48778048,-0.43249646,-0.38263446,0.46699947,0.16951315,0.2557655,0.5474953,0.04531811,0.14104868,0.23754591,-0.013376145,-0.12232935,-0.013717026,0.089317776,-0.0040760264,-0.1301426,-0.21858624,0.09281971,0.37717167,0.31831384,-0.69982344,-0.3721875,0.22970814,-0.10486174,0.11896039,0.18421173,-0.373403,0.021651302,-0.14191693,0.13304889
IND403002AAA,1.8103999,0.10073008,-0.2411502,0.01922056,0.06558309,0.4490493,0.9578368,-0.43721044,-0.5335265,0.25298917,0.4165203,0.26902854,0.5317614,-0.5423759,-0.6256207,-0.48970792,-0.29421282,-0.39607006,-0.9490314,0.720393,-0.031149752,-0.452438,0.2615367,-1.5238652,0.45593178,1.0534506,1.0209363,-0.27031407,-0.3549769,-0.17169611,0.10316789,0.6385123,-0.004307365,0.47339904,-0.044832885,0.10987851,-0.62689805,0.51003134,-0.43332654,0.33736998,-0.15431924,0.39106917,0.9313254,0.17711148,-0.009236455,-0.21459258,-0.15457648,0.11829069,-0.4555767,-0.050595723,0.33317924,0.15485036,0.10032527,-0.13490771,0.22404155
IND403507AAA,1.8496102,0.098286405,-0.21082693,0.006198406,0.026272602,0.43341866,0.8976287,-0.4164158,-0.4743272,0.26244935,0.3542472,0.2556498,0.49221063,-0.560673,-0.58275867,-0.4705223,-0.26809007,-0.38428277,-0.8926242,0.6689027,-0.07346133,-0.49500635,0.2940159,-1.5002472,0.47305202,1.0389688,1.0002425,-0.30013323,-0.34876156,-0.1974956,0.079919934,0.6730195,-0.046674795,0.47928673,-0.025675274,0.12652783,-0.61632586,0.5346927,-0.4280642,0.3311813,-0.15111843,0.40241355,0.91117007,0.204728,0.059981316,-0.2333542,-0.16272351,0.15948722,-0.4831737,-0.058415033,0.34117377,0.16133952,0.05893037,-0.12630819,0.24150231
IND411043AAA,-1.2200022,0.5545735,0.35884395,0.9237996,0.28786936,-0.7182553,0.083575286,0.4231952,-0.4445114,-0.15113686,0.17345078,1.0843308,0.10794291,-0.7440384,-0.022112234,0.05323634,-0.64012784,0.030130416,-0.15780395,-0.027677238,0.096335866,-0.34368554,0.07241926,-0.28710678,0.29245144,0.4354295,-0.38279295,0.15524144,-0.068457305,0.14338464,-0.12646523,0.57701606,0.3809174,-0.16680123,0.29865927,0.0503077,-0.01637346,-0.10406378,0.64055085,-0.069092765,-0.33208016,0.22796303,-0.454294,-0.15669362,-0.24883631,0.21231656,-0.14571375,0.63309675,0.29255953,0.41690782,-0.36648226,-0.09595045,-0.07431716,0.32447425,-0.0134176165
IND411048AAA,-1.2398772,0.560687,0.449952,0.8058974,0.25477073,-0.6272955,0.1214413,0.5461638,-0.26757884,0.2882606,0.26970255,0.9729303,0.065773755,-0.69768053,-0.19739571,0.0063665695,-0.6660355,-0.2006036,0.1329172,0.15979773,0.11908793,-0.31942537,0.1652661,-0.4384737,0.48887283,0.27355218,-0.13581306,0.087365106,0.102334335,0.10722081,-0.26628858,0.43844503,0.28857246,0.051480073,0.27251568,-0.08048704,-0.065997265,-0.3078544,0.93083286,0.034212027,-0.44988105,0.22778264,-0.33595273,-0.40677476,-0.109635726,0.11684173,-0.010843046,0.70189154,0.2345218,0.35945266,-0.34418434,0.097135045,-0.044157807,0.15158482,0.13938065
IND410505AAB,-1.6224452,0.5706432,0.2373966,0.7885112,0.1786533,-0.6268501,0.12746723,0.035991706,-0.36426657,0.39024913,-0.18254682,0.93087,0.06986791,-0.56045157,-0.47564644,0.16686204,-0.23279704,-0.30643848,-0.03274119,0.23927642,-0.2504079,-0.11714441,-0.102011286,0.081762224,0.17837723,-0.060271658,-0.14875016,0.046255305,0.20479076,-0.07790466,-0.17859477,0.21985397,0.08840673,0.040816903,-0.017914042,-0.0031934306,0.028897509,0.025668006,0.03804805,0.014413398,0.015532214,0.15478599,-0.063367434,0.06668247,-0.039883018,0.31439716,0.35220182,0.1555556,-0.041840475,-0.023163788,-0.117412105,0.022801634,0.20411256,-0.15192103,-0.07370053
IND413501AAA,-1.6561311,0.70026004,-0.064316265,0.64475864,0.16818047,-1.032905,0.120483585,-0.17950189,-0.34749806,0.040417902,-0.008831635,0.6504717,-0.1258305,-0.344707,-0.31287268,0.17489535,-0.19421567,0.16085587,-0.11917775,0.1660647,-0.18053827,0.0004855767,0.332742,0.082793355,0.10659142,0.09367274,0.06945369,-0.15870659,0.34056467,-0.014837779,0.12662119,0.22318408,0.12915722,0.15029512,-0.08709158,0.16089435,-0.12297522,0.19674158,-0.10717112,-0.04967605,-0.21809131,-0.12642874,0.05606029,0.0038931966,-0.32684258,-0.025375307,0.14955436,-0.17680368,-0.07966159,-0.038577296,-0.06507,-0.098759644,0.01723446,0.028052697,0.017023921
IND415301AAB,-0.9731473,0.8152869,-0.34952465,0.7826183,0.078681596,-1.1503056,0.23061144,-0.52415144,-0.48045117,-0.11362238,0.2399024,0.3044507,-0.32620952,-0.13077393,-0.6164982,0.50042987,-0.06442484,0.24229662,-0.12854597,-0.03299709,0.11525421,-0.032204363,0.75787836,0.61287254,0.30461305,0.22115004,0.4443769,-0.010523949,0.501218,0.3565979,-0.7404278,0.2456255,0.18595181,-0.33766818,-0.13792962,-0.024278149,-0.02252396,0.5682555,-0.33115712,0.08299797,-0.5840781,-0.061170697,0.044149637,0.029526662,-0.44896394,-0.2448424,0.12560141,-0.49540943,-0.08513485,0.10974283,-0.050943106,-0.51213264,-0.35155582,0.053671636,0.034289777
IND413517AAA,-0.4418733,0.58554226,0.40161094,1.0079001,0.284957,-0.8508996,0.14375892,0.12044988,-0.4486652,0.52564925,-0.22382917,1.1553597,0.11518915,-0.10196615,0.088357106,0.9154858,-0.55839515,-0.30851835,0.19856524,0.047803722,0.36239818,0.04051917,-0.80638254,0.058773763,0.27557898,0.33925238,-0.18444744,-0.09380068,0.12785381,0.3995791,0.10394961,0.0072661825,0.5523927,0.22772983,-0.6720345,-0.39508253,-0.5974437,0.421718,0.18681905,-0.5676907,0.12146639,0.68981695,0.077500895,0.26929587,-0.38644183,0.5397128,-0.0444655,0.016045172,-0.2085954,-0.44685298,-0.39428407,-0.099219896,0.04065041,0.3467408,0.4759053
IND423109AAA,-0.73433816,-0.034368623,-0.37516296,0.69949704,0.8015208,-0.75197804,0.11007676,0.35744423,-0.36496204,-0.5903377,-0.3095193,-0.5888161,-0.16140285,-0.16460387,-0.085983016,-0.6984539,0.66839594,0.21791916,0.28142923,-0.5162321,-0.32011944,0.71488476,0.46164998,0.024011046,0.5428965,-0.23513621,-0.20559691,0.23189183,0.27437717,-0.021317415,-0.12307501,0.078496285,0.8577087,-0.1102539,0.14538315,0.46597797,-0.0071596615,0.22416574,-0.22244304,0.25378123,-0.58661604,0.82770425,-0.3049013,-0.13589722,0.24769649,-0.6312056,0.7273478,0.104515955,0.12749305,-0.3953841,-0.48798567,0.20489886,-0.2604347,0.23092209,-0.1285137
IND414302AAB,-1.3061391,0.554396,0.51785004,0.88802296,0.18279344,-0.760661,0.1190544,0.34071037,0.065944515,0.034572512,-0.27397847,1.0648993,-0.019244935,-0.6942592,-0.860297,0.3444829,-0.24601023,-0.074452296,0.07857667,0.1674286,0.25360212,0.11726498,-0.12888488,0.3311867,0.5102975,0.022253737,0.17499435,0.10332948,0.051424697,-0.09862395,-0.5070471,0.34204394,-0.07573107,0.2048949,0.17700273,0.5501202,-0.013678528,0.23317541,0.02171889,0.2671394,0.27154702,-0.2632189,0.48538825,0.27659205,-0.50208116,0.10464452,0.18882729,0.04857387,0.021528265,0.146397,0.0815017,0.46483627,0.47272635,-0.003998209,0.19358279
IND412803AAB,-0.884653,0.5983987,0.5744692,0.46559006,0.9954423,-0.18157536,-0.024313211,-0.47348672,-0.010934094,0.72639596,0.21184586,0.4389252,-0.19004129,-0.62575066,0.08562708,0.9214237,0.18070832,-0.2868172,0.091017544,0.5331089,-0.19928393,-0.2579575,-0.115297325,0.14426391,0.18254143,0.15370151,-0.171511,-0.121644184,-0.45447564,-0.3036285,0.2307153,0.030672666,-0.31215724,-0.15836535,0.11982288,0.98878396,0.49689648,-0.60450286,0.2680648,-0.5049323,0.7181891,-0.07203399,0.1882119,-0.31357712,0.0029741675,0.50200355,0.17326741,0.21554759,0.3969016,0.08698069,-0.46168697,-0.24536783,0.123472646,-0.10153329,-0.43404967
IND591237AAB,-1.2093241,0.5233339,0.63672316,0.36893398,0.8130451,-0.3106373,0.2881601,-0.23750713,-0.1479137,0.44598028,0.20104706,0.34323722,-0.06784731,-0.6512598,0.17493391,0.59070075,-0.1456953,-0.112572685,0.04343586,0.29460847,-0.02788328,-0.31005573,0.23082903,-0.18120211,0.28029037,0.3017307,0.13425055,-0.68349046,-0.39956337,0.12372339,-0.09285042,-0.09163972,-0.4379615,-0.038073286,0.368028,0.488788,0.28759423,-0.519049,0.07057136,-0.44131973,0.6222483,0.09593236,0.35202846,-0.10527067,0.07505195,0.39850703,0.39704722,-0.2277501,-0.012995794,-0.123960644,-0.11248629,-0.19894463,0.036288485,-0.28653488,0.055004396
IND400072AAA,-1.8277333,-0.09431363,-0.37982145,0.65281755,0.7688305,-0.8248296,0.03674028,-0.20382309,-0.0141121745,-0.16191399,-0.31250477,-0.3456329,0.037966322,0.116099566,-0.08108713,-0.25979662,0.42696702,0.17452131,-0.017815791,-0.24268647,-0.19625318,-0.005420383,-0.0007159058,-0.049720556,-0.1392045,0.06330983,0.07467307,0.008039504,0.015923657,-0.11125974,-0.1590806,-0.1959891,0.23218673,0.12295091,-0.16035244,-0.10280872,0.02616977,0.07946482,0.15261912,0.12309788,-0.0061952546,-0.16414502,0.098372675,0.07089942,-0.013941303,-0.0692734,0.051441193,0.08532282,-0.10668497,0.05920259,0.040458344,-0.022459328,0.024344118,-0.14216588,0.14215925
IND410401AAA,-1.6889751,-0.2493865,-0.39657423,0.7121721,0.7896857,-0.8764038,0.13489036,-0.09657978,0.033710398,-0.1352266,-0.38919383,-0.2035772,-0.008872701,-0.037121817,0.031896554,-0.19916107,0.35764557,0.15987946,-0.15162179,-0.1541333,-0.20975229,0.051484287,0.008928088,-0.04819569,-0.13971083,0.02185367,-0.07346551,0.10655762,0.19738562,0.17292522,-0.08294517,-0.32431215,0.0229704,0.042202644,-0.20510677,0.17097515,0.10901258,0.21385658,-0.055339426,0.007994216,0.044095747,-0.07889584,-0.0093116015,-0.042269945,-0.121252,0.00084335543,0.10082671,0.12586978,0.21822909,0.0965314,-0.050976694,-0.15405917,0.041312,0.032313183,0.21271163
IND400612AAA,-0.20146382,-0.03402467,-0.3355666,1.0773743,0.95490444,-1.219046,0.61210275,0.4542757,-0.1131808,0.07780759,-0.34322816,0.3515247,1.211786,0.11982089,0.37879682,-0.109353766,-0.16933979,-0.5599282,-0.5987404,-0.082310446,0.3004235,-0.47544277,-0.52280265,-0.37809128,-0.2860281,-0.13332684,-0.26094133,-0.05316649,-0.4252208,0.08702277,-0.7698874,-0.36120334,-0.2614843,-0.3696198,-0.3337889,-0.46411157,0.027731106,-0.11908624,0.40530384,0.39990008,-0.42709443,0.2510264,0.23937953,-0.269529,-0.06976427,-0.8738346,-0.20565356,0.21348763,-0.29496437,-0.0038414896,-0.53458583,0.17758429,-0.19710666,-0.35655504,-0.18112853
IND421004AAA,-0.25365674,0.1558009,-0.44322392,1.0047512,0.884875,-1.176579,0.51361847,0.3150419,-0.40744472,0.045493342,-0.26639032,0.53883237,0.9866391,-0.051146477,0.4464047,-0.30331182,-0.15446335,-0.46728072,-0.56850106,-0.13705549,0.4447318,-0.5681337,-0.63372076,-0.3362501,-0.39673537,-0.067242414,-0.16451451,-0.33786535,-0.3864228,0.28219807,-0.7252258,-0.5347418,0.011546595,-0.33640248,-0.24453264,-0.33614492,0.026647903,-0.034532294,0.4640026,0.44264483,-0.26179713,-0.09692113,0.13440982,-0.2946179,0.063440606,-0.6795393,0.17346479,0.47940505,-0.032093074,-0.12923014,-0.32056564,0.062239565,-0.29423258,-0.69887525,-0.42195934
IND423105AAA,-0.5129887,-0.13114247,-0.43869147,0.9202536,0.78258216,-1.0464431,0.19064179,-0.0918758,0.026149735,-0.20986107,-0.63517576,-0.5257493,0.37817812,0.34368968,0.17420931,0.28549415,0.7853488,-0.033060588,-0.21060817,-0.83117425,-0.6094929,0.6521193,-0.13614151,0.90230095,0.07929451,-0.017031178,0.17367923,0.1428789,-0.4584486,-0.17908388,0.3355878,0.5272191,-0.31138965,0.59313655,0.003450036,0.13056503,-0.5258006,-0.0712245,-0.294139,-0.33957797,-0.13516214,-0.6089176,-0.2985995,0.26519203,-0.054770187,0.11406584,0.0041877776,-0.2138749,0.13963577,-0.1611903,0.07783703,0.602946,0.116303995,-0.16377117,-0.23414272
IND424101AAA,-0.46902645,-0.29950577,-0.2944943,1.1920766,0.844827,-1.1649556,0.17690888,-0.17112625,0.16002308,-0.14609988,-0.57014596,-0.43042344,0.110832535,0.63448876,-0.110398,0.23388518,0.5224256,-0.26724318,-0.21903485,-0.8806717,-0.39661327,0.31916624,-0.14941248,0.5739605,0.33481604,0.07089637,0.0538951,-0.05615526,-0.30504632,-0.40734988,0.25725234,0.37248403,-0.5687883,0.5463881,-0.049030617,0.287297,-0.28827685,0.25228018,-0.103565596,-0.17006393,-0.2591029,-0.5962497,-0.29633766,0.04915317,-0.20307839,0.1784452,0.16131346,-0.3048204,0.12187354,0.037894875,0.097329825,0.39727104,0.36564425,-0.06802605,-0.06166792
IND424304AAC,-0.5936023,-0.21607468,-0.48006335,1.0637095,0.9295628,-1.1205655,-0.076684274,-0.2023066,0.14543433,-0.18352047,-0.57400274,-0.42044336,0.17251748,0.704176,-0.0064383578,0.123049065,0.78606796,-0.21408477,-0.10483433,-0.7082214,-0.46555012,0.27319124,-0.019909356,0.71765906,0.25028244,-0.045270532,-0.08087241,-0.15004033,-0.34326732,-0.11388025,0.28797516,0.2561377,-0.3534924,0.5543167,0.021572888,0.42367816,-0.16180572,0.033261765,-0.062776566,-0.24992459,-0.21161038,-0.588426,-0.020050071,-0.05664803,0.05760762,0.116663665,0.09670696,-0.38347742,0.24364312,-0.065057315,-0.054820403,0.3765799,0.42665347,-0.11879045,0.006123647
IND425401AAA,-0.5679139,-0.27082044,-0.5956224,0.9004994,0.83077455,-1.27015,-0.08589227,0.076048136,0.15560134,-0.16149417,-0.715729,-0.44509953,0.3047618,0.62265944,0.17717497,0.3049328,0.60609233,-0.34502393,-0.18123776,-0.7886816,-0.5723496,0.40834638,0.01739502,0.68238914,0.21361521,-0.020423427,0.20253709,-0.2552886,-0.16876522,-0.3541752,0.26155484,0.2144363,-0.43095422,0.5019168,0.149977,0.33337367,-0.2942528,0.20925878,-0.058250457,-0.27317315,-0.09609091,-0.6760338,-0.19177711,0.11464375,-0.21075922,0.027003422,-0.005046807,-0.30998495,-0.004583191,0.017239582,-0.02852039,0.35699487,0.42955422,-0.053144995,0.04424583
IND425409AAA,-0.28879166,-0.39711362,-0.30390182,1.2285293,0.47642,-1.3511343,-0.11437885,-0.13228247,0.25425702,-0.1023821,-0.49497193,-0.40110552,0.18860973,0.9329582,-0.1185289,0.034122203,0.5873233,-0.11116627,-0.05433192,-1.2120752,-0.54514366,0.16230434,0.029648557,0.5706184,-0.005080171,-0.29137057,-0.2859687,-0.26621413,-0.70103294,-0.24664955,-0.052755803,-0.10465278,-0.115655825,0.68095404,0.04483909,-0.011995541,-0.7364323,0.129157,-0.5518677,-0.4461021,-0.10577421,-0.9153173,-0.3489354,-0.17386144,0.1286041,0.050535135,0.48075944,-0.63428825,0.242485,0.056655414,-0.028103009,0.29824853,0.56263006,0.13506564,-0.006885633
IND431001AAA,-0.81977344,0.5678184,0.17274071,0.8740048,0.31966403,-0.8078879,-0.08798833,0.39536548,-0.22006725,0.5775743,-0.48647165,1.1852658,0.14294812,-0.35065162,-0.59696436,0.4051518,-0.6169267,0.06712555,-0.060540322,-0.0060216635,0.38546318,-0.29494232,0.32351086,-0.25769925,0.22688271,0.30045325,-0.12902051,0.39545327,0.12894125,-0.62954974,0.4927819,0.58598495,-0.06826796,0.0624836,-0.35653228,-0.4642638,-0.3761392,-0.26353168,-0.1767891,0.013613526,-0.03953772,0.31228983,0.57573175,-0.7170515,0.36031428,0.019565761,0.2506916,-0.29464015,-0.047626395,-0.022880094,0.12157355,-0.25180778,-0.36381036,-0.3527231,-0.3145465
IND431112AAB,-0.6094109,0.5530675,0.2434864,0.9319398,0.28908074,-0.7268777,0.022514502,0.47588667,0.04776816,0.65253216,-0.4136067,1.4846218,0.1004633,-0.29253203,-0.5475682,0.39022154,-0.3913752,0.21195346,0.20023003,0.07708532,0.30539903,-0.3702678,0.16170195,-0.116425425,0.28405178,0.2511445,-0.04239431,0.3127653,0.2355238,-0.39807075,0.662757,0.43556568,0.20281774,-0.111664206,-0.38704222,-0.44024962,-0.08487776,-0.27393246,-0.49753454,0.08028957,-0.25784513,0.27388415,0.3888031,-0.7265712,0.42807907,-0.48004603,0.42777014,-0.1591008,0.1888483,-0.05649513,0.27821076,-0.38347206,-0.28084698,-0.03065731,-0.13426039
IND431122AAA,-0.8175626,0.53501785,0.34946498,0.98640996,0.30378652,-0.60058606,-0.12081185,0.48382375,-0.14434077,0.5656832,-0.31139565,1.3339126,0.4500082,-0.47821134,-0.62606376,0.31686404,-0.28082874,0.2216997,0.1257069,0.057045072,0.26358846,-0.24533959,0.13287875,-0.27289772,0.24700291,0.20397174,-0.09579876,0.30222636,0.24952598,-0.48553318,0.6441276,0.4793964,0.14823163,0.20614305,-0.3198125,-0.5400804,-0.23107013,-0.3990718,-0.30129388,-0.037697177,-0.04005502,0.1583699,0.31575578,-0.5086465,0.41749248,-0.24524994,0.28199172,-0.08172884,0.2804507,-0.05492214,-0.058983907,-0.65565157,-0.081281096,-0.34453943,-0.258968
IND431401AAA,-0.5399673,0.45351225,0.26252177,0.9167219,0.3077731,-0.9836438,0.14863601,0.2892904,-0.4120776,0.6408836,-0.18979071,0.8725104,-0.090681285,0.016395792,-0.22085957,1.0184953,-0.48086858,-0.41521922,0.5425385,0.02440311,0.28517303,0.013513744,-0.70771456,0.17383568,0.15330406,0.4311052,-0.54387224,-0.19948457,0.19935499,0.51866245,-0.2412245,-0.109914474,0.4252537,0.18324558,-0.36788416,-0.27038747,-0.51335096,0.1410043,0.14422159,-0.4470549,0.057684466,0.6279232,0.10388883,0.2489167,-0.30920732,0.15562488,0.33982527,0.16210817,-0.19503814,-0.3830162,-0.13562934,-0.2148087,-0.0031606928,0.5639949,0.4069281
IND431514AAA,-0.21054566,0.7072195,0.44109526,0.9441648,0.21128845,-1.0758147,0.1648968,0.23850793,-0.97862154,0.32456338,-0.32706004,0.96724665,-0.27112392,-0.36397374,-0.52672946,1.2774686,-0.3762084,-0.36542973,0.35296,-0.04496415,0.51401895,0.22747314,-0.8313451,0.13723603,-0.2108539,0.34686968,-0.3758015,-0.0443684,-0.21734835,0.137652,-0.35359657,-0.55750805,0.5508648,-0.020377368,-0.28088343,-0.41245013,-0.8233339,0.13434313,0.23969063,-0.70545834,0.031655774,0.49778062,-0.36023057,0.44069722,-0.31978753,0.22703394,0.42216307,-0.1699836,-0.23223883,-0.3223376,-0.096999645,-0.14174816,0.08934279,0.48398066,0.25920218
IND481001AAA,2.2482424,-0.36795014,0.2316299,-0.15616125,0.6291576,0.32408783,-0.39583012,0.84091544,0.041641697,-0.9696715,0.33955175,-1.212729,-0.48009294,-0.3419599,-0.7561294,-0.16836283,-0.2965765,0.1718407,1.1013899,-0.50022334,-1.1043417,0.6176877,-0.30123788,-0.7891241,0.56169766,0.27617398,-0.076949,0.80914384,0.5085893,0.10980551,-0.7717326,-0.11116899,-0.102419525,0.39087015,0.7304678,1.0123776,0.34374183,-0.32751274,-0.38728684,0.5264848,0.08536019,-0.23716897,0.05042439,-0.42483258,0.4202361,1.015805,-0.124069944,0.97781837,-0.11457622,-0.118510135,-0.35585302,-0.29441446,0.2575764,-0.10049744,-0.03267105
IND441107AAB,1.944327,-0.070749216,-0.12973838,0.16382639,-0.34227327,-0.21474773,-0.2811439,0.2357063,-0.70389754,1.6174744,0.21605454,-0.25227267,-0.8617442,0.8926299,0.8430648,-0.45590964,-0.3539853,-0.44608286,-0.265283,-0.27896625,-0.60882604,-0.42069376,0.21749887,0.8199815,-0.7161218,1.1268435,-0.21741807,-0.4554395,0.30684966,-0.24963872,1.0022678,0.24433938,0.1449998,1.0128816,-0.41960272,-0.23199213,-0.30866063,-0.5116478,-0.5832714,-0.015821937,0.26218048,0.5328488,-1.1824118,-0.1817224,-0.35836565,-0.21467076,-0.70534086,0.8046321,0.1969645,-0.10782028,0.08437114,0.08007669,0.20348926,-0.23616453,0.005798012
IND445001AAB,2.067275,0.0078896545,0.13690275,0.09459649,0.3958593,0.122332714,0.18545544,-0.74748826,-0.6640239,-0.77368057,0.20218723,0.9708363,0.24132471,0.9979072,0.01960755,0.17508009,0.53971446,-0.38830838,0.35707283,0.28004515,0.49909925,-0.04638114,-0.26639494,0.0333106,1.9616641,0.41863978,-0.013889417,-0.5276272,-0.41886926,1.0135537,-0.002548799,0.053281248,0.19725744,0.905725,0.2746204,0.6402383,-0.37059733,-0.49111986,1.0516974,-0.46693134,-1.1329119,-0.2655994,-0.6177689,0.18767318,0.12134152,0.8274151,-0.5848611,-0.43462965,-0.18018365,-0.7332004,0.29761225,-0.33968362,-0.6347692,0.09888411,-0.22434771
IND441603AAA,1.869536,-0.14028046,-0.13275717,0.05250299,-0.19384119,-0.028201692,-1.0169692,-0.2559086,0.4412675,-0.30581048,-0.40025634,-0.2835204,0.33079204,0.73039085,0.06861495,0.8009633,0.5153796,-1.4759057,0.47003555,0.277045,-0.15240711,0.5660701,-0.18187654,-0.68185127,1.0266879,-1.3688855,0.07653545,0.20642321,-0.29667544,-0.2525403,0.64859223,0.82450575,0.19801599,-0.24656226,-0.4777342,-0.07841327,-1.0455179,-0.1190101,-0.20432054,1.2454499,-0.47731766,-0.15664613,0.16951627,0.14231595,0.052291885,0.09039121,0.57475996,0.004222937,0.10970606,0.11429451,-0.49163055,-0.096371144,-0.40772486,0.21312654,0.0075454265
IND443201AAA,-0.56039476,-0.13953136,-0.5332805,0.9168015,0.71097106,-0.7140337,0.38189256,-0.2510026,0.0153884515,-0.6907953,-0.91362244,-0.6304517,0.04328901,-0.337449,-0.4719705,-0.59346825,0.57229924,-0.0985371,0.17198056,-0.010780268,0.06736524,0.2623611,0.2582431,0.28586176,0.38395673,0.5428155,-0.39114246,-0.29652238,0.17415394,0.09009537,-0.2517394,0.35297486,0.38938406,-0.07620837,-0.5255734,-0.2349573,0.7245336,-0.27915943,0.35155344,-0.2556479,0.11033475,-0.21194053,-0.12131908,0.12142743,0.12536252,0.4690083,-0.39658368,0.06954407,0.3049394,-0.21478677,-0.02366814,-1.2477615,0.20828854,-0.43624476,0.2566007
IND000000AAZ,-0.94169575,-0.14532046,-0.34335878,1.1399202,0.5651808,-0.794646,0.21286474,-0.1890825,-0.034555178,-0.38268334,-0.5911981,-0.6702524,-0.017807335,-0.3145973,-0.34844196,-0.4746426,0.28669032,0.29645932,0.12785307,-0.47423875,-0.021534832,0.03312744,0.07844403,0.3101885,0.27695906,0.062271386,-0.23456308,-0.3783967,-0.05033391,0.027080745,-0.030528918,0.14790288,0.30780914,0.096421406,-0.5911575,0.016196825,0.6672249,-0.33288097,0.35229903,-0.5008385,-0.21715572,-0.05461201,-0.2361196,0.30106986,0.07693361,0.15508075,-0.52596784,0.3060119,0.3502702,-0.063537575,0.06050054,-1.0230191,0.14146508,-0.7068391,0.31737083
IND480334AAA,2.0854979,-0.026918035,0.020543203,0.17753948,0.44153714,-0.30238453,-0.11140394,0.039545245,0.5335495,-0.88470894,-0.16550523,0.67553943,-0.050147455,-0.13311118,-0.97762394,-0.47568983,0.8617781,0.32774025,-0.30908155,-0.4971429,0.22934738,-0.58599067,-1.0617422,0.03556493,-0.18242802,-1.5205448,0.25461254,0.17896822,-1.0538325,0.73004466,-0.57315165,-0.30301517,0.1006064,-0.0069338083,-0.23043221,0.10224472,0.6213497,-0.33587694,-0.055618964,-0.12712063,0.37118644,-0.5428402,0.62255573,-0.50533146,-0.65746045,0.5424673,0.04126732,-0.036504664,0.36628836,0.9588739,0.46578348,-0.4474575,0.27339917,0.30317175,-0.20254827
IND461001AAA,-1.6210657,0.17443244,-0.1892956,0.4433372,-0.47171634,-0.026360333,1.125179,0.40371817,0.1778517,0.3048066,-0.02359439,-0.41891468,-0.024418905,0.5889886,-0.19296992,-0.47476575,0.3446958,-0.025826618,0.39499402,-0.14097017,0.022040147,0.07545355,0.037578814,-0.16531387,-0.27637058,-0.22315429,0.19150713,-0.019234449,-0.29231885,0.025175352,0.22735454,-0.0013884902,-0.18731588,0.0599979,-0.28634387,0.04805,0.45367488,0.06563846,-0.049736768,-0.16216092,-0.052331366,-0.077565655,-0.056013405,0.28762454,-0.1395419,-0.17822431,-0.11584662,0.10332928,-0.35592273,0.020653494,0.080344655,0.05037611,-0.2755225,0.17358513,0.09009881
IND462042AAA,-1.6360615,0.23105331,-0.1504843,0.44265878,-0.38945094,0.005333662,1.1719995,0.26592553,0.4191143,0.105523326,-0.01497744,-0.52139944,-0.027512625,0.65068763,-0.40909117,-0.5614566,0.36154157,0.1702774,0.5120753,-0.14233904,0.15884185,0.096577644,-0.05303377,-0.08797091,-0.4136306,-0.13692933,0.26159844,-0.08332306,-0.08512662,0.16656327,0.1791267,0.23235318,-0.26589054,0.23229174,-0.077543765,0.06986727,0.18693021,0.040508572,0.037594184,0.036569405,-0.021146834,-0.04085847,-0.044504993,0.14562657,0.18793002,-0.20111197,-0.31738925,0.121736325,-0.33137617,-0.018718101,-0.07359722,-0.0967669,-0.19644403,0.08238071,0.33087474
IND470113AAA,-0.82208705,0.15175211,-0.17441976,0.51224405,-0.5659691,-0.19677454,1.4836279,0.46101823,-0.045896173,0.42139685,0.16859832,-0.2057081,0.19176045,0.86346203,0.14054985,-0.58101773,0.87460494,0.17385337,0.3799864,0.11464475,0.34463844,0.0004890263,-0.049072526,0.15630096,-0.014593706,-0.4926378,1.1513731,-0.7958431,0.13878556,-0.5711633,-0.33415127,0.31024408,-0.1828534,-0.18872215,-0.04129281,0.30342394,0.6366242,-0.41996837,-0.69962645,-0.02256338,-0.21847978,-0.3286814,0.18013921,0.21918634,0.11372168,0.13882275,-0.04538985,0.29532653,0.03564022,0.017875917,0.18673603,0.24207622,-0.10774359,-0.32319328,0.163717
IND470227AAB,1.2934107,0.09509225,-0.01690054,0.050074324,-0.010499887,-0.029288381,-0.019171795,-0.065574445,0.053538725,0.021021582,0.02601599,0.025221169,0.0386855,0.008068994,0.023584364,0.025693703,0.00032775104,-0.016963325,-0.0205034,0.01562981,0.0059494637,-0.013043255,-0.01094725,-0.0053762645,0.024519458,0.0717317,0.032005273,-0.004716508,0.041467614,-0.0042892545,-0.07399255,-0.0015308261,-0.0059054513,-0.037225157,0.008158378,0.029867575,0.045100234,0.0395615,0.028618708,-0.07972409,-0.051774114,-0.074661285,-0.004334517,-0.041316494,-0.083134234,0.022955596,-0.010681316,-0.030920573,-0.01601706,0.011686809,-0.118862376,0.019799717,-0.021887954,-0.071749195,-0.07434972
IND473001AAA,-0.27705252,-1.0321732,0.15161815,0.39914024,-0.86062646,0.7095363,0.4380128,0.013474621,0.07430057,-0.5593473,0.054188706,0.09282382,-0.49108598,0.015966624,-0.22611143,0.9762697,-0.104635075,0.673571,-0.2895342,-0.30886376,0.64008814,0.094949484,-1.0340351,0.53806394,0.16879931,0.3056525,0.11589295,0.19023824,0.67041034,-0.07334508,-0.33735943,-0.27175036,0.27610928,-0.9234401,0.08420534,0.83424824,-0.3006126,-0.48988986,0.30595657,-0.25894874,-0.31798515,0.011798531,0.81334794,-0.39014068,0.08032766,-0.011774879,-0.5605041,-0.14540994,-0.12683535,0.38268578,0.13928014,0.08623388,0.13934298,-0.44034374,-0.19884658
IND473551AAA,-0.8994318,-0.99991995,0.05989261,0.3363796,-0.8324902,0.36766642,-0.13642019,0.07285299,0.4465415,-0.14023837,-0.031190943,-0.12522094,-0.40424138,0.020795926,-0.12154501,0.6980033,0.022226233,0.6760956,-0.43127757,-0.19244963,0.15989235,0.22874999,-0.9413488,0.5351036,0.17548871,-0.3845346,0.025157124,0.32591224,0.20755963,-0.6078835,0.008736029,0.0037142634,0.14622276,-0.43631423,-0.17478132,0.39242214,-0.45742637,-0.9082643,0.2601574,-0.0032752864,-0.19711028,-0.09464994,0.44933936,-0.27019516,-0.2555038,-0.13431835,-0.18775502,-0.11029927,-0.33613992,0.26000795,-0.005566612,-0.09821824,-0.18455583,0.0052456968,-0.2240952
IND476001AAA,-0.7824695,-0.99081576,-0.0064595863,0.17237209,-0.83585376,0.36023438,-0.056931347,0.14284882,0.26987964,-0.20244786,-0.014008371,0.102652326,-0.50574833,-0.21845579,-0.02407438,0.58019084,-0.036786478,0.67101085,-0.25861406,-0.08536517,0.34398004,0.04808702,-1.0556355,0.5211459,-0.08234825,-0.44415456,-0.1555751,0.22593085,0.0878844,-0.6348438,0.030180253,-0.02939271,-0.18915078,-0.46519393,0.31521344,0.88997597,-0.15732312,-0.6568102,0.28516427,0.06909382,-0.37560147,-0.081266806,0.41252804,-0.2666482,-0.35295144,-0.06243112,-0.10916657,-0.1499013,-0.123383835,0.35085046,0.06540858,-0.24596578,-0.0064112693,0.19048987,-0.20860091
IND481661AAA,0.46435297,0.035507202,-0.4564782,0.5722176,-0.31509763,-0.27090392,1.6978205,0.7984934,-0.046001144,-0.014219337,0.8902443,-0.7305512,-0.8149336,0.43356222,-0.24350274,-0.6348731,0.822161,0.24927914,0.6313051,-0.61051434,-0.09960276,0.016113123,-0.43994972,-0.38656956,-0.53046924,0.13849393,0.5497839,0.014269184,-0.74233097,0.3095339,0.104290724,0.55237013,-0.15001191,-0.9671298,-0.063082345,-0.5466545,-0.42940137,-0.0704205,0.1821523,0.1906036,0.09234178,0.2008692,-0.100607164,0.10592303,0.121702135,0.14212504,0.35424978,-0.095565535,0.03054262,-0.12502244,0.30916494,-0.46392477,-0.31598163,-0.07106638,0.21549335
IND483501AAA,-0.23113394,0.1459131,-0.11866915,0.5845397,-0.51144797,-0.34464458,1.2677828,0.790481,-0.039968062,0.59975994,0.7564651,-0.91585827,-0.57837325,0.5672982,-0.031616777,-0.47874102,0.5900245,0.12071152,0.4848863,-0.41850328,-0.16078073,0.0077502634,-0.34253603,-0.5711066,-0.5665815,0.3013153,0.33465862,0.2883913,-0.33105677,0.29549992,-0.19648126,0.7978261,-0.155439,0.07928777,0.41364416,-0.54740894,-0.44550753,-0.11712708,-0.38812175,-0.043033678,0.5348294,0.20518735,0.044353366,0.27116108,-0.06968063,0.4234807,0.3423891,0.22533354,-0.6030288,0.38993144,0.060554594,-0.1823304,-0.074886814,-0.034528557,0.024397366
IND484551AAA,0.12282407,0.31238598,-0.5182837,0.61422145,-0.58610994,-0.4408843,1.4615946,0.53775376,0.029606506,0.6307151,0.85559976,-0.583525,-0.23093645,0.19083843,-0.15292242,-0.9235808,0.8560793,0.17010638,0.38516408,0.14960335,0.3237776,-0.17944756,-0.49590454,-0.3922025,-0.8887829,0.6417949,-0.052136634,0.32754135,-0.2617935,0.26124972,-0.1945551,0.6317429,-0.21386638,-0.31050187,0.019172471,-0.42031926,-0.03305998,-0.31724912,0.04674516,0.30833107,0.6470642,-0.19977152,-0.37177914,0.21796687,0.17919843,0.61717546,0.29652554,-0.19570199,-0.22484325,0.7773577,0.37740833,-0.32116532,-0.020245928,0.12616809,0.014877364
IND231205AAA,1.856248,-0.16061717,-0.15366301,0.35450733,-0.26044446,0.092456155,0.12396339,0.5999871,-0.17598854,0.18338516,-1.2371987,0.79835975,0.26434737,0.8768495,-0.04799044,-0.1104113,1.3749228,-0.6163393,-0.350657,0.57483375,0.37076348,1.1612505,-0.12078098,-0.31230417,0.027501434,0.05854109,-0.25334314,-0.18261753,0.055059582,0.4162779,-0.11104828,-0.91033334,1.8013656,-0.8799725,0.4859187,-0.3794573,-0.05835068,0.72444683,0.036596615,0.07715061,-0.20165868,0.39955935,0.20410046,0.052898556,-0.073608726,0.76323885,-0.014789619,-0.17816502,0.44022855,0.6075092,0.23444092,-0.4163945,0.39176765,0.2174385,-0.10878962
IND231216AAA,1.840923,-0.1483807,-0.16233154,0.3495385,-0.26427382,0.11998154,0.116253085,0.6116152,-0.19883874,0.16996494,-1.2324941,0.8271155,0.26629245,0.8769269,-0.02648899,-0.09410312,1.3771781,-0.5833479,-0.3591119,0.6352987,0.35911694,1.1375823,-0.1433712,-0.32567117,-0.006181618,0.058100507,-0.26225653,-0.18620953,0.073237896,0.42517114,-0.099588454,-0.9305451,1.8057508,-0.9195541,0.4949022,-0.35857695,-0.025486771,0.7593242,0.057021923,0.043857493,-0.23832494,0.38989577,0.24384859,0.09373401,-0.026135117,0.746069,-0.0488644,-0.21000063,0.4339631,0.6180149,0.23136394,-0.44190338,0.39264876,0.2028233,-0.0641291
IND492007AAA,2.161974,-0.01661314,-0.32277164,-0.22553855,0.04742334,-0.07164493,0.3456171,-0.4033975,-0.024132311,-0.48110628,-0.7293125,-0.22452961,0.9460376,0.44510752,-0.99828506,0.20561846,0.27917793,0.25337332,-0.25034037,0.08091149,1.1371796,0.3891855,0.13650224,-0.38073334,-0.16440801,0.70574844,-0.22238138,-0.34021425,-0.13393559,-0.0025085062,-1.0100517,-0.53063256,0.77918303,0.22466132,-1.240269,0.31773084,-1.0797247,0.38792807,-0.8097309,0.2891658,0.014877645,-0.33213302,-0.7856254,0.0440125,-0.2524479,-1.1527673,0.5036067,-0.8831141,0.19184211,-0.19824207,0.23688655,-0.27642235,-0.57467383,-0.022118483,0.2515428
IND493445AAB,2.0263495,-0.17589994,0.18510982,-0.45852965,0.28193644,-0.3145233,-0.01814798,-0.4758647,-1.0076444,0.33250123,-0.23602112,0.021112189,-0.60099053,-0.02539064,0.42463964,0.90384567,0.17004001,-0.5089736,0.0009158284,0.21555789,0.054967187,0.6820028,1.0339671,0.029980004,-0.28688753,1.2160838,-0.08165683,1.3898492,0.69791394,-0.51193404,1.8579004,-0.04711958,0.680598,-0.10794754,0.20770028,0.86224157,0.3580206,0.051961735,0.11529052,0.71880895,0.66856813,0.028294057,-0.37031573,0.11253917,-0.018341303,0.1936357,0.06012447,0.104809076,-1.1073875,0.18100423,-0.5258244,-1.3988624,-0.22164682,-0.33898097,0.09846839
IND495671AAA,2.1594133,0.011831149,0.004204124,0.04232128,0.047997586,0.45520368,0.74132663,-0.7066683,0.059287146,-0.85094243,-0.57914203,-0.012201361,-0.6331805,0.8434811,-1.2914473,0.0039229654,0.19232818,-0.9070928,0.14224675,-0.46309245,-0.074689426,0.08775699,0.8475715,1.2146311,-0.21980064,0.5409707,-0.80208063,0.22403054,-0.94409496,-0.22373398,-0.75674564,0.08138837,0.054891616,-0.103060976,1.0817493,-0.35822177,0.940233,-0.10146658,0.34541422,-0.75936097,0.55928195,0.7392949,0.7892317,0.14221305,-0.22294503,0.17536426,-0.91344064,-0.47301716,0.40318397,0.3807205,-0.27989167,0.09719541,0.038751785,-0.43255085,-0.28083265
IND491995AAB,1.8567051,0.064930096,0.030721977,-0.05874954,-0.32237497,-0.38706902,0.2719454,-0.3798548,-0.12165567,1.347448,-0.83623374,0.34056193,-0.39218205,0.8754601,0.6274724,0.93239474,0.99155325,-0.22819346,0.23611662,0.064282365,-0.8337783,-0.58272445,-0.72979575,-0.50652164,-0.16563524,-0.6209598,0.19822508,-0.054174438,-0.11183809,-0.17252237,-0.68021023,-0.14532775,0.18950501,0.6337395,0.5790541,0.9902307,0.6367702,-0.51113194,0.9682592,0.48400098,-0.6834496,-0.2807977,0.06934706,1.165591,-0.47107852,-0.23346338,0.28485793,-0.11307571,-0.15680555,-0.63820684,0.51400495,0.47069517,-0.1830273,-0.29520026,-0.03129463
IND496001AAA,2.096961,-0.14209674,0.56215715,0.17382787,-0.20877942,-0.19601837,-0.03355234,0.72134393,0.23036604,0.042413794,0.076099664,-0.52023673,-0.5599237,-0.94612783,1.097718,0.7116847,0.040783085,0.21646474,0.051617574,-0.5774507,-0.09137835,0.072229594,-0.6786769,-0.5797681,0.2546367,-0.2013312,-0.23899986,-0.7643211,0.18909813,-0.90670353,1.0890532,0.45816514,-0.2761184,-1.3214314,-0.32903534,0.11722207,0.52209634,0.8660261,-0.10615635,-0.4292928,0.3220283,-0.533508,0.14725676,-1.7796679,0.29932082,0.759163,-0.31455192,1.0532026,0.1209193,0.0988658,-0.43095303,0.6900946,0.4009375,-0.5669741,-0.08469242
IND500084AAB,-1.3013237,1.3427981,-0.6510401,0.07229081,-0.65491694,-0.4363815,-0.14195101,-0.13703766,0.38393766,0.08206985,-0.10499415,-0.008472711,-0.15600725,0.044569448,-0.7346562,-0.46282616,0.07721123,-0.2909309,-0.30443335,0.057819024,0.760445,0.022885054,-0.03726273,0.22328225,0.16665958,-0.28947163,0.11520594,0.15338317,0.06484744,-0.1836274,-0.08835706,0.1481537,-0.21131115,-0.29063642,0.15124705,-0.18078326,-0.09409523,-0.09095623,-0.14822231,0.1416163,0.2737397,0.456137,0.11338719,-0.26664007,-0.33223617,-0.41275293,-0.17197317,0.19667089,0.01714468,0.3835472,-0.35534734,0.13470131,0.2510377,-0.5975818,0.24684925
IND501301AAC,2.0066433,-0.19776206,-0.12390661,-0.34495854,0.061366674,-0.10834716,-0.11620812,-0.0010762885,0.62031394,-0.15039748,-0.78816324,-0.5095891,0.07776806,-0.14952697,0.76227105,0.32284325,-0.67607594,-0.27023965,1.5905439,-1.1892754,0.25685123,-0.33478934,0.22133106,-0.12583694,-0.40840727,0.48418087,-0.35757503,-0.026178418,0.33183777,-0.1026123,-0.24167874,-0.31339818,-0.7199321,-0.06026824,-0.5634141,0.41349977,-0.34866956,-0.45507807,2.3253655,0.15687896,0.4647675,-0.43349057,0.81818956,0.11491747,-0.54496795,-0.257922,-0.21281296,0.49656484,-0.043852966,0.79510367,-0.2503295,0.05866253,-0.48823848,0.6031393,-0.46905202
IND500035AAA,-0.6089786,1.1514316,-0.80347764,0.022006541,-0.91795796,-0.41244453,-0.29285407,0.08939206,0.022920579,0.386538,0.30363625,0.2730757,-0.49792486,0.071259566,0.23771974,-0.17685285,0.12307532,0.4598172,-0.44346756,-0.0016291463,0.28548947,-0.0726347,0.58569443,-0.28997126,-0.2493446,-0.24585865,0.37808815,-0.3439343,-0.18990126,-0.5243858,-0.0017163306,-0.04556614,-0.07604617,-0.2906646,-0.4460532,0.51760095,-0.22066939,0.09762352,0.19301166,0.2596103,-0.094567254,0.2689818,-0.0043609515,-0.13039975,-0.08738674,0.4025204,-0.4501078,-0.43377265,-0.06467092,0.38223496,-0.033633307,-0.17093974,-0.28677568,-0.8231956,0.2673644
IND500035AAD,-0.615687,1.1271037,-0.81290126,0.1361263,-0.80830276,-0.40311515,-0.1349264,0.14807579,0.14079663,0.2889177,0.1313166,0.14269237,-0.4117548,-0.11258332,0.22182323,-0.3325568,0.16811469,0.4609628,-0.50556123,-0.11278263,0.2916663,-0.11653252,0.48460966,-0.0080401115,-0.2722897,-0.122217834,0.38188356,-0.48883826,-0.070036076,-0.52698225,0.069884114,-0.40472427,-0.022750575,-0.33239102,-0.4416547,0.38793755,-0.18408859,0.321665,0.197254,0.3861875,-0.10031225,0.39668593,-0.19794768,-0.08749181,-0.15366533,0.6112158,-0.5268949,-0.42567062,0.068652995,0.508611,-0.100516185,-0.2866604,-0.4125241,-0.6777969,0.12346974
IND501141AAA,-1.548116,1.2150991,-0.6716895,0.17366804,-0.64048445,-0.34973568,-0.41327712,0.102606736,-0.012295645,0.024467818,0.184958,-0.02832174,0.15192895,0.14542688,-0.13544376,-0.229349,-0.010139219,-0.11669393,-0.0022883632,-0.044574827,0.18480435,-0.17033134,0.09094223,0.1604889,-0.119661465,-0.11204019,0.3614936,-0.15698816,-0.01975885,0.019035285,0.06075594,-0.1534582,-0.16686544,0.1263706,0.108663656,-0.036269583,-0.00031613186,0.12220688,0.019942436,-0.24600951,0.016282314,0.13355279,0.04998043,0.008340232,-0.28270823,0.23702738,-0.28014347,0.13152212,0.0028792098,0.100042336,-0.052255154,0.15190008,0.061870225,0.10254159,0.02429317
IND501218AAC,-1.5957305,1.1718777,-0.65990186,0.23139621,-0.7070429,-0.46846578,-0.22585543,0.09013196,0.067262575,-0.028811172,0.2877637,0.053456962,-0.14664546,0.16418259,-0.27048168,-0.12533535,-0.06363492,0.057802033,-0.187429,-0.2368248,0.27033523,-0.28015435,0.19336534,-0.013849216,0.1536893,-0.22536518,0.096633986,0.006052561,-0.057811953,-0.09520684,0.12773347,-0.14527805,0.052990407,0.042894185,0.045770004,0.04043655,-0.008504964,-0.006660863,-0.07082564,-0.046076525,-0.045368105,0.10934658,0.028408501,-0.088398695,-0.05711122,0.02566953,-0.1461969,0.080387406,0.117332235,-0.054036736,-0.22419049,0.066988766,0.09920298,0.085168816,0.14419538
IND503185AAA,-1.3868847,1.0918314,-0.7475672,0.052777663,-0.82585895,-0.7275696,-0.21619058,-0.3367648,0.4469784,0.2419348,0.42794424,0.11303885,0.4468138,0.49979544,-0.5681282,-0.069698356,-0.039173704,-0.074916005,-0.40439463,-0.1076038,-0.012304783,-0.057425715,-0.72030956,-0.09853667,0.3057614,-0.34172004,0.11355814,-0.20096579,0.3174324,-0.35688418,-0.024181291,-0.3420425,0.028524082,0.0061906874,-0.27639803,0.29209572,-0.3415549,-0.066549726,-0.17589521,-0.068134144,0.13255343,-0.13813737,-0.11471113,-0.16648734,0.013160862,0.29673153,-0.14537203,-0.06565949,0.17693989,-0.09127964,-0.21176623,-0.18451136,-0.42770582,0.09668107,0.27860898
IND503122AAA,2.186881,0.38231677,-0.5852858,0.39833248,0.13435501,0.18079413,0.37965208,-0.47098315,-0.68403506,0.2980796,0.19896065,-0.9361621,-0.16554156,-0.70089114,0.20896988,-0.002378162,-0.0435243,-1.2260566,0.32516068,-0.6129761,-0.10396277,-0.6314912,0.20554069,0.22850743,0.9050199,0.9183778,0.4747283,0.9855393,0.36409086,0.6313988,-0.7992781,-0.546207,-0.9439213,-0.05784762,1.3966513,0.25281942,-0.6553179,0.13112132,-0.6273128,-0.8226013,0.48444328,-0.008933008,-0.40344152,1.0023067,0.05573599,-0.5662322,0.34806204,-0.2931962,0.10879409,-0.36375204,0.089121625,-0.70854634,0.65631,0.16556744,-0.32706255
IND505326AAB,0.017069697,1.1190739,-0.7959864,0.21966438,-0.7653863,-0.53395927,-0.89256924,-0.38248634,-0.27903768,0.72459984,0.48422557,-0.25132018,0.17247558,0.7844935,-0.30494228,-0.3528318,-0.15472923,-0.5447804,-0.18852243,0.7026076,-0.11379824,1.0080104,0.6624916,-0.6643245,0.48912388,0.07296641,0.019126415,0.29755718,0.48519522,0.3802275,0.2226439,-0.2808562,-0.3632395,-0.13954853,0.46141776,-0.73075193,0.08814771,-0.11391613,0.30214718,-0.52187234,-0.1980599,-0.02619657,-0.10069854,-0.071284235,0.12858504,-0.44898972,-0.29576463,0.021487676,-0.35405388,-0.09867259,0.38729727,-0.17312863,-0.12750992,0.17672624,0.13031735
IND504296AAA,0.6088542,1.1683654,-0.734241,0.04619214,-1.1357435,-1.1686254,-0.27845922,-0.012084283,-0.08626194,0.5642559,0.12182326,0.35454482,-0.22674131,0.19867307,0.36028838,-0.6311361,-0.11474639,-0.339037,-0.37061614,0.34475344,-0.2048338,1.0371678,0.6917617,-0.30526683,0.20435385,-0.35784784,0.22864044,0.37771297,0.4976138,0.5170787,0.5560235,-0.32907945,-0.5707991,0.5136795,0.08016617,-0.4122352,0.25951922,-0.52529734,0.83120286,-0.49182808,0.5639298,-0.040106595,0.43303427,-0.31890225,0.27859053,-0.42399374,-0.07441033,-0.28559196,-0.38066483,-0.4237947,0.31086844,0.17302832,0.57903713,0.26750273,0.38079816
IND505172AAA,-0.36626506,1.0941209,-0.7999121,0.22745271,-0.9980689,-0.5414288,-0.48264,-0.124474905,-0.07069822,0.4961527,0.6352109,-0.052785233,-0.015586514,0.41711992,-0.052839056,-0.34788713,0.022920756,-0.21665344,-0.08837427,0.55565226,-0.22741595,0.67121315,0.4810925,-0.41449034,0.24599056,-0.21420127,-0.11642599,0.31961316,0.4255519,0.21446039,0.052859396,-0.61336637,-0.7125468,-0.36430776,0.3722809,-0.2716785,0.2700254,-0.35808665,0.3787811,-0.44676843,-0.0967263,0.009346589,0.04999098,-0.40644172,0.12869099,-0.5457239,-0.07107782,-0.12551033,-0.22846341,-0.3041904,0.23291908,-0.1844435,0.16544127,0.2852792,0.18122754
IND504201AAA,-0.09071827,1.1542149,-0.97921586,0.39744985,-0.83095765,-0.43421945,-0.57237166,-0.1576908,0.049723372,0.26585338,0.56058645,-0.111372545,0.034625873,0.23883617,-0.014431426,-0.64972657,-0.13144651,-0.10834655,0.3052805,0.65855026,-0.48354304,0.5985769,0.4840909,-0.66140443,0.22569786,0.036568224,0.08547787,0.42654735,0.33871365,0.4673772,0.057031,-0.6402757,-0.7743852,0.1389466,0.10993778,0.048689485,-0.08186343,-0.09700243,0.5181501,-0.008286398,-0.52258575,0.43731785,-0.43446806,-0.23576176,-0.17484012,-0.52435434,-0.11699993,-0.1051558,-0.52885294,-0.5966023,0.033469066,-0.14100656,0.38726228,0.48996717,-0.16254935
IND505325AAA,0.3667742,1.0269529,-0.75275624,0.4135434,-1.0282868,-0.8080386,-0.6360079,-0.2962798,-0.25876793,0.5221166,0.7708398,0.040512994,0.08042957,0.553135,0.18910556,-0.46784103,-0.20632035,-0.1823577,0.05287595,0.42308223,-0.23592055,0.20331234,0.5363421,-0.2729099,0.42543292,-0.5156777,-0.49707845,0.59985834,0.22737424,0.057969615,0.10128325,-0.89998406,-1.0078356,-0.20855476,0.15400255,-0.68181753,0.29006267,-0.7050496,0.5047116,-0.15215395,-0.23638749,-0.004017994,0.11647821,-0.6216343,-0.049539864,0.05084277,-0.12840402,0.26995987,0.10668561,-0.13784792,0.55030566,-0.04707042,0.33417764,0.48205683,0.32011604
IND505425AAA,0.8775722,1.1176327,-0.96141267,0.083774075,-0.85822195,-1.0583783,-0.7454753,-0.37462723,-0.10767588,0.31099814,0.5870815,0.05719962,-0.053889968,0.47652984,0.041384004,-0.48402655,-0.18145594,0.034981497,0.04180165,0.3418172,-0.3837175,0.19658151,0.4075953,-0.70755976,0.28600055,-0.3089396,-0.63064027,0.62488186,0.1486944,0.31640822,-0.35754412,-0.5980445,-1.1318443,-0.031242557,-0.02921,-0.86818284,0.27491236,-0.6768637,0.4603658,-0.2482769,-0.36641234,-0.33327496,0.44340187,-0.4555949,-0.5060315,-0.08239721,-0.23387429,0.44318113,-0.01034037,0.058364198,0.2570732,-0.24594766,0.41324648,0.53371805,0.5198691
IND506164AAA,2.0777059,0.022403613,0.11843562,-0.43241805,-0.18672377,-0.0859998,-0.18619266,-1.5802754,0.63341194,0.21779561,-1.0860429,0.2862292,0.9620331,-0.18852517,1.1020755,0.30899155,0.060144745,-1.068238,0.32417566,0.1309779,0.0624257,-0.1796247,-0.2091757,0.97551006,-0.89096874,-1.4731739,1.1705484,-0.5378624,0.24602227,0.7184239,0.4102322,0.2451337,-0.76549864,-0.20585908,0.54403347,-0.0404688,0.4237503,-0.2537845,0.24147743,0.8270327,0.66942644,0.20861763,-0.59731364,0.24688588,-0.121925324,0.42516103,-0.50955975,-0.1901586,-0.24863365,-0.19911888,-0.55054855,-0.1403856,-0.38941884,0.22037813,0.107996255
IND505467AAA,-0.05577469,1.132807,-1.0697614,0.56761277,-0.72929525,-0.23882112,-0.037957788,-0.48040026,0.102049574,-0.3474494,0.3367352,0.26858175,-0.047921196,-0.227607,-0.51050645,-0.16394126,0.3888265,-0.07027428,-1.045085,0.37649667,0.07368401,0.11899823,0.19846985,-0.32506126,-0.11262943,-0.10581286,0.42400986,0.16778448,-0.03185104,-0.7716579,-0.53576165,0.06353742,0.69641554,-0.08671652,0.1684455,-0.15472728,-0.060994882,-0.22167969,-0.21832435,0.20136994,0.3994819,0.6089887,-0.14940432,0.05457928,0.76618814,0.41141626,-0.45372343,0.34302285,0.60437423,-0.010806572,-0.48781472,0.16126826,-0.2097019,0.34828287,0.42094377
IND506132AAA,-0.95313925,1.2239616,-0.83694685,0.18588068,-0.8618377,-0.46953914,-0.06532766,-0.033336274,0.37109095,-0.22862023,0.3081174,0.10484438,-0.10827265,-0.010125766,-0.1415612,0.056150157,0.09534238,-0.15963547,-0.5231622,0.29331475,0.031005532,0.36958763,0.40426514,0.098991245,-0.10403019,-0.0682577,0.36965498,0.13553144,0.25836188,-0.7609531,-0.41212595,0.036390603,0.30499458,-0.059264556,0.021817382,-0.19632609,0.09310862,0.24117784,-0.093272485,0.038931794,0.26046526,0.4921304,-0.20804834,0.19353099,0.31219554,0.035219315,-0.37414038,0.3949688,0.66726196,-0.36170173,0.077681415,0.48845723,-0.1405415,0.107907556,0.6354437
IND506343AAA,-0.94977456,1.1834329,-0.8296803,0.33078474,-0.8390779,-0.4377246,-0.11282643,0.10965783,0.25312328,-0.14691252,0.44275218,-0.02637754,-0.1687389,0.08851588,0.031019824,0.24592851,0.22543442,-0.27835533,-0.63144,0.38155323,0.04888605,0.5728735,0.40878123,0.024755232,-0.34643972,-0.16846573,0.2671922,0.19580156,0.18324639,-0.8379098,-0.3560046,0.02932633,0.39611408,-0.10812396,-0.14356035,-0.21862055,-0.09082629,0.38335103,0.07165007,0.028582353,0.4742998,0.42027935,-0.11483852,0.2871391,0.18391386,-0.023714434,-0.49198133,0.22098437,0.39811236,-0.18245476,-0.35211438,0.3306942,-0.064450055,0.186114,0.5559708
IND507167AAA,-0.46727014,0.38440186,-0.16997959,0.7170732,-0.84077656,-0.20228045,-0.45526028,0.26599154,0.37636155,0.44572884,0.16735278,0.995648,-0.39935908,-0.25414485,-0.16366264,0.8971539,-0.11295548,-0.65455186,-0.67754936,0.13524736,0.17560345,-0.57402813,0.19018355,0.0068006516,-0.033121668,-0.5167514,0.20256057,0.006979719,-0.07305425,0.7263341,0.23907271,0.51420635,0.10183243,-1.174249,-0.27696317,-0.081386685,-0.12520364,-0.11321345,0.032862004,0.19594458,0.024469623,-0.60534084,-0.54857934,0.031952437,0.22273311,0.22503328,-0.0951906,0.35165814,-0.32753372,-0.19228294,0.051311776,0.40067825,0.082448766,0.10343413,0.14091809
IND508206AAA,-0.20545089,0.47659755,-0.17369746,0.60910106,-0.77433246,-0.45077726,-0.51654613,0.20517346,0.48669314,0.3572445,-0.008611759,1.1341796,-0.2631105,0.12973195,-0.2877915,0.7923377,-0.12858447,-0.68538725,-0.5663674,0.11715579,-0.33425385,-0.369072,0.3477616,0.114014894,0.12647875,-0.433889,0.68303883,0.25746453,-0.15130164,0.5940977,0.27711335,0.37821373,0.3949664,-1.1802814,-0.2078751,-0.029351162,-0.31547907,-0.14935166,0.1623382,0.26767528,-0.119709074,-0.62351865,-0.6975467,0.21368366,0.25058603,0.012318939,0.21656363,0.43809777,-0.14955564,-0.109527804,0.13832758,0.66593033,0.41521642,-0.053264428,0.031358637
IND508213AAB,-0.45740485,0.37147278,-0.15039076,0.6013522,-0.70258784,-0.022830784,-0.4376948,0.19663082,0.074711174,0.4634395,0.187094,0.9195296,-0.26322967,-0.20650873,-0.3178009,0.71949023,-0.23810266,-0.78371143,-0.89322674,0.25864792,0.22061074,-0.36958733,0.020662226,0.032624453,0.20465295,-0.39810574,0.2597028,-0.018378995,-0.27540275,0.83743757,0.42504647,0.39575163,0.041709974,-1.290199,-0.4384233,-0.17281923,0.004871361,-0.25981328,0.12008017,0.318319,0.106512845,-0.37573516,-0.5030251,0.06802945,0.1567365,0.108320445,-0.28684062,0.18625039,-0.35694212,-0.39965394,0.14439581,0.36550608,0.3167315,-0.19788088,-0.042906493
IND507303AAA,0.0065704584,0.42154568,-0.09877664,0.5681452,-0.8100304,-0.26278475,-0.4503132,-0.10097895,-0.032565072,0.6994252,0.16634054,1.0191187,-0.49755347,-0.050647385,-0.15801482,0.7249053,-0.19359188,-0.712651,-0.5162762,-0.10271045,0.5642828,-0.39147106,0.21655867,0.047641546,-0.030634508,-0.50225556,0.4372077,0.017664779,-0.17622472,0.51032835,0.2629779,0.19951296,0.5298629,-1.6878927,-0.46733266,0.1259279,0.09038792,-0.32785946,-0.32973078,0.6114494,0.23621334,-0.5868095,-0.7710799,-0.124972165,0.3189091,0.43042204,0.14455184,0.6406686,-0.011277705,-0.1624521,0.015413731,0.26538903,-0.13745551,0.050408967,-0.60997206
IND506314AAA,1.9072357,0.17417483,-0.1975958,0.11531605,0.15520301,0.23593764,0.2424246,-0.5060158,0.29951787,1.0920253,1.2423182,-0.0477695,-0.8825502,-0.07152307,0.41778067,-0.04643529,0.06562889,-0.9734863,-1.7124519,-0.024455512,-0.6974153,0.063928306,-1.4412245,0.26310515,-0.6442768,0.0044212043,0.1747039,-0.20480125,-0.6004352,0.07892841,-0.69390905,-0.7303505,0.32055897,-0.39784127,-0.31078523,-0.3008358,1.6716329,-0.040938407,0.25321293,-0.55543184,-0.07585416,0.855307,0.7414943,-0.57748425,0.454462,-0.26041663,0.3704452,0.2861227,-0.4672134,0.10750543,-0.010370985,-0.29061398,-0.3635948,-0.090460986,0.80277604
IND508277AAB,-0.31416285,1.0810615,-0.7557405,0.09591265,-0.77131224,-0.50079477,-0.38781217,0.4653421,0.096676216,0.19206119,0.6812258,-0.1656917,-0.41072884,-0.3796026,0.27631426,-0.597193,0.02261466,0.31455207,-0.68131554,-0.15212284,0.40306082,0.33981302,0.41341734,0.13246107,-0.25913805,-0.083194345,0.46052027,-0.22948928,-0.01126647,-0.63600165,0.012676641,-0.043052286,0.052126355,-0.12219404,-0.27208185,0.6986189,-0.23548585,0.12713514,0.18511523,0.58106357,-0.22286156,0.15108424,-0.13645265,0.21108346,-0.2738707,0.32784528,-0.56457824,-0.5369526,0.29192194,0.23693302,-0.16111468,-0.12618929,0.04098291,-0.9632787,0.4090848
IND509203AAA,-1.3429165,1.1999334,-0.8322767,0.12109277,-0.59057564,-0.4206216,-0.25656125,-0.5200013,0.25751823,-0.42800128,0.31122524,0.18849106,0.16609897,-0.007971532,-0.11160552,-0.49382547,0.062316276,-0.21583363,0.09748815,0.4422155,0.53018576,0.32715002,0.32756126,-0.25274068,0.18836538,-0.11861715,0.19318703,-0.15339644,-0.17996812,0.0017553717,0.59305656,-0.019207716,0.09624961,-0.26086175,-0.35622877,-0.036595546,-0.29572955,0.009882819,-0.36453047,-0.15028729,0.124329664,-0.3012257,-0.12896222,0.10044713,-0.6535912,0.36185676,-0.13946402,0.045322932,0.2562469,0.41421574,-0.4176821,-0.13887835,0.18185034,0.36618793,-0.38932866
IND515761AAA,-0.6921928,1.4539045,0.08032617,-0.6297878,0.26469526,-0.5149503,-0.10663384,-0.5390443,-0.50491357,0.44273847,0.6937742,-0.40390432,-0.36356896,0.3885466,0.025314225,-0.5271951,0.18225098,-0.77410054,0.06330455,-0.23198192,0.30979896,0.019966662,0.8559696,0.26415235,-0.11378375,-0.14914304,0.6740498,-0.024932625,-0.17460859,-0.83087325,0.08724788,-0.4884295,0.15194014,0.39776427,0.21436971,-0.39446688,0.07572055,0.34741694,-0.16623351,0.45391762,-0.18537383,0.14320666,0.17220819,0.1353192,0.16756591,0.19593349,-0.30205026,0.5588074,0.024533657,-0.51444155,0.24755797,-0.10625195,-0.10114747,-0.08484754,-1.173917
IND515865AAB,-0.5725745,1.575778,-0.04329993,-0.60412353,0.32602695,-0.36054724,-0.14317723,-0.50099283,-0.47462904,0.48648608,0.7892953,-0.34817863,-0.53143424,0.44786227,-0.093920685,-0.6134882,0.20579128,-0.6661869,0.03004434,-0.23040922,0.3630944,-0.037515968,0.821819,0.09666012,-0.29331064,-0.21641523,0.60890317,-0.044438206,-0.1652041,-0.854048,0.3843539,-0.27978575,0.47654873,0.22973906,0.31709427,-0.18977782,0.23788589,0.44119585,-0.23811908,0.46035463,-0.28338656,0.063910134,0.4310483,0.16385937,0.12149036,0.39583692,-0.013338715,0.70014954,0.12931716,-0.4436638,0.33447558,0.010141505,0.18673022,-0.16356409,-1.0798845
IND516390AAA,-0.21439159,1.4144981,0.11946754,-0.06802754,-0.17823112,-0.15853232,-0.04013408,-0.75354946,0.005890779,-0.77022254,0.95123136,0.23388426,-0.594053,0.8456501,0.14739357,-0.13773744,-0.26501507,-0.9930235,0.7532607,0.05620671,0.31618723,-0.6638558,0.06977248,-0.2867293,-0.59956217,-0.369361,0.25293538,0.17198135,-0.22939919,-0.31154984,-0.13590181,-1.1303253,0.006376435,0.4287873,0.560646,0.6754711,-0.44207412,-0.40562636,0.3098748,0.558092,0.11504147,-0.13465416,0.27305883,-0.033108994,0.63468254,-0.006476287,0.21473412,0.48669803,0.22625577,0.22673473,-0.1660855,-0.21870762,-0.6996065,0.083782166,-0.54985946
IND517408AAA,2.1042347,0.013339441,0.04645526,0.3415845,-0.046054743,-0.2092494,0.13931946,-0.29803848,0.43181717,0.20219797,-0.15322249,0.3885628,-0.8825366,0.22047755,-0.030237282,-0.17827725,0.668822,0.6746981,0.46242577,0.11403547,0.5595827,-1.5251428,1.3217615,-1.0824621,0.70654696,0.9672125,-1.1289093,0.16815546,0.042748556,0.43353814,-0.0098528415,0.7827983,0.11534365,-0.20766656,-0.20552388,0.6392724,-0.6001313,0.11197491,-0.04621017,-0.21248077,0.0764389,-0.05305873,-0.34167388,-0.0968328,-0.15501067,0.37182057,-0.54901683,-0.13478634,-0.5937678,0.4030999,-0.121104136,-0.00028376287,0.8702825,0.37630972,0.674191
IND517644AAA,1.604956,-0.009332642,0.14703512,0.08467789,-0.010620259,-0.41694447,0.23745555,0.56805044,0.8778104,-0.40306485,0.27581233,-0.45760173,0.024353385,-0.48282033,1.184004,-0.18359329,-0.86986494,-2.0022445,-0.14771494,0.29952365,0.18517229,0.01880762,-0.061172895,0.27475122,-0.086086914,0.5207935,-0.9724575,0.7283584,0.038349018,-0.010120705,-0.72880095,0.60065717,-0.12536657,-0.1130286,-0.21326232,-0.3570305,-0.18855283,0.06797601,-0.18419889,-0.0847096,0.4951252,0.07153064,0.2531081,0.3222614,0.4265856,0.020484209,0.45384824,0.23643973,0.90728605,0.634235,0.6921249,0.05639454,0.12376371,-0.0009861141,-0.11518741
IND509124AAA,-1.2565343,1.4172466,0.11298187,-0.32499486,-0.048743807,-0.1715936,-0.07793548,0.13265207,0.35154134,-0.045108177,0.218381,0.112025514,0.024514643,-0.2373897,-0.4744686,-0.54927504,-0.2050745,-0.03196708,-0.24327277,-0.26462644,0.3531054,0.25004795,0.37830126,-0.006913036,-0.10335721,-0.34865412,-0.15892597,0.48513162,0.103724405,0.35137486,-0.57850176,-0.11655325,-0.38300726,-0.15933165,-0.0308472,0.34287453,0.004317656,-0.24549125,-0.5798497,-0.21476515,0.5911732,-0.22297978,-0.0557902,-0.2713879,0.13157642,0.22650853,-0.47683996,-0.7907158,0.0029012598,0.10761542,-0.11064072,-0.07091669,0.10401255,0.4618231,0.035563648
IND518401AAA,-1.1974225,1.3996308,-0.011397928,-0.29947436,-0.07067581,-0.13857195,-0.019839175,0.24855095,0.47787946,0.016683273,0.3107347,-0.13840939,0.0020216703,-0.08996244,-0.57072693,-0.3601372,-0.27648523,-0.08915481,-0.4425701,-0.07171424,0.39003003,0.17402601,0.5504972,0.07604721,-0.09337829,-0.29740247,-0.22799142,0.31778502,-0.11297329,0.43877828,-0.6713688,0.08069542,-0.007066801,-0.24203758,-0.10119993,0.37574738,0.28840426,-0.35175842,-0.4719122,-0.21328472,0.52282655,-0.22949496,-0.0018932894,-0.4853348,-0.06498292,0.2639245,-0.3775301,-0.48386872,0.17726095,0.12715247,-0.14259897,-0.17322329,-0.03744283,0.6043829,0.02329117
IND518501AAA,-1.1826698,1.4943835,0.2269026,-0.17174415,-0.14169201,0.056328766,-0.16104628,0.33595064,0.22464447,0.074213214,0.3838765,0.037682906,0.14328337,-0.21727505,-0.4354935,-0.42225555,-0.16185993,-0.074849725,-0.38947576,-0.15302117,0.34544367,0.28410015,0.2218939,-0.041376084,-0.052772,-0.4483519,-0.0671946,0.45455754,-0.22113623,0.420757,-0.51063794,0.10660052,-0.2779496,-0.06781922,-0.12843406,0.33021206,0.06357998,-0.10662376,-0.6152946,-0.1825578,0.25340927,-0.2380315,-0.0807148,-0.2558189,-0.07782118,0.31904328,-0.51358885,-0.7016738,0.20953837,0.14409995,-0.05807528,0.15066022,0.022003297,0.7239493,-0.034954175
IND521201AAA,-1.4998384,0.5130386,-0.0033028051,0.33380014,-0.66780764,-0.4014214,-0.3017758,0.04138007,-0.13818055,0.52254254,0.34570283,0.7836733,-0.23455557,-0.15670048,-0.13792567,0.40751868,0.0002821572,-0.010804251,-0.5657879,0.053863853,0.065058306,-0.106614605,0.18217888,0.19313538,-0.03967573,-0.5175642,0.12200712,0.20702498,-0.00012433529,0.3664443,0.19293407,0.033357874,0.056807153,-0.4598391,-0.12464597,-0.17150912,-0.53508854,-0.028593093,0.37205592,-0.22221698,0.3772615,-0.14638041,-0.57878685,-0.13396847,-0.010125369,-0.11925724,0.062157363,0.45811468,-0.5364297,-0.1861938,-0.048856437,0.2697805,0.18614298,-0.10330559,-0.23223066
IND521301AAA,-1.5827103,0.4194588,-0.075203866,0.3376301,-0.6104651,-0.29084164,-0.45194647,0.28764763,-0.08773923,0.26496044,0.2654001,0.9941621,-0.13268046,-0.3330269,-0.2637387,0.2851021,-0.119521454,0.020270485,-0.48645467,0.1809964,0.15375608,-0.29063466,0.116159655,-0.013226271,0.1091921,-0.35392728,0.17007059,0.03192219,0.1203226,0.6031501,0.17420211,-0.05991918,-0.081309535,-0.4326325,-0.12604207,-0.20657483,-0.18556607,-0.106036305,0.4277509,0.15440808,0.16180153,-0.33009797,-0.413516,0.15242273,-0.029164791,0.013590086,0.079034224,0.43480793,-0.40044746,-0.17016613,0.045512468,0.26063642,-0.032101903,-0.057273474,-0.30675933
IND523201AAA,-0.15513372,1.3869996,-0.3253674,0.062630475,-1.2362131,-0.1357642,-0.3912251,-0.43056417,-0.39999324,-0.08520432,-0.058587745,-0.3134554,0.3337111,0.4126029,0.42280108,0.0036388934,0.09322923,0.5959157,0.12286164,0.17784852,0.10046476,-0.073586605,-0.12392736,-0.21183716,1.0807548,0.073155,-0.11103933,0.77190894,-0.7648479,0.5965325,-0.3497367,0.15029357,0.26797268,-0.2949763,-0.09767452,0.26978558,-0.57265836,0.39127642,0.5050396,-0.19401295,0.59084547,0.80045766,0.314915,0.76119524,-0.98201674,0.23788264,0.045959353,-0.5534125,0.89232296,0.4789214,0.037619106,0.069916874,0.039570224,-0.21241038,-0.3711766
IND523105AAA,-0.94812405,1.3884221,-0.2781231,0.083278626,-1.1479512,-0.040185973,-0.47143823,-0.18191907,-0.47371382,-0.02113651,-0.029957052,-0.29220673,0.7244219,0.34264672,0.048687585,0.29858714,0.225888,0.14575428,0.23053516,-0.033683795,-0.14961347,-0.34435114,0.26681262,-0.019170925,0.43406314,-0.27350527,-0.12094654,0.34602422,-0.18715215,0.47546363,-0.116479695,-0.071264476,0.40349492,-0.21524693,0.03283006,-0.16214192,0.20102096,0.41191638,0.49908826,0.095500015,0.26864856,0.5349927,0.12223503,0.1504324,-0.2615365,0.063745834,0.048210144,-0.7169793,0.6156447,0.09109289,-0.45217055,-0.17886573,-0.054755915,-0.3214076,-0.2384561
IND523230AAA,-1.0031736,1.3512342,-0.4819872,-0.11718224,-1.1754874,-0.15246266,-0.19279268,-0.11415128,-0.40668792,0.025111672,-0.16722606,-0.3360688,0.64794666,0.47312367,0.35066617,0.187674,0.29756886,0.1718494,-0.1435031,-0.10244705,0.044230793,-0.26762912,0.0147973625,0.06410282,0.4577114,-0.13006198,-0.11208918,0.42684525,-0.17639576,0.41860735,-0.11984545,-0.015467559,0.5008951,-0.29948908,0.05356007,-0.19996552,0.024703272,0.28458947,0.44512972,-0.049199466,0.47830325,0.4853669,0.2338303,0.09042438,-0.30550483,0.07367281,0.117163986,-0.6486535,0.2319133,0.22969216,-0.274324,-0.08052283,-0.18982767,-0.3104471,-0.2444537
IND531162AAA,-0.87604403,1.3261824,-0.5786315,-0.20986202,-0.9310749,0.115012005,-0.6216523,-0.33906835,0.1783035,0.025000278,-0.2760902,-0.21225151,-0.2739404,-0.4217096,0.26926172,0.08773121,-0.026597913,0.24144378,0.012365557,-0.26951241,0.45407972,0.1228752,-0.30906382,0.00808344,-0.034809075,-0.01401028,-0.2953468,-0.70795053,-0.5082678,0.083853826,-0.23761472,0.37361237,0.09499174,0.33050734,0.1945641,-0.35875708,0.12674716,0.043274596,0.056235425,0.44181994,-0.36652902,-0.349114,-0.045109913,0.14070553,0.46002844,-0.39839146,0.1062825,-0.26140773,-0.26637298,-0.10148473,0.13111857,-0.31186625,0.08760713,0.1295156,0.26915324
IND531036AAA,2.1206822,0.012961205,-0.16082115,-0.15089464,-0.008122053,-0.33134043,-0.72598684,0.68403345,0.7621368,-0.289871,-0.07869931,-0.6582966,0.75689334,-0.123336464,-0.3287376,0.81037194,-0.26170522,0.37390557,0.17404653,-0.52881825,-0.854993,1.3950082,0.10919033,-0.00012015551,-1.3617674,0.850301,0.12436348,0.7458834,-0.2993806,-0.49953663,-0.2558208,0.052111834,-0.5149472,-0.96105397,-0.22377902,0.055972546,0.67751837,0.13363439,-0.778875,-0.33668417,-0.6231328,-0.57275426,-0.12428095,-0.10800004,-0.056441322,-1.1621655,-0.52308345,-0.25429827,0.57200134,-0.84976995,0.2237466,-0.8638055,0.67512894,-0.062354174,-0.2121957
IND531163AAA,-0.62702143,1.2796683,-0.67763543,-0.36040956,-1.2982833,-0.115308836,-0.608717,-0.2488938,0.07001528,-0.33202913,-0.2828778,-0.1994387,0.35838404,-0.74918306,-0.078384325,-0.15150689,-0.35573345,0.25642622,0.20727476,-0.3616023,0.24333116,-0.07961948,0.020768607,-0.18528788,0.1937137,-0.06446964,-0.54241514,-0.9263698,-0.5240293,-0.093796894,-0.068372056,0.29143873,0.06750824,0.024874855,-0.24157527,-0.4217934,0.07244802,-0.49130034,-0.108449325,0.57748127,-0.23213181,-0.40954417,0.19855234,0.0644482,0.43397656,-0.54662645,0.44815803,-0.11006101,0.15184467,0.15639982,0.46898133,-0.5269662,0.534214,-0.083113745,-0.09305969
IND531116AAA,-0.69034064,1.3598865,-0.5140674,-0.6982313,-1.1593682,-0.025584772,-0.46389565,-0.06472463,0.63156027,-0.09966757,0.33787888,-0.13027512,-0.12617081,-0.805965,0.10825032,-0.20692763,-0.13317354,0.4983973,0.15315789,-0.22882266,0.06232991,-0.17347945,-0.569289,-0.31059596,0.31194586,0.285376,-0.40193295,-0.8895487,-0.15701334,-0.12475829,-0.48041618,0.40722072,0.029082775,0.14175534,0.31227723,-0.13289385,0.08496668,-0.30350828,0.016778626,0.35110465,-0.44018623,-0.4365043,-0.65772814,0.36717823,0.32509503,-0.6036639,0.2043087,0.022563033,-0.15739997,0.1305345,-0.266478,-0.15427059,-0.012947496,0.10897522,-0.14693618
IND532201AAA,0.37155163,1.2074541,-0.6488755,-0.5798868,-1.1644412,-0.042652726,-0.78745073,-0.16452104,0.7836628,-0.02047839,-0.15823276,-0.36307973,-0.03471756,-0.35932004,0.050724246,0.35146394,0.1832688,0.3292393,0.3824572,-0.66909665,0.37721804,0.018190175,0.049109913,0.5646042,0.09104209,0.097694755,-0.55014086,-1.5400156,-0.59702057,-0.23404343,-0.2255882,0.1601571,-0.11597204,0.60260814,0.099383764,-0.28290576,0.27384767,0.14601924,0.16477707,-0.16312824,-0.06364946,0.20072079,0.15476651,0.33355176,-0.00431785,-0.34950146,0.10384856,0.46949542,-0.20127276,-0.03737165,-0.15605883,-0.045733206,0.24921928,0.045500964,0.26235667
IND532421AAA,0.30203927,1.0638027,-0.5962275,-0.5295504,-1.2300147,0.30630952,-0.768774,-0.21265125,0.67529255,-0.10374587,-0.3064171,-0.5485687,0.05192423,-0.6789822,0.1874865,0.56310767,-0.08076957,0.2635532,-0.03804017,-0.67032194,0.36433992,-0.07050139,-0.05397906,0.49402428,0.20878884,0.038457826,-0.40685052,-1.5319701,-0.4908436,-0.24046062,-0.16946658,0.08971508,-0.1052994,0.5238997,0.31687227,-0.14262623,0.17703506,0.14648028,0.21385087,0.012703884,-0.12142867,-0.08657953,0.18027158,0.32999593,-0.20437348,-0.22335887,0.3058157,0.4758832,-0.52001536,-0.041598804,-0.12127684,-0.14077792,-0.15345101,0.17851359,0.16160963
IND535591AAA,0.44109,1.013567,-0.55787516,-0.25703493,-0.99278045,0.31818888,-0.7462507,-0.33704507,0.23812716,-0.19430816,-0.2970839,-0.3406195,-0.10041696,-0.6879968,0.19826226,0.18173091,-0.026389997,0.23801233,0.30600566,-0.6624593,0.4980919,0.32714638,-0.217082,0.38228035,0.37233603,0.14878446,0.043924794,-1.959426,-0.58810174,0.050420895,-0.4301836,-0.05066985,-0.18681526,1.0946825,0.35954708,-0.05874776,0.122661375,-0.00044868886,-0.03695885,-0.3096835,0.18037505,-0.05244243,0.08651122,0.2031711,0.02156996,-0.30300957,0.59773445,0.45415097,-0.35004866,-0.05297108,0.003642425,0.1867021,-0.076924324,0.18573721,0.42380697
IND533242AAA,-0.5687367,1.5212536,-0.99424744,0.1392345,-0.8226629,-0.34132916,-0.6306908,-0.3960346,0.16696481,0.025356345,0.0741648,-0.19888374,0.1317424,-0.4264068,0.30435318,-0.3676075,-0.36401963,0.06279719,-0.24954274,-0.011211209,0.36646667,0.14835262,-0.2729849,0.14079851,-0.17799275,-0.21165396,-0.16450967,-0.018910661,-0.83711296,-0.10427177,-0.2657,-0.29115224,0.0978303,0.29366642,0.043096416,-0.011542125,0.18290469,0.5808118,-0.14969978,0.43377298,-0.3511729,-0.2196838,-0.21987644,0.3513146,0.2584051,0.23040107,0.7223251,-0.108081646,-0.65227294,0.45101964,0.26228535,0.3698881,0.024877254,0.0562396,0.36042762
IND533262AAA,-0.5216589,1.4180005,-0.8573053,0.06681593,-0.98854387,-0.5549418,-0.57336974,-0.52452534,0.39452726,-0.07156377,-0.23974587,0.08078547,0.10641662,-0.6261081,0.33988443,-0.4524349,-0.3866329,-0.1956389,0.015929936,-0.25592452,0.47850177,0.090476036,-0.48336884,0.31154642,-0.041814156,-0.38667086,-0.37289292,0.17220008,-0.3771577,-0.26967335,-0.4083315,-0.28460252,0.0574262,0.10720879,0.1694333,0.017142586,0.5680782,0.18809234,0.047683522,0.26655802,-0.59701085,-0.22250655,-0.13775751,0.28935438,0.10291968,0.40334,0.7755369,-0.08994878,-0.6182617,0.20441231,0.23102497,0.28736284,0.007860679,0.078823365,0.28099555
IND532440AAA,0.5701834,0.9409371,-0.6683496,-0.4700042,-0.9171855,0.008158408,-0.9326526,-0.27662522,0.46531975,-0.10105268,-0.31164414,-0.49225515,-0.006558881,-0.79181,0.2548496,0.46212175,0.14173494,0.3273606,-0.23607746,-0.7498993,0.13338777,0.12948155,-0.07403223,0.67469704,-0.14125484,-0.06045726,-0.8843115,-1.9928786,-0.18626994,-0.51726013,-0.11169371,0.32627523,0.002817301,0.37889826,0.19290358,-0.17257619,0.3292384,0.39189494,0.17882974,0.20308341,0.20742063,0.020583637,-0.029278293,0.47707608,-0.14204478,-0.2113862,0.1272971,0.33083132,-0.084457815,-0.041530855,-0.08117096,0.19902498,0.08487114,-0.09134269,0.5597637
IND560099AAA,2.1208024,-0.07220624,-0.49421933,-0.6044967,-0.39823002,-0.7075578,1.1435037,-0.3834572,-0.036685154,-0.86947256,-0.0053687133,0.9172007,0.59019685,-0.005074274,1.160574,0.29633912,-0.2098304,-0.13336006,0.09426512,-0.32991284,-0.68206745,0.34492746,-0.24139854,0.2784374,-0.24007519,1.6440315,-0.31196356,-0.18153733,-0.2612263,0.0063866973,0.9709885,1.168175,-0.47262153,-0.7010616,-0.18859479,-0.4608664,-0.2079027,-0.047344092,0.7531427,-0.39953947,0.16825223,-0.5576007,0.65497047,-0.65446264,-0.10028237,0.63440746,-0.06705442,-0.30999058,-1.2024211,-0.41552818,0.25587177,0.32796726,-0.31667942,-0.12681912,-0.112805426
IND560064AAA,-1.2097695,1.0651352,0.87332284,-0.36706057,0.34035435,0.41204295,0.38644153,-0.34395492,0.075830646,0.30731305,-0.23674099,-0.16616115,-0.5368715,0.02251542,0.20820256,0.030358214,0.61333525,-0.08794829,0.3461042,0.20305331,-0.0944346,0.21534169,0.19636807,-0.65885913,-0.36620468,0.15655145,-0.38426203,0.15097807,0.29484707,0.13977501,-0.3267141,0.11443043,-0.15107524,0.13145266,-0.2745014,0.12863442,-0.34472346,-0.09866647,0.09958418,0.3142866,0.07417276,-0.09485109,-0.12528217,-0.035246603,0.064091094,0.58627284,-0.37304658,-0.15967345,0.007059671,-0.41649505,0.29661098,0.1386562,0.45264667,0.25839567,0.05980269
IND000000ACS,-1.3719277,1.1871715,0.7638233,-0.56071013,0.40298957,0.44386536,0.3887226,0.04320486,0.21366556,0.034557723,-0.22091015,-0.13978504,0.018242072,0.09271951,0.10970895,0.014604878,0.29771012,0.15115741,-0.024632215,0.06661064,-0.18881124,0.0540847,-0.004087748,-0.3685545,-0.18349263,0.09051083,-0.2368342,-0.0432627,-0.06210138,-0.044012874,-0.10735431,-0.0007642284,-0.07621479,0.303095,-0.149617,-0.115742266,-0.30631053,-0.16327387,-0.0058902334,-0.061592896,0.09467156,-0.17746836,0.17820178,-0.28797865,-0.03378822,0.31287366,0.082249925,-0.11401623,-0.00989069,0.008674432,0.11065994,0.33396968,-0.07227835,-0.12322128,0.174113
IND560085AAA,-1.3907459,1.1050422,0.8018545,-0.56384075,0.42921042,0.34303007,0.36457083,0.030206911,0.09177977,0.08059898,-0.10579946,-0.27484918,-0.15192637,-0.020163286,0.10422923,-0.05765169,0.25045028,0.2902469,0.0556034,0.15240286,-0.13945243,-0.03047035,0.0023282152,-0.39289242,-0.1293947,0.02121976,-0.40733433,-0.104284376,-0.091551326,0.060986385,-0.046238974,-0.05816676,-0.042286567,0.30178043,-0.17499024,-0.10353158,-0.29327843,-0.063066885,0.11822756,-0.0007673502,0.024813514,-0.22122532,0.017752182,-0.23968193,0.05446431,0.21865197,0.17787687,-0.06426238,-0.02672882,0.010385871,-0.088132605,0.32309774,0.08889179,-0.16829473,0.11011595
IND683511AAB,-1.0015805,1.3036926,0.828784,-0.634507,0.32078508,0.6222211,0.3695343,-0.13386872,-0.15328598,-0.21333513,-0.3181255,-0.049219828,0.40490445,-0.038764115,0.3230194,-0.0907132,0.49912667,0.27834475,-0.021545272,0.12804088,-0.3441127,-0.00014730077,0.16650411,-0.24167766,-0.046754498,0.4179731,-0.191549,0.0769686,-0.104902,0.060131736,0.06791147,-0.19865113,-0.10763267,0.40126073,-0.49672532,-0.12207696,-0.36557066,0.1728207,0.09641714,0.044389423,0.22809756,0.1441116,0.2599794,-0.2161729,-0.123830914,0.18294103,0.17926182,-0.06967033,-0.14881493,0.059696376,0.09973153,0.1681824,0.116702884,-0.04199266,-0.054284886
IND563101AAB,-0.8733779,1.1118823,0.8580806,-0.54047585,0.50362164,0.44541603,0.109837495,0.027358018,0.040198356,0.2449502,-0.2484835,-0.44476992,-0.22070783,-0.082087144,-0.042936012,0.10430355,0.33023125,0.29037678,0.18752465,0.23804246,-0.1290018,0.089046136,0.011853825,-0.635401,-0.3421272,-0.17935276,-0.4538529,-0.0343991,0.2241288,0.24534263,-0.12973082,-0.3698858,0.12217784,0.5140255,-0.23021474,-0.10030514,-0.96962816,-0.3020528,0.09079509,-0.32669014,0.018631555,-0.28867966,0.45038334,-0.37102005,0.42045313,0.3442518,0.012820855,0.007550366,-0.06574558,-0.15663663,-0.025628299,0.63667345,0.27982333,-0.39760473,0.23496807
IND563130AAA,-0.769433,1.1509635,0.9044925,-0.62204504,0.35899562,0.5372232,0.19968313,-0.07967288,0.043466434,0.14575455,-0.17906503,-0.3855189,-0.28211662,-0.018682435,0.12188773,0.09086199,0.27574798,0.3476832,0.28081936,0.32019854,0.1121222,0.28428653,-0.08613178,-0.51417136,-0.7131455,-0.20070061,-0.5177661,-0.07868139,0.2646649,0.2020345,0.06685711,-0.44626904,0.059823528,0.55403656,-0.20449105,-0.13628525,-0.6785557,-0.38312465,0.010053128,-0.1977553,0.0083529055,-0.3176975,0.5055112,-0.25557396,0.3248543,0.49465084,-0.059998617,0.18318957,0.014212728,-0.074950375,-0.09095104,0.704118,0.1846104,-0.24396642,0.14805324
IND563116AAA,-0.6012614,0.99592143,0.8731035,-0.71089655,0.5393287,0.5340191,0.18625923,-0.071548305,0.003998503,0.2883901,-0.40522367,-0.5052667,-0.1488757,0.07953267,-0.082628265,0.41892672,0.27462888,0.33004117,0.47257817,0.09950933,0.18029398,0.014562417,-0.008928049,-0.67874163,-0.5182031,-0.28342712,-0.72502196,-0.09732136,0.39001006,0.18389498,0.10629721,-0.40853852,0.34343076,0.4142645,-0.18982938,-0.0822222,-0.9672352,-0.24307604,0.022765938,-0.407898,-0.049416438,-0.46323413,0.5738178,-0.32538825,0.40063772,0.59488976,0.17082466,-0.13461965,0.16325188,0.05126138,-0.15159918,0.65069175,0.3349225,-0.35690597,0.05856841
IND560066AAB,-1.7178919,1.0802656,0.6892226,-0.46628648,0.5534836,0.18725513,0.28955004,0.18817115,-0.0290726,0.11395427,-0.059190117,-0.1375087,-0.11208375,0.33002466,-0.086193,-0.20988907,-0.12158705,-0.015003443,0.05566214,0.0059506744,0.02604147,0.0069055185,0.10361969,0.122223094,0.023265637,-0.032012522,-0.03155245,-0.13370965,-0.13048367,-0.06937323,-0.055644795,-0.040217742,-0.25701115,0.16789147,0.040306665,-0.13720898,-0.022652697,0.023877949,-0.09940769,-0.1417686,0.017951323,-0.22371113,-0.11185933,0.109620824,-0.08923665,0.1382509,0.26594168,-0.26487198,-0.020001099,-0.27553627,-0.10449605,-0.16388783,-0.17420806,0.053429704,-0.011095777
IND571430AAA,-1.0747244,0.858975,0.8070543,-0.5305786,0.5468339,0.3116709,0.14728175,0.2950329,-0.020698063,-0.3620602,0.0011899993,-0.1096292,-0.14828928,0.1975585,0.046218812,-0.11799471,-0.12200476,0.3890314,0.6770498,-0.010908224,0.4024714,-0.32502365,0.93985194,0.3980189,-0.20831664,0.09090905,-0.31632447,-0.10519715,0.16707742,-0.54678994,0.054468945,0.064012915,-0.24171123,-0.4799564,0.35335198,0.0129958615,0.24172756,-0.4918459,0.29283163,-0.38919288,0.45466563,-0.400373,-0.847742,0.23157847,0.090943195,-0.1699211,-0.32578257,0.3063336,-0.1781921,-0.12256197,-0.27779537,0.65191025,-0.3146469,-0.20504881,-0.071051076
IND571602AAA,-1.0697129,0.9493387,0.76126075,-0.6237278,0.6842648,0.14079899,0.12846202,0.30630946,0.15502594,-0.38911033,0.18150572,-0.059561238,-0.020584539,0.2676263,0.1654257,-0.008323442,0.042550642,0.48185062,0.589892,0.022374902,0.27671644,-0.37640408,0.90297097,0.33353376,-0.29510736,0.21602619,-0.046997547,-0.0027873963,0.26527965,-0.45693332,0.17844513,0.11337307,-0.26932508,-0.4885949,0.17382419,0.019719362,0.29366782,-0.43510717,0.17391467,-0.5015817,0.44696912,-0.15460205,-0.76115936,0.2103725,-0.028338224,-0.26002276,-0.2968939,0.03485977,-0.21493837,-0.1147216,-0.26688993,0.7298204,-0.26097253,-0.31527796,-0.27400723
IND571313AAB,-0.55224633,0.8448872,0.94578445,-0.2915836,0.5863998,0.14930587,-0.022518318,0.12074335,-0.006049536,-0.7649332,-0.31793737,0.111861706,0.22215892,0.46131712,0.2648506,-0.093603134,0.31002834,-0.007870838,0.7079624,0.37319624,0.69847864,-0.21351205,1.4106355,0.58122087,-0.25186706,0.25489727,-0.6377654,-0.061605506,0.19595672,-0.66676855,-0.0013097227,0.7298949,-0.2113397,-0.75339526,0.3810384,0.07454032,0.1764178,-0.56498176,0.019728344,-0.5574919,0.10228637,-0.47297513,-1.0055883,-0.048346393,-0.19859076,-0.05178876,-0.19947901,0.13185108,-0.17189284,0.26689452,-0.28881603,0.40919504,-0.148334,-0.15628436,-0.13637558
IND571114AAA,1.9767419,0.2212079,-0.07929061,-0.04703904,0.21274251,-0.35326025,0.48599228,-1.5267859,0.78812253,-0.06354953,0.9481223,0.60235035,0.8927303,0.12751655,0.79106,-0.95788646,0.079677135,1.1352217,-0.8500912,-0.64299786,0.58121574,-0.29917932,-1.0647163,-0.27431306,0.27787095,0.4240325,-0.16364765,-0.17009895,1.0510262,0.41626537,-0.18151823,-0.6818723,-0.08459837,1.1991731,0.21998578,0.7189484,0.68313885,0.04043573,-0.03721653,0.046149623,0.7581376,-0.43767607,-0.07483905,0.044336975,0.36909896,-0.47687086,0.19767348,0.52460194,-0.7696341,0.85752183,0.21432081,-0.015969943,0.7915679,0.028669544,-0.47454107
IND562160AAB,2.001418,0.20942007,-0.21762514,-0.30506274,-0.24744213,-0.29037124,-0.011780232,-0.18317664,0.057678208,0.308494,-1.1404297,1.1782991,-0.608701,-0.08768849,0.3280593,-0.2701388,-0.59908,-0.19354123,1.1747665,0.81510085,-0.3925667,0.29131696,-0.38274488,0.5675819,-0.17450595,-0.045091063,0.6103507,0.046761386,-0.8885883,-0.24898298,0.65512055,-0.55983555,-0.3074447,0.13434568,-0.46949896,0.54931116,-0.7489296,0.71319205,-0.7772989,0.4221614,0.59421027,-0.1796732,-0.3124742,1.348237,-0.21405011,-0.46152166,0.071756214,0.10419193,-0.24437085,-0.20931166,0.27121013,-0.25176066,-0.100728706,-0.12530623,-0.55127984
IND571104AAA,1.8914238,0.10370299,-0.26720265,0.008980617,0.23625386,0.03905556,0.6682843,1.4449985,-0.6852986,0.44244868,0.50877964,1.0235217,0.73978055,0.27197343,0.67278147,-0.02770985,-0.37534592,0.8087255,-0.17610593,-0.80989665,0.032267824,-0.35492948,-0.5363185,-0.24211687,0.4389671,-0.35923916,0.36331913,0.1283547,0.25854796,-0.47589767,0.090813205,-0.1999749,-1.3503617,0.22949597,-0.042199902,0.4255612,0.20526841,1.1073304,0.15106165,0.29769096,-0.33088976,1.0694635,0.03261036,-0.8945289,-0.11492872,-0.35267806,0.3830436,-0.1688892,0.62001735,0.18094957,0.21126227,-0.5290552,0.17254566,0.8621258,-0.38586265
IND573116AAA,-0.80130863,1.079746,0.6741345,-0.53272116,0.6491664,0.33630458,0.48151898,-0.09084084,0.49372858,-0.10231634,-0.28585202,-0.1393151,-0.0024356507,0.09187141,0.15785643,-0.6374302,-0.27946085,-0.50209916,0.48054552,0.21926914,-0.00096076634,-0.10600336,-0.460695,-0.0785851,-0.18268564,-0.11955363,0.19023481,-0.49080533,0.47972643,-0.029249892,-0.78432995,-0.035602126,-0.18544771,-0.92214715,-0.1126497,0.4719727,0.32094616,-0.100677796,-0.33243823,-0.654521,-0.11427246,-0.16823219,0.07610017,-0.17597283,-0.7909845,0.09235491,0.3547414,0.12798762,-0.006191695,-0.32086393,0.4912843,0.019834094,0.51176924,-0.22232445,-0.22902936
IND573134AAB,-0.5270928,1.0293953,0.74397945,-0.61472857,0.8402355,0.37020525,0.26525578,0.045305863,-0.1492077,-0.35432422,-0.37792224,0.15602063,-0.14683561,0.0008504605,0.4392103,-0.94465035,-0.2694546,-0.28320396,0.5237651,0.26035398,0.11534736,-0.22513603,-0.19551915,-0.13701373,-0.07716636,-0.11331346,0.14895828,-0.45716316,0.74437165,0.14099,-0.73299503,-0.12731314,-0.22291167,-0.6554868,-0.06668714,0.5770964,0.21581969,0.4637279,-0.2711351,-0.6935543,-0.0749649,0.035313472,0.23511145,-0.18277892,-0.9140739,0.20211178,0.12943368,0.45932907,-0.23002654,-0.42475525,0.19063807,0.054750614,0.1945023,-0.46506083,-0.25064272
IND574239AAA,-0.029046416,1.0628113,0.8676512,-0.23008208,0.88657767,0.016837478,0.29034826,0.7974012,0.37371045,0.22972834,0.7461113,0.19226688,0.32524154,-0.031081434,-0.47976488,-0.099745974,-0.253127,-0.022543311,-0.008602384,-0.06946729,-0.6894113,-0.3812684,-0.29041263,0.5438026,0.11512971,-0.8481337,-0.40265313,-0.22741799,0.47322565,0.035439536,0.07800251,0.52475715,-0.29052496,0.29602885,0.62121224,-0.64034414,0.3058647,0.05584938,0.38106847,-0.14791681,-0.18407601,-0.55722654,0.56351066,0.43410182,-0.6940821,0.100806326,-0.46377027,-0.7783143,0.7519722,-0.5266986,0.6101388,-0.22134653,-0.6024187,-0.3530624,-0.1287817
IND577432AAA,-1.2094959,1.0792687,0.8538779,-0.48063093,0.6745758,0.21232352,0.38781172,0.3335248,-0.015065461,0.26003298,-0.12646578,0.5410925,0.40036228,0.2993374,-0.42311808,0.08272454,0.22922048,-0.042950794,-0.047151748,0.25710905,-0.16301212,0.066818774,0.38439682,0.033028305,-0.18708193,-0.08363365,-0.2186447,-0.6836586,0.22962756,-0.2318585,-0.4275713,0.15094429,0.020301819,0.3247519,-0.46917945,0.25711656,0.071252406,-0.13391116,-0.46900362,-0.119897336,0.17585136,0.0067557096,-0.031700253,0.17141105,0.07181996,-0.489187,-0.17742473,0.3956498,-0.08855118,0.20111153,0.49604672,-0.4633734,0.1354971,0.25706422,0.003180623
IND573142AAA,2.411057,-0.3154307,0.14761168,0.03497237,-0.26711792,0.32216677,-0.006862795,-0.5260175,0.36894083,-0.7179236,1.1122618,0.3616736,-1.0927534,0.56616175,0.16247515,-0.042721983,-0.40275493,-0.5172466,-0.5309673,0.85405856,-0.48392984,-0.39833972,-0.508648,-0.8908391,-0.31329578,0.3544181,-0.49294984,-0.65048176,0.38927686,-0.51479566,0.13571602,0.051479816,0.5969986,-0.7143983,0.803587,-0.5658197,0.2047962,0.23035298,0.85771847,-0.14551957,0.0868157,0.3501906,-0.7237753,-0.59998983,-0.58214587,-0.41471678,-0.1741829,-0.23127717,0.58155763,1.2693038,-0.2231191,0.04000809,0.3316265,0.5397264,-0.1816859
IND580002AAA,-0.73513603,1.1851758,0.66756845,-0.064156294,0.67277706,-0.16696125,0.645714,-0.36628628,-0.59079504,-0.1755785,-0.14937891,1.0275218,0.35724995,0.14531074,-0.466335,0.31821638,-0.52094114,0.21157557,0.05256457,0.27090454,-0.097653754,-0.013506651,-0.03665047,0.14491232,-0.5940931,-0.6083299,-0.32138515,0.018889263,0.06229669,0.25030446,0.172379,0.5476328,0.11486315,0.48437726,-0.121146806,-0.12558384,0.02014818,0.002894625,-0.4263194,0.11726794,0.06674274,0.027501829,-0.13106051,-0.011924744,-0.2619486,-0.56596917,0.09184472,0.27208546,-0.30241013,0.23171577,0.17332627,0.17961806,0.030042682,0.14449403,0.023129739
IND590016AAA,-1.0161102,1.1393721,0.89135253,0.08429623,0.7014103,-0.34821054,0.27117747,-0.09431907,-0.3891716,0.027387656,0.039462525,0.7529055,0.3991974,0.09855153,-0.61120033,0.40437338,-0.3623968,0.4699791,0.096225336,0.47921622,-0.09309242,-0.21422648,-0.19870466,0.22741622,-0.29386973,-0.32445192,-0.28621584,0.12289436,0.16864163,0.30630672,0.041805327,0.5767514,-0.15484774,0.47274536,-0.087014385,0.10581504,0.053901613,-0.3172419,-0.24498445,0.15589452,-0.21676853,0.3154118,-0.1769582,0.21928814,-0.1536591,-0.30788052,-0.01625134,0.42868522,-0.19478422,0.2497077,0.3869961,-0.012404628,-0.13959211,0.024043284,0.069152296
IND591115AAB,-1.0088996,0.9631073,0.77191603,0.14728047,0.77165425,-0.18132217,0.49606124,-0.09219285,-0.15649283,0.3211801,-0.10890989,0.852672,0.29680425,0.07382204,-0.51311934,0.31908008,-0.4694435,0.13889559,0.14851591,0.625504,-0.12425006,-0.083983466,-0.057892166,0.122088835,-0.43704945,-0.05528827,-0.23075442,-0.023554057,0.28795707,0.37502295,0.29068524,0.4653939,-0.03826256,0.6335348,-0.077126086,0.029461816,0.14319938,-0.10873464,-0.22728038,0.15457536,-0.19124497,0.33514655,-0.28164113,0.3230772,-0.044011235,-0.5939939,0.14798391,0.12559023,-0.021635603,0.1587528,0.37542325,0.06628675,0.048926387,0.10632987,-0.003224492
IND591123AAC,-0.9150628,1.1595416,0.8321974,0.307257,0.6556322,-0.11162318,0.4103643,-0.028904416,-0.33543384,0.2127218,-0.1547281,0.7465389,0.34594885,-0.038509343,-0.6906212,0.066659525,-0.44455484,0.23421945,0.10549579,0.52660066,-0.0691882,-0.00032782787,0.22021866,0.029907107,-0.37895733,-0.36355436,-0.47452608,-0.07188135,0.21136962,0.5055417,0.14173372,0.33630332,0.07028119,0.55139077,-0.02179458,-0.09114896,0.0005268194,-0.19782797,-0.11545891,0.0072611347,-0.11492778,0.14917381,-0.20048618,0.08228757,-0.02516514,-0.53915393,-0.002531007,0.024088103,-0.19849813,0.25306666,0.40049976,-0.2679704,0.1389165,-0.13284874,-0.092714384
IND577535AAC,-1.219059,1.0183816,1.0230068,-0.4793483,0.45403597,0.12846872,0.18328756,0.06445804,-0.5517427,-0.3656546,0.04131532,-0.08420525,0.24783528,0.35718268,-0.1606281,-0.12322898,-0.2513352,-0.036164023,0.046521068,-0.2778278,0.4412011,0.27343208,0.042880416,-0.18015888,0.2097542,0.72187775,-0.48304242,0.09108353,-0.6149974,-0.043945625,0.17007309,-0.13946004,-0.49438617,-0.61388314,0.24872372,0.1627705,-0.26927418,0.12380394,-0.4668524,0.025471235,-0.33517864,0.08975309,0.10426465,0.07926924,0.53730583,0.38694453,-0.03125417,-0.033369176,-0.07931921,-0.1699656,0.28212857,-0.52906585,0.09463799,-0.12480016,0.47060034
IND583231AAA,-0.43153012,1.261435,0.92166233,-0.35564023,0.74129665,0.18951367,0.34836268,0.14314434,-0.49297243,0.045667954,0.37048846,-0.28617117,0.054861818,0.29981226,0.1998896,-0.20571429,-0.5298565,-0.23996755,0.18655264,-0.4175545,0.49672619,0.30275092,-0.15244493,-0.16230503,0.36345726,1.1426604,-0.24951573,0.32758182,-0.47626847,-0.36540765,0.24852592,0.015447684,-0.2780243,-0.44477183,0.47022784,0.2837746,-0.5585881,0.033725176,-1.1200072,0.11302292,-0.7206497,0.20314291,0.4796667,-0.012290955,0.3243364,0.07171213,-0.15829411,-0.49103004,0.61615884,-0.29776567,0.34279686,-0.01097545,-0.10372388,0.028044889,0.8064192
IND584123AAA,-0.9611842,1.4375213,-0.022890888,-0.2923239,0.0122094955,0.015362227,-0.03167735,0.27594778,0.5752783,0.08655119,0.6018219,0.19706026,0.39457023,-0.01938503,-0.38137716,-0.72626406,-0.3252669,-0.11225219,-0.3381741,-0.14919467,0.46256512,0.27810577,0.5243493,0.31973073,-0.2766019,0.043143943,0.18069339,0.37564027,-0.24294594,0.38710892,-0.7061535,0.21485686,-0.21470664,-0.29275125,-0.12888096,0.48838764,0.51267195,-0.262278,-0.46179923,-0.19419318,0.7894528,-0.23826554,0.015571676,-0.38688478,0.13988578,0.07445881,-0.39398485,-0.7309326,0.19722277,0.24485126,0.35884377,0.36442062,0.081638776,0.7142659,0.20105818
IND583121AAA,2.062492,0.056685194,-0.1323943,-0.21926534,-0.12083056,-0.8533845,0.22916926,-0.78025854,-0.3891142,-0.20755956,0.0877441,-0.36861908,0.7756122,-0.39141256,-0.052301764,0.33571017,-0.9401152,-0.034384675,0.6969796,-0.18110694,0.5894613,-0.46747583,1.2714112,0.685283,-0.64341205,-0.9516141,-0.0012157857,0.4481302,-0.12725316,-0.92959696,-0.5572658,-0.6945681,-0.061852306,0.67317677,-1.1557833,-0.21925855,0.25541943,-0.704983,-0.48275506,-1.2338375,1.0483768,-0.6969721,-0.21356201,1.1325884,-0.46220565,0.55127966,0.4397714,0.5896548,0.2567234,-0.1512025,-0.53474325,-0.13655686,0.08677614,0.027225757,-0.1577945
IND585211AAA,-0.74772894,1.1992967,-0.5676755,0.15475933,-0.7457514,-0.8549677,-0.16060248,0.15045404,0.3129328,-0.2532068,0.69893605,-0.20667304,0.07432678,-0.00037180632,0.116313875,0.78877896,-0.22277166,-0.21498245,0.06549328,-0.7713744,0.40135923,0.14148714,0.15826052,-0.68511355,-0.2735935,0.018275157,0.007726595,0.32388788,0.020603135,0.100235984,0.4873457,0.23309013,-0.2546879,-0.05059178,-0.041096475,0.67702574,-0.0120815,0.30307156,-0.6560476,-0.421591,-0.17176658,0.47208008,-0.119413696,-0.37743884,-0.31230846,-0.28908253,-0.32959348,-0.20559227,-0.2614516,0.3548141,-0.03182128,0.36063445,-0.06621255,-0.3137173,-0.22429037
IND585401AAA,-0.42782056,1.2984767,-0.87529933,0.0810359,-0.6303254,-0.7042711,-0.49406105,0.055733997,0.14191087,0.073211595,0.48512745,0.15240717,-0.021489652,0.029703036,-0.04129509,0.88629097,0.049986467,-0.3452921,-0.029977871,-0.90106976,0.3846223,0.27059337,-0.22410044,-1.254036,-0.5421024,0.49395174,0.26831293,0.46096605,0.32062936,0.25582325,0.17657109,0.22318089,-0.17286415,-0.0043944567,0.09877568,0.8496657,0.17542642,0.48717207,-0.62177205,-0.15209676,0.3103339,0.2240534,0.16619156,-0.46571213,-0.58450663,-0.11016075,-0.29245287,-0.0665017,-0.21027496,0.7596389,-0.16268487,0.6081307,-0.085556224,-0.17603382,0.021070778
IND582209AAA,1.9996778,-0.010030281,0.2941895,0.5438362,-0.16456884,0.185133,-0.332448,1.7984262,0.9692381,0.024654493,0.5222116,-0.46712178,-0.59743273,0.5417522,0.21855964,-0.6925045,0.41727304,0.23956534,-0.56123847,0.3449738,-1.6163049,-1.4818528,0.42634675,0.3260787,0.506298,0.62968606,-0.14080167,-0.24543698,0.14995642,0.37404174,-1.1742849,0.6596846,-0.68016565,-0.4241317,0.0039778277,0.07286677,0.47906896,0.8466738,0.65238166,0.06536946,-0.23146462,0.5893078,0.3861613,0.10990901,-0.21427736,-0.15116826,0.15419137,0.47952905,0.4868565,0.014451176,-0.14978762,0.10687513,0.32835525,-0.14331926,0.2185857
IND586101AAB,0.2612115,0.6114845,0.77981377,0.4597807,1.1463488,-0.66073024,0.4787142,0.18629324,0.19574794,0.60589993,0.810265,-0.22506458,0.1856164,-0.40387863,-0.36172348,0.74728435,0.23149294,0.28873733,0.017254047,0.51715636,-0.9280267,-0.4161275,0.49526852,-0.56966704,1.3950114,0.66336066,0.21310163,-0.5852321,-0.285708,-0.40459943,-0.19988286,-0.027155586,-0.058545,0.48063105,0.63975626,0.15706207,0.54012847,-1.0392334,-0.27666765,-0.32513097,0.59990656,0.26628086,-0.56751907,-0.4240719,0.3607629,0.4331615,0.30767316,-0.10372587,0.17855272,-0.22383222,-0.32394183,0.3888844,0.22886162,0.017996777,0.28730273
IND600004AAA,-1.1667331,1.0108016,0.25384808,-0.60571283,-1.0723052,0.3075635,-0.38393933,-0.59307104,0.21410565,-0.21232113,-0.4114405,-0.2975188,0.36636537,-0.3965937,0.03617368,0.035945136,0.49404985,-0.044047087,0.52674127,0.45236588,-0.57836545,0.04806982,-0.12749916,-0.040559545,0.46334845,0.6507556,-0.41785762,0.112684295,0.19172217,0.14212658,0.1489527,0.16906224,0.46167114,0.1205996,0.4607922,0.72913915,0.1074341,0.3405574,0.8092407,-0.10013747,-0.38081458,-0.22097683,0.21483043,-0.11823024,-0.037515774,-0.6793237,-0.24267104,-0.21016896,0.035304338,0.3122017,-0.3748054,0.2529728,-0.016719047,0.12759179,-0.04396075
IND602105AAB,-0.2291125,0.9956191,0.22551344,-0.5909099,-1.0967103,0.40288994,-0.9199919,0.4903109,0.23199563,0.218948,0.3319528,-0.9133294,0.9721378,-0.900316,0.5109883,0.18814884,-0.3129987,0.29247385,0.17888783,0.3255794,-0.3527512,-0.45829472,-0.45486107,0.19531804,0.16328548,0.4183483,-0.11546737,0.33683848,0.40163153,0.029754922,0.47400665,0.050046325,0.3147299,-0.30321854,-1.1289291,0.7409829,0.1464858,0.356816,0.13244367,0.21317959,-0.035461202,-0.16978322,0.04200353,0.021885365,-0.17695874,0.15987,0.028444812,0.42371848,0.18778288,-0.41899243,-0.17129101,-0.046026558,-0.23696283,0.54071313,-0.24875256
IND605010AAB,-0.9967289,1.0163769,0.41904292,-0.45521295,-1.2389498,0.47480607,-0.18013833,-0.4328909,-0.032629415,-0.32537195,-0.3591438,-0.20398305,0.37214065,-0.7511744,0.4060241,-0.47779408,0.12611543,-0.0026705787,0.67698765,-0.13293421,-0.25930092,-0.21934998,-0.1635189,0.2334137,0.39720583,0.29770762,0.16822228,0.089211866,0.13264456,0.022627354,0.14230329,0.24938044,0.46676677,0.22303845,-0.107409514,-0.027132295,-0.3929782,0.2005399,0.07984924,-0.043504294,0.36255056,0.15015566,0.0012013167,-0.31685656,0.24437723,0.1191569,0.016848117,-0.15825886,0.3184187,0.10387423,0.0018542707,0.20138264,-0.03732257,-0.11894579,0.21274114
IND631501AAA,-1.3926731,1.0175855,0.31100595,-0.27593634,-0.9153146,0.43483752,-0.35466477,-0.34835953,0.016182397,-0.04043582,-0.30560106,-0.28444058,0.34655043,-0.29331326,0.43017855,-0.03682105,0.19579296,0.30664062,0.2632534,0.14413469,-0.19319516,-0.01773867,-0.09879994,0.42835584,0.16189687,0.477135,0.05386582,-0.019357586,0.17674075,0.375754,-0.07161328,0.11793767,0.28652263,-0.06722213,0.020646386,0.07209297,0.0633404,0.20029993,0.37650722,-0.03319377,-0.030166134,-0.027884893,0.19865891,0.0605167,-0.0035002828,0.06913023,-0.052335616,-0.027821615,0.12930393,-0.22218528,-0.22455384,0.077598244,-0.035107177,0.01597657,-0.048431203
IND600056AAD,-0.9670795,1.1502545,0.3295604,-0.45877755,-1.006767,0.48986065,-0.4950849,-0.3307472,-0.29644752,0.083392546,-0.16887467,-0.5137523,0.37709662,-0.65717393,0.43834227,-0.2489296,0.67307067,0.17338285,0.39655071,-0.38619244,-0.38883206,0.24721676,-0.07814055,0.27612817,-0.06257439,0.386514,0.23539302,0.021957338,-0.02031795,0.49256063,0.36534122,0.437868,0.23502514,-0.6319664,0.44918883,-0.28179315,0.21871597,-0.19917418,0.45412087,0.2275001,0.02067023,-0.16276439,0.22799936,-0.054800697,-0.066322654,0.14177649,0.10103774,0.077318065,0.378429,-0.25243315,-0.6317709,0.15058309,0.45286468,0.29741523,0.26906103
IND607106AAA,-0.5142548,1.1282496,0.21786083,-0.5319762,-1.0664171,0.23755597,-0.52243936,-0.70558417,0.27218765,0.08175325,0.31638062,-0.18093516,0.27012765,-0.0726583,0.07115827,0.13777927,0.7086117,0.4919543,0.3006953,0.30280066,-1.0708009,-0.39037576,-0.4596985,0.72567874,-0.42983842,0.320205,-0.21865664,0.36083186,-0.11301807,-0.005246382,-0.030177698,0.40485898,0.68216467,-0.18171932,-0.22099876,0.030745536,0.15966696,0.252159,-0.120549515,-0.08097787,0.07420429,-0.00044367462,0.48095828,-0.37514025,0.14337634,0.10103351,0.2037019,-0.260817,0.018222425,-0.27259082,0.19616441,0.21024144,0.6770094,-0.119110376,0.044483587
IND608001AAA,2.039579,-0.051130712,-0.22274557,-0.4540851,0.05205313,0.1293729,-0.5000369,-0.14281896,0.6453979,-0.84607226,-1.179592,0.4627146,0.16305004,-0.8756489,-0.1491084,-0.26074892,0.6907434,0.6040826,0.45850796,-0.23056756,-0.23720038,1.0188837,0.7658226,1.0956278,0.743929,-0.2452606,-0.71617335,0.8196465,0.96700233,-0.4849133,-0.37043488,0.36002886,-0.7601954,0.23162705,-0.6997519,-0.34101498,0.08006301,0.80296427,0.3900113,-0.5278154,0.3031799,0.35212368,-0.5329448,0.05943829,0.45198035,-0.12479898,-0.39213425,0.17996022,-0.636689,-0.7136723,0.968594,0.4238224,-0.6886055,-0.46010935,0.46315932
IND606003AAA,2.3676434,-0.023496166,-0.5002711,0.9033237,-0.04853969,0.33844063,-0.26427922,0.41102636,0.6956797,0.79642266,-0.0395606,0.7382331,-0.18333583,-0.19824632,-1.3537322,-0.42305067,0.08076228,0.4061681,-0.8506077,0.14022653,-0.8210485,0.13171828,-0.06690761,-0.018663913,0.40671635,0.5116031,-0.12410348,0.7250808,-0.42738003,-0.47388214,0.35724366,-0.11128989,-0.7323382,0.64098245,-0.52468175,0.3118775,-0.1996662,0.23635383,0.36851814,1.2875351,-0.43255135,-0.62195206,-0.50758153,-0.66386425,0.2822149,1.1344405,0.4685768,-0.65809727,0.7611083,0.33096594,-0.23304792,0.44460267,-0.16978446,-0.075859606,-0.3631794
IND639104AAB,1.3295113,0.1068524,-0.008690454,0.072685495,0.0064723194,-0.08121011,0.0020533148,-0.05590979,-0.04597433,0.061113276,0.040572487,-0.01291272,-0.045921385,-0.03743978,0.028289879,0.04779901,-0.04235212,-0.018526375,0.01359304,0.022824552,0.01942898,0.00421685,-0.045050763,0.080902085,-0.020452872,0.037320316,-0.06256769,-0.06555212,0.048156768,0.021692678,-0.0060511827,-0.005311966,-0.057098262,-0.033804774,-0.05526165,0.040291615,0.024561688,0.068448715,0.034333006,-0.05921061,-0.048702344,-0.04275179,-0.056759357,-0.09080258,-0.0020886809,-0.01605022,0.1315671,-0.09344069,0.011179674,0.039901637,-0.0581678,0.05323147,-0.003342118,-0.09342606,-0.11935553
IND614018AAA,1.9307274,-0.0023703128,0.22131866,0.63563824,-0.16159117,0.004600525,0.40056625,-0.19060138,0.52161056,0.14464316,-0.062367156,1.1496395,0.42071944,0.44018883,0.91594124,-0.47738716,-0.12949288,1.0204308,-1.0121416,1.0460571,-0.8006776,-0.6352849,-0.8642307,-0.09958415,-0.6623017,-0.18872944,-0.5343194,-0.37358242,0.7950312,-0.68822396,-0.20817035,-0.62468493,0.5307715,0.20471697,-0.47331107,0.06726856,-0.95826304,-0.2619202,-0.9216521,0.007652063,-0.60371244,-0.74845195,-0.36778954,-0.3981213,-0.3571627,0.33502626,0.40602916,-0.51874954,0.5800423,-0.20580822,-0.20454021,-0.59906495,-0.21720445,-0.21380483,0.098460525
IND614715AAA,-0.28122532,1.0292594,0.39484793,-0.44903517,-1.3271456,0.7148764,0.1508956,-0.67267853,0.0023204423,-0.33417442,-0.26799476,-0.36784416,0.5018581,-1.1716939,0.468589,-0.7657642,-0.11497009,0.049119405,0.7696313,-0.15415472,-0.27441293,-0.5426699,-0.15181676,0.20608616,0.5250708,0.23332095,0.27659234,0.2016116,0.33126748,0.16945975,0.12407252,0.5180466,0.9784422,0.42235845,0.00584244,-0.07077791,-0.51731014,0.21731313,-0.1498434,-0.113413736,0.49023455,0.3036904,-0.21250066,-0.6071768,0.5109025,0.23616257,0.22924499,-0.27747616,0.37137762,0.5582524,0.045743465,0.22501859,-0.053146522,-0.29674986,-0.042411283
IND614616AAA,2.3339438,0.34211808,0.7713964,0.43799525,-1.34004,-0.8591646,0.10717716,0.7296579,-0.4802369,-0.839528,-1.1208925,-0.6850328,-1.0797684,0.23953669,-0.06668535,-0.1530583,0.76953834,-0.04431106,0.020112911,-1.4442178,-0.2352634,-0.4297316,-1.1589484,0.16410288,1.2730688,-0.22381741,-0.1012083,-0.27564114,0.4481629,-0.18276377,-0.03174442,-0.7699147,0.22886273,-0.37121725,0.4371165,-0.6028416,-0.33376908,-0.37032527,-0.14043564,-0.49475366,0.7577553,0.022679865,0.50224125,0.40880597,0.00035840273,-0.29577526,-0.5093694,-0.16782054,-0.3362809,-0.067810364,-0.2260174,-0.302236,-0.33161837,-0.5072352,0.09033868
IND621112AAA,1.964156,0.12278053,-0.20725253,0.2808205,-0.22901767,-0.071704246,-0.1147345,-1.020812,-0.4667675,-0.7576254,-0.18359983,0.14665204,0.6959015,-0.22619279,-0.5894236,-0.33490515,-0.2743796,-2.1044831,0.39371026,0.70457333,0.19602638,0.31840083,-0.8076182,0.0908176,0.019550584,0.058353752,-0.1909095,-0.73166704,0.0021810457,-0.34687275,-0.022084415,0.72505593,-0.5647243,-0.5717993,-0.3600292,0.7414973,0.23392102,-0.26000726,-0.767686,0.48182434,0.6830859,-1.8109959,-0.0832685,-0.9163127,0.2205723,-0.1145661,-0.13536517,-0.5391697,0.3973288,0.18327019,0.3165066,-0.3651819,0.08950552,-0.859456,0.52362216
IND621704AAA,1.8618602,0.016906086,0.09757903,0.08529347,-0.044477426,0.04878251,-0.17473781,0.059068598,-0.32514316,-0.5402934,-0.61763227,-0.0066624843,0.76907474,-0.016806861,-1.3425683,0.19124664,-1.0480396,1.0306664,0.09253742,-0.5497492,0.40137434,-0.7362045,0.43694052,0.50534654,0.17199063,0.76867807,0.81530327,-0.05259049,-0.3720531,0.18418695,0.26588583,0.37273937,-0.9046184,-0.3702199,-0.4105823,-0.5057496,0.21347699,-0.07272317,-0.3417594,0.18366331,0.2937079,-0.11382902,0.76175755,1.1429479,-0.28941384,-0.100638844,-0.20850058,0.30387127,0.24815637,0.75339216,-0.08689386,-0.11730112,0.05817577,-0.29712436,-0.17830452
IND623704AAA,1.7342488,-0.033708017,0.58738613,-0.062516406,-0.2059089,-0.37820342,-0.15297087,-0.30488417,-0.6054219,-0.5984396,1.0193244,-0.71813697,0.63523936,-0.06616482,-1.149546,0.54684335,-0.20062888,-0.70748484,0.100946926,-1.1099946,-0.16630462,0.10464437,0.040195234,0.86223495,-0.36868924,-0.5823518,-0.582459,-0.32314223,0.7518722,0.600649,-0.37767154,-0.64734405,0.7536459,0.5869312,-0.74817437,0.19335015,-0.16450518,-0.5128805,-0.99504185,0.2971506,-0.29241204,0.5152942,0.26638988,-0.20674318,-0.20946068,0.4834602,0.04711567,-0.2684043,-0.34502167,-0.09474507,-0.01327616,-0.02913273,0.3435255,-0.053810123,0.09469989
IND624619AAA,2.1493125,0.0644658,0.55801946,0.5146217,-0.48923898,-0.03185507,0.3276104,-0.7384887,0.29093736,0.33627042,0.45109272,-0.01465394,-0.9583364,-0.259681,0.19506076,-0.68039125,-0.27282375,-0.8709196,-0.29979873,-0.9592527,-0.25942844,-0.8871187,-0.81931514,0.4454131,-0.19052987,-0.19465217,0.51972866,-1.2462677,0.49817175,-0.5205376,1.4535947,0.22150934,-0.571061,-0.47732127,-0.12827459,0.40292305,0.61612284,0.26816875,0.507923,0.05006234,-0.057962902,-0.19293284,0.46543407,0.73214066,0.62074494,0.4613348,0.20460792,-0.14614797,0.1468552,-0.49590877,-0.023182571,-0.058841843,-0.3176057,0.39728838,0.12079938
IND624101AAA,2.222578,-0.14333457,0.63535047,0.22296886,0.32763955,0.38874653,0.53564394,-0.88330543,0.04765378,-0.5498549,-1.2195107,-0.27209395,-0.6842941,0.39717937,0.74736893,1.1453291,-0.30757165,-0.88266957,0.19757451,-0.23265925,0.63672227,-0.9003278,-0.344867,0.6826466,0.13814461,-0.16233575,-1.1324096,0.10723312,0.14969239,0.5749231,-0.46141452,0.7408947,0.21078244,-1.0611614,0.9119388,-0.29165435,-0.9150136,0.46193504,-0.18232332,0.24007602,-0.040024154,0.11025215,0.09264212,0.019662216,-0.10153592,0.12906264,0.20231397,-0.51096696,-0.721067,-0.18850139,-0.2851292,0.72577375,0.5252871,0.10289922,-0.38040936
IND626123AAA,1.8156863,0.071433745,-0.043100968,0.038663268,-0.06745578,-0.10091865,-0.06368298,-0.0059170127,-0.25383162,0.7196786,0.21682659,0.10346691,0.55841124,0.62431324,-0.03259713,0.24921183,0.15945743,1.3978378,-1.0135608,-0.88026714,-0.92962366,0.018535918,0.85156506,0.029600218,-1.366023,-0.06359744,-0.9865897,-0.049193285,-0.8270589,0.40117157,0.1228231,-0.22629371,0.5139888,-0.062060952,0.6231902,-0.084077835,-0.47706732,0.14321093,0.1200985,0.037646215,0.61856043,-0.03137417,0.07950305,-0.1378418,-0.029874995,0.103854984,0.13294564,-0.06825315,0.13841367,-0.1870378,0.5960507,-0.12226851,-0.30397555,0.0060258918,0.13268387
IND625516AAA,1.7864679,0.16120659,-0.112091154,0.027475968,0.13518414,-0.15599722,-0.26099995,0.14882755,-0.45324606,0.73086214,0.31013846,0.11936921,1.0879688,0.72158825,0.25633937,0.15651606,-0.19587931,1.2849236,-0.23572122,-1.0510781,-1.0970442,-0.2769954,0.79062897,0.5137106,-1.1411681,-0.5072933,-0.7095818,-0.070059985,-1.1393924,0.7724223,0.10255322,-0.46604854,0.2747429,-0.025883302,0.10151046,-0.17097837,-0.14962578,-0.22028871,0.37923956,0.14896594,0.30093643,0.20169103,-0.26621807,-0.14708266,-0.033328697,0.33966774,-0.15879567,-0.1352857,0.18477225,-0.046905495,0.48196417,0.15958786,-0.21424529,0.36957332,0.38073656
IND627117AAA,1.5962762,0.09503201,0.0014660954,-0.047066852,0.17721331,0.12646693,0.5920898,-1.4322258,1.700155,0.07840227,0.21749736,0.5565871,-0.7791596,-0.8422907,-1.0684828,-0.2207094,0.47804922,0.18366161,-0.026768288,-1.2511612,0.3070909,-0.4018607,-0.7842484,-0.49361315,-0.24279793,1.2442176,-0.0635142,0.3055972,-0.00506866,-0.48886913,0.049364313,-0.122326374,0.645674,-0.18222488,0.046093456,-0.3070649,0.05618093,-0.13324861,0.3694771,0.27316135,-0.022174627,-0.097649425,-0.19757625,-0.26139855,-0.34389663,-0.46973458,0.037162766,-0.10887147,-0.08412354,-0.16360196,-0.12734325,0.01855091,-0.046571817,0.024896905,0.001409173
IND627811AAA,1.618683,0.09875628,-0.031559974,-0.05653633,0.18857777,0.12575361,0.57008,-1.3751994,1.6664611,0.101897456,0.16421823,0.5592884,-0.7707902,-0.8531979,-1.0754322,-0.24413723,0.4386109,0.20052561,0.020785872,-1.2432227,0.31896946,-0.3671278,-0.7996223,-0.4714725,-0.2650956,1.2916589,-0.05564335,0.3174777,0.013264328,-0.4355613,0.058546655,-0.114990115,0.64673364,-0.18638052,0.018854968,-0.32979995,0.0786104,-0.13172296,0.37735114,0.2965315,-0.019164681,-0.10511315,-0.17630443,-0.24978185,-0.3538147,-0.47312534,-0.022015616,-0.12443393,-0.04705664,-0.2067284,-0.097506344,0.038452044,-0.029112007,0.0004848279,0.0050002635
IND628801AAA,1.6102289,0.10124414,-0.034300864,-0.072252825,0.19810092,0.12798834,0.60017455,-1.4324883,1.6768333,0.10578332,0.20328937,0.57999194,-0.80587596,-0.8178025,-1.0664593,-0.2588321,0.46520254,0.19606036,0.0045452653,-1.2529987,0.30973354,-0.42030445,-0.81922525,-0.51846874,-0.21520512,1.3096218,-0.06942642,0.32040888,-0.005113378,-0.4715501,0.051892787,-0.10213202,0.66711044,-0.17685454,-0.0074598566,-0.3322742,0.07801362,-0.118399665,0.4158904,0.25616008,-0.011516165,-0.08168766,-0.17421871,-0.2652735,-0.33705917,-0.48676187,0.010428205,-0.13556549,-0.046657797,-0.19482431,-0.10625346,0.013609961,-0.04105484,0.015670065,-0.019650534
IND629001AAA,1.6340009,0.10118204,-0.029004589,-0.05535677,0.19089851,0.10249731,0.5818874,-1.3915409,1.654865,0.10243123,0.21498702,0.5514815,-0.7854434,-0.82944566,-1.0597745,-0.24293725,0.46891734,0.23129861,0.008343994,-1.2566351,0.31686518,-0.39320955,-0.78033346,-0.48764136,-0.2689215,1.278971,-0.056236804,0.2959618,0.021633178,-0.44550884,0.06881131,-0.115647644,0.64987314,-0.19565977,0.011616699,-0.31021714,0.05310764,-0.11415741,0.39075914,0.26410037,-0.025641397,-0.09379102,-0.19460353,-0.258087,-0.3487751,-0.47253597,-0.00067035854,-0.12343303,-0.05569526,-0.1779277,-0.106643274,0.027067237,-0.025624271,0.034895778,0.006779626
IND632301AAA,-1.2862687,1.319275,0.70760345,-0.49312937,-0.1344384,0.5404818,0.042688496,-0.28621286,0.19174662,0.4484073,-0.46783316,-0.014386058,0.19024308,0.04172437,0.47867417,-0.10415597,0.41398403,0.25599265,0.07791972,0.13634755,-0.3401104,0.040503465,0.30827934,0.19028877,-0.08103976,0.22203714,-0.055155873,-0.27664274,-0.3534963,0.20770769,0.043937653,0.23082393,-0.13416944,-0.198523,-0.68965214,-0.11378867,-0.048244875,0.5838367,0.1873574,-0.22688438,-0.15609013,0.020969644,0.015441388,-0.15978901,0.27167016,-0.43714046,0.07294972,-0.19947499,0.4640148,-0.3852833,-0.40354407,0.40358698,-0.26477048,0.20606814,0.23756617
IND635601AAB,-1.3715355,1.2145962,0.65463805,-0.6005138,-0.101292215,0.6430342,-0.03867546,-0.21325555,-0.041079186,0.4331614,-0.34607732,0.12501876,0.18688631,-0.03147367,0.60605824,-0.39085013,0.21843414,0.294622,0.2311259,0.13988885,-0.35484505,-0.22536875,-0.16879255,0.3073148,-0.12206414,0.2754224,-0.068526596,-0.069886,-0.14229947,-0.107604876,-0.09367615,0.088282645,-0.3093457,-0.16219808,-0.18156058,0.15521456,0.39720806,0.1755883,0.15929222,-0.20696755,-0.061222248,0.29173273,0.28470176,0.12711747,0.4348685,-0.40380296,-0.12890644,0.19880003,0.4345319,-0.17623416,-0.398305,0.035844725,-0.38282803,0.01900196,0.093081966
IND636402AAA,1.728475,0.0016708001,0.03980159,-0.28672373,0.2887226,-0.058732957,0.27169746,-0.373355,-0.3983915,-0.6803315,1.0555186,-0.81788945,-0.27004424,-1.551724,0.22864477,0.38254744,-0.2900827,1.070733,0.43537253,-0.34061414,-0.18212011,0.33084324,0.8162863,-0.48851645,-0.92238224,-0.9547884,0.52824825,0.34027648,0.5742888,0.22189265,-0.19204354,1.3056734,1.0545707,0.37566996,0.702154,-0.11622227,-0.049300242,-0.430813,0.29329947,-0.2428173,-0.34301916,0.47605887,-0.08368709,0.29699534,-0.4182366,0.4276846,0.39292425,-0.1599322,-0.016350124,0.45988587,0.077864714,0.0861201,-0.03784487,0.0439933,-0.12581983
IND637001AAA,2.2390127,-0.03463691,-0.011805467,-0.30623943,0.75538874,0.9160913,0.40120932,0.4558885,-0.3128528,-0.59721375,0.50213677,0.90561444,0.55480736,-0.75370646,-0.74473417,0.46342292,0.27417928,0.9870689,-1.1175871,-0.7204171,0.66155064,-0.3523318,-0.58244205,1.2912302,0.73515344,0.30262834,0.813006,-0.95214534,-0.6425297,0.11802704,-0.5076948,-0.042074382,0.10778948,0.5063788,0.8831832,0.18259674,-0.6247528,0.5276278,-0.34416106,-0.08594498,1.2736804,0.12940045,-0.3848447,-0.9414864,-0.10797803,0.50065255,-0.28210592,0.18236387,0.22289377,0.21741503,-0.48843396,-0.34376767,0.5867936,0.39910793,-0.39162892
IND638452AAA,1.6336879,0.078631036,0.39986753,0.11074464,-0.5845063,-0.5058322,0.0913267,1.2375972,0.43239486,-1.3850533,0.11268865,0.21656914,1.740495,0.84217733,0.082219444,-0.05452509,-0.08369294,0.3472936,0.09863047,0.59054387,-0.032543868,0.069224365,-0.36438635,-0.31407943,0.11662357,0.016230956,-0.13712823,0.022464044,0.08047229,-0.318417,0.5887539,-0.11803084,0.34681797,0.018249303,0.7880344,0.24532078,-0.06775555,-0.024964487,-0.09835066,0.19146898,0.08796953,0.4134826,0.222222,0.43820655,0.1909665,-0.30802912,0.32474667,0.48271143,-0.3339613,0.2031999,0.27820706,0.16868627,-0.19258763,-0.4930349,-0.47312135
IND638701AAA,1.7270387,0.18234353,0.15874317,0.4823256,-0.21267313,-0.13648932,-0.46389937,1.5707014,0.52608794,-1.4838645,0.60687816,0.29205608,1.4099514,0.4713779,0.24643405,-0.6629983,0.10570386,-0.18259141,0.2999925,-0.18118633,0.68498254,-0.027368035,-0.32632017,-0.16652869,0.32707113,-0.07510717,-0.22895548,-0.12491198,-0.11750999,0.19483535,0.13770565,0.1847854,0.041018456,0.31424695,0.14687029,0.023264997,0.18920773,-0.058102924,0.42554724,-0.56129986,0.14303741,0.10549961,-0.05637692,-0.14986165,0.09937131,0.032027,-0.06226441,0.089745685,-0.09859942,-0.3174267,0.2529464,-0.25182027,0.25329724,-0.7354809,0.6856036
IND643217AAA,1.574426,0.015354257,0.2798571,0.25342143,-0.3353678,-0.34304285,-0.11555208,1.1908864,0.6773077,-1.3285412,0.12632397,0.33046454,1.7098808,0.87904716,0.10961527,-0.3583225,0.022937791,0.34640306,0.027541265,0.33791238,0.10003691,-0.07534145,-0.26138568,-0.3755509,0.043710746,-0.029633753,-0.14962737,-0.050669596,0.22639425,-0.3335973,0.66370744,-0.042172056,0.395954,0.1179352,0.48313016,-0.14680831,-0.022382516,-0.0595125,0.20084566,0.027162313,0.3918365,0.035202526,0.08491443,0.28682607,0.11143692,-0.035005383,-0.09947989,0.14288807,-0.14514261,-0.16576642,0.0026376843,0.12933874,-0.054462206,-0.09751995,-0.1180729
IND643231AAA,1.5773188,0.003265757,0.22332358,0.2021363,-0.28958163,-0.3274111,-0.13916181,1.1052958,0.69378585,-1.2926928,0.16261846,0.3081786,1.6523545,0.8465345,0.09947179,-0.2149783,-0.01674221,0.39503035,0.09902212,0.3482772,0.082441635,-0.13256162,-0.35571948,-0.38643545,-0.032682285,0.018350393,-0.09204086,-0.042010643,0.21694745,-0.37695754,0.68205756,-0.05129838,0.44173858,0.114274785,0.4685025,-0.2104197,0.004752584,-0.07738635,0.17997755,0.042175997,0.5031724,0.041587174,0.052468546,0.30309716,0.08377953,-0.04594793,-0.16298617,0.1486049,-0.17418654,-0.20759457,-0.053844795,0.11592742,-0.04669371,-0.014964577,-0.07493338
IND642001AAA,1.548221,-0.009172674,0.19246897,0.1571836,-0.2245427,-0.35552377,-0.09646817,1.0688179,1.0652515,-1.3798597,0.19198905,0.03057623,1.792198,0.33716846,0.05487834,-0.28257617,-0.33804294,0.2578984,-0.22308668,0.29579198,-0.10875897,-0.15701677,-0.37710986,-0.6745021,-0.09999047,-0.26460797,-0.2898355,0.04714176,0.6780879,-0.42326516,0.82696944,0.056170106,0.61264837,0.110563144,0.36156783,-0.34013283,0.27678537,-0.120032676,-0.014388382,-0.26235852,0.53716415,0.27899626,0.16753894,0.41699493,0.02928774,0.015785977,-0.23303345,0.0922659,0.021600667,-0.36198145,-0.24849199,0.62259585,-0.043241587,-0.026425395,-0.047712952
IND000000ACO,2.0729027,-0.041415162,-0.09089431,0.1728708,0.5552101,-0.23583087,0.3274023,-0.10083883,1.3556687,-1.8295383,0.2608112,0.24792434,0.59422517,-0.43035138,0.27800953,0.7286175,-0.3619355,-0.37839547,-0.9643614,-0.6272419,0.605166,-0.2877744,0.7008668,-0.18548504,-0.35496247,-0.12374434,-0.10465437,-0.8712171,-0.39693397,0.54175466,-0.7522773,0.049552083,-0.47145453,-0.6496354,0.44492403,1.2219341,-0.67741644,0.28550786,0.17866516,0.6749206,-0.76806426,0.5713513,-0.23202059,0.24397613,-0.26841557,1.0330501,-0.37193894,-0.052593954,0.16936256,-1.2354369,-0.49159712,0.29481512,-0.48544434,-0.02359109,0.053706355
IND670643AAA,1.8420781,0.04163362,0.023436151,0.09101939,0.15502453,0.10470881,0.3919004,0.14726701,-0.63605285,-0.8239533,-0.6497803,-0.018955037,0.44106773,-0.39190805,0.18316092,-1.3655155,-1.0962573,0.098739445,1.4235075,0.5406354,-0.22986603,-0.7142854,0.38831997,0.2487672,-0.7893314,-0.38996667,0.6876387,-0.42232496,-0.3377828,0.76590234,-0.28585342,0.67157465,0.03152208,-0.1629224,0.13185927,-0.094906166,-0.11214637,0.32373792,0.05571398,0.59051037,-0.18382157,-0.112181604,-0.11033625,-0.40954575,0.4527488,-0.060857628,-0.2792378,-0.43578905,-0.4731078,0.34303415,-0.578554,-0.17800397,0.2550555,0.89644116,0.14722054
IND676509AAA,2.052137,-0.05710052,-0.018715143,-0.24767394,0.27159023,-0.14850464,0.2805558,-0.670264,-0.45637518,-0.542239,-0.9067086,0.45875221,0.19284888,-0.42838287,-0.64945334,0.6419248,0.084313214,-0.27599078,-0.046118233,-0.9789841,0.29087362,0.21586144,1.5700551,-0.44706187,-0.21247286,-0.12302446,-0.6998991,-1.013886,0.33280337,1.4266167,1.2756407,-0.6811031,-0.9006767,0.019912846,-0.27181506,-0.2395803,0.5401264,0.6485534,0.18894163,-0.8694945,-0.3780923,0.17907153,-0.62092465,-0.26733798,-0.070411846,-0.6449263,-0.4852699,-0.62312853,-0.32564178,0.87358075,-0.5627256,-0.086787835,-0.37392372,-0.23892392,-0.28945667
IND679531AAA,0.3796085,1.1563388,1.1485679,-0.51006424,0.4345513,0.7688854,1.0646286,0.75406194,-0.1937806,-0.46981704,-0.4740228,-0.30126894,0.032962456,-0.84607357,0.4023136,0.016061474,0.25987577,-0.26940733,-0.81622225,-0.13874249,-0.32544476,-0.33478722,0.75688285,0.10753286,0.1489916,-0.40566233,-0.08328789,0.60008186,-0.36134446,0.37600243,0.10194142,-0.74128073,0.19215843,0.26206195,0.4700979,0.23559107,-0.6690799,-0.3032148,0.29726458,0.14928524,-0.47792622,0.28299654,-0.23534927,0.19871409,0.46536943,0.0317126,-0.0638801,0.121614866,-0.44029132,0.34799734,0.028679535,0.4556532,-0.0066606216,0.52703947,-0.46390605
IND673639AAA,2.2119126,0.0023729056,0.3231469,0.09340963,0.0041583627,0.013440903,0.06957396,0.4146512,0.5815419,0.20827669,0.37935764,-0.09662666,-0.6077632,-0.8126665,-0.12128195,0.3925599,-0.43919885,-0.9297229,0.14587122,0.20059063,0.6480401,0.64641714,0.032786846,-0.58904976,-0.40695423,0.60561216,1.1215196,-0.33042336,0.1289335,-0.12900215,-0.25875103,-0.42603433,0.5873879,0.9945303,-0.18930793,0.72574323,0.33866423,1.394854,0.3706465,-0.14023493,0.4240004,-0.18148205,-0.4242945,-0.51520437,0.5219749,0.31226423,-0.37563288,-0.70169437,0.5851111,-0.25462183,0.77903247,0.24070176,-1.2796937,0.3118934,-0.086887866
IND678683AAA,-0.12670839,1.1671162,1.2165105,-0.5021121,0.41104284,0.9047711,0.71386987,0.5863715,0.16756743,-0.6528714,-0.38423842,-0.28162873,-0.24050371,-0.3774572,0.3444948,0.57760596,0.3140278,-0.41201735,-0.9121616,-0.14133736,-0.34349853,0.015753102,0.024734654,-0.0009935647,-0.06526613,0.13686794,0.120587945,0.2753814,-0.5777554,0.28922296,0.09680995,-0.6888524,0.61953056,-0.34617537,-0.57843095,-0.3411097,0.21376413,-0.16791946,0.05214414,0.10778637,-0.3463312,0.6146651,-0.22476575,-0.110166505,0.23533145,-0.15376277,-0.41590947,-0.024458267,-0.049916927,0.033986233,0.5829243,-0.16942406,0.354746,-0.03456938,-0.17433143
IND000000ABA,-0.38777518,1.1507715,0.8672334,-0.7526491,0.6714203,0.9347359,0.76268655,0.32966727,0.041680194,-0.44949752,-0.32398385,-0.23471886,0.034014046,-0.8125594,-0.06879786,0.13210374,0.22325093,-0.015051164,-0.70724785,0.068508886,-0.28895515,0.099237055,0.078507245,0.08705594,0.0020903256,0.022552162,0.22297633,0.2898028,-0.21299306,0.11817884,0.2854696,-0.65040493,0.05749638,-0.018959597,-0.13423702,-0.06424068,0.0340235,-0.29982382,0.2702286,0.3326743,-0.18905382,-0.030432671,-0.31212512,0.13076334,0.05484709,0.09421657,-0.30642283,0.0068596415,0.03212813,0.25376573,0.075745985,-0.042157914,0.33648086,0.20697825,-0.17160746
IND000000ADM,-0.3864838,1.1471151,0.97999835,-0.5404373,0.52881306,0.7708601,0.9096762,0.517178,0.26496696,-0.5089403,-0.4486164,-0.30171132,0.072127804,-0.5045058,-0.093962476,0.14046867,0.5065107,-0.09315443,-0.66902983,0.06425311,-0.50660276,0.106951036,-0.032181766,0.35809436,0.10908539,0.16268653,0.2597007,0.22047935,-0.37726742,0.030576592,0.32509685,-0.662819,-0.039977606,-0.18711154,-0.080446094,-0.09042321,-0.081445485,-0.20593229,0.06377102,0.08448419,-0.23876977,0.2839417,-0.34600413,0.2031538,0.12969239,0.057298787,-0.27780566,0.0008410588,0.014738526,0.23381868,0.18198198,0.06406996,0.2653279,0.1742118,-0.18825844
IND680104AAA,-0.41139472,1.0801399,0.9818218,-0.69004893,0.5284551,0.78782237,0.59181195,0.10993278,0.16504908,-0.4561244,-0.4525512,-0.28968304,0.162474,-0.5223538,-0.14273968,0.2080077,0.385739,-0.120482534,-0.7547447,0.10095852,-0.45686406,0.28250483,0.17175964,0.16272043,-0.23180136,-0.07497964,0.30838388,0.38582462,-0.25763935,0.12284513,0.17694165,-0.79833066,0.061986707,-0.04932645,-0.37811452,-0.15722312,0.005710289,-0.1367672,0.35345003,0.028389405,-0.3939105,0.05590014,-0.39789474,0.17186594,0.15875335,0.18163551,-0.1469608,0.018993907,-0.0345301,0.43636,-0.1426733,0.10217278,0.42873418,0.2395765,-0.24147165
IND680307AAA,1.949809,-0.1428707,-0.13420391,0.35154063,0.7133697,0.16207996,0.05408238,-0.6463974,1.1791028,-0.090947054,-0.2866612,0.43008554,-0.4893168,-0.86760265,0.7191486,-0.11745456,0.12825547,-1.1385945,-0.8198329,0.012424781,1.8381627,-0.29500204,0.41141796,-1.0362823,-0.09904627,-0.03293974,1.0664675,0.38118106,0.23706235,0.99645513,-0.13687968,-0.008189587,-0.17749056,0.5864761,0.44593677,-0.67285067,0.31173268,0.2100575,0.49972835,-0.25522012,-0.14421819,-0.6070176,0.1535842,0.04504721,-0.11755641,0.59392047,0.5895671,0.39483616,-0.043400254,-0.1683518,-0.27916408,-0.5700404,0.53462595,-0.1381689,0.22529745
IND688009AAA,1.0859526,0.81395155,0.84475553,-0.4053144,0.5618265,0.84225917,0.9063436,0.48551866,0.39532048,-0.5631483,-0.24514826,-0.08426077,-0.13922136,-0.9691879,0.106572144,-0.43754148,0.55441236,-0.8457196,-0.71672153,0.2452746,-0.2598185,0.68727684,-0.21338719,-0.074741945,-0.05329819,0.41336828,-0.21677655,-0.1028435,0.2941138,0.047749743,0.81689006,-0.71137446,0.12778473,-0.018283293,-0.5200451,-0.53654873,-0.18842733,-0.5297297,-0.14385404,0.46883744,-0.2416097,0.5294459,-0.42011407,0.300278,-0.5358238,-0.026196092,0.37087125,0.20542589,-0.44186917,0.73013973,-0.58896977,-0.044273652,0.050017346,0.1521446,0.1589553
IND691305AAA,0.5512434,0.96843344,0.8449849,-0.81763494,0.3387489,0.58903456,0.8417743,0.5888399,-0.099257305,-0.7880426,-0.7897254,-0.7227825,0.03232141,-0.84475774,0.027415173,0.8521791,0.80191153,-0.20124811,0.040352378,0.434052,-0.35748795,0.506194,0.13744143,-0.2588742,0.1894437,-0.5890446,0.81611973,0.56775594,-0.46087432,-0.17136428,0.030670628,-0.43274355,-0.46771714,-0.07736847,-0.33460706,-0.46901733,0.3583456,-0.021420483,-0.1950987,0.27982748,-0.35666397,-0.056508243,-0.15444529,0.60376424,0.3011207,-0.089315325,0.10424052,0.052510373,-0.071081,0.29084268,0.24285047,-0.15082538,0.25623852,0.39582667,0.17750512
IND695101AAB,1.3691124,0.79630214,0.7722542,-0.52465,0.31354314,0.696905,0.94213223,0.29907635,0.1835538,-0.6035797,-0.7152764,-0.6937102,0.43489343,-0.4492498,-0.3837128,0.92469555,0.66951805,0.24395399,-0.582299,0.31332368,-0.094743185,-0.2934953,0.16905317,0.0081142485,0.37238318,-0.7259433,0.4904796,0.7265264,-0.5335607,-0.31231123,-0.055822298,-0.44709453,-0.66863,-0.37419808,-0.35137492,-0.56645626,0.35153803,0.5753464,-0.157005,0.22546445,-0.05548328,-0.10042578,-0.2791936,0.07584064,0.5513514,-0.03261876,-0.31093836,0.30722812,-0.25642824,-0.1538912,-0.0817831,-0.4187542,0.20577863,-0.058659654,0.10991053
IND691574AAA,1.4362475,0.6199174,0.6766584,-0.5009965,0.2784492,0.62835944,0.94572854,0.15362582,0.28030068,-0.7434046,-0.67794347,-0.7697025,0.504437,-0.5779744,-0.37146598,1.1005373,0.43512458,0.46812478,-0.6421166,0.29645747,-0.30113855,-0.43147677,0.24901885,0.16124795,0.48537236,-0.89387566,0.48488724,0.98552275,-0.7517942,-0.3631066,-0.2279138,-0.3345867,-0.8505373,-0.48686552,-0.33241487,-0.85557085,0.34426218,0.8838849,-0.12894669,0.1113721,-0.24819806,-0.30936182,-0.2434377,-0.01883021,0.3590419,0.061282516,-0.20270117,0.3618798,-0.003211666,-0.23059633,0.114525065,-0.4565134,0.2223762,-0.051830467,0.31073898
IND700136AAB,-0.85878205,0.28316635,-1.5901747,-0.26772675,0.57837653,0.6323079,-0.28671238,-0.1296559,-0.063124,-0.5450977,-0.3218555,-0.29694855,-0.22693737,-0.1041908,-0.07731031,0.0757281,-0.16191655,-0.42295516,-0.51750106,-0.12844679,-0.44901687,-0.011390895,-0.08046641,0.21355015,-0.82067347,0.6114505,-0.23182914,0.37286162,0.4268028,-0.23443018,0.109838724,-0.032005847,0.24148923,0.0015394986,0.028316643,-0.28114158,-0.19270912,-0.43748873,-0.10876612,0.7136342,0.60378826,0.14044353,-0.26211432,-0.014649935,-0.115557805,0.25011283,0.12501724,-0.40630475,-0.15716077,-0.37100434,0.5256949,-0.14643604,-0.19836965,-0.17235088,-0.1886631
IND712310AAA,2.0749645,0.058944285,0.40720823,-0.035511814,0.004813589,-0.25324357,-0.40044793,0.76319355,-0.6045148,0.2763511,0.88770425,-1.379071,1.0018985,-1.0080773,1.3822107,0.83091664,-1.4364488,-0.3686768,-1.103526,-0.70761555,0.48599747,-0.23240292,0.36118883,-0.07342109,-0.3855282,0.127873,0.4029867,0.6904534,-0.42179477,0.39772713,-0.5689483,-0.15858018,-0.15725425,-0.56284726,0.6329058,-0.06420352,-0.2844226,-0.9341488,-0.26105595,-0.326082,-0.13630491,0.11933619,0.86410844,0.38747388,-0.70550895,-0.08302504,-0.5081152,-0.36953574,0.34292036,-0.06910498,-0.802054,-0.029360868,-0.24766287,0.18933874,0.41011548
IND711303AAA,-0.6391449,0.20735562,-1.3004886,-0.50607103,0.81746894,0.62039256,-0.27941972,0.056177177,-0.44752204,-0.16727117,-0.09179174,-0.6715649,-0.10933232,0.10854864,-0.023050128,-0.1968188,-0.9538583,-0.19538072,-0.10515262,-0.167375,-0.3219687,0.22342217,-0.19481435,0.11067429,0.3826902,-0.3257741,0.15317337,0.055898823,0.30915582,0.054677464,-0.5965367,0.080832124,-0.581347,-0.2540993,-0.36400908,-0.029591084,-0.8500963,-0.1763338,0.11393681,-0.08699891,0.11017352,-0.2432904,0.029754657,-0.2400457,-0.04322785,0.39819103,0.11013301,0.38390547,-0.11901879,0.3399088,0.050658517,-0.40885028,-0.90016294,-0.13829273,0.49105448
IND711409AAA,-0.54348695,0.10322924,-1.4213032,-0.42487055,0.9790987,0.45283815,-0.4136854,-0.04992702,-0.4243713,-0.26757565,-0.32862908,-0.74645853,-0.20172498,0.35055065,-0.023029663,-0.09956814,-0.85719806,-0.25635573,-0.4000545,0.15176623,-0.059125535,0.21782874,-0.23245722,0.17441958,0.044619195,-0.3173411,0.16007747,-0.09418358,0.38239664,-0.048910618,-0.54841197,0.15275036,-0.5447689,-0.29153645,-0.13685128,-0.1538369,-0.81569475,-0.24679154,0.080565445,0.09625606,0.040243886,0.17085925,-0.015211098,-0.30084503,-0.17556795,0.3196042,0.21430491,0.53425485,-0.12295501,0.4714324,-0.062551975,-0.16155887,-0.7915709,-0.3925327,0.33391517
IND713145AAB,-1.4978477,0.14163534,-1.3057357,-0.24103984,0.83351374,0.5910169,-0.16175365,-0.08097137,0.14106928,-0.36232197,-0.288849,0.11965127,-0.24724773,0.29825008,0.07837592,0.036171403,-0.10986784,0.057578884,0.014133222,-0.027637513,0.14769074,-0.07591318,0.03414221,0.12385568,0.13547996,0.19456193,-0.1104595,0.13466692,0.15561324,0.024360035,0.06678115,0.10527888,0.030240513,-0.12841822,0.03114713,0.050353907,-0.13064572,-0.13732427,-0.095595025,-0.060741212,0.10192796,-0.14915293,0.030375618,-0.26213148,0.18956044,0.074475065,-0.15015823,-0.21069273,-0.08249092,0.056753337,0.26642895,-0.30740675,-0.103021026,-0.23004286,0.014825016
IND743235AAA,-1.5704159,0.24403332,-1.2491988,-0.5573937,0.7522589,0.43354228,-0.15587585,0.023948371,0.030851766,-0.2349745,-0.22903638,0.102492675,-0.14068851,0.4342857,0.1963918,0.07530321,-0.16903307,0.17485404,-0.28509498,-0.23192877,-0.14744842,-0.23928744,0.05025701,-0.0095494725,0.05138138,0.07211019,-0.17619342,0.07345699,0.09434393,-0.040381387,0.0046381652,0.0060377643,-0.118301496,-0.16348831,0.100539885,0.10987003,-0.0831258,-0.17873213,0.12431879,-0.047602404,0.04063491,-0.16165872,0.028892733,-0.13658054,0.20768884,0.08697981,0.010316893,-0.05593899,-0.08385086,-0.015674852,0.316292,-0.14459178,-0.19973984,-0.1870651,0.06711767
IND712406AAA,-1.2311034,0.2602548,-1.4937912,-0.4042765,0.6894161,0.62203526,-0.093669266,-0.41589397,-0.3968315,-0.43254986,-0.8141475,0.39105833,0.089606695,0.53011024,-0.07230922,-0.3753844,-0.39344,0.12127309,0.069753796,0.0057560927,0.38424888,-0.18809488,0.1721454,-0.2234749,0.14055587,0.14378428,-0.1544627,0.24832724,-0.34435147,-0.06962665,-0.13043061,0.20663609,-0.07435412,-0.04510972,-0.050059028,0.1768763,0.13967374,-0.35198253,0.22397755,0.109785244,0.35520503,-0.11914289,-0.22114083,-0.3107854,0.63304317,0.4594484,0.015793338,0.10328029,-0.056517486,-0.102272846,-0.12570335,-0.47424594,-0.1815935,0.29362774,-0.0030535907
IND741123AAB,-0.33597922,0.2188163,-1.4731034,-0.60982704,0.83388805,0.29957274,-0.47657922,-0.09892129,0.051579133,-0.10498809,-0.41185635,0.2541889,-0.55628,0.30049127,0.6872849,-0.54307353,-0.24074142,0.124767795,-0.2357439,-0.42458773,-0.29599798,-0.92057693,-0.24633193,-0.111783974,0.7049839,-0.1640023,-0.20067656,0.43978512,-0.12976557,-0.52277577,0.3592437,0.21325907,0.0044959625,0.103425175,-0.710116,-0.47988576,-0.1960828,-0.26785642,-0.048466075,-0.42061263,0.4792036,0.2653091,0.11959727,-0.15665495,-0.34693778,-0.29345456,-0.16045173,-0.5217202,-0.12838721,-0.35423252,0.031082757,0.04433694,-0.12886578,0.3910923,-0.20759475
IND713128AAB,2.0548,0.11387548,0.014907636,0.09777926,-0.17771268,0.22292466,0.44307768,1.1662091,-0.15315036,0.32102555,0.29890853,0.20608123,0.26447263,0.36463565,-0.06379254,0.2598532,0.41972297,0.08608159,-0.446631,-0.1894129,0.09592888,0.47256443,1.8858783,-0.43355584,0.1654609,0.6603493,-0.19011378,-1.0552083,-0.1403526,-0.68508345,-0.25011685,-0.33058894,-0.23046723,-0.20406891,-0.13630122,-1.098622,-0.042148896,-0.34091735,0.4194294,0.8718892,-1.159358,-1.4796504,0.4681996,-0.56852037,-0.20582569,0.45400515,0.36074936,0.5154308,0.74101436,-0.21133202,0.12836994,0.45795798,0.31257105,0.41831252,-0.23129368
IND713303AAA,-0.3438245,0.26149464,-1.5107605,-0.4733966,0.90997165,0.74362886,-0.16275102,-0.4957081,-0.44372284,-0.5613579,-0.18936093,-0.09673978,-0.22491036,0.7420124,-0.20355639,0.32794043,-0.26277822,0.42375043,-0.4761954,-0.44867462,0.008020374,0.26354182,-0.55701196,0.004409205,-0.19557038,-0.19335702,0.62351185,0.05100946,0.3590206,0.63322943,0.7650574,-0.19663326,0.15631108,-0.044502437,0.32034165,-0.23478994,0.34241438,0.11276139,-0.1369268,-0.24507587,-0.1504496,-0.006020531,0.20111331,-0.44342273,0.31052887,-0.027056903,0.13506414,0.48471677,0.29043487,-0.12546396,-0.035193354,0.0764605,-0.19992045,0.11369186,-0.06416921
IND722101AAB,-0.40141964,0.17332879,-1.4066441,-0.5033051,1.0263499,0.5545814,-0.15474443,-0.3204596,-0.8100057,-0.40543595,-0.2818892,-0.13920127,-0.1922071,0.50437814,-0.35657597,0.3670407,-0.40634286,0.71429837,-0.33016908,-0.2728001,0.14451039,0.3250364,-0.39370733,0.108288705,-0.15676779,-0.16631442,0.53698575,0.093823224,0.051802695,0.5891671,0.6339823,-0.018395416,0.1830157,0.05879322,0.3158451,-0.36607385,0.50853205,0.14626636,-0.024619117,-0.45514682,-0.15025005,-0.17211947,0.32841703,-0.27655315,0.17304954,-0.020196253,0.2135398,0.08786615,0.06784633,-0.54469764,0.034477845,0.14163458,-0.07838526,0.14859198,-0.041065052
IND722101AAC,-0.15408349,0.17036964,-1.5204036,-0.6524311,0.9588604,0.4775603,-0.2598608,-0.3202973,-0.69131374,-0.5129433,-0.4437827,-0.1949084,-0.26045316,0.91157895,-0.31273302,0.28620726,-0.020644508,0.8538717,-0.090977885,-0.026479902,-0.22456083,0.2713478,-0.64998424,-0.19521248,-0.3155613,-0.44523266,0.6229264,-0.09023256,0.21774288,0.48348862,0.5688511,0.0034060776,0.16481505,-0.33422285,0.67381746,-0.48422575,-0.046246033,0.20104851,0.033901945,-0.1322468,0.19130489,0.00970456,-0.09638231,-0.29733348,0.14353141,-0.09913277,0.21592675,0.3459574,0.22689182,-0.33073094,-0.24430464,0.3815545,-0.20127863,0.20970553,-0.30631626
IND721434AAB,2.4160314,0.4159453,-0.050825536,-0.41332126,-0.30594334,0.41923577,0.23842743,-1.8123106,0.45719975,0.5257439,-0.17419788,-0.20724286,-0.5856932,-0.4165973,-0.9561469,1.1443988,-1.0001395,-0.27047145,0.2522573,0.34578544,-0.68544334,0.27948433,-0.27632904,-0.14724493,0.43976253,-0.41356897,0.48924136,0.3395546,-0.81408554,0.92128,0.123852655,-0.31063586,-0.19688062,-0.15416886,0.12113484,-0.020969138,0.17627242,-0.46764773,0.16850051,-0.07225557,0.990101,0.2006065,-0.4312611,-0.15392414,0.064062595,-0.21408877,-0.12527524,-0.46998316,0.038973246,0.20101711,0.5062424,1.5163249,-0.00482836,-0.6971856,0.2413599
IND721507AAA,-0.9504323,0.08607696,-1.3606073,-0.6181851,0.6744574,0.35526955,-0.13419016,-0.4111061,-0.17936982,-0.22208077,-0.87581736,0.12588614,-0.22259443,0.264844,0.17764807,0.31715018,-0.51805544,-0.07813746,-0.05276181,-0.13332841,-0.09142779,0.15058902,-0.32374588,-0.4146348,0.25031298,0.1624183,-0.2508695,0.33348012,0.3865735,-0.061784364,0.4002888,-0.8281978,0.09893647,-0.34406632,0.20616868,0.25576717,-0.005307559,-0.6268864,-0.5308714,0.38865313,0.3535429,-0.059338197,0.06864137,0.56504196,-0.13897568,-0.2903774,0.099370986,0.18748346,-0.29946366,-0.112660535,0.04155583,-0.017538251,0.20372732,-0.4891318,0.7192264
IND723131AAA,0.5492171,0.27732003,-1.5237763,-0.60872793,0.8678376,0.49455622,-0.2601196,-0.5736414,-0.37093168,-0.66238904,-0.3867665,-0.12171547,-0.47298265,0.7524625,0.1464461,0.063014686,-0.5489847,0.4976865,-0.113006026,-0.38493538,0.4545235,-0.08580559,-0.33028677,0.29048935,-0.13503268,0.048482016,1.016406,-0.32293165,-0.07688218,1.0276539,0.6817722,-0.158698,0.13943774,-0.4097246,0.36696237,-0.26600358,-0.032023292,0.6006297,-0.0040494204,-0.11679123,-0.11676209,-0.056845665,0.07585193,-0.47193056,-0.1322115,-0.014664944,0.11773336,0.029798739,0.2888657,-0.4597887,0.00961186,0.20415619,-0.034200322,-0.36373416,0.08567056
IND733102AAA,1.8668994,-0.024502372,-0.0956949,0.27451682,0.13832572,0.34520584,-0.29623625,-0.37026194,0.91655344,-0.11394627,0.21060094,-0.27859157,-0.34654444,-1.1351221,-0.81499445,0.40630665,0.84478045,-0.4422848,-1.0316302,0.63127637,-1.0752438,0.6498238,-0.85234165,0.10657576,-0.34101123,-0.37509888,0.64207155,-0.49491662,0.8754063,0.93869436,-0.95038587,0.6252615,-0.42399427,0.7280154,0.015314385,-0.08133638,-0.4887622,0.14926077,-0.12346224,-0.46851116,0.45759848,-0.24501926,-0.15612891,0.033322573,0.112753764,-0.34251207,-0.34617162,0.2617901,0.109574035,0.096577115,-0.10767116,-0.23473206,-0.23211369,0.28559694,-0.26068065
IND733124AAA,1.7403823,-0.008258168,-0.096769094,0.3173716,0.13271487,0.38166094,-0.2975074,-0.33301803,0.91369087,-0.16320363,0.23594712,-0.22752093,-0.3817447,-1.1676185,-0.83642244,0.45178634,0.93037903,-0.45104966,-0.9656365,0.65726,-1.0954044,0.6626705,-0.8310182,0.038987353,-0.3049078,-0.38605797,0.64564395,-0.50885004,0.8899916,0.9096789,-1.0125802,0.6084431,-0.46702096,0.76054704,0.026864279,-0.042534683,-0.49692887,0.15499926,-0.1549863,-0.39693356,0.45668942,-0.20890039,-0.14175099,0.10478131,0.06585462,-0.31190816,-0.36805356,0.32337353,0.08233722,0.12955287,-0.15135495,-0.20256224,-0.1913594,0.3255891,-0.2810254
IND732204AAB,-0.5948782,0.12453887,-1.4223715,-0.34687114,1.1289753,0.6572195,-0.4585071,0.43985248,-0.17800145,-0.35291216,0.05013702,-0.2896648,-0.37955895,0.28379256,0.4707486,-0.021942014,-0.28081897,0.74977267,-0.3167501,1.2809361,0.21391672,-0.5664629,-0.4540581,-0.33940575,0.40119052,0.23136348,0.016409598,0.60589767,0.036179706,0.3787526,-0.79558957,-0.304065,-0.1450654,0.35795468,0.1387564,0.27991092,0.23434365,-0.10689464,0.18473662,0.5387703,0.37242055,0.01758448,-0.50894415,-0.1830849,-0.75377905,-0.24511954,0.103856534,0.15803713,0.014776886,0.057812914,0.46355242,0.09214052,0.26372424,0.08094479,-0.040969357
IND733129AAB,-0.38138926,0.16568746,-1.4801264,-0.7555242,1.1298392,0.601424,-0.38150316,0.67715967,0.2299697,-0.9860964,-0.26186532,-0.32121563,-0.18597227,0.019805461,-0.25162306,0.095019296,-0.60811174,0.6565379,-0.0084317885,0.75007355,-0.0640539,-0.46514687,-0.3064977,-0.331088,0.10385148,0.5829267,0.18128097,0.066692755,-0.62678295,-0.12959903,-0.64752525,-0.1513649,0.07970245,0.41171843,0.061532177,0.32660806,0.37996385,0.051722273,0.4503285,0.21588714,0.18611427,-0.36981222,-0.26821524,-0.14554125,-0.75941056,-0.52288365,-0.24632148,-0.19255346,0.28675705,0.15082228,0.55420953,0.07572471,0.17599496,0.13404427,0.14433205
IND733134AAA,-0.35447502,0.25780857,-1.4731444,-0.93156314,1.1205585,0.50060153,-0.2381057,0.67348695,0.44209015,-0.73748153,-0.3541789,-0.2686237,-0.438783,-0.0014753491,-0.5762248,-0.1457263,-0.58661765,0.5711986,-0.012474869,0.8926845,-0.25542006,-0.6977068,-0.40434453,-0.3543339,0.12432401,0.67229956,0.15828978,0.108025864,-0.4754607,-0.06115187,-0.6500871,-0.08466026,0.020854354,0.33049315,-0.110461086,0.4122147,0.39793772,0.28935826,0.46051797,0.16016693,0.25318843,-0.13034315,-0.36042467,-0.056762636,-0.71908814,-0.4602728,-0.32440227,0.13697827,0.30087152,0.21354082,0.6104251,0.043470487,0.07182881,-0.0354104,0.14519241
IND733202AAB,2.3235016,0.33124793,0.028597817,0.17376004,-0.07793496,0.6162152,0.8878966,-0.514109,1.0605384,1.0648694,-0.11529066,0.89688057,0.4509534,-0.27282822,0.4665326,-0.78404343,-0.21425827,0.5573462,0.2907536,-0.020817608,-0.5059042,1.0175269,-0.039577924,1.0913162,1.5829737,-0.2014266,0.82722676,-0.8704553,0.10956578,0.06730057,-0.42097288,0.43725896,-0.294827,-0.07736379,0.8893723,-0.37224263,-0.35573906,-0.48455828,-0.1352877,0.2394512,-0.040220156,0.6252473,-0.0962581,-0.80694264,0.046211556,-0.091019884,-0.69296193,-0.33090585,-0.39908433,0.6261836,-0.08211397,0.1577658,0.058544938,0.0076299757,-0.07104029
IND736165AAA,1.7418214,-0.006222114,-0.17949666,-0.41443324,-0.21518809,0.04720959,-0.0323456,0.6567239,-0.91232437,0.6490001,0.8383742,-1.2107012,0.10261932,0.98820037,-0.2628217,0.32639018,-0.010658316,-0.8730236,-1.444005,-0.37157738,-1.136458,0.9513818,-0.29515812,-0.56625503,0.034068517,0.25007963,-0.50038475,0.21184812,-0.10768732,0.279981,0.4371541,0.008670419,-0.036756262,0.5481335,-0.43058646,0.38702792,0.12819892,0.6134955,0.8159336,0.18422405,-0.040210247,-0.97161925,-0.5452126,0.31183115,-0.20069212,-0.13849834,0.24708284,-0.78442323,-0.10823774,0.20734844,-0.7371882,0.1348081,-0.120605215,-0.13315585,-0.18459985
IND731237AAB,-0.409855,0.3123523,-1.5033058,-0.6268717,0.7504315,0.50734437,-0.053907074,0.0073447824,0.20100656,-0.21078423,-0.17915653,0.24165402,-0.37560266,0.43972635,0.768862,-0.37055978,-0.27363074,-0.0026754662,-0.15406416,-0.37913263,-0.2790278,-1.048416,-0.5221904,-0.1336424,0.61432743,-0.24979594,-0.027423427,0.2771333,0.056074277,-0.4783544,0.40996984,0.3460996,0.1346941,0.12812147,-0.62582237,-0.29322284,-0.11525214,-0.34066844,-0.21908328,-0.41297203,0.196869,-0.13475111,-0.004960425,-0.11462006,0.00443469,-0.21744554,-0.105087414,-0.404771,-0.00337803,0.010216989,-0.1101404,-0.042450257,-0.3058994,0.37147868,-0.21515438
IND742148AAA,1.8992871,-0.28895858,-0.2298666,0.30588537,-0.0902568,-0.25339052,-0.14611858,1.094495,-0.20688532,0.34015614,-0.09145747,0.54179454,0.30608892,0.20986162,-0.27767533,-0.5918943,-0.43262425,0.34334245,0.8857457,-0.24524932,0.46774837,0.028958753,0.49933705,-0.27972046,0.02992995,1.0857601,1.2385709,0.47264266,1.0552754,1.0737395,-0.54270303,-0.64361006,0.21534342,-0.6834653,-0.77060145,-0.06749843,0.6455681,-0.802703,0.1441128,-0.5490806,-0.8469243,-0.26070628,-0.64777136,0.3045811,0.3608023,0.2816824,0.45677036,-0.5862499,0.6948182,0.058004253,-0.5746715,0.120494895,-0.29553393,0.26695892,0.44294643
IND742225AAA,1.890042,-0.26467976,-0.23845932,0.30621576,-0.100629725,-0.21716133,-0.16223277,1.1593544,-0.22671041,0.33456382,-0.039763644,0.5538064,0.35749543,0.23108038,-0.25061995,-0.6079001,-0.45784265,0.3759145,0.885786,-0.24880669,0.4694628,0.04150524,0.5183217,-0.23968971,0.04407335,1.1114271,1.2458196,0.44714385,1.0429794,1.0763878,-0.5340015,-0.67344254,0.24529956,-0.7150861,-0.78196937,-0.07465537,0.65627533,-0.8466975,0.14609376,-0.5589737,-0.8168379,-0.27487966,-0.65186304,0.29557973,0.36964458,0.29579708,0.4647671,-0.59364766,0.6938668,0.10845331,-0.61360824,0.13315964,-0.3536276,0.26908022,0.4477305
IND760003AAB,-1.7131686,0.5594068,-0.49694058,-0.5241507,-0.1272164,0.5312258,-0.52092373,0.14885303,0.35354596,-0.4315194,-0.033016995,-0.36172885,-0.052935097,0.026202407,-0.037532654,0.29958853,-0.21001701,-0.033232257,-0.09002414,0.06258243,0.26022896,0.09671103,-0.17884493,-0.1861951,-0.0011976091,-0.49938515,0.024321653,-0.70054764,-0.11929582,-0.1725813,-0.01403822,0.24538377,-0.3241292,0.17339739,0.30775246,-0.53533936,0.021170542,-0.24519017,-0.021535082,-0.15779923,-0.5405297,0.32129306,-0.2610879,-0.18011066,-0.101461366,-0.037167143,0.16813843,-0.19642073,-0.21542569,-0.12636863,0.117312394,-0.20263138,0.18752341,-0.030366857,-0.1985456
IND752050AAA,-1.2713854,0.6636184,-0.5601709,-0.43480593,-0.21145701,0.6006069,-0.5217577,-0.27398163,0.058585733,-0.16650769,-0.2770763,-0.40207464,-0.47296956,0.22005475,-0.16641995,0.5851657,-0.19315009,-0.41751838,-0.31936806,0.43793535,0.20218986,0.09131176,-0.0469302,-0.3784806,0.38763982,-0.021916226,0.052724466,-0.91040766,0.0638673,-0.5442134,-0.22726253,0.28727147,-1.0264087,0.25940153,0.5076373,-0.034862176,0.13992563,-0.10817279,-0.14702392,-0.18017656,-0.83312714,0.261716,-0.22192472,0.0119705275,-0.2172268,-0.16974448,0.1285084,-0.5288562,-0.1504151,-0.17325765,-0.052663043,0.0018008153,0.2059531,0.16599639,-0.23545271
IND754142AAA,-1.4133766,0.6920392,-0.5025439,-0.43386304,-0.39492086,0.43748406,-0.40466312,0.17547947,0.30700368,-0.8954631,-0.27974236,-0.29374468,-0.41211197,0.12421097,0.061227784,1.0042665,-0.095342115,-0.14576618,-0.0042461497,0.26712048,0.29116532,0.3143109,-0.11373823,0.005724024,0.017147014,-0.72800916,0.36760485,-0.56027544,-0.06695013,-0.047835767,-0.43963027,0.05476536,-0.61809695,0.032760017,-0.12208252,-0.5583786,0.19694841,-0.31904173,-0.09356085,-0.44323543,0.1860751,-0.11775634,0.0023666024,0.13568196,0.0807571,-0.3831178,0.27064252,-0.6332591,-0.059876163,0.14324525,0.12631129,-0.55808896,-0.12169835,-0.19348891,-0.1317569
IND757001AAA,1.8766862,-0.06610536,0.054143883,-0.105124965,-0.019087456,0.22556837,-0.5208328,0.28726792,0.08743837,-0.14767784,0.21070531,0.63789374,-0.8259016,-0.7920097,-0.024590528,-0.66029954,-0.7115142,-0.31481174,0.13029672,0.120026045,0.8115465,-1.0164348,0.6383519,1.4464147,-0.74489254,0.2797136,-0.17950544,0.43439233,-0.046396688,-0.13779433,0.2515185,-0.29717496,0.8104043,0.7871041,-0.74626285,-0.66551274,0.4826726,0.048957594,0.54548573,-0.15427561,-0.64035463,0.050677925,0.44286007,-0.20244375,-0.3860119,-0.053441018,-0.22590762,0.17368841,-0.021411307,6.805733e-05,0.29041302,0.16243237,-0.101924226,-0.60507727,-0.30748668
IND757025AAA,1.8576914,-0.0710479,0.07255091,-0.0945618,-0.0059751496,0.2542379,-0.4812276,0.2532736,0.09491657,-0.17655611,0.3029992,0.7024882,-0.81358194,-0.77628356,0.021159668,-0.67250097,-0.7223947,-0.23564056,0.1188273,0.20434551,0.86155283,-1.0326334,0.64965,1.4579821,-0.6844068,0.24383119,-0.14848846,0.53476363,-0.109801695,-0.08933531,0.27881896,-0.297103,0.7909082,0.77031267,-0.77008635,-0.72115886,0.51595616,0.047059394,0.54256606,-0.13646522,-0.6228043,0.081843674,0.40944,-0.20609325,-0.3800096,-0.008814963,-0.23422773,0.22327104,-0.0363777,0.022117395,0.3116544,0.17356274,-0.16794252,-0.6251683,-0.29788664
IND758035AAA,-0.66010976,0.7252431,-0.5012647,-0.1556934,-0.23893484,0.49666727,-0.5717201,0.79994136,0.37008643,-0.5727935,-0.0852468,-0.19358069,-0.13741365,0.094613865,0.6764314,0.66001,-0.5856816,-0.26830977,-0.06500526,0.29118043,0.42140642,-0.12032573,-0.7773907,-0.45220435,-0.51457024,0.0022040308,0.3648816,-0.61337173,-0.5834417,-0.04828514,-0.19501585,-0.22734642,-0.26855397,0.35698277,0.7891269,-0.666256,0.31290537,-0.37508953,-0.013233647,-0.39885926,-0.18745129,0.39950693,-0.6446547,0.10145679,0.44152823,-0.07037066,0.122741446,-0.23535895,0.40155533,0.23434424,-0.13065507,-0.6389296,0.28940216,-0.74294657,-1.1682894
IND764059AAA,-0.5117111,1.254245,-0.5486741,-0.2798308,-1.1218677,0.1557923,-0.5124232,-0.41396582,0.62381095,0.06804053,-0.12019636,-0.22556852,-0.014965177,-0.81786615,0.40281776,0.19049062,0.0009601712,0.46541542,0.075341515,-0.28693086,0.50547904,0.21333262,-0.20748407,0.06384084,0.31736177,0.0757952,-0.27820224,-0.56178284,-0.2503774,0.10225831,0.16137256,-0.06473258,-0.21505769,0.18456246,0.04700216,-0.21181354,0.45866516,0.57496285,-0.16444267,0.35963655,-0.39198843,-0.14467819,-0.3511093,0.390332,0.67528826,-0.32695472,-0.05117449,-0.25484875,-0.15815543,-0.37881005,0.5678234,-0.78216344,-0.06373569,-0.08046909,0.12691963
IND768028AAA,2.0161676,0.043388054,-0.15145223,0.35198104,0.24101585,-0.26119903,-0.18187688,-0.19629869,0.23246466,0.11580021,1.0701928,-0.9971208,-0.100035846,-0.42014855,0.03898499,0.75261605,1.3111598,0.56317115,-0.41792524,-0.005814865,0.99841845,-0.7921108,-0.3887147,-0.7304968,0.01505433,0.13250774,0.29475778,-0.20252931,0.4993931,-1.023057,-0.060662076,1.0731018,-0.8821378,0.2928561,0.23646143,0.32215297,-0.16126515,0.123953715,0.2990909,0.2943815,-0.2883866,0.5404194,-0.17347375,0.20591241,-1.0333917,-0.32102987,0.5484445,-0.07922969,0.04620099,-0.6414716,0.24708577,-0.1537934,0.22574499,0.2947847,0.32695436
IND767001AAA,2.0865026,0.037939742,0.19012097,0.38129377,-0.12753195,-0.039049715,0.036301844,0.7913843,0.39235842,-0.027467005,-0.55910933,-0.6509789,-0.39174855,-0.19602747,-0.79642516,0.5629885,-0.76500016,-0.07925792,0.51211166,1.2669096,0.14718282,-0.23715869,-0.27785513,0.5589431,-0.35006845,0.93132716,0.36413583,-0.0519882,-0.30429953,-1.7194111,-0.6029982,-0.14184259,0.2239322,-1.4553363,0.04146277,-0.5743812,-0.67121893,1.0794165,0.51601505,-0.5478976,-0.16360773,0.44622654,-0.39084974,0.024846867,-0.4050148,0.23517123,0.19833978,-0.8929483,-0.32576057,-0.30700576,0.32828963,0.24821538,0.18292597,-0.35203785,-0.086476296
IND770017AAB,1.9207157,0.07124482,0.17075965,0.10890679,-0.1733095,-0.24735281,0.07407292,-1.1010256,0.47344112,1.0719668,-0.61257654,0.062095955,-0.029743373,0.024315402,0.9146985,-0.26499996,-0.24673118,0.55627865,-0.947002,-0.14643653,0.19712242,1.1148336,0.14320996,0.09631103,-0.8460081,1.0350089,0.15618482,0.54392964,1.0273633,0.40814525,-0.8000839,-0.047353327,-0.28996566,0.18613432,1.376657,-0.13260908,0.09402571,0.34047085,0.009700328,0.6965459,-0.75985503,-0.09977865,0.43299446,0.6312907,-0.6116385,0.3703744,-0.7931591,0.38853043,-0.1618972,-0.34841883,-0.40821546,0.16069397,-0.3303148,0.21801998,-0.5352495
IND781124AAA,0.26958215,-0.96992207,-1.4197212,-1.0433472,1.000118,0.5410696,-0.27497765,-0.3287812,0.3177328,0.3123065,0.78433347,0.9636307,0.21413258,-0.49593973,-0.23127136,0.28335217,0.6466812,0.082537375,0.31103402,-0.21113108,-0.124455206,-0.57235944,0.48771757,0.32445392,0.05352001,-0.26477528,-0.24732718,0.4427001,-0.5446464,-0.3970942,0.14082453,0.13521576,-0.14305034,-0.5179733,0.3981448,-0.015745739,-0.12780938,0.0055044405,0.2436901,0.4660512,-0.04809627,-0.25902534,0.24357757,0.27334893,0.19844557,0.32593262,-0.083139375,-0.37290087,0.102353215,-0.540826,0.083275095,0.49139526,0.54780453,0.13623811,0.11952861
IND781354AAA,-0.5097152,-0.7811649,-1.4538312,-0.96510303,0.96616685,0.30844358,-0.4203016,-0.24652225,0.3263573,0.38412103,0.6405379,0.41774446,0.4799677,-0.25687936,-0.13538776,0.058866885,0.47817457,-0.28215793,0.24552368,0.025171816,0.08739814,-0.013607715,0.52562034,0.0999451,-0.17693694,-0.08766207,-0.17655085,-0.048007492,0.052921176,-0.18794109,-0.10634437,0.072008334,-0.14341098,-0.19345002,-0.12972927,0.045023613,-0.010848783,-0.041402213,-0.03702774,-0.088241994,-0.1440463,0.098627,-0.14775854,0.3204881,-0.11645463,0.3636143,-0.16692513,0.066296525,-0.038301222,0.07090247,-0.06334962,0.04559599,0.1881729,-0.24278028,0.08003389
IND784125AAA,-0.49876952,-0.835134,-1.4147297,-0.83216006,0.9996292,0.4234947,-0.22823961,-0.35906217,0.26324224,0.3242803,0.45317525,0.42351818,0.51277137,-0.40804434,-0.024289075,-0.065368906,0.50164664,-0.3984569,0.28259844,0.082034476,0.2645818,0.2685024,0.42961034,-0.069555186,-0.20660938,-0.08170736,0.004235387,0.024113074,0.048734516,-0.15597886,-0.21075052,0.0043518357,0.10451025,-0.06394972,-0.034601312,0.22953053,-0.124670714,-0.1874541,-0.11555532,0.06165365,-0.022701494,0.10135919,-0.032408707,0.3000269,0.053069577,0.14720936,-0.022587746,-0.031371035,-0.10802117,0.100568615,-0.058043808,0.10447349,-0.09962502,0.19839594,0.006346971
IND784168AAB,-0.20489585,-0.90086174,-1.4043742,-1.0197804,0.8942527,0.5399926,-0.30292916,0.10468002,0.12786123,0.18770903,0.75619787,0.24358173,0.09270836,-0.528597,-0.14709163,0.122481,0.74469864,0.06594722,0.5444518,-0.101322,0.17985407,0.20512882,0.1274977,0.017567907,-0.11966683,0.064189,0.18926919,0.05952166,0.20535772,0.09268613,0.3628419,0.12539484,-0.018768508,-0.15747148,-0.30609292,0.5352936,0.005146913,-0.12862174,-0.075529754,0.23014116,0.2162195,0.2738477,-0.13637841,0.628806,-0.13649404,0.21255969,-0.027971655,0.048531063,-0.10967852,0.053012013,0.33458316,0.44461864,0.15703462,-0.23016025,-0.030406177
IND783301AAA,2.159175,0.18082963,-0.41647127,0.5687794,-0.04148303,0.19670369,-0.6564745,-0.007991523,-0.2649268,0.13018209,-0.9612065,0.23547326,0.4897051,-0.3128577,-0.5632492,0.6217306,0.5768743,-0.022245266,1.4934098,1.2366463,1.1924413,0.08436847,-0.99196535,-0.1876655,-0.9227607,-0.6015715,0.34065557,0.82910156,-0.49857658,-0.015871473,-0.27061656,0.20114835,-0.024664473,0.43728948,0.19621307,-0.67566067,0.8496063,0.50821656,-0.50367486,0.6706507,0.4573734,0.09728641,0.075795606,-0.7757926,0.2590342,-0.13526359,0.26144636,-0.22369128,0.63208896,-0.5512483,-0.043504015,1.0485965,-0.12612091,0.4322948,0.2794581
IND784101AAA,0.16435826,-0.73677856,-1.5998572,-0.9838016,0.7612419,0.50057006,-0.34996545,-0.17273405,-0.0088154655,0.43725982,0.6314562,0.29566634,0.32431847,-0.20330308,0.14715596,0.36709467,0.8768835,-0.7752495,0.43524784,0.117882065,0.16531208,-0.15559909,0.06162733,-0.32985458,-0.19673233,-0.042349897,-0.4986056,0.17850284,-0.010178335,0.5018172,-0.5123336,0.19275063,0.14452198,0.02059444,0.24570039,0.43753868,0.18777263,-0.20252018,0.07227313,0.3394094,-0.46070638,-0.016153775,0.6338892,0.40024772,0.67261314,0.034212995,-0.1924004,0.025245816,0.32829666,0.45972458,-0.010630935,0.10107631,-0.45155784,-0.5668153,0.100829095
IND790114AAA,0.30059373,-0.7336242,-1.6325369,-0.87950796,0.8696493,0.3638607,-0.29278845,0.013606317,-0.08560316,0.20322981,0.76327205,0.5691674,0.41456717,-0.24972077,0.17765155,0.45440057,0.9349663,-0.6642641,0.32458073,0.348095,-0.05447811,-0.29459983,0.07117697,-0.2792177,-0.0721354,0.13506785,-0.60614544,0.11930078,-0.07296958,0.3411731,-0.60808957,0.35820726,0.12341164,0.005090371,0.1865727,0.21928422,0.21298125,-0.23056899,-0.1397093,0.28362608,-0.5798029,0.13717484,0.45653024,0.33977774,0.56916827,0.20754072,-0.031673152,0.07328669,0.23821546,0.47021693,0.2543224,0.08911548,-0.14811447,-0.6323331,-0.09942484
IND791111AAC,0.27598011,-0.80266994,-1.5279233,-1.1595682,0.95001644,0.422062,-0.35395023,-0.14748296,-0.34548974,0.29505756,0.6461957,0.38729286,0.49699718,-0.36000043,0.12935062,0.20289724,0.7307809,-0.6307287,0.5306995,0.48787874,0.009886093,-0.14509717,0.1351012,-0.20375657,-0.12331922,-0.033483595,-0.45824063,0.24775268,-0.28020477,0.32247126,-0.50388974,0.45039606,0.16113682,-0.08032225,0.0932998,0.49219292,0.31488073,-0.107343875,-0.07985856,0.3304658,-0.6707859,0.16812453,0.6115069,0.28816092,0.57131493,0.12672721,-0.06320585,0.0072673038,0.16186155,0.58577484,0.063341066,0.08658964,-0.14472336,-0.6909796,0.088486105
IND785112AAC,0.2339977,-0.6146519,-1.3959608,-1.0133603,1.1665839,0.3857584,-0.6170357,0.04029134,0.120889425,0.24946663,0.7529554,0.569556,0.7811684,-0.42020452,-0.0043922197,-0.36852065,0.61460125,0.12917848,0.016875582,0.071312435,-0.17574286,-0.2312185,0.3634636,-0.09655142,-0.50813824,0.29774043,-0.3822667,-0.2760108,0.45830697,0.10817899,-0.22589198,0.2660432,0.3265325,-0.35118413,0.07560406,0.22853749,-0.2731648,-0.43887234,-0.32503438,-0.17210253,0.24708769,0.428139,-0.32162657,0.08417103,0.16378781,0.06283727,0.06060171,0.27680635,0.28223056,-0.3148752,-0.5386766,-0.016610645,-0.07185072,0.04695367,0.30282444
IND786602AAA,1.6672984,0.020632423,-0.14625141,-0.6313024,-0.09619684,0.014098674,0.7566273,-0.5864626,-2.3260546,0.63793737,-0.3177606,-0.12005024,0.09682738,-0.37511843,0.5411989,-0.3284813,-0.03255448,0.13175574,0.12695527,-0.4322785,0.30899712,0.9048363,-0.25785884,-0.12516287,0.22602357,-0.18916425,-0.12338805,-0.17282666,-0.51911294,-0.15959685,0.00067678094,0.1941744,-0.20990804,0.161579,-0.11026303,-0.005188193,-0.12310215,-0.58650565,0.25787288,0.6340717,0.41477504,0.46226627,-0.23667404,-0.28494,-0.028802156,-0.1864931,-0.26311907,0.19440675,0.29325396,-0.079449676,0.1141666,0.03756156,-0.11088684,-0.14954622,-0.055048272
IND792120AAB,1.7690581,0.006014794,-0.25104317,-0.87031156,-0.09257651,-0.15369785,1.0870658,-0.87769145,-2.0779498,0.37511712,-0.36217767,-0.23456141,0.37899008,-0.2657535,0.30836844,-0.4547763,-0.033439178,0.19825573,0.61075324,-0.38713056,0.280198,0.6924186,-0.6116886,-0.22103985,0.38275027,-0.3767441,-0.06315136,-0.057189897,-0.17807917,-0.100843966,-0.00066789985,0.25043285,-0.17788187,0.04028447,-0.035872966,-0.006863676,-0.052837823,-0.7389537,0.20533842,0.45186383,-0.059187323,0.56369925,0.3384533,-0.06174761,-0.48005754,0.2508405,-0.112124875,0.032211058,0.24432732,-0.24476102,0.50945807,0.01281368,-0.004546415,0.03173828,-0.13397744
IND792121AAB,1.7747277,0.013591342,-0.23937073,-0.83720607,-0.09721721,-0.15208988,1.0965986,-0.80826575,-2.0685565,0.33680075,-0.31532967,-0.22504066,0.40159002,-0.26021278,0.29443252,-0.42763588,-0.04706836,0.13931905,0.5154233,-0.4105804,0.30003408,0.7422756,-0.5936163,-0.20287699,0.4412406,-0.42107224,-0.10273582,-0.06964441,-0.21098904,-0.098565534,-0.0024049878,0.30023706,-0.16988029,0.0024780184,0.009480212,-0.01165558,-0.018675627,-0.6899029,0.24321696,0.4089043,-0.04810813,0.5098677,0.33042184,-0.06206906,-0.47546113,0.19251072,-0.0414453,-0.0034826174,0.28187603,-0.30548498,0.5392924,0.017459355,0.04808371,0.053908885,-0.1217868
IND787057AAA,1.9685496,0.029209495,-0.08606431,0.029680267,0.21152607,-0.032597154,-0.03278976,1.0013049,-0.30118823,0.3875383,0.05047144,-0.10319774,1.1081104,0.15591602,0.3904282,0.75002015,-0.9443103,-0.69471157,1.5554032,0.14702803,1.0152873,0.098337084,0.48623955,-0.21836807,0.08841564,0.14818257,-0.6655935,-0.5829778,0.22751062,1.4429431,-0.2910483,-0.20706952,-0.5081866,-0.5345386,0.22500229,-0.15521812,-0.111107565,-0.5272964,-0.67589283,0.5629623,-0.9385239,-0.1380328,-0.23211485,-1.2310617,-1.1175449,-0.81686324,-0.003950283,-0.43061045,-0.20460111,-0.23162383,-0.036173955,0.030888103,-0.14498618,-0.7323202,0.0062689036
IND788713AAA,0.7458962,-0.67949426,-1.5152546,-0.88767964,1.0544436,0.5568197,-0.55006236,0.39228824,0.13428493,0.7363641,0.3326308,0.4036495,0.45992428,-0.4287668,-0.39860183,-0.21750812,0.63098264,-0.1303386,0.6504416,0.36878806,-0.07217208,0.6216843,0.28633043,-0.37162313,-0.6749284,-0.13113786,-0.596657,-0.37792075,-0.45465577,-0.55726427,0.53512645,0.51563793,-0.32302132,0.19662488,-0.2946756,-0.41225755,0.33210367,0.64711845,0.10207893,0.31653956,0.26126605,0.0046439096,0.036217168,-0.07888284,-0.3603305,0.42249817,-0.073717766,-0.25026706,-0.24427304,0.25938204,-0.43341964,-0.29913098,-0.014793728,0.32366934,-0.16950282
IND799008AAA,0.68876445,-0.62599397,-1.4673725,-0.77350277,0.8787967,0.50690246,-0.27836794,-0.16489339,-0.046280414,0.81360215,0.39267635,0.90340954,0.5353998,0.021710254,-0.2639762,0.29033664,0.89176726,-0.45637015,0.7424459,-0.05014739,-0.2036379,0.4263356,0.35217047,-0.62720525,-0.41374224,0.35209814,-0.7417852,-0.39807397,-0.11032736,-0.5250673,0.1967231,0.33445,-0.12101403,-0.27243167,-0.57227856,-0.4835533,0.2778647,0.29787326,-0.060756363,0.6724738,0.18170284,-0.15436623,-0.06025272,-0.004584603,-0.23343408,0.05704178,0.035589054,-0.06048266,-0.6185406,0.5612133,-0.35832793,-0.3943263,0.06919412,0.42567122,-0.054590628
IND804401AAA,2.1880636,-0.06693962,-0.20285332,0.13795497,-0.40768036,-0.3753423,-0.3480231,-0.36969477,0.8179562,0.4528019,0.09705086,0.08901402,-0.86117244,-0.29923338,-0.29521644,-1.6489713,0.73212814,-0.6451516,0.4090678,0.073061906,-0.6594296,-0.31421125,0.16696721,0.35445735,-0.55571944,-0.34386092,-0.3437916,-0.2097708,1.5237747,0.9832666,-0.09292704,-0.61131823,0.4033597,0.8678366,0.8550361,0.0026038326,-0.043161664,-0.21889257,-0.6962774,1.0851268,0.9522635,-0.22850251,-0.18127427,-0.082423985,0.21840899,-0.56093204,-0.03278139,0.040316205,0.16473633,0.14710349,-0.8154092,0.49203852,0.15250601,-0.07026237,0.2738059
IND805110AAD,1.9715058,0.07183745,-0.08366737,-0.8207168,-0.26093304,-0.18320996,0.05385366,0.8137101,-0.538185,-0.45663804,-0.23666377,0.0077459626,0.24178056,-0.6072731,-1.3128033,-0.24691305,-0.7481896,0.34855112,-0.05101913,0.8659267,-0.1504423,-0.017042145,0.48107195,0.86914533,-0.6998471,1.3298175,-0.09284823,-0.62316734,0.40450352,-0.28020358,0.21920174,-0.45473558,-0.4151757,-0.044190034,0.66571534,0.2950647,0.48022738,-0.74537003,0.2723682,-0.04527231,-0.5917313,-0.36492887,-0.9036039,0.077885896,-0.54643613,0.15708259,1.2926348,0.64428145,0.44084483,0.22230035,0.5158198,-0.1475218,0.016103227,-0.23417462,-0.048068523
IND803108AAB,2.174426,0.039668508,0.22769769,0.2374459,-0.061008796,-0.054927804,0.20734593,-0.30909967,0.80035603,-0.993033,-1.0792006,0.2134041,-1.547396,0.8392497,-0.19301532,0.26313666,0.4716372,1.1251334,0.821739,0.8555505,-0.5747732,0.63208425,0.39838788,-0.77420944,-0.45475072,0.79716593,1.4569504,-0.42739254,0.36886948,0.18205102,-0.008834913,0.32086653,0.47952002,-0.08867264,0.35094202,-0.13955747,-0.37784466,-0.83096266,0.3288323,0.32451347,-0.7720581,-0.06364864,-0.0507954,-0.22132361,0.51412493,-0.29101542,-0.52529275,0.09030409,0.5655306,-0.13470125,0.692165,0.46639895,-0.39990327,0.045221,0.15000981
IND803212AAB,2.2071419,-0.10649449,-0.15281916,0.050938055,-0.07907143,-0.15478212,-0.23754123,-0.37167102,0.65171796,-0.80406743,0.08622891,0.72290325,0.068740524,0.11353593,-0.7254878,-1.402731,0.16561702,-0.4766647,-0.5932534,-0.24730654,-1.2218202,0.40792024,0.38168925,0.28999984,-0.03422085,-0.62391484,-0.24603602,1.0704534,-0.16464892,-0.5468956,0.22008994,0.13871329,-0.1522063,-1.5590541,0.7613131,0.37010103,-0.010053862,-0.2872799,-0.99660385,-0.5680385,-0.20190278,0.26992843,0.37312692,0.1658628,0.20939806,0.19859098,0.3954031,-0.3012339,-0.6046935,-0.23368216,0.4964506,0.27242354,-0.2533903,0.2691056,0.47390765
IND812002AAA,1.8493923,-0.019098237,-0.0922997,0.105112806,-0.4751333,-0.19489318,-0.7311373,-0.00735002,0.42983186,1.5557733,-0.16588987,0.342407,0.19866747,1.1686459,-0.006515665,1.2923517,-0.3092839,0.9897406,0.22321345,1.0557518,-0.3503692,0.18140122,0.44774073,-0.81438524,-0.16846268,-0.062440224,0.601572,-0.7384062,0.16863836,-0.81657726,-0.7081794,-0.35215026,0.36500844,-0.5493408,-0.45115855,-0.652097,-0.3119374,-0.65089685,-0.27410126,0.57530266,0.5996541,0.27301002,0.98271865,0.33287463,0.3733632,0.35728088,0.29208183,-0.45635718,-0.21696153,0.5632659,0.17717184,0.03926231,0.6002303,0.02489324,-0.020370051
IND813203AAA,1.872178,-0.0025522262,-0.08795546,0.112503916,-0.5082451,-0.1740357,-0.7338586,-0.0017679706,0.40708077,1.5593226,-0.18909873,0.3498677,0.19659,1.1908451,-0.0038511287,1.3035097,-0.31922868,1.0703038,0.2575251,1.0487098,-0.36991438,0.18527845,0.4615167,-0.8522187,-0.1668279,-0.024581991,0.63719004,-0.7599021,0.20653112,-0.8122275,-0.68474096,-0.36604935,0.3683187,-0.52844864,-0.48519528,-0.6444112,-0.30654863,-0.6539668,-0.2987059,0.56060386,0.5889342,0.2629305,0.96978056,0.3035809,0.3874425,0.3434775,0.31285357,-0.44687665,-0.2154662,0.58566326,0.17742564,0.024287283,0.56810945,0.018028144,-0.043753326
IND814133AAA,-0.34685123,-0.54374427,-1.3003266,-0.24472116,0.6680251,0.37651983,1.3916053,0.17258105,0.0021830797,0.50027865,-0.5726123,-0.28687674,-0.6265531,0.20662712,0.073425785,0.23409562,-1.142238,0.022874337,-0.42350084,0.12037606,0.4748565,0.22657195,0.42864767,0.22864896,-0.038478173,0.3924536,-0.39106768,-0.43281204,0.17822547,-0.22686489,0.020429298,0.18080723,0.069814384,-0.0024892688,0.26782012,-0.6609504,-0.07258934,0.2021379,0.1381279,-0.026635882,0.5301286,-0.36393103,0.03061881,0.2211559,0.2261779,0.23767841,0.029024586,0.17828164,0.07215932,0.101684816,-0.09866421,0.5356869,0.6268812,0.15314366,0.11102428
IND814133AAB,-0.5800834,-0.50546247,-1.3179011,-0.19902329,0.48822138,0.6246985,1.0853986,0.061095525,0.02619648,0.46173865,-0.65878195,-0.444831,-0.6225121,0.25888324,-0.013135387,0.20270611,-0.9688841,-0.041913457,-0.117932506,0.19421487,0.35467023,0.039045393,0.4103598,0.52492124,0.20113009,0.31771487,-0.401395,-0.3655275,0.20657615,-0.03442362,-0.002941832,0.07756376,0.1685258,-0.08567065,0.06352828,-0.5734951,0.29525936,0.15848313,0.09613696,-0.08484495,0.138796,-0.3074691,0.19972649,0.1275703,0.06370181,0.2803299,0.18011989,0.10184509,0.012782488,0.33440775,0.12812106,0.7507495,0.687738,0.31337506,0.091815695
IND821109AAA,-1.104989,-1.0456117,-0.12045951,0.082474366,-0.8490647,0.82237756,0.56010413,0.11351375,0.60381216,0.31694472,-0.3556347,0.07592566,-0.33615094,-0.28296614,0.123789325,-0.15115829,-0.6226752,-0.22853222,0.46228725,-0.07683913,0.09290965,0.08469352,0.10601584,-0.07364723,0.19478206,-0.33098948,0.15610895,0.32561845,0.49739826,0.3785599,0.0033923984,0.4831351,0.161329,-0.032246374,0.122447066,-0.30248398,-0.27069342,0.12239677,0.08847767,0.34245875,-0.28882173,-0.09165493,-0.3747643,-0.033971295,-0.37625974,-0.08923652,-0.2945317,-0.16747984,0.17258768,-0.26210257,-0.7179366,-0.09951575,0.10714096,-0.47270393,0.032270893
IND841226AAB,1.8887392,0.14029792,0.2803138,0.3323534,-0.74032557,-0.18243396,0.7623905,-1.8474754,-0.22923571,-0.5474755,-0.91091305,0.096784666,-0.23065493,0.3280875,-0.62036943,0.554543,0.73306006,0.731627,0.5992078,-0.46343207,0.56074697,0.25501907,0.79951775,-0.684004,-0.04091485,-0.36365306,-0.49447277,-0.12905909,1.0090349,-0.86879086,-0.3157471,-0.21264808,0.17431578,-0.19333415,0.65674305,-0.6238521,-0.13611215,0.17140846,0.20264731,-0.32784826,0.11255972,-0.32486582,-0.13389751,0.011184275,0.23614451,-0.018026799,0.306755,-0.16120774,0.18219367,0.028421156,0.12964784,-0.24805942,-0.05575749,0.49825194,-0.080226675
IND841428AAA,1.7829787,0.117201954,0.2769798,0.38681096,-0.68662494,-0.21905482,0.5714629,-1.6263171,-0.20894626,-0.46792245,-0.9883076,0.30266976,-0.45566,0.45166314,-0.5621715,0.43734455,0.9331708,0.6108117,0.568679,-0.46907926,0.5696097,0.29681164,0.7912336,-0.58752877,-0.08165635,-0.37507904,-0.4728623,-0.24826068,1.1425153,-0.8211555,-0.3522663,-0.33660325,0.41592667,-0.35053116,0.6695148,-0.7996574,-0.0753764,0.14152363,0.3060794,-0.38665116,0.12904187,-0.38355786,-0.1538173,0.042154644,0.3607658,0.12599562,0.33562487,-0.3004329,0.36366233,0.11511267,0.21524258,-0.3017535,0.034240276,0.4050837,-0.26412007
IND843105AAB,-0.36588883,-0.8615382,0.17632388,0.43616253,-1.1545941,0.79822516,-0.16508646,0.13789426,-1.0674368,-0.9138671,-0.4740786,0.79865646,-0.19328779,0.128585,0.32396805,0.34605178,0.1416048,-0.14418939,-0.2528953,-0.29908258,-0.23866367,-0.37298164,0.3680545,-0.28101206,-0.40915555,0.2927792,0.019079268,-0.048429985,-0.15346584,-0.16412652,-0.2750116,-0.25580356,-0.20474869,0.39802694,0.10678332,0.34057134,0.084487446,0.3885088,-0.048010163,0.08621055,0.27267483,-0.31412432,-0.014849059,-0.14243156,-0.10162595,-0.05831559,0.08585018,0.061984845,-0.21390477,0.042904325,0.2160654,-0.19632465,-0.0954169,0.12094125,0.50039804
IND843320AAA,-0.3102038,-0.84155834,0.23637451,0.5255027,-1.0988376,0.69434357,-0.14928988,0.55897474,-1.2380238,-0.8424382,-0.509298,0.92345446,-0.3069795,-0.05738831,0.49072415,0.20852062,0.14486003,-0.030434445,-0.12570693,-0.2612515,-0.22084183,-0.44288245,0.21554324,-0.8857388,-0.36107606,0.43097895,-0.08636214,0.14769652,-0.3836769,0.057584576,-0.39357066,-0.40671936,-0.2448686,0.26546767,-0.007695213,0.73037004,-0.0069775656,0.01343739,-0.4556712,0.120657414,0.09770413,-0.04746113,-0.05733727,-0.07730441,-0.24590132,-0.16586107,0.05329463,-0.07204644,0.17293677,-0.1909889,0.00087824464,-0.11104666,0.32110775,-0.0034748241,0.32679743
IND843329AAB,-0.45216644,-0.8993053,0.13087219,0.526373,-1.0820723,0.58389413,0.022257546,0.36958116,-0.9162995,-0.73297447,-0.3886119,0.69800663,-0.4862555,0.17498173,0.34987167,0.15783092,0.3655759,-0.4537545,-0.11881745,-0.13608056,-0.3537173,-0.34190065,0.23371649,-0.5051757,-0.3844744,0.40537047,-0.1747795,-0.08918466,-0.26301885,-0.10847305,-0.34771958,-0.19072163,-0.25631768,0.40840822,0.121241145,0.414257,0.24718553,0.05181808,-0.103491835,-0.15040809,0.016598204,-0.23836702,-0.4290177,-0.09389655,-0.38530362,-0.10578063,0.26085758,0.1763689,-0.18379119,0.09624828,0.010475695,0.09579796,0.032824166,-0.0483698,0.42399335
IND845412AAB,-0.47610426,-0.84449345,0.20535038,0.47832072,-1.0434998,0.83958745,-0.004045547,0.2326436,-1.2427133,-0.883324,-0.35858434,0.8600276,-0.12872992,0.29768348,0.44066003,0.30336902,0.085425556,-0.37118027,-0.06473562,0.017831188,-0.1688666,0.006437974,0.25307766,-0.22873639,-0.55774766,0.30977815,0.03389185,0.14509585,-0.23249182,-0.084234364,-0.37422335,-0.122791395,-0.04410506,0.52331084,0.21607089,0.33412135,-0.0640518,0.29629064,-0.0049574096,-0.06814247,0.11456814,-0.25211877,-0.16082221,-0.10832888,-0.3163721,0.05119349,-0.055942684,0.07066942,0.021332208,-0.15422082,-0.03095831,-0.21958089,-0.01389822,0.032689244,0.43106642
IND846004AAA,-0.46637082,-0.79363793,0.2673654,0.2187704,-1.073934,0.89931667,-0.09843856,0.495625,-1.0266755,-0.9455785,-0.20023964,0.80297196,-0.32345796,0.23676448,0.22823273,0.28047723,0.51015294,-0.36108434,-0.10884607,-0.099643506,-0.32049194,-0.22269805,0.27261177,-0.31459215,-0.60577184,0.49045467,0.050597012,-0.09032653,-0.097892776,-0.19845295,-0.5189748,-0.31028032,-0.35242417,0.3374958,0.36489725,0.30194277,0.029390752,0.13069141,-0.34657374,0.01293752,-0.04530573,-0.3398536,0.00918898,-0.04494252,-0.067237884,0.13729112,0.08466928,-0.077755176,-0.24501866,-0.05814705,0.21334481,-0.10930369,0.0882518,-0.04347538,0.44262394
IND847212AAA,-0.35110247,-0.9197208,0.023032777,0.54234064,-1.0632498,0.7357582,0.10382201,0.37934285,-1.1885085,-0.8947281,-0.50737953,0.7080471,-0.24986148,0.19654834,0.5440007,-0.12996624,0.17262115,-0.3279834,-0.4039752,0.042075925,-0.112091646,-0.36510697,0.24880916,-0.41882825,-0.5259281,0.18361372,-0.049886044,0.11372359,-0.1848419,-0.11617677,-0.38500208,-0.31335163,-0.29455823,0.30573136,0.14597827,0.27377158,0.19457564,0.014534898,-0.23735866,-0.09739412,-0.059887722,-0.34264436,-0.2856913,-0.3069035,-0.29434597,0.24693733,-0.052013412,0.0607797,-0.16035925,-0.0010094717,-0.04848042,-0.055573307,-0.024278801,0.21877746,0.4349421
IND848101AAA,-0.4824847,-0.80800766,0.15470998,0.63028353,-0.96103704,0.7069911,-0.22116986,0.46279415,-1.0573764,-0.8276692,-0.5072066,0.66338426,-0.6785721,0.10326755,0.45518705,0.3999481,0.17916471,-0.30771032,-0.18904567,-0.17736356,-0.03425521,-0.22896302,0.27927446,-0.14424282,-0.63141435,0.38840055,-0.07709676,-0.15897864,-0.12292811,0.031102942,-0.48596585,-0.3031239,-0.26605803,0.47845513,0.25948477,0.45224524,0.08573849,0.15867469,-0.2537967,-0.043645274,-0.1790618,-0.26333302,0.073449746,-0.13181928,-0.30932844,-0.05265695,0.21760295,-0.00089168176,-0.12953866,-0.066233896,0.14006408,-0.26063463,-0.1857271,-0.1334128,0.46565902
IND848114AAA,-0.43531227,-0.9014239,-0.0081297755,0.3377238,-0.97059,0.5815599,-0.26352575,0.40458494,-1.0272251,-0.8742246,-0.49948347,0.9367334,-0.48540562,0.35392296,0.3760409,0.3298907,0.14757574,-0.28065476,-0.061411884,0.124036126,-0.25320756,-0.3781386,0.29975355,-0.502571,-0.44361305,0.3640675,-0.08763203,-0.03251134,-0.12946795,0.03349282,-0.4675246,-0.19970688,-0.34305733,0.5634775,0.046349317,0.36256593,-0.00080177933,0.42851835,-0.233816,-0.06784822,-0.033046946,-0.4655407,-0.21064606,-0.06927681,-0.24331805,-0.1308836,0.02130127,0.34851745,0.0604623,0.013577007,-0.072681636,-0.10074935,0.25199357,0.05373159,0.37088022
IND487001AAA,-0.40826058,0.29602754,-0.22654262,0.5837323,-0.5009945,-0.23322505,1.7115369,0.69380987,-0.23522605,0.6480905,0.6990378,-0.63392717,-0.48260105,0.4883086,0.060266018,-0.5266194,0.5769479,0.09253292,0.31283087,-0.14469165,-0.15815654,0.07275684,-0.1747911,-0.20344734,-0.5213032,0.24372816,0.03178881,0.07387552,-0.58422995,0.34322518,-0.09760615,0.6681427,-0.2972798,-0.2426563,-0.1413976,-0.6677715,-0.35122272,-0.22529672,-0.10470639,0.019409765,0.31340456,0.23285432,-0.1547164,0.03481856,-0.15550014,0.15133551,0.42976373,0.19069919,-0.18346427,0.47401333,0.14131133,-0.1913391,-0.17736284,-0.23762302,-0.1599851
IND851204AAA,-0.06643224,-0.8406692,0.25167227,0.5781231,-0.9968902,0.7147896,-0.5285575,0.5288125,-0.47482985,-1.3972794,-0.25425714,0.17109956,-0.6646877,0.06804764,0.14344977,-0.039289698,0.52681255,-0.66752887,-0.16918893,0.23534426,-0.25924495,-0.43740848,0.33646208,-0.25098932,-0.51226926,-0.058613405,-0.085911326,0.2427089,0.58589184,0.08137521,0.018968895,0.62096786,-0.73674047,0.21888702,-0.53354365,0.21907859,0.03441216,-0.16719568,0.60201645,-0.5697646,0.05840359,0.27494094,0.44986567,0.4004242,0.19397059,0.10040283,-0.0715525,0.14188772,0.26682037,-0.2779223,0.048830897,0.41741243,-0.035649154,0.045217253,-0.2420539
IND852131AAA,-0.575178,-0.8411072,0.17430538,0.50655895,-1.1205186,0.74117756,-0.20284246,0.24873534,-0.8579049,-1.0634705,-0.5109445,0.7896525,-0.41402233,-0.08233913,-0.13635357,-0.04219224,0.43821445,-0.24342287,0.083978266,-0.18582556,0.124859266,-0.11537833,0.15833056,-0.27897966,-0.4172604,-0.1815555,-0.039059587,0.0046440996,0.1755258,0.10017757,0.19237228,0.46936297,-0.45877194,0.26720798,-0.31402418,0.1063644,0.36616483,0.030203886,0.36406502,-0.27722293,0.024966642,0.2732606,0.31621653,0.24408102,0.28402054,0.49124694,0.30914724,0.2321178,0.2330127,-0.10048231,-0.11121531,0.6016756,-0.10714798,0.2806702,-0.05348587
IND852201AAA,-0.5497575,-0.96764255,0.26788235,0.40605682,-1.0707966,0.6192541,-0.27498055,0.27952978,-0.864186,-1.0208795,-0.35281324,0.70625174,-0.44969153,-0.00070685893,-0.090258926,-0.28210655,0.4262015,-0.015695907,-0.11458586,0.09971721,-0.056368783,0.13668884,0.27149218,-0.37431,-0.255329,0.06391168,0.086198166,0.26494122,0.31605023,0.052113146,0.046338543,0.30487692,-0.31851208,0.44464803,-0.44416657,-0.16712525,0.3145925,-0.12885389,0.30693406,-0.26288903,-0.09932083,0.13923733,0.5838619,0.18701807,0.27271777,0.37433589,0.32507783,0.060287677,0.41412613,0.09630894,-0.05778621,0.506752,-0.10607572,0.016977217,-0.24122444
IND854311AAA,-0.5311122,-0.9311648,0.049658656,0.4228291,-0.91916627,0.58812237,-0.42290637,0.24624008,-0.56198007,-1.2565018,-0.4711383,0.8044608,-0.8709327,0.21140458,-0.10911973,-0.11227003,0.20462735,-0.11882995,-0.082249425,-0.2874114,0.1405688,0.15669069,0.21029493,-0.2831111,-0.5271213,0.011455655,0.10492873,0.26881868,0.04231923,0.06230801,0.06760567,0.31904602,-0.4346298,0.2408155,-0.41276386,-0.11098737,0.19113976,0.03844136,0.3569297,-0.05452336,0.14207016,0.17103505,0.22255504,0.30028313,0.21984512,0.78322864,0.24530895,-0.00426466,0.22031273,0.021671034,-0.18368708,0.7125843,-0.28393427,0.08859817,-0.3092012
IND854334AAA,-0.6890689,-0.83286244,0.09219857,0.43893778,-1.0944569,0.69213474,-0.2718626,0.34870982,-0.870771,-1.1221244,-0.38407725,0.71068835,-0.27418825,0.046252087,-0.0018788069,-0.35292605,0.41512334,-0.43914798,-0.3312521,-0.12929511,-0.08428432,0.280634,0.00024718978,-0.4995876,-0.5293803,0.07408339,0.26946592,0.18060821,0.3382089,-0.16132514,0.10679382,0.38501346,-0.31743953,0.26340267,-0.54420996,0.15283912,0.24375921,-0.066322684,0.44557902,-0.37727305,-0.04558041,0.08966597,0.22155431,0.040881928,0.31397212,0.5091727,0.19111316,-0.00877969,0.17902218,-0.019032313,-0.30379564,0.552227,-0.16486673,0.0027113855,-0.18246418
